lemma,feature,operation,metric,d_pronoun,d_compound,delta
each_other,a,delete_feature,jaccard,0.7088579692854635,0.6690820933080995,0.039775875977363984
each_other,a,delete_feature,dice,0.5543180561680126,0.5060659866465846,0.04825206952142791
each_other,a,delete_feature,hamming,0.19336840427227803,0.16013071895424835,0.033237685318029675
each_other,a,delete_feature,idf_jaccard,0.9065881850760772,0.8715479229425895,0.035040262133487654
each_other,a,reverse_polarity,jaccard,0.6919084565639839,0.6512547842159477,0.040653672348036185
each_other,a,reverse_polarity,dice,0.5340022317732216,0.4858925522768215,0.048109679496400104
each_other,a,reverse_polarity,hamming,0.192112765283497,0.1590909090909091,0.033021856192587906
each_other,a,reverse_polarity,idf_jaccard,0.9065881850760772,0.8715479229425895,0.035040262133487654
each_other,a,flip_target_cell,jaccard,0.7160086863016198,0.6778924551507237,0.03811623115089613
each_other,a,flip_target_cell,dice,0.5627158052034411,0.5159672984922148,0.04674850671122632
each_other,a,flip_target_cell,hamming,0.19860627177700346,0.16558441558441558,0.03302185619258788
each_other,a,flip_target_cell,idf_jaccard,0.91469222970836,0.8820563184518071,0.03263591125655285
each_other,another,delete_feature,jaccard,0.7088579692854635,0.6690820933080995,0.039775875977363984
each_other,another,delete_feature,dice,0.5543180561680126,0.5060659866465846,0.04825206952142791
each_other,another,delete_feature,hamming,0.19336840427227803,0.16013071895424835,0.033237685318029675
each_other,another,delete_feature,idf_jaccard,0.9065881850760772,0.8715479229425895,0.035040262133487654
each_other,another,reverse_polarity,jaccard,0.6919084565639839,0.6512547842159477,0.040653672348036185
each_other,another,reverse_polarity,dice,0.5340022317732216,0.4858925522768215,0.048109679496400104
each_other,another,reverse_polarity,hamming,0.192112765283497,0.1590909090909091,0.033021856192587906
each_other,another,reverse_polarity,idf_jaccard,0.9065881850760772,0.8715479229425895,0.035040262133487654
each_other,another,flip_target_cell,jaccard,0.7160086863016198,0.6778924551507237,0.03811623115089613
each_other,another,flip_target_cell,dice,0.5627158052034411,0.5159672984922148,0.04674850671122632
each_other,another,flip_target_cell,hamming,0.19860627177700346,0.16558441558441558,0.03302185619258788
each_other,another,flip_target_cell,idf_jaccard,0.91469222970836,0.8820563184518071,0.03263591125655285
each_other,any,delete_feature,jaccard,0.7088579692854635,0.6670998225758288,0.041758146709634736
each_other,any,delete_feature,dice,0.5543180561680126,0.503719815077724,0.05059824109028854
each_other,any,delete_feature,hamming,0.19336840427227803,0.15849673202614378,0.034871672246134244
each_other,any,delete_feature,idf_jaccard,0.9065881850760772,0.8698511312774474,0.03673705379862979
each_other,any,reverse_polarity,jaccard,0.6919084565639839,0.6558335928063095,0.036074863757674436
each_other,any,reverse_polarity,dice,0.5340022317732216,0.49135393941396405,0.042648292359257545
each_other,any,reverse_polarity,hamming,0.192112765283497,0.1590909090909091,0.033021856192587906
each_other,any,reverse_polarity,idf_jaccard,0.9050682271748739,0.8688566502363233,0.036211576938550594
each_other,any,flip_target_cell,jaccard,0.7160086863016198,0.6693825954032997,0.04662609089832015
each_other,any,flip_target_cell,dice,0.5627158052034411,0.5058914166218291,0.056824388581611984
each_other,any,flip_target_cell,hamming,0.19860627177700346,0.16233766233766234,0.036268609439341126
each_other,any,flip_target_cell,idf_jaccard,0.9120789087889074,0.8628672687861514,0.04921164000275602
each_other,body,delete_feature,jaccard,0.7088579692854635,0.6664832504712536,0.042374718814209955
each_other,body,delete_feature,dice,0.5543180561680126,0.5033053774954579,0.05101267867255466
each_other,body,delete_feature,hamming,0.19336840427227803,0.15849673202614378,0.034871672246134244
each_other,body,delete_feature,idf_jaccard,0.9065881850760772,0.8691784700113878,0.037409715064689375
each_other,body,reverse_polarity,jaccard,0.6919084565639839,0.6555182112831673,0.03639024528081658
each_other,body,reverse_polarity,dice,0.5340022317732216,0.4904196081632249,0.04358262360999671
each_other,body,reverse_polarity,hamming,0.192112765283497,0.1590909090909091,0.033021856192587906
each_other,body,reverse_polarity,idf_jaccard,0.9050682271748739,0.868211712033192,0.03685651514168187
each_other,body,flip_target_cell,jaccard,0.7160086863016198,0.6685254053618472,0.04748328093977261
each_other,body,flip_target_cell,dice,0.5627158052034411,0.5060483170107333,0.05666748819270784
each_other,body,flip_target_cell,hamming,0.19860627177700346,0.16233766233766234,0.036268609439341126
each_other,body,flip_target_cell,idf_jaccard,0.9120789087889074,0.8613627721342471,0.05071613665466035
each_other,certain,delete_feature,jaccard,0.7088579692854635,0.6690820933080995,0.039775875977363984
each_other,certain,delete_feature,dice,0.5543180561680126,0.5060659866465846,0.04825206952142791
each_other,certain,delete_feature,hamming,0.19336840427227803,0.16013071895424835,0.033237685318029675
each_other,certain,delete_feature,idf_jaccard,0.9065881850760772,0.8715479229425895,0.035040262133487654
each_other,certain,reverse_polarity,jaccard,0.6919084565639839,0.6512547842159477,0.040653672348036185
each_other,certain,reverse_polarity,dice,0.5340022317732216,0.4858925522768215,0.048109679496400104
each_other,certain,reverse_polarity,hamming,0.192112765283497,0.1590909090909091,0.033021856192587906
each_other,certain,reverse_polarity,idf_jaccard,0.9065881850760772,0.8715479229425895,0.035040262133487654
each_other,certain,flip_target_cell,jaccard,0.7160086863016198,0.6778924551507237,0.03811623115089613
each_other,certain,flip_target_cell,dice,0.5627158052034411,0.5159672984922148,0.04674850671122632
each_other,certain,flip_target_cell,hamming,0.19860627177700346,0.16558441558441558,0.03302185619258788
each_other,certain,flip_target_cell,idf_jaccard,0.91469222970836,0.8820563184518071,0.03263591125655285
each_other,day,delete_feature,jaccard,0.7088579692854635,0.6690820933080995,0.039775875977363984
each_other,day,delete_feature,dice,0.5543180561680126,0.5060659866465846,0.04825206952142791
each_other,day,delete_feature,hamming,0.19336840427227803,0.16013071895424835,0.033237685318029675
each_other,day,delete_feature,idf_jaccard,0.9065881850760772,0.8715479229425895,0.035040262133487654
each_other,day,reverse_polarity,jaccard,0.6919084565639839,0.6512547842159477,0.040653672348036185
each_other,day,reverse_polarity,dice,0.5340022317732216,0.4858925522768215,0.048109679496400104
each_other,day,reverse_polarity,hamming,0.192112765283497,0.1590909090909091,0.033021856192587906
each_other,day,reverse_polarity,idf_jaccard,0.9065881850760772,0.8715479229425895,0.035040262133487654
each_other,day,flip_target_cell,jaccard,0.7160086863016198,0.6778924551507237,0.03811623115089613
each_other,day,flip_target_cell,dice,0.5627158052034411,0.5159672984922148,0.04674850671122632
each_other,day,flip_target_cell,hamming,0.19860627177700346,0.16558441558441558,0.03302185619258788
each_other,day,flip_target_cell,idf_jaccard,0.91469222970836,0.8820563184518071,0.03263591125655285
each_other,each,delete_feature,jaccard,0.7013314757659707,0.659775003031582,0.04155647273438867
each_other,each,delete_feature,dice,0.5455864970567604,0.495749133834998,0.04983736322176241
each_other,each,delete_feature,hamming,0.18683245655985972,0.15359477124183007,0.03323768531802965
each_other,each,delete_feature,idf_jaccard,0.8967522346470991,0.858976393272271,0.037775841374828034
each_other,each,reverse_polarity,jaccard,0.7088579692854635,0.6690820933080995,0.039775875977363984
each_other,each,reverse_polarity,dice,0.5543180561680126,0.5060659866465846,0.04825206952142791
each_other,each,reverse_polarity,hamming,0.192112765283497,0.1590909090909091,0.033021856192587906
each_other,each,reverse_polarity,idf_jaccard,0.8967522346470991,0.858976393272271,0.037775841374828034
each_other,each,flip_target_cell,jaccard,0.7013314757659707,0.659775003031582,0.04155647273438867
each_other,each,flip_target_cell,dice,0.5455864970567604,0.495749133834998,0.04983736322176241
each_other,each,flip_target_cell,hamming,0.18561925878999053,0.1525974025974026,0.033021856192587934
each_other,each,flip_target_cell,idf_jaccard,0.8967522346470991,0.858976393272271,0.037775841374828034
each_other,either,delete_feature,jaccard,0.7088579692854635,0.6690820933080995,0.039775875977363984
each_other,either,delete_feature,dice,0.5543180561680126,0.5060659866465846,0.04825206952142791
each_other,either,delete_feature,hamming,0.19336840427227803,0.16013071895424835,0.033237685318029675
each_other,either,delete_feature,idf_jaccard,0.9065881850760772,0.8715479229425895,0.035040262133487654
each_other,either,reverse_polarity,jaccard,0.6919084565639839,0.6512547842159477,0.040653672348036185
each_other,either,reverse_polarity,dice,0.5340022317732216,0.4858925522768215,0.048109679496400104
each_other,either,reverse_polarity,hamming,0.192112765283497,0.1590909090909091,0.033021856192587906
each_other,either,reverse_polarity,idf_jaccard,0.9065881850760772,0.8715479229425895,0.035040262133487654
each_other,either,flip_target_cell,jaccard,0.7160086863016198,0.6778924551507237,0.03811623115089613
each_other,either,flip_target_cell,dice,0.5627158052034411,0.5159672984922148,0.04674850671122632
each_other,either,flip_target_cell,hamming,0.19860627177700346,0.16558441558441558,0.03302185619258788
each_other,either,flip_target_cell,idf_jaccard,0.91469222970836,0.8820563184518071,0.03263591125655285
each_other,ever,delete_feature,jaccard,0.7088579692854635,0.6664816310036898,0.04237633828177367
each_other,ever,delete_feature,dice,0.5543180561680126,0.5033701437917946,0.050947912376217985
each_other,ever,delete_feature,hamming,0.19336840427227803,0.15849673202614378,0.034871672246134244
each_other,ever,delete_feature,idf_jaccard,0.9065881850760772,0.8690157323597536,0.03757245271632359
each_other,ever,reverse_polarity,jaccard,0.6919084565639839,0.6552839905477856,0.03662446601619829
each_other,ever,reverse_polarity,dice,0.5340022317732216,0.49011978926938865,0.04388244250383294
each_other,ever,reverse_polarity,hamming,0.192112765283497,0.1590909090909091,0.033021856192587906
each_other,ever,reverse_polarity,idf_jaccard,0.9050682271748739,0.8680304849043864,0.037037742270487506
each_other,ever,flip_target_cell,jaccard,0.7160086863016198,0.6687592075306339,0.04724947877098595
each_other,ever,flip_target_cell,dice,0.5627158052034411,0.506471833639607,0.056243971563834094
each_other,ever,flip_target_cell,hamming,0.19860627177700346,0.16233766233766234,0.036268609439341126
each_other,ever,flip_target_cell,idf_jaccard,0.9120789087889074,0.8618915250767181,0.05018738371218934
each_other,every,delete_feature,jaccard,0.7088579692854635,0.6664816310036898,0.04237633828177367
each_other,every,delete_feature,dice,0.5543180561680126,0.5033701437917946,0.050947912376217985
each_other,every,delete_feature,hamming,0.19336840427227803,0.15849673202614378,0.034871672246134244
each_other,every,delete_feature,idf_jaccard,0.9065881850760772,0.8690157323597536,0.03757245271632359
each_other,every,reverse_polarity,jaccard,0.6919084565639839,0.6552839905477856,0.03662446601619829
each_other,every,reverse_polarity,dice,0.5340022317732216,0.49011978926938865,0.04388244250383294
each_other,every,reverse_polarity,hamming,0.192112765283497,0.1590909090909091,0.033021856192587906
each_other,every,reverse_polarity,idf_jaccard,0.9050682271748739,0.8680304849043865,0.037037742270487395
each_other,every,flip_target_cell,jaccard,0.7160086863016198,0.6687592075306339,0.04724947877098595
each_other,every,flip_target_cell,dice,0.5627158052034411,0.506471833639607,0.056243971563834094
each_other,every,flip_target_cell,hamming,0.19860627177700346,0.16233766233766234,0.036268609439341126
each_other,every,flip_target_cell,idf_jaccard,0.9120789087889074,0.8618915250767181,0.05018738371218934
each_other,few,delete_feature,jaccard,0.7088579692854635,0.6690820933080995,0.039775875977363984
each_other,few,delete_feature,dice,0.5543180561680126,0.5060659866465846,0.04825206952142791
each_other,few,delete_feature,hamming,0.19336840427227803,0.16013071895424835,0.033237685318029675
each_other,few,delete_feature,idf_jaccard,0.9065881850760772,0.8715479229425895,0.035040262133487654
each_other,few,reverse_polarity,jaccard,0.6919084565639839,0.6512547842159477,0.040653672348036185
each_other,few,reverse_polarity,dice,0.5340022317732216,0.4858925522768215,0.048109679496400104
each_other,few,reverse_polarity,hamming,0.192112765283497,0.1590909090909091,0.033021856192587906
each_other,few,reverse_polarity,idf_jaccard,0.9065881850760772,0.8715479229425895,0.035040262133487654
each_other,few,flip_target_cell,jaccard,0.7160086863016198,0.6778924551507237,0.03811623115089613
each_other,few,flip_target_cell,dice,0.5627158052034411,0.5159672984922148,0.04674850671122632
each_other,few,flip_target_cell,hamming,0.19860627177700346,0.16558441558441558,0.03302185619258788
each_other,few,flip_target_cell,idf_jaccard,0.91469222970836,0.8820563184518071,0.03263591125655285
each_other,her,delete_feature,jaccard,0.7081540204659152,0.6690820933080995,0.03907192715781571
each_other,her,delete_feature,dice,0.5535006371621078,0.5060659866465846,0.0474346505155232
each_other,her,delete_feature,hamming,0.19273075083692015,0.16013071895424835,0.0326000318826718
each_other,her,delete_feature,idf_jaccard,0.9059991052434871,0.8715479229425895,0.03445118230089761
each_other,her,reverse_polarity,jaccard,0.6935010370737282,0.6512547842159477,0.0422462528577805
each_other,her,reverse_polarity,dice,0.5359139052858073,0.4858925522768215,0.0500213530089858
each_other,her,reverse_polarity,hamming,0.192112765283497,0.1590909090909091,0.033021856192587906
each_other,her,reverse_polarity,idf_jaccard,0.9046416658163958,0.870157669665002,0.03448399615139386
each_other,her,flip_target_cell,jaccard,0.7130214631660164,0.6778924551507237,0.03512900801529273
each_other,her,flip_target_cell,dice,0.5591947706896194,0.5159672984922148,0.04322747219740464
each_other,her,flip_target_cell,hamming,0.19733924611973394,0.16558441558441558,0.03175483053531836
each_other,her,flip_target_cell,idf_jaccard,0.9056923833435102,0.8786529868074118,0.027039396536098437
each_other,him,delete_feature,jaccard,0.7083961467440518,0.6690820933080995,0.03931405343595229
each_other,him,delete_feature,dice,0.5538111704869109,0.5060659866465846,0.04774518384032622
each_other,him,delete_feature,hamming,0.1930495775545991,0.16013071895424835,0.03291885860035074
each_other,him,delete_feature,idf_jaccard,0.9061519596846936,0.8715479229425895,0.034604036742104105
each_other,him,reverse_polarity,jaccard,0.6927556551005278,0.6512547842159477,0.0415008708845801
each_other,him,reverse_polarity,dice,0.5349420298312816,0.4858925522768215,0.0490494775544601
each_other,him,reverse_polarity,hamming,0.192112765283497,0.1590909090909091,0.033021856192587906
each_other,him,reverse_polarity,idf_jaccard,0.9054486980697722,0.8708648812947187,0.03458381677505351
each_other,him,flip_target_cell,jaccard,0.7142519428889071,0.6778924551507237,0.03635948773818343
each_other,him,flip_target_cell,dice,0.5607837152943068,0.5159672984922148,0.04481641680209203
each_other,him,flip_target_cell,hamming,0.1979727589483687,0.16558441558441558,0.032388343363953104
each_other,him,flip_target_cell,idf_jaccard,0.9090234966315416,0.880378917813748,0.028644578817793587
each_other,it,delete_feature,jaccard,0.7079211340944875,0.6690820933080995,0.038839040786388
each_other,it,delete_feature,dice,0.5532525080486459,0.5060659866465846,0.047186521402061254
each_other,it,delete_feature,hamming,0.19273075083692015,0.16013071895424835,0.0326000318826718
each_other,it,delete_feature,idf_jaccard,0.9059539020814976,0.8715479229425895,0.03440597913890808
each_other,it,reverse_polarity,jaccard,0.6938225948012805,0.6512547842159477,0.042567810585332766
each_other,it,reverse_polarity,dice,0.5362039650316429,0.4858925522768215,0.05031141275482143
each_other,it,reverse_polarity,hamming,0.192112765283497,0.1590909090909091,0.033021856192587906
each_other,it,reverse_polarity,idf_jaccard,0.9046189564392465,0.870157669665002,0.03446128677424454
each_other,it,flip_target_cell,jaccard,0.7122450314359513,0.6778924551507237,0.03435257628522759
each_other,it,flip_target_cell,dice,0.5584274643873798,0.5159672984922148,0.04246016589516499
each_other,it,flip_target_cell,hamming,0.19733924611973394,0.16558441558441558,0.03175483053531836
each_other,it,flip_target_cell,idf_jaccard,0.9048443906203254,0.8786529868074118,0.026191403812913627
each_other,its,delete_feature,jaccard,0.7083570757316363,0.6690820933080995,0.039274982423536775
each_other,its,delete_feature,dice,0.5537885760832958,0.5060659866465846,0.04772258943671115
each_other,its,delete_feature,hamming,0.1930495775545991,0.16013071895424835,0.03291885860035074
each_other,its,delete_feature,idf_jaccard,0.906082994051431,0.8715479229425895,0.034535071108841464
each_other,its,reverse_polarity,jaccard,0.6927214646940651,0.6512547842159477,0.04146668047811741
each_other,its,reverse_polarity,dice,0.5348638230221874,0.4858925522768215,0.04897127074536589
each_other,its,reverse_polarity,hamming,0.192112765283497,0.1590909090909091,0.033021856192587906
each_other,its,reverse_polarity,idf_jaccard,0.905377608600435,0.8708648812947187,0.034512727305716306
each_other,its,flip_target_cell,jaccard,0.7142121765782807,0.6778924551507237,0.03631972142755702
each_other,its,flip_target_cell,dice,0.5608198088849874,0.5159672984922148,0.044852510392772604
each_other,its,flip_target_cell,hamming,0.19797275894836874,0.16558441558441558,0.03238834336395316
each_other,its,flip_target_cell,idf_jaccard,0.9091684602771475,0.880378917813748,0.028789542463399487
each_other,little,delete_feature,jaccard,0.7088579692854635,0.6690820933080995,0.039775875977363984
each_other,little,delete_feature,dice,0.5543180561680126,0.5060659866465846,0.04825206952142791
each_other,little,delete_feature,hamming,0.19336840427227803,0.16013071895424835,0.033237685318029675
each_other,little,delete_feature,idf_jaccard,0.9065881850760772,0.8715479229425895,0.035040262133487654
each_other,little,reverse_polarity,jaccard,0.6919084565639839,0.6512547842159477,0.040653672348036185
each_other,little,reverse_polarity,dice,0.5340022317732216,0.4858925522768215,0.048109679496400104
each_other,little,reverse_polarity,hamming,0.192112765283497,0.1590909090909091,0.033021856192587906
each_other,little,reverse_polarity,idf_jaccard,0.9065881850760772,0.8715479229425895,0.035040262133487654
each_other,little,flip_target_cell,jaccard,0.7160086863016198,0.6778924551507237,0.03811623115089613
each_other,little,flip_target_cell,dice,0.5627158052034411,0.5159672984922148,0.04674850671122632
each_other,little,flip_target_cell,hamming,0.19860627177700346,0.16558441558441558,0.03302185619258788
each_other,little,flip_target_cell,idf_jaccard,0.91469222970836,0.8820563184518071,0.03263591125655285
each_other,many,delete_feature,jaccard,0.7088579692854635,0.6690820933080995,0.039775875977363984
each_other,many,delete_feature,dice,0.5543180561680126,0.5060659866465846,0.04825206952142791
each_other,many,delete_feature,hamming,0.19336840427227803,0.16013071895424835,0.033237685318029675
each_other,many,delete_feature,idf_jaccard,0.9065881850760772,0.8715479229425895,0.035040262133487654
each_other,many,reverse_polarity,jaccard,0.6919084565639839,0.6512547842159477,0.040653672348036185
each_other,many,reverse_polarity,dice,0.5340022317732216,0.4858925522768215,0.048109679496400104
each_other,many,reverse_polarity,hamming,0.192112765283497,0.1590909090909091,0.033021856192587906
each_other,many,reverse_polarity,idf_jaccard,0.9065881850760772,0.8715479229425895,0.035040262133487654
each_other,many,flip_target_cell,jaccard,0.7160086863016198,0.6778924551507237,0.03811623115089613
each_other,many,flip_target_cell,dice,0.5627158052034411,0.5159672984922148,0.04674850671122632
each_other,many,flip_target_cell,hamming,0.19860627177700346,0.16558441558441558,0.03302185619258788
each_other,many,flip_target_cell,idf_jaccard,0.91469222970836,0.8820563184518071,0.03263591125655285
each_other,many_a,delete_feature,jaccard,0.7088579692854635,0.6690820933080995,0.039775875977363984
each_other,many_a,delete_feature,dice,0.5543180561680126,0.5060659866465846,0.04825206952142791
each_other,many_a,delete_feature,hamming,0.19336840427227803,0.16013071895424835,0.033237685318029675
each_other,many_a,delete_feature,idf_jaccard,0.9065881850760772,0.8715479229425895,0.035040262133487654
each_other,many_a,reverse_polarity,jaccard,0.6919084565639839,0.6512547842159477,0.040653672348036185
each_other,many_a,reverse_polarity,dice,0.5340022317732216,0.4858925522768215,0.048109679496400104
each_other,many_a,reverse_polarity,hamming,0.192112765283497,0.1590909090909091,0.033021856192587906
each_other,many_a,reverse_polarity,idf_jaccard,0.9065881850760772,0.8715479229425895,0.035040262133487654
each_other,many_a,flip_target_cell,jaccard,0.7160086863016198,0.6778924551507237,0.03811623115089613
each_other,many_a,flip_target_cell,dice,0.5627158052034411,0.5159672984922148,0.04674850671122632
each_other,many_a,flip_target_cell,hamming,0.19860627177700346,0.16558441558441558,0.03302185619258788
each_other,many_a,flip_target_cell,idf_jaccard,0.91469222970836,0.8820563184518071,0.03263591125655285
each_other,my,delete_feature,jaccard,0.7085250969583301,0.6690820933080995,0.03944300365023057
each_other,my,delete_feature,dice,0.5539362020108317,0.5060659866465846,0.04787021536424707
each_other,my,delete_feature,hamming,0.1930495775545991,0.16013071895424835,0.03291885860035074
each_other,my,delete_feature,idf_jaccard,0.9061884019887093,0.8715479229425895,0.034640479046119776
each_other,my,reverse_polarity,jaccard,0.6927029112397344,0.6512547842159477,0.04144812702378664
each_other,my,reverse_polarity,dice,0.5350001257864183,0.4858925522768215,0.049107573509596825
each_other,my,reverse_polarity,hamming,0.192112765283497,0.1590909090909091,0.033021856192587906
each_other,my,reverse_polarity,idf_jaccard,0.9054794672094367,0.8708648812947187,0.034614585914718
each_other,my,flip_target_cell,jaccard,0.7145548134439864,0.6778924551507237,0.0366623582932627
each_other,my,flip_target_cell,dice,0.5609647107694199,0.5159672984922148,0.04499741227720511
each_other,my,flip_target_cell,hamming,0.1979727589483687,0.16558441558441558,0.032388343363953104
each_other,my,flip_target_cell,idf_jaccard,0.9095777093092786,0.880378917813748,0.029198791495530618
each_other,no,delete_feature,jaccard,0.7088579692854635,0.6669243687819539,0.04193360050350958
each_other,no,delete_feature,dice,0.5543180561680126,0.5035950434595846,0.05072301270842794
each_other,no,delete_feature,hamming,0.19336840427227803,0.15849673202614378,0.034871672246134244
each_other,no,delete_feature,idf_jaccard,0.9065881850760772,0.8698553231841368,0.03673286189194036
each_other,no,reverse_polarity,jaccard,0.6919084565639839,0.6557963893332107,0.036112067230773204
each_other,no,reverse_polarity,dice,0.5340022317732216,0.49117472027920717,0.042827511494014425
each_other,no,reverse_polarity,hamming,0.192112765283497,0.1590909090909091,0.033021856192587906
each_other,no,reverse_polarity,idf_jaccard,0.9050682271748739,0.8688554746251235,0.03621275254975043
each_other,no,flip_target_cell,jaccard,0.7160086863016198,0.6690844695335275,0.04692421676809233
each_other,no,flip_target_cell,dice,0.5627158052034411,0.505834694168434,0.05688111103500715
each_other,no,flip_target_cell,hamming,0.19860627177700346,0.16233766233766234,0.036268609439341126
each_other,no,flip_target_cell,idf_jaccard,0.9120789087889074,0.8630612571987026,0.04901765159020477
each_other,no_one,delete_feature,jaccard,0.7088579692854635,0.6684721083231145,0.040385860962348974
each_other,no_one,delete_feature,dice,0.5543180561680126,0.5054027213404622,0.048915334827550394
each_other,no_one,delete_feature,hamming,0.19336840427227803,0.1597222222222222,0.03364618205005582
each_other,no_one,delete_feature,idf_jaccard,0.9065881850760772,0.8708395085228617,0.03574867655321545
each_other,no_one,reverse_polarity,jaccard,0.6919084565639839,0.652321640545962,0.03958681601802194
each_other,no_one,reverse_polarity,dice,0.5340022317732216,0.48704639843066766,0.04695583334255393
each_other,no_one,reverse_polarity,hamming,0.192112765283497,0.1590909090909091,0.033021856192587906
each_other,no_one,reverse_polarity,idf_jaccard,0.9062179558462944,0.8705244429851537,0.03569351286114064
each_other,no_one,flip_target_cell,jaccard,0.7160086863016198,0.6756253854494434,0.04038330085217645
each_other,no_one,flip_target_cell,dice,0.5627158052034411,0.5135163181000579,0.04919948710338318
each_other,no_one,flip_target_cell,hamming,0.19860627177700346,0.16477272727272727,0.0338335445042762
each_other,no_one,flip_target_cell,idf_jaccard,0.91469222970836,0.8762031760753137,0.03848905363304622
each_other,one,delete_feature,jaccard,0.7088579692854635,0.6665181067561099,0.04233986252935362
each_other,one,delete_feature,dice,0.5543180561680126,0.5033330135498797,0.05098504261813286
each_other,one,delete_feature,hamming,0.19336840427227803,0.15849673202614378,0.034871672246134244
each_other,one,delete_feature,idf_jaccard,0.9065881850760772,0.8692680274416679,0.03732015763440932
each_other,one,reverse_polarity,jaccard,0.6919084565639839,0.6555058634089773,0.0364025931550066
each_other,one,reverse_polarity,dice,0.5340022317732216,0.4904229941329974,0.0435792376402242
each_other,one,reverse_polarity,hamming,0.192112765283497,0.1590909090909091,0.033021856192587906
each_other,one,reverse_polarity,idf_jaccard,0.9050682271748739,0.8682921796483731,0.036776047526500766
each_other,one,flip_target_cell,jaccard,0.7160086863016198,0.6686044317566631,0.04740425454495678
each_other,one,flip_target_cell,dice,0.5627158052034411,0.5060973366185764,0.056618468584864745
each_other,one,flip_target_cell,hamming,0.19860627177700346,0.16233766233766234,0.036268609439341126
each_other,one,flip_target_cell,idf_jaccard,0.9120789087889074,0.861754993657988,0.05032391513091938
each_other,one_s,delete_feature,jaccard,0.7088579692854635,0.6690820933080995,0.039775875977363984
each_other,one_s,delete_feature,dice,0.5543180561680126,0.5060659866465846,0.04825206952142791
each_other,one_s,delete_feature,hamming,0.19336840427227803,0.16013071895424835,0.033237685318029675
each_other,one_s,delete_feature,idf_jaccard,0.9065881850760772,0.8715479229425895,0.035040262133487654
each_other,one_s,reverse_polarity,jaccard,0.6919084565639839,0.6512547842159477,0.040653672348036185
each_other,one_s,reverse_polarity,dice,0.5340022317732216,0.4858925522768215,0.048109679496400104
each_other,one_s,reverse_polarity,hamming,0.192112765283497,0.1590909090909091,0.033021856192587906
each_other,one_s,reverse_polarity,idf_jaccard,0.9065881850760772,0.8715479229425895,0.035040262133487654
each_other,one_s,flip_target_cell,jaccard,0.7160086863016198,0.6778924551507237,0.03811623115089613
each_other,one_s,flip_target_cell,dice,0.5627158052034411,0.5159672984922148,0.04674850671122632
each_other,one_s,flip_target_cell,hamming,0.19860627177700346,0.16558441558441558,0.03302185619258788
each_other,one_s,flip_target_cell,idf_jaccard,0.91469222970836,0.8820563184518071,0.03263591125655285
each_other,other,delete_feature,jaccard,0.7013314757659707,0.659775003031582,0.04155647273438867
each_other,other,delete_feature,dice,0.5455864970567604,0.495749133834998,0.04983736322176241
each_other,other,delete_feature,hamming,0.18683245655985972,0.15359477124183007,0.03323768531802965
each_other,other,delete_feature,idf_jaccard,0.8967522346470991,0.858976393272271,0.037775841374828034
each_other,other,reverse_polarity,jaccard,0.7088579692854635,0.6690820933080995,0.039775875977363984
each_other,other,reverse_polarity,dice,0.5543180561680126,0.5060659866465846,0.04825206952142791
each_other,other,reverse_polarity,hamming,0.192112765283497,0.1590909090909091,0.033021856192587906
each_other,other,reverse_polarity,idf_jaccard,0.8967522346470991,0.858976393272271,0.037775841374828034
each_other,other,flip_target_cell,jaccard,0.7013314757659707,0.659775003031582,0.04155647273438867
each_other,other,flip_target_cell,dice,0.5455864970567604,0.495749133834998,0.04983736322176241
each_other,other,flip_target_cell,hamming,0.18561925878999053,0.1525974025974026,0.033021856192587934
each_other,other,flip_target_cell,idf_jaccard,0.8967522346470991,0.858976393272271,0.037775841374828034
each_other,our,delete_feature,jaccard,0.708389028555384,0.6690820933080995,0.03930693524728446
each_other,our,delete_feature,dice,0.5537671042119111,0.5060659866465846,0.04770111756532647
each_other,our,delete_feature,hamming,0.1928901641957596,0.16013071895424835,0.032759445241511254
each_other,our,delete_feature,idf_jaccard,0.906090582396017,0.8715479229425895,0.03454265945342749
each_other,our,reverse_polarity,jaccard,0.6930497228570928,0.6512547842159477,0.04179493864114503
each_other,our,reverse_polarity,dice,0.5354171799126326,0.4858925522768215,0.049524627635811114
each_other,our,reverse_polarity,hamming,0.192112765283497,0.1590909090909091,0.033021856192587906
each_other,our,reverse_polarity,idf_jaccard,0.9050433161473699,0.8705144057103038,0.034528910437066074
each_other,our,flip_target_cell,jaccard,0.7139364051415686,0.6778924551507237,0.036043949990844926
each_other,our,flip_target_cell,dice,0.5602131025807866,0.5159672984922148,0.044245804088571816
each_other,our,flip_target_cell,hamming,0.19765600253405133,0.16558441558441558,0.032071586949635744
each_other,our,flip_target_cell,idf_jaccard,0.907754499804346,0.8793753386508352,0.0283791611535108
each_other,ours,delete_feature,jaccard,0.7084626039517714,0.6690820933080995,0.03938051064367187
each_other,ours,delete_feature,dice,0.5538773426024306,0.5060659866465846,0.04781135595584596
each_other,ours,delete_feature,hamming,0.1930495775545991,0.16013071895424835,0.03291885860035074
each_other,ours,delete_feature,idf_jaccard,0.906083528586365,0.8715479229425895,0.03453560564377545
each_other,ours,reverse_polarity,jaccard,0.6926603285422497,0.6512547842159477,0.041405544326301946
each_other,ours,reverse_polarity,dice,0.5348402064009621,0.4858925522768215,0.048947654124140594
each_other,ours,reverse_polarity,hamming,0.192112765283497,0.1590909090909091,0.033021856192587906
each_other,ours,reverse_polarity,idf_jaccard,0.9053765787970617,0.8708648812947187,0.03451169750234295
each_other,ours,flip_target_cell,jaccard,0.7144762472598737,0.6778924551507237,0.03658379210914997
each_other,ours,flip_target_cell,dice,0.5610127827087354,0.5159672984922148,0.04504548421652066
each_other,ours,flip_target_cell,hamming,0.1979727589483687,0.16558441558441558,0.032388343363953104
each_other,ours,flip_target_cell,idf_jaccard,0.9093099336232583,0.880378917813748,0.028931015809510296
each_other,self,delete_feature,jaccard,0.7064971066059419,0.6690820933080995,0.03741501329784236
each_other,self,delete_feature,dice,0.5518928222918165,0.5060659866465846,0.04582683564523182
each_other,self,delete_feature,hamming,0.1919336840427228,0.16013071895424835,0.03180296508847444
each_other,self,delete_feature,idf_jaccard,0.9049652273480612,0.8715479229425895,0.03341730440547164
each_other,self,reverse_polarity,jaccard,0.6954223214706601,0.6512547842159477,0.04416753725471234
each_other,self,reverse_polarity,dice,0.5376121722964192,0.4858925522768215,0.051719620019597734
each_other,self,reverse_polarity,hamming,0.192112765283497,0.1590909090909091,0.033021856192587906
each_other,self,reverse_polarity,idf_jaccard,0.9023259799710095,0.8682714256324152,0.03405455433859428
each_other,self,flip_target_cell,jaccard,0.7078662013940514,0.6778924551507237,0.029973746243327715
each_other,self,flip_target_cell,dice,0.5543713049472438,0.5159672984922148,0.03840400645502906
each_other,self,flip_target_cell,hamming,0.19575546404814698,0.16558441558441558,0.030171048463731392
each_other,self,flip_target_cell,idf_jaccard,0.8989791665990852,0.8765692948432888,0.02240987175579634
each_other,some,delete_feature,jaccard,0.7088579692854635,0.6665154605944079,0.0423425086910556
each_other,some,delete_feature,dice,0.5543180561680126,0.5032620914456487,0.051055964722363845
each_other,some,delete_feature,hamming,0.19336840427227803,0.15849673202614378,0.034871672246134244
each_other,some,delete_feature,idf_jaccard,0.9065881850760772,0.8694776701656757,0.037110514910401515
each_other,some,reverse_polarity,jaccard,0.6919084565639839,0.6559324732686367,0.035975983295347236
each_other,some,reverse_polarity,dice,0.5340022317732216,0.4910951945144892,0.042907037258732406
each_other,some,reverse_polarity,hamming,0.192112765283497,0.1590909090909091,0.033021856192587906
each_other,some,reverse_polarity,idf_jaccard,0.9050682271748739,0.8685186224906729,0.03654960468420099
each_other,some,flip_target_cell,jaccard,0.7160086863016198,0.6681647700553915,0.0478439162462283
each_other,some,flip_target_cell,dice,0.5627158052034411,0.5052827746826909,0.05743303052075022
each_other,some,flip_target_cell,hamming,0.19860627177700346,0.16233766233766234,0.036268609439341126
each_other,some,flip_target_cell,idf_jaccard,0.9120789087889074,0.8613190127357406,0.050759896053166775
each_other,their,delete_feature,jaccard,0.708333120393558,0.6690820933080995,0.03925102708545847
each_other,their,delete_feature,dice,0.5536617526102986,0.5060659866465846,0.047595765963713954
each_other,their,delete_feature,hamming,0.19273075083692015,0.16013071895424835,0.0326000318826718
each_other,their,delete_feature,idf_jaccard,0.9061593083149744,0.8715479229425895,0.03461138537238484
each_other,their,reverse_polarity,jaccard,0.6934234872937257,0.6512547842159477,0.04216870307777798
each_other,their,reverse_polarity,dice,0.5359538130242955,0.4858925522768215,0.05006126074747397
each_other,their,reverse_polarity,hamming,0.192112765283497,0.1590909090909091,0.033021856192587906
each_other,their,reverse_polarity,idf_jaccard,0.9047789302054121,0.870157669665002,0.03462126054041015
each_other,their,flip_target_cell,jaccard,0.7134453756469156,0.6778924551507237,0.03555292049619185
each_other,their,flip_target_cell,dice,0.5594628690897511,0.5159672984922148,0.04349557059753628
each_other,their,flip_target_cell,hamming,0.19733924611973394,0.16558441558441558,0.03175483053531836
each_other,their,flip_target_cell,idf_jaccard,0.9066377528252777,0.8786529868074118,0.027984766017865925
each_other,theirs,delete_feature,jaccard,0.7085125336222642,0.6690820933080995,0.03943044031416465
each_other,theirs,delete_feature,dice,0.5539185670459258,0.5060659866465846,0.04785258039934115
each_other,theirs,delete_feature,hamming,0.1930495775545991,0.16013071895424835,0.03291885860035074
each_other,theirs,delete_feature,idf_jaccard,0.9061942272557669,0.8715479229425895,0.03464630431317739
each_other,theirs,reverse_polarity,jaccard,0.6926390083989783,0.6512547842159477,0.04138422418303056
each_other,theirs,reverse_polarity,dice,0.5348423703192121,0.4858925522768215,0.048949818042390625
each_other,theirs,reverse_polarity,hamming,0.192112765283497,0.1590909090909091,0.033021856192587906
each_other,theirs,reverse_polarity,idf_jaccard,0.9054853938740132,0.8708648812947187,0.03462051257929444
each_other,theirs,flip_target_cell,jaccard,0.7145937449383469,0.6778924551507237,0.036701289787623215
each_other,theirs,flip_target_cell,dice,0.5610893371465961,0.5159672984922148,0.04512203865438136
each_other,theirs,flip_target_cell,hamming,0.19797275894836874,0.16558441558441558,0.03238834336395316
each_other,theirs,flip_target_cell,idf_jaccard,0.9095586484405886,0.880378917813748,0.02917973062684065
each_other,them,delete_feature,jaccard,0.7079059659907131,0.6690820933080995,0.03882387268261356
each_other,them,delete_feature,dice,0.5533063944676851,0.5060659866465846,0.047240407821100505
each_other,them,delete_feature,hamming,0.19273075083692015,0.16013071895424835,0.0326000318826718
each_other,them,delete_feature,idf_jaccard,0.9057227883038285,0.8715479229425895,0.034174865361238926
each_other,them,reverse_polarity,jaccard,0.6935114583258823,0.6512547842159477,0.04225667410993461
each_other,them,reverse_polarity,dice,0.5357397756861261,0.4858925522768215,0.049847223409304586
each_other,them,reverse_polarity,hamming,0.192112765283497,0.1590909090909091,0.033021856192587906
each_other,them,reverse_polarity,idf_jaccard,0.9043794775962403,0.870157669665002,0.0342218079312383
each_other,them,flip_target_cell,jaccard,0.7125341541403724,0.6778924551507237,0.03464169898964864
each_other,them,flip_target_cell,dice,0.5589988594708489,0.5159672984922148,0.04303156097863414
each_other,them,flip_target_cell,hamming,0.19733924611973394,0.16558441558441558,0.03175483053531836
each_other,them,flip_target_cell,idf_jaccard,0.904976871236446,0.8786529868074118,0.026323884429034217
each_other,they,delete_feature,jaccard,0.7084677143041038,0.6690820933080995,0.03938562099600429
each_other,they,delete_feature,dice,0.5538467471070958,0.5060659866465846,0.04778076046051116
each_other,they,delete_feature,hamming,0.1930495775545991,0.16013071895424835,0.03291885860035074
each_other,they,delete_feature,idf_jaccard,0.906210018438563,0.8715479229425895,0.03466209549597343
each_other,they,reverse_polarity,jaccard,0.6928587558454771,0.6512547842159477,0.041603971629529335
each_other,they,reverse_polarity,dice,0.535151047609206,0.4858925522768215,0.04925849533238447
each_other,they,reverse_polarity,hamming,0.192112765283497,0.1590909090909091,0.033021856192587906
each_other,they,reverse_polarity,idf_jaccard,0.9055099014466272,0.8708648812947187,0.03464502015190851
each_other,they,flip_target_cell,jaccard,0.7142835703916515,0.6778924551507237,0.03639111524092775
each_other,they,flip_target_cell,dice,0.5606400397649357,0.5159672984922148,0.04467274127272092
each_other,they,flip_target_cell,hamming,0.1979727589483687,0.16558441558441558,0.032388343363953104
each_other,they,flip_target_cell,idf_jaccard,0.9087761871226108,0.8803789178137481,0.02839726930886266
each_other,thing,delete_feature,jaccard,0.7088579692854635,0.6666996591822443,0.04215831010321924
each_other,thing,delete_feature,dice,0.5543180561680126,0.5034955497272595,0.050822506440753035
each_other,thing,delete_feature,hamming,0.19336840427227803,0.15849673202614378,0.034871672246134244
each_other,thing,delete_feature,idf_jaccard,0.9065881850760772,0.8695637828433154,0.03702440223276182
each_other,thing,reverse_polarity,jaccard,0.6919084565639839,0.6554162916488768,0.036492164915107095
each_other,thing,reverse_polarity,dice,0.5340022317732216,0.4904385784397019,0.04356365333351969
each_other,thing,reverse_polarity,hamming,0.192112765283497,0.1590909090909091,0.033021856192587906
each_other,thing,reverse_polarity,idf_jaccard,0.9050682271748739,0.8685564955646772,0.03651173161019672
each_other,thing,flip_target_cell,jaccard,0.7160086863016198,0.6690427819055915,0.046965904396028324
each_other,thing,flip_target_cell,dice,0.5627158052034411,0.506390146957516,0.05632565824592506
each_other,thing,flip_target_cell,hamming,0.19860627177700346,0.16233766233766234,0.036268609439341126
each_other,thing,flip_target_cell,idf_jaccard,0.9120789087889074,0.86309906006656,0.0489798487223474
each_other,to,delete_feature,jaccard,0.7088579692854635,0.6690820933080995,0.039775875977363984
each_other,to,delete_feature,dice,0.5543180561680126,0.5060659866465846,0.04825206952142791
each_other,to,delete_feature,hamming,0.19336840427227803,0.16013071895424835,0.033237685318029675
each_other,to,delete_feature,idf_jaccard,0.9065881850760772,0.8715479229425895,0.035040262133487654
each_other,to,reverse_polarity,jaccard,0.6919084565639839,0.6512547842159477,0.040653672348036185
each_other,to,reverse_polarity,dice,0.5340022317732216,0.4858925522768215,0.048109679496400104
each_other,to,reverse_polarity,hamming,0.192112765283497,0.1590909090909091,0.033021856192587906
each_other,to,reverse_polarity,idf_jaccard,0.9065881850760772,0.8715479229425895,0.035040262133487654
each_other,to,flip_target_cell,jaccard,0.7160086863016198,0.6778924551507237,0.03811623115089613
each_other,to,flip_target_cell,dice,0.5627158052034411,0.5159672984922148,0.04674850671122632
each_other,to,flip_target_cell,hamming,0.19860627177700346,0.16558441558441558,0.03302185619258788
each_other,to,flip_target_cell,idf_jaccard,0.91469222970836,0.8820563184518071,0.03263591125655285
each_other,us,delete_feature,jaccard,0.7086440197775474,0.6690820933080995,0.039561926469447894
each_other,us,delete_feature,dice,0.5540789361297533,0.5060659866465846,0.0480129494831687
each_other,us,delete_feature,hamming,0.19320899091343854,0.16013071895424835,0.03307827195919019
each_other,us,delete_feature,idf_jaccard,0.9063219492947453,0.8715479229425895,0.03477402635215576
each_other,us,reverse_polarity,jaccard,0.6923149606290245,0.6512547842159477,0.0410601764130768
each_other,us,reverse_polarity,dice,0.5344539029566,0.4858925522768215,0.048561350679778514
each_other,us,reverse_polarity,hamming,0.192112765283497,0.1590909090909091,0.033021856192587906
each_other,us,reverse_polarity,idf_jaccard,0.905962030950745,0.8712093172752543,0.03475271367549071
each_other,us,flip_target_cell,jaccard,0.7151800433998061,0.6778924551507237,0.037287588249082404
each_other,us,flip_target_cell,dice,0.561795418641085,0.5159672984922148,0.045828120148870166
each_other,us,flip_target_cell,hamming,0.19828951536268608,0.16558441558441558,0.03270509977827049
each_other,us,flip_target_cell,idf_jaccard,0.9121685823803602,0.8820563184518071,0.03011226392855315
each_other,we,delete_feature,jaccard,0.7086671494540789,0.6690820933080995,0.0395850561459794
each_other,we,delete_feature,dice,0.5540899161315102,0.5060659866465846,0.04802392948492551
each_other,we,delete_feature,hamming,0.19320899091343854,0.16013071895424835,0.03307827195919019
each_other,we,delete_feature,idf_jaccard,0.9063208108518416,0.8715479229425895,0.03477288790925204
each_other,we,reverse_polarity,jaccard,0.6923528132342713,0.6512547842159477,0.0410980290183236
each_other,we,reverse_polarity,dice,0.534529271857548,0.4858925522768215,0.04863671958072646
each_other,we,reverse_polarity,hamming,0.192112765283497,0.1590909090909091,0.033021856192587906
each_other,we,reverse_polarity,idf_jaccard,0.9059613928747918,0.8712093172752543,0.034752075599537524
each_other,we,flip_target_cell,jaccard,0.7151858035788654,0.6778924551507237,0.03729334842814169
each_other,we,flip_target_cell,dice,0.5617401954473435,0.5159672984922148,0.04577289695512876
each_other,we,flip_target_cell,hamming,0.19828951536268608,0.16558441558441558,0.03270509977827049
each_other,we,flip_target_cell,idf_jaccard,0.9120582221796785,0.8820563184518071,0.03000190372787137
each_other,what,delete_feature,jaccard,0.7088579692854635,0.6690820933080995,0.039775875977363984
each_other,what,delete_feature,dice,0.5543180561680126,0.5060659866465846,0.04825206952142791
each_other,what,delete_feature,hamming,0.19336840427227803,0.16013071895424835,0.033237685318029675
each_other,what,delete_feature,idf_jaccard,0.9065881850760772,0.8715479229425895,0.035040262133487654
each_other,what,reverse_polarity,jaccard,0.6919084565639839,0.6512547842159477,0.040653672348036185
each_other,what,reverse_polarity,dice,0.5340022317732216,0.4858925522768215,0.048109679496400104
each_other,what,reverse_polarity,hamming,0.192112765283497,0.1590909090909091,0.033021856192587906
each_other,what,reverse_polarity,idf_jaccard,0.9065881850760772,0.8715479229425895,0.035040262133487654
each_other,what,flip_target_cell,jaccard,0.7160086863016198,0.6778924551507237,0.03811623115089613
each_other,what,flip_target_cell,dice,0.5627158052034411,0.5159672984922148,0.04674850671122632
each_other,what,flip_target_cell,hamming,0.19860627177700346,0.16558441558441558,0.03302185619258788
each_other,what,flip_target_cell,idf_jaccard,0.91469222970836,0.8820563184518071,0.03263591125655285
each_other,whatever,delete_feature,jaccard,0.7088579692854635,0.6690820933080995,0.039775875977363984
each_other,whatever,delete_feature,dice,0.5543180561680126,0.5060659866465846,0.04825206952142791
each_other,whatever,delete_feature,hamming,0.19336840427227803,0.16013071895424835,0.033237685318029675
each_other,whatever,delete_feature,idf_jaccard,0.9065881850760772,0.8715479229425895,0.035040262133487654
each_other,whatever,reverse_polarity,jaccard,0.6919084565639839,0.6512547842159477,0.040653672348036185
each_other,whatever,reverse_polarity,dice,0.5340022317732216,0.4858925522768215,0.048109679496400104
each_other,whatever,reverse_polarity,hamming,0.192112765283497,0.1590909090909091,0.033021856192587906
each_other,whatever,reverse_polarity,idf_jaccard,0.9065881850760772,0.8715479229425895,0.035040262133487654
each_other,whatever,flip_target_cell,jaccard,0.7160086863016198,0.6778924551507237,0.03811623115089613
each_other,whatever,flip_target_cell,dice,0.5627158052034411,0.5159672984922148,0.04674850671122632
each_other,whatever,flip_target_cell,hamming,0.19860627177700346,0.16558441558441558,0.03302185619258788
each_other,whatever,flip_target_cell,idf_jaccard,0.91469222970836,0.8820563184518071,0.03263591125655285
each_other,where,delete_feature,jaccard,0.7088579692854635,0.6673202665462727,0.041537702739190774
each_other,where,delete_feature,dice,0.5543180561680126,0.5038131530021547,0.05050490316585787
each_other,where,delete_feature,hamming,0.19336840427227803,0.15849673202614378,0.034871672246134244
each_other,where,delete_feature,idf_jaccard,0.9065881850760772,0.8701895766906427,0.03639860838543452
each_other,where,reverse_polarity,jaccard,0.6919084565639839,0.6564060796149211,0.035502376949062775
each_other,where,reverse_polarity,dice,0.5340022317732216,0.49246246274112504,0.04153976903209655
each_other,where,reverse_polarity,hamming,0.192112765283497,0.1590909090909091,0.033021856192587906
each_other,where,reverse_polarity,idf_jaccard,0.9050682271748739,0.8692008450102638,0.03586738216461005
each_other,where,flip_target_cell,jaccard,0.7160086863016198,0.6692184234987508,0.04679026280286902
each_other,where,flip_target_cell,dice,0.5627158052034411,0.5049449185257354,0.05777088667770569
each_other,where,flip_target_cell,hamming,0.19860627177700346,0.16233766233766234,0.036268609439341126
each_other,where,flip_target_cell,idf_jaccard,0.9120789087889074,0.862922237938518,0.04915667085038944
each_other,which,delete_feature,jaccard,0.7088579692854635,0.6690820933080995,0.039775875977363984
each_other,which,delete_feature,dice,0.5543180561680126,0.5060659866465846,0.04825206952142791
each_other,which,delete_feature,hamming,0.19336840427227803,0.16013071895424835,0.033237685318029675
each_other,which,delete_feature,idf_jaccard,0.9065881850760772,0.8715479229425895,0.035040262133487654
each_other,which,reverse_polarity,jaccard,0.6919084565639839,0.6512547842159477,0.040653672348036185
each_other,which,reverse_polarity,dice,0.5340022317732216,0.4858925522768215,0.048109679496400104
each_other,which,reverse_polarity,hamming,0.192112765283497,0.1590909090909091,0.033021856192587906
each_other,which,reverse_polarity,idf_jaccard,0.9065881850760772,0.8715479229425895,0.035040262133487654
each_other,which,flip_target_cell,jaccard,0.7160086863016198,0.6778924551507237,0.03811623115089613
each_other,which,flip_target_cell,dice,0.5627158052034411,0.5159672984922148,0.04674850671122632
each_other,which,flip_target_cell,hamming,0.19860627177700346,0.16558441558441558,0.03302185619258788
each_other,which,flip_target_cell,idf_jaccard,0.91469222970836,0.8820563184518071,0.03263591125655285
each_other,whichever,delete_feature,jaccard,0.7088579692854635,0.6690820933080995,0.039775875977363984
each_other,whichever,delete_feature,dice,0.5543180561680126,0.5060659866465846,0.04825206952142791
each_other,whichever,delete_feature,hamming,0.19336840427227803,0.16013071895424835,0.033237685318029675
each_other,whichever,delete_feature,idf_jaccard,0.9065881850760772,0.8715479229425895,0.035040262133487654
each_other,whichever,reverse_polarity,jaccard,0.6919084565639839,0.6512547842159477,0.040653672348036185
each_other,whichever,reverse_polarity,dice,0.5340022317732216,0.4858925522768215,0.048109679496400104
each_other,whichever,reverse_polarity,hamming,0.192112765283497,0.1590909090909091,0.033021856192587906
each_other,whichever,reverse_polarity,idf_jaccard,0.9065881850760772,0.8715479229425895,0.035040262133487654
each_other,whichever,flip_target_cell,jaccard,0.7160086863016198,0.6778924551507237,0.03811623115089613
each_other,whichever,flip_target_cell,dice,0.5627158052034411,0.5159672984922148,0.04674850671122632
each_other,whichever,flip_target_cell,hamming,0.19860627177700346,0.16558441558441558,0.03302185619258788
each_other,whichever,flip_target_cell,idf_jaccard,0.91469222970836,0.8820563184518071,0.03263591125655285
each_other,who,delete_feature,jaccard,0.7088579692854635,0.6690820933080995,0.039775875977363984
each_other,who,delete_feature,dice,0.5543180561680126,0.5060659866465846,0.04825206952142791
each_other,who,delete_feature,hamming,0.19336840427227803,0.16013071895424835,0.033237685318029675
each_other,who,delete_feature,idf_jaccard,0.9065881850760772,0.8715479229425895,0.035040262133487654
each_other,who,reverse_polarity,jaccard,0.6919084565639839,0.6512547842159477,0.040653672348036185
each_other,who,reverse_polarity,dice,0.5340022317732216,0.4858925522768215,0.048109679496400104
each_other,who,reverse_polarity,hamming,0.192112765283497,0.1590909090909091,0.033021856192587906
each_other,who,reverse_polarity,idf_jaccard,0.9065881850760772,0.8715479229425895,0.035040262133487654
each_other,who,flip_target_cell,jaccard,0.7160086863016198,0.6778924551507237,0.03811623115089613
each_other,who,flip_target_cell,dice,0.5627158052034411,0.5159672984922148,0.04674850671122632
each_other,who,flip_target_cell,hamming,0.19860627177700346,0.16558441558441558,0.03302185619258788
each_other,who,flip_target_cell,idf_jaccard,0.91469222970836,0.8820563184518071,0.03263591125655285
each_other,whoever,delete_feature,jaccard,0.7088579692854635,0.6690820933080995,0.039775875977363984
each_other,whoever,delete_feature,dice,0.5543180561680126,0.5060659866465846,0.04825206952142791
each_other,whoever,delete_feature,hamming,0.19336840427227803,0.16013071895424835,0.033237685318029675
each_other,whoever,delete_feature,idf_jaccard,0.9065881850760772,0.8715479229425895,0.035040262133487654
each_other,whoever,reverse_polarity,jaccard,0.6919084565639839,0.6512547842159477,0.040653672348036185
each_other,whoever,reverse_polarity,dice,0.5340022317732216,0.4858925522768215,0.048109679496400104
each_other,whoever,reverse_polarity,hamming,0.192112765283497,0.1590909090909091,0.033021856192587906
each_other,whoever,reverse_polarity,idf_jaccard,0.9065881850760772,0.8715479229425895,0.035040262133487654
each_other,whoever,flip_target_cell,jaccard,0.7160086863016198,0.6778924551507237,0.03811623115089613
each_other,whoever,flip_target_cell,dice,0.5627158052034411,0.5159672984922148,0.04674850671122632
each_other,whoever,flip_target_cell,hamming,0.19860627177700346,0.16558441558441558,0.03302185619258788
each_other,whoever,flip_target_cell,idf_jaccard,0.91469222970836,0.8820563184518071,0.03263591125655285
each_other,whom,delete_feature,jaccard,0.7088579692854635,0.6690820933080995,0.039775875977363984
each_other,whom,delete_feature,dice,0.5543180561680126,0.5060659866465846,0.04825206952142791
each_other,whom,delete_feature,hamming,0.19336840427227803,0.16013071895424835,0.033237685318029675
each_other,whom,delete_feature,idf_jaccard,0.9065881850760772,0.8715479229425895,0.035040262133487654
each_other,whom,reverse_polarity,jaccard,0.6919084565639839,0.6512547842159477,0.040653672348036185
each_other,whom,reverse_polarity,dice,0.5340022317732216,0.4858925522768215,0.048109679496400104
each_other,whom,reverse_polarity,hamming,0.192112765283497,0.1590909090909091,0.033021856192587906
each_other,whom,reverse_polarity,idf_jaccard,0.9065881850760772,0.8715479229425895,0.035040262133487654
each_other,whom,flip_target_cell,jaccard,0.7160086863016198,0.6778924551507237,0.03811623115089613
each_other,whom,flip_target_cell,dice,0.5627158052034411,0.5159672984922148,0.04674850671122632
each_other,whom,flip_target_cell,hamming,0.19860627177700346,0.16558441558441558,0.03302185619258788
each_other,whom,flip_target_cell,idf_jaccard,0.91469222970836,0.8820563184518071,0.03263591125655285
each_other,whose,delete_feature,jaccard,0.7088579692854635,0.6690820933080995,0.039775875977363984
each_other,whose,delete_feature,dice,0.5543180561680126,0.5060659866465846,0.04825206952142791
each_other,whose,delete_feature,hamming,0.19336840427227803,0.16013071895424835,0.033237685318029675
each_other,whose,delete_feature,idf_jaccard,0.9065881850760772,0.8715479229425895,0.035040262133487654
each_other,whose,reverse_polarity,jaccard,0.6919084565639839,0.6512547842159477,0.040653672348036185
each_other,whose,reverse_polarity,dice,0.5340022317732216,0.4858925522768215,0.048109679496400104
each_other,whose,reverse_polarity,hamming,0.192112765283497,0.1590909090909091,0.033021856192587906
each_other,whose,reverse_polarity,idf_jaccard,0.9065881850760772,0.8715479229425895,0.035040262133487654
each_other,whose,flip_target_cell,jaccard,0.7160086863016198,0.6778924551507237,0.03811623115089613
each_other,whose,flip_target_cell,dice,0.5627158052034411,0.5159672984922148,0.04674850671122632
each_other,whose,flip_target_cell,hamming,0.19860627177700346,0.16558441558441558,0.03302185619258788
each_other,whose,flip_target_cell,idf_jaccard,0.91469222970836,0.8820563184518071,0.03263591125655285
each_other,whosoever,delete_feature,jaccard,0.7088579692854635,0.6690820933080995,0.039775875977363984
each_other,whosoever,delete_feature,dice,0.5543180561680126,0.5060659866465846,0.04825206952142791
each_other,whosoever,delete_feature,hamming,0.19336840427227803,0.16013071895424835,0.033237685318029675
each_other,whosoever,delete_feature,idf_jaccard,0.9065881850760772,0.8715479229425895,0.035040262133487654
each_other,whosoever,reverse_polarity,jaccard,0.6919084565639839,0.6512547842159477,0.040653672348036185
each_other,whosoever,reverse_polarity,dice,0.5340022317732216,0.4858925522768215,0.048109679496400104
each_other,whosoever,reverse_polarity,hamming,0.192112765283497,0.1590909090909091,0.033021856192587906
each_other,whosoever,reverse_polarity,idf_jaccard,0.9065881850760772,0.8715479229425895,0.035040262133487654
each_other,whosoever,flip_target_cell,jaccard,0.7160086863016198,0.6778924551507237,0.03811623115089613
each_other,whosoever,flip_target_cell,dice,0.5627158052034411,0.5159672984922148,0.04674850671122632
each_other,whosoever,flip_target_cell,hamming,0.19860627177700346,0.16558441558441558,0.03302185619258788
each_other,whosoever,flip_target_cell,idf_jaccard,0.91469222970836,0.8820563184518071,0.03263591125655285
each_other,you,delete_feature,jaccard,0.7075693579122984,0.6690820933080995,0.03848726460419882
each_other,you,delete_feature,dice,0.5528204483585899,0.5060659866465846,0.04675446171200526
each_other,you,delete_feature,hamming,0.19209309740156227,0.16013071895424835,0.03196237844731392
each_other,you,delete_feature,idf_jaccard,0.9057125850539116,0.8715479229425895,0.034164662111322075
each_other,you,reverse_polarity,jaccard,0.6949225775592721,0.6512547842159477,0.04366779334332438
each_other,you,reverse_polarity,dice,0.5376910608172917,0.4858925522768215,0.05179850854047019
each_other,you,reverse_polarity,hamming,0.192112765283497,0.1590909090909091,0.033021856192587906
each_other,you,reverse_polarity,idf_jaccard,0.9031753265148894,0.8686632476667253,0.034512078848164096
each_other,you,flip_target_cell,jaccard,0.7104386363875781,0.6778924551507237,0.03254618123685438
each_other,you,flip_target_cell,dice,0.55607257986586,0.5159672984922148,0.04010528137364522
each_other,you,flip_target_cell,hamming,0.19607222046246436,0.16558441558441558,0.03048780487804878
each_other,you,flip_target_cell,idf_jaccard,0.9019600905231288,0.8768763825315304,0.025083707991598314
each_other,your,delete_feature,jaccard,0.7079007274037746,0.6690820933080995,0.0388186340956751
each_other,your,delete_feature,dice,0.5532210371853178,0.5060659866465846,0.047155050538733145
each_other,your,delete_feature,hamming,0.1924119241192412,0.16013071895424835,0.03228120516499286
each_other,your,delete_feature,idf_jaccard,0.9057884433262988,0.8715479229425895,0.03424052038370928
each_other,your,reverse_polarity,jaccard,0.6941171814050389,0.6512547842159477,0.04286239718909113
each_other,your,reverse_polarity,dice,0.5367217387893665,0.4858925522768215,0.05082918651254498
each_other,your,reverse_polarity,hamming,0.192112765283497,0.1590909090909091,0.033021856192587906
each_other,your,reverse_polarity,idf_jaccard,0.9038017018333641,0.8694244696178053,0.03437723221555877
each_other,your,flip_target_cell,jaccard,0.7119027140002661,0.6778924551507237,0.03401025884954234
each_other,your,flip_target_cell,dice,0.5578317202642816,0.5159672984922148,0.04186442177206684
each_other,your,flip_target_cell,hamming,0.19670573329109917,0.16558441558441558,0.031121317706683582
each_other,your,flip_target_cell,idf_jaccard,0.9038528234132646,0.8776200338326967,0.02623278958056785
each_other,yours,delete_feature,jaccard,0.7085308106022208,0.6690820933080995,0.03944871729412125
each_other,yours,delete_feature,dice,0.5539379931394606,0.5060659866465846,0.04787200649287593
each_other,yours,delete_feature,hamming,0.1930495775545991,0.16013071895424835,0.03291885860035074
each_other,yours,delete_feature,idf_jaccard,0.9061940349539835,0.8715479229425895,0.034646112011394004
each_other,yours,reverse_polarity,jaccard,0.6926111896551447,0.6512547842159477,0.04135640543919694
each_other,yours,reverse_polarity,dice,0.5348145028709268,0.4858925522768215,0.04892195059410531
each_other,yours,reverse_polarity,hamming,0.192112765283497,0.1590909090909091,0.033021856192587906
each_other,yours,reverse_polarity,idf_jaccard,0.9054839443048788,0.8708648812947187,0.034619063010160045
each_other,yours,flip_target_cell,jaccard,0.7146572765109261,0.6778924551507237,0.036764821360202427
each_other,yours,flip_target_cell,dice,0.5611547296848519,0.5159672984922148,0.04518743119263713
each_other,yours,flip_target_cell,hamming,0.1979727589483687,0.16558441558441558,0.032388343363953104
each_other,yours,flip_target_cell,idf_jaccard,0.909672910325934,0.8803789178137481,0.029293992512185896
each_other,genitive_case,delete_feature,jaccard,0.7067211121901068,0.6690820933080995,0.03763901888200727
each_other,genitive_case,delete_feature,dice,0.551682273623183,0.5060659866465846,0.045616286976598364
each_other,genitive_case,delete_feature,hamming,0.1908177905308465,0.16013071895424835,0.03068707157659814
each_other,genitive_case,delete_feature,idf_jaccard,0.9057257669167104,0.8715479229425895,0.034177843974120825
each_other,genitive_case,reverse_polarity,jaccard,0.6979247455653708,0.6512547842159477,0.04666996134942303
each_other,genitive_case,reverse_polarity,dice,0.5417401241008649,0.4858925522768215,0.05584757182404343
each_other,genitive_case,reverse_polarity,hamming,0.192112765283497,0.1590909090909091,0.033021856192587906
each_other,genitive_case,reverse_polarity,idf_jaccard,0.9014257320267193,0.8652877274438755,0.036138004582843775
each_other,genitive_case,flip_target_cell,jaccard,0.7057292303959191,0.6778924551507237,0.027836775245195344
each_other,genitive_case,flip_target_cell,dice,0.5497541875925634,0.5159672984922148,0.03378688910034866
each_other,genitive_case,flip_target_cell,hamming,0.19353816914792527,0.16558441558441558,0.02795375356350968
each_other,genitive_case,flip_target_cell,idf_jaccard,0.8986627660728898,0.8750468336777113,0.02361593239517845
each_other,accusative_case,delete_feature,jaccard,0.7071499897446757,0.6690820933080995,0.038067896436576154
each_other,accusative_case,delete_feature,dice,0.5522812712236375,0.5060659866465846,0.04621528457705282
each_other,accusative_case,delete_feature,hamming,0.1919336840427228,0.16013071895424835,0.03180296508847444
each_other,accusative_case,delete_feature,idf_jaccard,0.9058480757105992,0.8715479229425895,0.034300152768009684
each_other,accusative_case,reverse_polarity,jaccard,0.695882420430835,0.6512547842159477,0.0446276362148873
each_other,accusative_case,reverse_polarity,dice,0.5387266048868061,0.4858925522768215,0.05283405260998464
each_other,accusative_case,reverse_polarity,hamming,0.192112765283497,0.1590909090909091,0.033021856192587906
each_other,accusative_case,reverse_polarity,idf_jaccard,0.9031715884491781,0.8682714256324152,0.03490016281676289
each_other,accusative_case,flip_target_cell,jaccard,0.7086466580226405,0.6778924551507237,0.03075420287191677
each_other,accusative_case,flip_target_cell,dice,0.5539864086636386,0.5159672984922148,0.03801911017142379
each_other,accusative_case,flip_target_cell,hamming,0.19575546404814698,0.16558441558441558,0.030171048463731392
each_other,accusative_case,flip_target_cell,idf_jaccard,0.9001004893090335,0.8765692948432888,0.023531194465744698
each_other,nominative_case,delete_feature,jaccard,0.7075371750816367,0.6690820933080995,0.03845508177353718
each_other,nominative_case,delete_feature,dice,0.5526842984221612,0.5060659866465846,0.046618311775576515
each_other,nominative_case,delete_feature,hamming,0.19225251076040173,0.16013071895424835,0.03212179180615338
each_other,nominative_case,delete_feature,idf_jaccard,0.9058880912932852,0.8715479229425895,0.03434016835069564
each_other,nominative_case,reverse_polarity,jaccard,0.6953538515105494,0.6512547842159477,0.04409906729460167
each_other,nominative_case,reverse_polarity,dice,0.538245850203587,0.4858925522768215,0.05235329792676546
each_other,nominative_case,reverse_polarity,hamming,0.192112765283497,0.1590909090909091,0.033021856192587906
each_other,nominative_case,reverse_polarity,idf_jaccard,0.9037758140781087,0.8690474977952987,0.034728316282810034
each_other,nominative_case,flip_target_cell,jaccard,0.7099342364379982,0.6778924551507237,0.03204178128727453
each_other,nominative_case,flip_target_cell,dice,0.5552544768183972,0.5159672984922148,0.03928717832618245
each_other,nominative_case,flip_target_cell,hamming,0.19638897687678178,0.16558441558441558,0.030804561292366195
each_other,nominative_case,flip_target_cell,idf_jaccard,0.900457878215256,0.8772226818263217,0.023235196388934343
each_other,in_word_formation_e_g_a_many_sided_shape,delete_feature,jaccard,0.7076947373619936,0.6690820933080995,0.038612644053894085
each_other,in_word_formation_e_g_a_many_sided_shape,delete_feature,dice,0.5528465850618621,0.5060659866465846,0.046780598415277486
each_other,in_word_formation_e_g_a_many_sided_shape,delete_feature,hamming,0.1919336840427228,0.16013071895424835,0.03180296508847444
each_other,in_word_formation_e_g_a_many_sided_shape,delete_feature,idf_jaccard,0.90606442739109,0.8715479229425895,0.03451650444850052
each_other,in_word_formation_e_g_a_many_sided_shape,reverse_polarity,jaccard,0.6955237678708293,0.6512547842159477,0.04426898365488152
each_other,in_word_formation_e_g_a_many_sided_shape,reverse_polarity,dice,0.5387975091773904,0.4858925522768215,0.052904956900568956
each_other,in_word_formation_e_g_a_many_sided_shape,reverse_polarity,hamming,0.192112765283497,0.1590909090909091,0.033021856192587906
each_other,in_word_formation_e_g_a_many_sided_shape,reverse_polarity,idf_jaccard,0.9032260489455743,0.8682714256324151,0.03495462331315924
each_other,in_word_formation_e_g_a_many_sided_shape,flip_target_cell,jaccard,0.7100677609695628,0.6778924551507237,0.032175305818839095
each_other,in_word_formation_e_g_a_many_sided_shape,flip_target_cell,dice,0.5550003807182717,0.5159672984922148,0.03903308222605695
each_other,in_word_formation_e_g_a_many_sided_shape,flip_target_cell,hamming,0.19575546404814698,0.16558441558441558,0.030171048463731392
each_other,in_word_formation_e_g_a_many_sided_shape,flip_target_cell,idf_jaccard,0.9020196824907445,0.8765692948432887,0.025450387647455774
each_other,has_derivationtionally_related_words,delete_feature,jaccard,0.7091064567842602,0.687915495666318,0.021190961117942164
each_other,has_derivationtionally_related_words,delete_feature,dice,0.5539700967054844,0.527997545426866,0.025972551278618305
each_other,has_derivationtionally_related_words,delete_feature,hamming,0.18874541686593338,0.16013071895424835,0.028614697911685028
each_other,has_derivationtionally_related_words,delete_feature,idf_jaccard,0.9100605840976104,0.8853686730833839,0.02469191101422652
each_other,has_derivationtionally_related_words,reverse_polarity,jaccard,0.7137714981241813,0.687915495666318,0.025856002457863236
each_other,has_derivationtionally_related_words,reverse_polarity,dice,0.5596823621151152,0.527997545426866,0.031684816688249184
each_other,has_derivationtionally_related_words,reverse_polarity,hamming,0.192112765283497,0.1590909090909091,0.033021856192587906
each_other,has_derivationtionally_related_words,reverse_polarity,idf_jaccard,0.9108935816051624,0.8853686730833839,0.025524908521778578
each_other,has_derivationtionally_related_words,flip_target_cell,jaccard,0.711765441985514,0.6964505095455173,0.015314932439996598
each_other,has_derivationtionally_related_words,flip_target_cell,dice,0.556885786166589,0.5378465826753992,0.019039203491189816
each_other,has_derivationtionally_related_words,flip_target_cell,hamming,0.18942033576179917,0.16558441558441558,0.02383592017738359
each_other,has_derivationtionally_related_words,flip_target_cell,idf_jaccard,0.9106878251929261,0.8871649239509802,0.023522901241945893
each_other,has_corresponding_word,delete_feature,jaccard,0.7081218304546864,0.6690820933080995,0.03903973714658682
each_other,has_corresponding_word,delete_feature,dice,0.5534502072665232,0.5060659866465846,0.04738422061993852
each_other,has_corresponding_word,delete_feature,hamming,0.19273075083692015,0.16013071895424835,0.0326000318826718
each_other,has_corresponding_word,delete_feature,idf_jaccard,0.9059987607261172,0.8715479229425895,0.034450837783527644
each_other,has_corresponding_word,reverse_polarity,jaccard,0.6935647134535454,0.6512547842159477,0.04230992923759769
each_other,has_corresponding_word,reverse_polarity,dice,0.5359502650688517,0.4858925522768215,0.050057712792030196
each_other,has_corresponding_word,reverse_polarity,hamming,0.192112765283497,0.1590909090909091,0.033021856192587906
each_other,has_corresponding_word,reverse_polarity,idf_jaccard,0.9046431907528892,0.870157669665002,0.03448552108788727
each_other,has_corresponding_word,flip_target_cell,jaccard,0.7128930830643638,0.6778924551507237,0.035000627913640114
each_other,has_corresponding_word,flip_target_cell,dice,0.559060668486566,0.5159672984922148,0.043093369994351205
each_other,has_corresponding_word,flip_target_cell,hamming,0.19733924611973394,0.16558441558441558,0.03175483053531836
each_other,has_corresponding_word,flip_target_cell,idf_jaccard,0.9056191028858035,0.8786529868074118,0.026966116078391722
each_other,compound_word,delete_feature,jaccard,0.7074006300001932,0.687915495666318,0.01948513433387511
each_other,compound_word,delete_feature,dice,0.5519130357143499,0.527997545426866,0.023915490287483854
each_other,compound_word,delete_feature,hamming,0.18826717678941496,0.16013071895424835,0.028136457835166606
each_other,compound_word,delete_feature,idf_jaccard,0.9093046013869234,0.8876128334873594,0.021691767899563952
each_other,compound_word,reverse_polarity,jaccard,0.7125662608401644,0.687915495666318,0.024650765173846345
each_other,compound_word,reverse_polarity,dice,0.5582193609494059,0.527997545426866,0.030221815522539885
each_other,compound_word,reverse_polarity,hamming,0.192112765283497,0.1590909090909091,0.033021856192587906
each_other,compound_word,reverse_polarity,idf_jaccard,0.910108951975621,0.8876128334873594,0.022496118488261607
each_other,compound_word,flip_target_cell,jaccard,0.7095979760584469,0.6964505095455173,0.013147466512929529
each_other,compound_word,flip_target_cell,dice,0.5542611017746115,0.5378465826753992,0.01641451909921232
each_other,compound_word,flip_target_cell,hamming,0.18847006651884698,0.16558441558441558,0.0228856509344314
each_other,compound_word,flip_target_cell,idf_jaccard,0.9099175212333457,0.8896547069789662,0.02026281425437948
each_other,inflects_for_case,delete_feature,jaccard,0.7266787192299535,0.6807958084273874,0.045882910802566124
each_other,inflects_for_case,delete_feature,dice,0.5762709276318552,0.5186937512144341,0.057577176417421105
each_other,inflects_for_case,delete_feature,hamming,0.19336840427227803,0.15849673202614378,0.034871672246134244
each_other,inflects_for_case,delete_feature,idf_jaccard,0.9081133848065032,0.8725507272348856,0.035562657571617584
each_other,inflects_for_case,reverse_polarity,jaccard,0.7266787192299535,0.6825475669225669,0.04413115230738662
each_other,inflects_for_case,reverse_polarity,dice,0.5762709276318552,0.5209253343373788,0.055345593294476414
each_other,inflects_for_case,reverse_polarity,hamming,0.192112765283497,0.1590909090909091,0.033021856192587906
each_other,inflects_for_case,reverse_polarity,idf_jaccard,0.9081133848065032,0.8737561389899234,0.03435724581657973
each_other,inflects_for_case,flip_target_cell,jaccard,0.7335656712251772,0.687776947253534,0.04578872397164324
each_other,inflects_for_case,flip_target_cell,dice,0.5845685087091728,0.5264736968403041,0.05809481186886867
each_other,inflects_for_case,flip_target_cell,hamming,0.19860627177700346,0.16233766233766234,0.036268609439341126
each_other,inflects_for_case,flip_target_cell,idf_jaccard,0.908270660585643,0.872720273833875,0.035550386751768026
each_other,paradigm_has_distinct_acc_form,delete_feature,jaccard,0.7037708718380279,0.6690820933080995,0.034688778529928355
each_other,paradigm_has_distinct_acc_form,delete_feature,dice,0.5483887730238091,0.5060659866465846,0.04232278637722442
each_other,paradigm_has_distinct_acc_form,delete_feature,hamming,0.18890483022477284,0.16013071895424835,0.028774111270524483
each_other,paradigm_has_distinct_acc_form,delete_feature,idf_jaccard,0.9055113285407933,0.8715479229425895,0.033963405598203766
each_other,paradigm_has_distinct_acc_form,reverse_polarity,jaccard,0.703523205987838,0.6512547842159477,0.05226842177189028
each_other,paradigm_has_distinct_acc_form,reverse_polarity,dice,0.5479758226821425,0.4858925522768215,0.06208327040532102
each_other,paradigm_has_distinct_acc_form,reverse_polarity,hamming,0.192112765283497,0.1590909090909091,0.033021856192587906
each_other,paradigm_has_distinct_acc_form,reverse_polarity,idf_jaccard,0.9022621422890071,0.8588048834012536,0.043457258887753536
each_other,paradigm_has_distinct_acc_form,flip_target_cell,jaccard,0.6943126150272736,0.6778924551507237,0.016420159876549878
each_other,paradigm_has_distinct_acc_form,flip_target_cell,dice,0.5370709151275184,0.5159672984922148,0.02110361663530358
each_other,paradigm_has_distinct_acc_form,flip_target_cell,hamming,0.18973709217611656,0.16558441558441558,0.024152676591700978
each_other,paradigm_has_distinct_acc_form,flip_target_cell,idf_jaccard,0.895715854133425,0.8735294703980857,0.02218638373533932
each_other,paradigm_has_genitive_form,delete_feature,jaccard,0.7015717737354528,0.6690820933080995,0.03248968042735323
each_other,paradigm_has_genitive_form,delete_feature,dice,0.5458794729594924,0.5060659866465846,0.03981348631290771
each_other,paradigm_has_genitive_form,delete_feature,hamming,0.1869918699186992,0.16013071895424835,0.026861150964450853
each_other,paradigm_has_genitive_form,delete_feature,idf_jaccard,0.9058199128914137,0.8715479229425895,0.03427198994882419
each_other,paradigm_has_genitive_form,reverse_polarity,jaccard,0.7082692392602322,0.6512547842159477,0.057014455044284484
each_other,paradigm_has_genitive_form,reverse_polarity,dice,0.5536081530190851,0.4858925522768215,0.06771560074226357
each_other,paradigm_has_genitive_form,reverse_polarity,hamming,0.192112765283497,0.1590909090909091,0.033021856192587906
each_other,paradigm_has_genitive_form,reverse_polarity,idf_jaccard,0.9076382934161181,0.8489948596897615,0.05864343372635661
each_other,paradigm_has_genitive_form,flip_target_cell,jaccard,0.6852155883437874,0.6778924551507237,0.007323133193063658
each_other,paradigm_has_genitive_form,flip_target_cell,dice,0.5265026594590164,0.5159672984922148,0.010535360966801632
each_other,paradigm_has_genitive_form,flip_target_cell,hamming,0.18593601520430791,0.16558441558441558,0.02035159961989233
each_other,paradigm_has_genitive_form,flip_target_cell,idf_jaccard,0.8986595138090989,0.872542932149723,0.026116581659375915
each_other,paradigm_has_distinct_independent_genitive_form,delete_feature,jaccard,0.7030982334360422,0.6690820933080995,0.03401614012794263
each_other,paradigm_has_distinct_independent_genitive_form,delete_feature,dice,0.5476015924892252,0.5060659866465846,0.0415356058426406
each_other,paradigm_has_distinct_independent_genitive_form,delete_feature,hamming,0.1881077634305755,0.16013071895424835,0.02797704447632715
each_other,paradigm_has_distinct_independent_genitive_form,delete_feature,idf_jaccard,0.9056154016305413,0.8715479229425895,0.03406747868795179
each_other,paradigm_has_distinct_independent_genitive_form,reverse_polarity,jaccard,0.7052189679074287,0.6512547842159477,0.05396418369148093
each_other,paradigm_has_distinct_independent_genitive_form,reverse_polarity,dice,0.550126115076318,0.4858925522768215,0.06423356279949655
each_other,paradigm_has_distinct_independent_genitive_form,reverse_polarity,hamming,0.192112765283497,0.1590909090909091,0.033021856192587906
each_other,paradigm_has_distinct_independent_genitive_form,reverse_polarity,idf_jaccard,0.9033135829424515,0.8553029803707916,0.0480106025716599
each_other,paradigm_has_distinct_independent_genitive_form,flip_target_cell,jaccard,0.6912794533597977,0.6778924551507237,0.013386998209073964
each_other,paradigm_has_distinct_independent_genitive_form,flip_target_cell,dice,0.5333610487169076,0.5159672984922148,0.017393750224692806
each_other,paradigm_has_distinct_independent_genitive_form,flip_target_cell,hamming,0.18815331010452965,0.16558441558441558,0.02256889452011407
each_other,paradigm_has_distinct_independent_genitive_form,flip_target_cell,idf_jaccard,0.8969023627499476,0.8730769290572781,0.02382543369266954
each_other,paradigm_has_distinct_self_form,delete_feature,jaccard,0.7015717737354528,0.6690820933080995,0.03248968042735323
each_other,paradigm_has_distinct_self_form,delete_feature,dice,0.5458794729594924,0.5060659866465846,0.03981348631290771
each_other,paradigm_has_distinct_self_form,delete_feature,hamming,0.1869918699186992,0.16013071895424835,0.026861150964450853
each_other,paradigm_has_distinct_self_form,delete_feature,idf_jaccard,0.9058199128914137,0.8715479229425895,0.03427198994882419
each_other,paradigm_has_distinct_self_form,reverse_polarity,jaccard,0.7082692392602322,0.6512547842159477,0.057014455044284484
each_other,paradigm_has_distinct_self_form,reverse_polarity,dice,0.5536081530190851,0.4858925522768215,0.06771560074226357
each_other,paradigm_has_distinct_self_form,reverse_polarity,hamming,0.192112765283497,0.1590909090909091,0.033021856192587906
each_other,paradigm_has_distinct_self_form,reverse_polarity,idf_jaccard,0.9076382934161181,0.8489948596897615,0.05864343372635661
each_other,paradigm_has_distinct_self_form,flip_target_cell,jaccard,0.6852155883437874,0.6778924551507237,0.007323133193063658
each_other,paradigm_has_distinct_self_form,flip_target_cell,dice,0.5265026594590164,0.5159672984922148,0.010535360966801632
each_other,paradigm_has_distinct_self_form,flip_target_cell,hamming,0.18593601520430791,0.16558441558441558,0.02035159961989233
each_other,paradigm_has_distinct_self_form,flip_target_cell,idf_jaccard,0.8986595138090991,0.872542932149723,0.026116581659376137
each_other,paradigm_has_comparative_and_superlative_forms,delete_feature,jaccard,0.7088579692854635,0.6690820933080995,0.039775875977363984
each_other,paradigm_has_comparative_and_superlative_forms,delete_feature,dice,0.5543180561680126,0.5060659866465846,0.04825206952142791
each_other,paradigm_has_comparative_and_superlative_forms,delete_feature,hamming,0.19336840427227803,0.16013071895424835,0.033237685318029675
each_other,paradigm_has_comparative_and_superlative_forms,delete_feature,idf_jaccard,0.9065881850760772,0.8715479229425895,0.035040262133487654
each_other,paradigm_has_comparative_and_superlative_forms,reverse_polarity,jaccard,0.6919084565639839,0.6512547842159477,0.040653672348036185
each_other,paradigm_has_comparative_and_superlative_forms,reverse_polarity,dice,0.5340022317732216,0.4858925522768215,0.048109679496400104
each_other,paradigm_has_comparative_and_superlative_forms,reverse_polarity,hamming,0.192112765283497,0.1590909090909091,0.033021856192587906
each_other,paradigm_has_comparative_and_superlative_forms,reverse_polarity,idf_jaccard,0.9065881850760772,0.8715479229425895,0.035040262133487654
each_other,paradigm_has_comparative_and_superlative_forms,flip_target_cell,jaccard,0.7160086863016198,0.6778924551507237,0.03811623115089613
each_other,paradigm_has_comparative_and_superlative_forms,flip_target_cell,dice,0.5627158052034411,0.5159672984922148,0.04674850671122632
each_other,paradigm_has_comparative_and_superlative_forms,flip_target_cell,hamming,0.19860627177700346,0.16558441558441558,0.03302185619258788
each_other,paradigm_has_comparative_and_superlative_forms,flip_target_cell,idf_jaccard,0.91469222970836,0.8820563184518071,0.03263591125655285
each_other,paradigm_has_distinct_plural_form,delete_feature,jaccard,0.7057022507442827,0.6690820933080995,0.03662015743618319
each_other,paradigm_has_distinct_plural_form,delete_feature,dice,0.5506811740396318,0.5060659866465846,0.04461518739304715
each_other,paradigm_has_distinct_plural_form,delete_feature,hamming,0.19049896381316755,0.16013071895424835,0.030368244858919202
each_other,paradigm_has_distinct_plural_form,delete_feature,idf_jaccard,0.905420107513787,0.8715479229425895,0.03387218457119745
each_other,paradigm_has_distinct_plural_form,reverse_polarity,jaccard,0.6989909093324056,0.6512547842159477,0.04773612511645786
each_other,paradigm_has_distinct_plural_form,reverse_polarity,dice,0.5425290018172546,0.4858925522768215,0.05663644954043312
each_other,paradigm_has_distinct_plural_form,reverse_polarity,hamming,0.192112765283497,0.1590909090909091,0.033021856192587906
each_other,paradigm_has_distinct_plural_form,reverse_polarity,idf_jaccard,0.9011921999475067,0.864345393125441,0.03684680682206565
each_other,paradigm_has_distinct_plural_form,flip_target_cell,jaccard,0.7026756776616582,0.6778924551507237,0.024783222510934455
each_other,paradigm_has_distinct_plural_form,flip_target_cell,dice,0.547026932581072,0.5159672984922148,0.031059634088857258
each_other,paradigm_has_distinct_plural_form,flip_target_cell,hamming,0.19290465631929046,0.16558441558441558,0.02732024073487488
each_other,paradigm_has_distinct_plural_form,flip_target_cell,idf_jaccard,0.8968505964463573,0.8747305138328649,0.02212008261349241
each_other,does_not_inflect,delete_feature,jaccard,0.7022025559053435,0.687915495666318,0.014287060239025484
each_other,does_not_inflect,delete_feature,dice,0.5466705078968688,0.527997545426866,0.01867296247000272
each_other,does_not_inflect,delete_feature,hamming,0.1869918699186992,0.16013071895424835,0.026861150964450853
each_other,does_not_inflect,delete_feature,idf_jaccard,0.9047159946370811,0.8953360749616786,0.009379919675402526
each_other,does_not_inflect,reverse_polarity,jaccard,0.7094887514553543,0.687915495666318,0.02157325578903624
each_other,does_not_inflect,reverse_polarity,dice,0.555109091105389,0.527997545426866,0.02711154567852292
each_other,does_not_inflect,reverse_polarity,hamming,0.192112765283497,0.1590909090909091,0.033021856192587906
each_other,does_not_inflect,reverse_polarity,idf_jaccard,0.9055166659435211,0.8953360749616784,0.010180590981842652
each_other,does_not_inflect,flip_target_cell,jaccard,0.7024128166286404,0.6964505095455173,0.005962307083123064
each_other,does_not_inflect,flip_target_cell,dice,0.5469415106068958,0.5378465826753992,0.009094927931496577
each_other,does_not_inflect,flip_target_cell,hamming,0.18593601520430791,0.16558441558441558,0.02035159961989233
each_other,does_not_inflect,flip_target_cell,idf_jaccard,0.9047448650188143,0.8981275476958194,0.0066173173229949755
each_other,Monmorphemic,delete_feature,jaccard,0.7049243179630498,0.6690820933080995,0.03584222465495024
each_other,Monmorphemic,delete_feature,dice,0.5494298922439413,0.5060659866465846,0.0433639055973567
each_other,Monmorphemic,delete_feature,hamming,0.18938307030129126,0.16013071895424835,0.029252351347042904
each_other,Monmorphemic,delete_feature,idf_jaccard,0.9057762949271194,0.8715479229425895,0.03422837198452988
each_other,Monmorphemic,reverse_polarity,jaccard,0.7027737635525971,0.6512547842159477,0.051518979336649395
each_other,Monmorphemic,reverse_polarity,dice,0.5477638962717499,0.4858925522768215,0.06187134399492844
each_other,Monmorphemic,reverse_polarity,hamming,0.192112765283497,0.1590909090909091,0.033021856192587906
each_other,Monmorphemic,reverse_polarity,idf_jaccard,0.9018597317915712,0.8606379042598687,0.04122182753170245
each_other,Monmorphemic,flip_target_cell,jaccard,0.6973026876723711,0.6778924551507237,0.01941023252164742
each_other,Monmorphemic,flip_target_cell,dice,0.5392978608623525,0.5159672984922148,0.023330562370137753
each_other,Monmorphemic,flip_target_cell,hamming,0.19068736141906872,0.16558441558441558,0.02510294583465314
each_other,Monmorphemic,flip_target_cell,idf_jaccard,0.8960362001700715,0.873839731179499,0.022196468990572482
each_other,Must_be_stressed_as_object_after_particle,delete_feature,jaccard,0.7032488680875163,0.6690820933080995,0.034166774779416764
each_other,Must_be_stressed_as_object_after_particle,delete_feature,dice,0.5480816183685145,0.5060659866465846,0.0420156317219299
each_other,Must_be_stressed_as_object_after_particle,delete_feature,hamming,0.18906424358361232,0.16013071895424835,0.028933524629363966
each_other,Must_be_stressed_as_object_after_particle,delete_feature,idf_jaccard,0.9052661623658482,0.8715479229425895,0.03371823942325869
each_other,Must_be_stressed_as_object_after_particle,reverse_polarity,jaccard,0.7026251098927015,0.6512547842159477,0.051370325676753814
each_other,Must_be_stressed_as_object_after_particle,reverse_polarity,dice,0.5460417928559481,0.4858925522768215,0.06014924057912663
each_other,Must_be_stressed_as_object_after_particle,reverse_polarity,hamming,0.192112765283497,0.1590909090909091,0.033021856192587906
each_other,Must_be_stressed_as_object_after_particle,reverse_polarity,idf_jaccard,0.9018821522349582,0.8594352683913293,0.042446883843628824
each_other,Must_be_stressed_as_object_after_particle,flip_target_cell,jaccard,0.6942239909633171,0.6778924551507237,0.01633153581259339
each_other,Must_be_stressed_as_object_after_particle,flip_target_cell,dice,0.5384427637512141,0.5159672984922148,0.02247546525899935
each_other,Must_be_stressed_as_object_after_particle,flip_target_cell,hamming,0.19005384859043398,0.16558441558441558,0.024469433006018393
each_other,Must_be_stressed_as_object_after_particle,flip_target_cell,idf_jaccard,0.8953353314074705,0.8736292009983349,0.021706130409135604
each_other,Start_with_th,delete_feature,jaccard,0.706990862117448,0.6690820933080995,0.03790876880934846
each_other,Start_with_th,delete_feature,dice,0.5521787818490544,0.5060659866465846,0.0461127952024698
each_other,Start_with_th,delete_feature,hamming,0.1917742706838833,0.16013071895424835,0.031643551729634956
each_other,Start_with_th,delete_feature,idf_jaccard,0.9055715238063176,0.8715479229425895,0.03402360086372802
each_other,Start_with_th,reverse_polarity,jaccard,0.6959767883371173,0.6512547842159477,0.044722004121169556
each_other,Start_with_th,reverse_polarity,dice,0.5388401727731845,0.4858925522768215,0.052947620496363035
each_other,Start_with_th,reverse_polarity,hamming,0.192112765283497,0.1590909090909091,0.033021856192587906
each_other,Start_with_th,reverse_polarity,idf_jaccard,0.9026339282149645,0.8678717198172147,0.034762208397749794
each_other,Start_with_th,flip_target_cell,jaccard,0.7082457275756998,0.6778924551507237,0.030353272424976097
each_other,Start_with_th,flip_target_cell,dice,0.5536701579186533,0.5159672984922148,0.03770285942643847
each_other,Start_with_th,flip_target_cell,hamming,0.1954387076338296,0.16558441558441558,0.029854292049414005
each_other,Start_with_th,flip_target_cell,idf_jaccard,0.8996162072362982,0.8762932909992798,0.023322916237018432
each_other,Start_with_hw,delete_feature,jaccard,0.7088579692854635,0.6690820933080995,0.039775875977363984
each_other,Start_with_hw,delete_feature,dice,0.5543180561680126,0.5060659866465846,0.04825206952142791
each_other,Start_with_hw,delete_feature,hamming,0.19336840427227803,0.16013071895424835,0.033237685318029675
each_other,Start_with_hw,delete_feature,idf_jaccard,0.9065881850760771,0.8715479229425895,0.03504026213348754
each_other,Start_with_hw,reverse_polarity,jaccard,0.6919084565639839,0.6512547842159477,0.040653672348036185
each_other,Start_with_hw,reverse_polarity,dice,0.5340022317732216,0.4858925522768215,0.048109679496400104
each_other,Start_with_hw,reverse_polarity,hamming,0.192112765283497,0.1590909090909091,0.033021856192587906
each_other,Start_with_hw,reverse_polarity,idf_jaccard,0.9065881850760772,0.8715479229425895,0.035040262133487654
each_other,Start_with_hw,flip_target_cell,jaccard,0.7160086863016198,0.6778924551507237,0.03811623115089613
each_other,Start_with_hw,flip_target_cell,dice,0.5627158052034411,0.5159672984922148,0.04674850671122632
each_other,Start_with_hw,flip_target_cell,hamming,0.19860627177700346,0.16558441558441558,0.03302185619258788
each_other,Start_with_hw,flip_target_cell,idf_jaccard,0.91469222970836,0.8820563184518071,0.03263591125655285
each_other,anaphoric_marker,delete_feature,jaccard,0.7222574749839684,0.6811045982304207,0.04115287675354773
each_other,anaphoric_marker,delete_feature,dice,0.5701646237373675,0.5197179835008856,0.05044664023648193
each_other,anaphoric_marker,delete_feature,hamming,0.19209309740156227,0.15849673202614378,0.03359636537541849
each_other,anaphoric_marker,delete_feature,idf_jaccard,0.9106165373993375,0.8748191761702324,0.03579736122910504
each_other,anaphoric_marker,reverse_polarity,jaccard,0.7232038364196544,0.6830868689626914,0.040116967456962915
each_other,anaphoric_marker,reverse_polarity,dice,0.5714193416624447,0.5220641550697462,0.04935518659269844
each_other,anaphoric_marker,reverse_polarity,hamming,0.192112765283497,0.1590909090909091,0.033021856192587906
each_other,anaphoric_marker,reverse_polarity,idf_jaccard,0.9109583026171489,0.8757357779913437,0.03522252462580522
each_other,anaphoric_marker,flip_target_cell,jaccard,0.7282984941460638,0.6878381712456789,0.040460322900384926
each_other,anaphoric_marker,flip_target_cell,dice,0.5772986130187306,0.5273463598589999,0.04995225315973073
each_other,anaphoric_marker,flip_target_cell,hamming,0.19607222046246436,0.16233766233766234,0.03373455812480203
each_other,anaphoric_marker,flip_target_cell,idf_jaccard,0.9110596785647448,0.8753282670068656,0.03573141155787918
each_other,deictic_marker,delete_feature,jaccard,0.7058537534531203,0.6690820933080995,0.03677166014502076
each_other,deictic_marker,delete_feature,dice,0.5507903283036462,0.5060659866465846,0.04472434165706152
each_other,deictic_marker,delete_feature,hamming,0.19049896381316755,0.16013071895424835,0.030368244858919202
each_other,deictic_marker,delete_feature,idf_jaccard,0.9054625183808829,0.8715479229425895,0.03391459543829334
each_other,deictic_marker,reverse_polarity,jaccard,0.6990547648773577,0.6512547842159477,0.04779998066141
each_other,deictic_marker,reverse_polarity,dice,0.5427498737441414,0.4858925522768215,0.05685732146731992
each_other,deictic_marker,reverse_polarity,hamming,0.192112765283497,0.1590909090909091,0.033021856192587906
each_other,deictic_marker,reverse_polarity,idf_jaccard,0.9012484751927529,0.864345393125441,0.036903082067311854
each_other,deictic_marker,flip_target_cell,jaccard,0.7029007153606939,0.6778924551507237,0.025008260209970157
each_other,deictic_marker,flip_target_cell,dice,0.5470117413556257,0.5159672984922148,0.031044442863410904
each_other,deictic_marker,flip_target_cell,hamming,0.1929046563192905,0.16558441558441558,0.027320240734874907
each_other,deictic_marker,flip_target_cell,idf_jaccard,0.8968450314861879,0.8747305138328649,0.02211451765332295
each_other,person_deixis,delete_feature,jaccard,0.7041354181249622,0.6690820933080995,0.03505332481686263
each_other,person_deixis,delete_feature,dice,0.5487913194950852,0.5060659866465846,0.04272533284850055
each_other,person_deixis,delete_feature,hamming,0.18906424358361232,0.16013071895424835,0.028933524629363966
each_other,person_deixis,delete_feature,idf_jaccard,0.9055117356822088,0.8715479229425895,0.03396381273961924
each_other,person_deixis,reverse_polarity,jaccard,0.7028754992750336,0.6512547842159477,0.05162071505908583
each_other,person_deixis,reverse_polarity,dice,0.5472783819096282,0.4858925522768215,0.0613858296328067
each_other,person_deixis,reverse_polarity,hamming,0.192112765283497,0.1590909090909091,0.033021856192587906
each_other,person_deixis,reverse_polarity,idf_jaccard,0.9018181447889843,0.8594352683913293,0.04238287639765492
each_other,person_deixis,flip_target_cell,jaccard,0.6956768809373381,0.6778924551507237,0.017784425786614433
each_other,person_deixis,flip_target_cell,dice,0.538552950512369,0.5159672984922148,0.022585652020154168
each_other,person_deixis,flip_target_cell,hamming,0.19005384859043398,0.16558441558441558,0.024469433006018393
each_other,person_deixis,flip_target_cell,idf_jaccard,0.8959310400856412,0.8736292009983349,0.02230183908730632
each_other,pro_form,delete_feature,jaccard,0.7266787192299535,0.659775003031582,0.06690371619837154
each_other,pro_form,delete_feature,dice,0.5762709276318552,0.495749133834998,0.08052179379685714
each_other,pro_form,delete_feature,hamming,0.19336840427227803,0.15359477124183007,0.03977363303044795
each_other,pro_form,delete_feature,idf_jaccard,0.9135370966403851,0.8706081917749746,0.042928904865410455
each_other,pro_form,reverse_polarity,jaccard,0.7266787192299535,0.6690820933080995,0.057596625921853994
each_other,pro_form,reverse_polarity,dice,0.5762709276318552,0.5060659866465846,0.07020494098527053
each_other,pro_form,reverse_polarity,hamming,0.192112765283497,0.1590909090909091,0.033021856192587906
each_other,pro_form,reverse_polarity,idf_jaccard,0.9135370966403851,0.874157923371607,0.039379173268778045
each_other,pro_form,flip_target_cell,jaccard,0.7335656712251772,0.659775003031582,0.07379066819359525
each_other,pro_form,flip_target_cell,dice,0.5845685087091728,0.495749133834998,0.08881937487417474
each_other,pro_form,flip_target_cell,hamming,0.19860627177700346,0.1525974025974026,0.04600886917960087
each_other,pro_form,flip_target_cell,idf_jaccard,0.9142070086937412,0.8706081917749746,0.04359881691876655
each_other,personal_gender_as_head_or_fused_head,delete_feature,jaccard,0.7035475953055256,0.6639192639192639,0.03962833138626165
each_other,personal_gender_as_head_or_fused_head,delete_feature,dice,0.548051869411261,0.5005724043987531,0.04747946501250799
each_other,personal_gender_as_head_or_fused_head,delete_feature,hamming,0.1884265901482544,0.1568627450980392,0.0315638450502152
each_other,personal_gender_as_head_or_fused_head,delete_feature,idf_jaccard,0.905993114154152,0.87091843717231,0.03507467698184197
each_other,personal_gender_as_head_or_fused_head,reverse_polarity,jaccard,0.7045397868964609,0.6597692904761969,0.04477049642026398
each_other,personal_gender_as_head_or_fused_head,reverse_polarity,dice,0.5493906966593056,0.4949500500194007,0.054440646639904944
each_other,personal_gender_as_head_or_fused_head,reverse_polarity,hamming,0.192112765283497,0.1590909090909091,0.033021856192587906
each_other,personal_gender_as_head_or_fused_head,reverse_polarity,idf_jaccard,0.901843281887594,0.8621493734837686,0.03969390840382536
each_other,personal_gender_as_head_or_fused_head,flip_target_cell,jaccard,0.6928390368770427,0.6592373819677867,0.03360165490925604
each_other,personal_gender_as_head_or_fused_head,flip_target_cell,dice,0.5349776212332786,0.4961783551370949,0.03879926609618373
each_other,personal_gender_as_head_or_fused_head,flip_target_cell,hamming,0.1887868229331644,0.1590909090909091,0.02969591384225531
each_other,personal_gender_as_head_or_fused_head,flip_target_cell,idf_jaccard,0.9003053211865738,0.8676998890178491,0.03260543216872469
each_other,non_personal_gender,delete_feature,jaccard,0.7079211340944875,0.6649378324204175,0.04298330167407005
each_other,non_personal_gender,delete_feature,dice,0.5532525080486459,0.5012427160828297,0.05200979196581623
each_other,non_personal_gender,delete_feature,hamming,0.19273075083692015,0.1568627450980392,0.03586800573888094
each_other,non_personal_gender,delete_feature,idf_jaccard,0.906226957795889,0.86963506119424,0.036591896601648966
each_other,non_personal_gender,reverse_polarity,jaccard,0.6938225948012805,0.6605675870478502,0.033255007753430266
each_other,non_personal_gender,reverse_polarity,dice,0.5362039650316429,0.49700848890400545,0.03919547612763746
each_other,non_personal_gender,reverse_polarity,hamming,0.192112765283497,0.1590909090909091,0.033021856192587906
each_other,non_personal_gender,reverse_polarity,idf_jaccard,0.9019028597941946,0.8676592890049786,0.03424357078921603
each_other,non_personal_gender,flip_target_cell,jaccard,0.7122450314359513,0.6603687502536187,0.05187628118233256
each_other,non_personal_gender,flip_target_cell,dice,0.5584274643873798,0.4953677669910367,0.0630596973963431
each_other,non_personal_gender,flip_target_cell,hamming,0.19733924611973394,0.1590909090909091,0.03824833702882485
each_other,non_personal_gender,flip_target_cell,idf_jaccard,0.90563812238618,0.8574251605540462,0.04821296183213386
each_other,epicene_personal_gender,delete_feature,jaccard,0.705851471108591,0.6639192639192639,0.04193220718932711
each_other,epicene_personal_gender,delete_feature,dice,0.5507949718010523,0.5005724043987531,0.050222567402299245
each_other,epicene_personal_gender,delete_feature,hamming,0.19049896381316755,0.1568627450980392,0.03363621871512834
each_other,epicene_personal_gender,delete_feature,idf_jaccard,0.9058448465415561,0.8702336649560358,0.035611181585520235
each_other,epicene_personal_gender,reverse_polarity,jaccard,0.6989779791293044,0.6597692904761969,0.03920868865310745
each_other,epicene_personal_gender,reverse_polarity,dice,0.5426121112669124,0.4949500500194007,0.04766206124751177
each_other,epicene_personal_gender,reverse_polarity,hamming,0.192112765283497,0.1590909090909091,0.033021856192587906
each_other,epicene_personal_gender,reverse_polarity,idf_jaccard,0.8990088032557156,0.8655666414597979,0.033442161795917746
each_other,epicene_personal_gender,flip_target_cell,jaccard,0.7029749281579359,0.6592373819677867,0.043737546190149246
each_other,epicene_personal_gender,flip_target_cell,dice,0.5471604653417214,0.4961783551370949,0.05098211020462645
each_other,epicene_personal_gender,flip_target_cell,hamming,0.1929046563192905,0.1590909090909091,0.0338137472283814
each_other,epicene_personal_gender,flip_target_cell,idf_jaccard,0.9001088651099963,0.8635806139449285,0.03652825116506786
each_other,masculine_gender,delete_feature,jaccard,0.7080280468063679,0.6690820933080995,0.03894595349826835
each_other,masculine_gender,delete_feature,dice,0.5533685088549145,0.5060659866465846,0.04730252220832987
each_other,masculine_gender,delete_feature,hamming,0.19273075083692015,0.16013071895424835,0.0326000318826718
each_other,masculine_gender,delete_feature,idf_jaccard,0.9059679291626742,0.8715479229425895,0.034420006220084676
each_other,masculine_gender,reverse_polarity,jaccard,0.6936333197047223,0.6512547842159477,0.04237853548877457
each_other,masculine_gender,reverse_polarity,dice,0.5359924396064947,0.4858925522768215,0.05009988732967319
each_other,masculine_gender,reverse_polarity,hamming,0.192112765283497,0.1590909090909091,0.033021856192587906
each_other,masculine_gender,reverse_polarity,idf_jaccard,0.904628421806914,0.870157669665002,0.03447075214191209
each_other,masculine_gender,flip_target_cell,jaccard,0.7126431551532403,0.6778924551507237,0.034750700002516566
each_other,masculine_gender,flip_target_cell,dice,0.5588620597141146,0.5159672984922148,0.042894761221899835
each_other,masculine_gender,flip_target_cell,hamming,0.1973392461197339,0.16558441558441558,0.03175483053531833
each_other,masculine_gender,flip_target_cell,idf_jaccard,0.9050192096163804,0.8786529868074118,0.02636622280896861
each_other,feminine_gender,delete_feature,jaccard,0.707969556436401,0.6690820933080995,0.03888746312830149
each_other,feminine_gender,delete_feature,dice,0.5532685946725497,0.5060659866465846,0.0472026080259651
each_other,feminine_gender,delete_feature,hamming,0.19257133747808067,0.16013071895424835,0.032440618523832315
each_other,feminine_gender,delete_feature,idf_jaccard,0.9059498711562011,0.8715479229425895,0.03440194821361153
each_other,feminine_gender,reverse_polarity,jaccard,0.6940043278209214,0.6512547842159477,0.04274954360497363
each_other,feminine_gender,reverse_polarity,dice,0.5365405321054352,0.4858925522768215,0.05064797982861369
each_other,feminine_gender,reverse_polarity,hamming,0.192112765283497,0.1590909090909091,0.033021856192587906
each_other,feminine_gender,reverse_polarity,idf_jaccard,0.9043026294469962,0.8697944398637514,0.034508189583244864
each_other,feminine_gender,flip_target_cell,jaccard,0.7121503830266436,0.6778924551507237,0.03425792787591986
each_other,feminine_gender,flip_target_cell,dice,0.558110759849511,0.5159672984922148,0.042143461357296186
each_other,feminine_gender,flip_target_cell,hamming,0.19702248970541655,0.16558441558441558,0.03143807412100097
each_other,feminine_gender,flip_target_cell,idf_jaccard,0.9039882259274112,0.8780866852790237,0.025901540648387567
each_other,definite,delete_feature,jaccard,0.7258076390905808,0.659775003031582,0.06603263605899878
each_other,definite,delete_feature,dice,0.5751869167917467,0.495749133834998,0.07943778295674869
each_other,definite,delete_feature,hamming,0.19320899091343854,0.15359477124183007,0.03961421967160847
each_other,definite,delete_feature,idf_jaccard,0.913815046630399,0.8705372083658056,0.043277838264593416
each_other,definite,reverse_polarity,jaccard,0.7260479370600629,0.6690820933080995,0.05696584375196334
each_other,definite,reverse_polarity,dice,0.5754798926944787,0.5060659866465846,0.0694139060478941
each_other,definite,reverse_polarity,hamming,0.192112765283497,0.1590909090909091,0.033021856192587906
each_other,definite,reverse_polarity,idf_jaccard,0.9138708079793244,0.8739256725469805,0.0399451354323439
each_other,definite,flip_target_cell,jaccard,0.7324843303625075,0.659775003031582,0.0727093273309255
each_other,definite,flip_target_cell,dice,0.5832134951590372,0.495749133834998,0.08746436132403917
each_other,definite,flip_target_cell,hamming,0.19828951536268608,0.1525974025974026,0.04569211276528348
each_other,definite,flip_target_cell,idf_jaccard,0.9145165241205684,0.8705372083658057,0.04397931575476266
each_other,indefinite,delete_feature,jaccard,0.7088579692854635,0.659775003031582,0.04908296625388153
each_other,indefinite,delete_feature,dice,0.5543180561680126,0.495749133834998,0.05856892233301453
each_other,indefinite,delete_feature,hamming,0.19336840427227803,0.15359477124183007,0.03977363303044795
each_other,indefinite,delete_feature,idf_jaccard,0.9065881850760772,0.8678467741479996,0.03874141092807759
each_other,indefinite,reverse_polarity,jaccard,0.6919084565639839,0.6690820933080995,0.022826363255884385
each_other,indefinite,reverse_polarity,dice,0.5340022317732216,0.5060659866465846,0.02793624512663695
each_other,indefinite,reverse_polarity,hamming,0.192112765283497,0.1590909090909091,0.033021856192587906
each_other,indefinite,reverse_polarity,idf_jaccard,0.8997467684302978,0.8688270186004516,0.030919749829846133
each_other,indefinite,flip_target_cell,jaccard,0.7160086863016198,0.6417136770706817,0.07429500923093812
each_other,indefinite,flip_target_cell,dice,0.5627158052034411,0.47557882363591686,0.08713698156752425
each_other,indefinite,flip_target_cell,hamming,0.19860627177700346,0.1525974025974026,0.04600886917960087
each_other,indefinite,flip_target_cell,idf_jaccard,0.9092980912987437,0.8436364010260975,0.06566169027264623
each_other,existential,delete_feature,jaccard,0.7266787192299535,0.687915495666318,0.038763223563635485
each_other,existential,delete_feature,dice,0.5762709276318552,0.527997545426866,0.04827338220498911
each_other,existential,delete_feature,hamming,0.19336840427227803,0.16013071895424835,0.033237685318029675
each_other,existential,delete_feature,idf_jaccard,0.9065881850760772,0.8715479229425895,0.035040262133487654
each_other,existential,reverse_polarity,jaccard,0.7266787192299535,0.687915495666318,0.038763223563635485
each_other,existential,reverse_polarity,dice,0.5762709276318552,0.527997545426866,0.04827338220498911
each_other,existential,reverse_polarity,hamming,0.192112765283497,0.1590909090909091,0.033021856192587906
each_other,existential,reverse_polarity,idf_jaccard,0.9065881850760772,0.8715479229425895,0.035040262133487654
each_other,existential,flip_target_cell,jaccard,0.7335656712251772,0.6964505095455173,0.03711516167965989
each_other,existential,flip_target_cell,dice,0.5845685087091728,0.5378465826753992,0.046721926033773564
each_other,existential,flip_target_cell,hamming,0.19860627177700346,0.16558441558441558,0.03302185619258788
each_other,existential,flip_target_cell,idf_jaccard,0.9065881850760772,0.8715479229425895,0.035040262133487654
each_other,universal,delete_feature,jaccard,0.7088579692854635,0.6664816310036898,0.04237633828177367
each_other,universal,delete_feature,dice,0.5543180561680126,0.5033701437917946,0.050947912376217985
each_other,universal,delete_feature,hamming,0.19336840427227803,0.15849673202614378,0.034871672246134244
each_other,universal,delete_feature,idf_jaccard,0.9065881850760772,0.8690157323597537,0.03757245271632348
each_other,universal,reverse_polarity,jaccard,0.6919084565639839,0.6552839905477856,0.03662446601619829
each_other,universal,reverse_polarity,dice,0.5340022317732216,0.49011978926938865,0.04388244250383294
each_other,universal,reverse_polarity,hamming,0.192112765283497,0.1590909090909091,0.033021856192587906
each_other,universal,reverse_polarity,idf_jaccard,0.9050682271748739,0.8680304849043864,0.037037742270487506
each_other,universal,flip_target_cell,jaccard,0.7160086863016198,0.6687592075306339,0.04724947877098595
each_other,universal,flip_target_cell,dice,0.5627158052034411,0.506471833639607,0.056243971563834094
each_other,universal,flip_target_cell,hamming,0.19860627177700346,0.16233766233766234,0.036268609439341126
each_other,universal,flip_target_cell,idf_jaccard,0.9120789087889074,0.8618915250767181,0.05018738371218934
each_other,free_choice,delete_feature,jaccard,0.7088579692854635,0.6670998225758288,0.041758146709634736
each_other,free_choice,delete_feature,dice,0.5543180561680126,0.503719815077724,0.05059824109028854
each_other,free_choice,delete_feature,hamming,0.19336840427227803,0.15849673202614378,0.034871672246134244
each_other,free_choice,delete_feature,idf_jaccard,0.9065881850760772,0.8698511312774475,0.03673705379862968
each_other,free_choice,reverse_polarity,jaccard,0.6919084565639839,0.6558335928063095,0.036074863757674436
each_other,free_choice,reverse_polarity,dice,0.5340022317732216,0.49135393941396405,0.042648292359257545
each_other,free_choice,reverse_polarity,hamming,0.192112765283497,0.1590909090909091,0.033021856192587906
each_other,free_choice,reverse_polarity,idf_jaccard,0.9050682271748739,0.8688566502363233,0.036211576938550594
each_other,free_choice,flip_target_cell,jaccard,0.7160086863016198,0.6693825954032997,0.04662609089832015
each_other,free_choice,flip_target_cell,dice,0.5627158052034411,0.5058914166218291,0.056824388581611984
each_other,free_choice,flip_target_cell,hamming,0.19860627177700346,0.16233766233766234,0.036268609439341126
each_other,free_choice,flip_target_cell,idf_jaccard,0.9120789087889074,0.8628672687861514,0.04921164000275602
each_other,negative,delete_feature,jaccard,0.7088579692854635,0.6669243687819539,0.04193360050350958
each_other,negative,delete_feature,dice,0.5543180561680126,0.5035950434595846,0.05072301270842794
each_other,negative,delete_feature,hamming,0.19336840427227803,0.15849673202614378,0.034871672246134244
each_other,negative,delete_feature,idf_jaccard,0.9065881850760772,0.8698553231841368,0.03673286189194036
each_other,negative,reverse_polarity,jaccard,0.6919084565639839,0.6557963893332107,0.036112067230773204
each_other,negative,reverse_polarity,dice,0.5340022317732216,0.49117472027920717,0.042827511494014425
each_other,negative,reverse_polarity,hamming,0.192112765283497,0.1590909090909091,0.033021856192587906
each_other,negative,reverse_polarity,idf_jaccard,0.9050682271748739,0.8688554746251236,0.036212752549750316
each_other,negative,flip_target_cell,jaccard,0.7160086863016198,0.6690844695335275,0.04692421676809233
each_other,negative,flip_target_cell,dice,0.5627158052034411,0.505834694168434,0.05688111103500715
each_other,negative,flip_target_cell,hamming,0.19860627177700346,0.16233766233766234,0.036268609439341126
each_other,negative,flip_target_cell,idf_jaccard,0.9120789087889074,0.8630612571987026,0.04901765159020477
each_other,interrogative,delete_feature,jaccard,0.7088579692854635,0.6690820933080995,0.039775875977363984
each_other,interrogative,delete_feature,dice,0.5543180561680126,0.5060659866465846,0.04825206952142791
each_other,interrogative,delete_feature,hamming,0.19336840427227803,0.16013071895424835,0.033237685318029675
each_other,interrogative,delete_feature,idf_jaccard,0.9065881850760772,0.8715479229425895,0.035040262133487654
each_other,interrogative,reverse_polarity,jaccard,0.6919084565639839,0.6512547842159477,0.040653672348036185
each_other,interrogative,reverse_polarity,dice,0.5340022317732216,0.4858925522768215,0.048109679496400104
each_other,interrogative,reverse_polarity,hamming,0.192112765283497,0.1590909090909091,0.033021856192587906
each_other,interrogative,reverse_polarity,idf_jaccard,0.9065881850760772,0.8715479229425895,0.035040262133487654
each_other,interrogative,flip_target_cell,jaccard,0.7160086863016198,0.6778924551507237,0.03811623115089613
each_other,interrogative,flip_target_cell,dice,0.5627158052034411,0.5159672984922148,0.04674850671122632
each_other,interrogative,flip_target_cell,hamming,0.19860627177700346,0.16558441558441558,0.03302185619258788
each_other,interrogative,flip_target_cell,idf_jaccard,0.91469222970836,0.8820563184518071,0.03263591125655285
each_other,non_affirmative,delete_feature,jaccard,0.7088579692854635,0.6670998225758288,0.041758146709634736
each_other,non_affirmative,delete_feature,dice,0.5543180561680126,0.503719815077724,0.05059824109028854
each_other,non_affirmative,delete_feature,hamming,0.19336840427227803,0.15849673202614378,0.034871672246134244
each_other,non_affirmative,delete_feature,idf_jaccard,0.9065881850760772,0.8698511312774475,0.03673705379862968
each_other,non_affirmative,reverse_polarity,jaccard,0.6919084565639839,0.6558335928063095,0.036074863757674436
each_other,non_affirmative,reverse_polarity,dice,0.5340022317732216,0.49135393941396405,0.042648292359257545
each_other,non_affirmative,reverse_polarity,hamming,0.192112765283497,0.1590909090909091,0.033021856192587906
each_other,non_affirmative,reverse_polarity,idf_jaccard,0.9050682271748739,0.8688566502363233,0.036211576938550594
each_other,non_affirmative,flip_target_cell,jaccard,0.7160086863016198,0.6693825954032997,0.04662609089832015
each_other,non_affirmative,flip_target_cell,dice,0.5627158052034411,0.5058914166218291,0.056824388581611984
each_other,non_affirmative,flip_target_cell,hamming,0.19860627177700346,0.16233766233766234,0.036268609439341126
each_other,non_affirmative,flip_target_cell,idf_jaccard,0.9120789087889074,0.8628672687861514,0.04921164000275602
each_other,reflexive,delete_feature,jaccard,0.7064971066059419,0.6690820933080995,0.03741501329784236
each_other,reflexive,delete_feature,dice,0.5518928222918165,0.5060659866465846,0.04582683564523182
each_other,reflexive,delete_feature,hamming,0.1919336840427228,0.16013071895424835,0.03180296508847444
each_other,reflexive,delete_feature,idf_jaccard,0.9049652273480612,0.8715479229425895,0.03341730440547164
each_other,reflexive,reverse_polarity,jaccard,0.6954223214706601,0.6512547842159477,0.04416753725471234
each_other,reflexive,reverse_polarity,dice,0.5376121722964192,0.4858925522768215,0.051719620019597734
each_other,reflexive,reverse_polarity,hamming,0.192112765283497,0.1590909090909091,0.033021856192587906
each_other,reflexive,reverse_polarity,idf_jaccard,0.9023259799710095,0.8682714256324152,0.03405455433859428
each_other,reflexive,flip_target_cell,jaccard,0.7078662013940514,0.6778924551507237,0.029973746243327715
each_other,reflexive,flip_target_cell,dice,0.5543713049472438,0.5159672984922148,0.03840400645502906
each_other,reflexive,flip_target_cell,hamming,0.19575546404814698,0.16558441558441558,0.030171048463731392
each_other,reflexive,flip_target_cell,idf_jaccard,0.8989791665990852,0.8765692948432887,0.02240987175579645
each_other,reciprocal,delete_feature,jaccard,0.7013314757659707,0.659775003031582,0.04155647273438867
each_other,reciprocal,delete_feature,dice,0.5455864970567604,0.495749133834998,0.04983736322176241
each_other,reciprocal,delete_feature,hamming,0.18683245655985972,0.15359477124183007,0.03323768531802965
each_other,reciprocal,delete_feature,idf_jaccard,0.8967522346470991,0.858976393272271,0.037775841374828034
each_other,reciprocal,reverse_polarity,jaccard,0.7088579692854635,0.6690820933080995,0.039775875977363984
each_other,reciprocal,reverse_polarity,dice,0.5543180561680126,0.5060659866465846,0.04825206952142791
each_other,reciprocal,reverse_polarity,hamming,0.192112765283497,0.1590909090909091,0.033021856192587906
each_other,reciprocal,reverse_polarity,idf_jaccard,0.8967522346470991,0.858976393272271,0.037775841374828034
each_other,reciprocal,flip_target_cell,jaccard,0.7013314757659707,0.659775003031582,0.04155647273438867
each_other,reciprocal,flip_target_cell,dice,0.5455864970567604,0.495749133834998,0.04983736322176241
each_other,reciprocal,flip_target_cell,hamming,0.18561925878999053,0.1525974025974026,0.033021856192587934
each_other,reciprocal,flip_target_cell,idf_jaccard,0.8967522346470991,0.858976393272271,0.037775841374828034
each_other,dual,delete_feature,jaccard,0.7088579692854635,0.6690820933080995,0.039775875977363984
each_other,dual,delete_feature,dice,0.5543180561680126,0.5060659866465846,0.04825206952142791
each_other,dual,delete_feature,hamming,0.19336840427227803,0.16013071895424835,0.033237685318029675
each_other,dual,delete_feature,idf_jaccard,0.9065881850760772,0.8715479229425895,0.035040262133487654
each_other,dual,reverse_polarity,jaccard,0.6919084565639839,0.6512547842159477,0.040653672348036185
each_other,dual,reverse_polarity,dice,0.5340022317732216,0.4858925522768215,0.048109679496400104
each_other,dual,reverse_polarity,hamming,0.192112765283497,0.1590909090909091,0.033021856192587906
each_other,dual,reverse_polarity,idf_jaccard,0.9065881850760772,0.8715479229425895,0.035040262133487654
each_other,dual,flip_target_cell,jaccard,0.7160086863016198,0.6778924551507237,0.03811623115089613
each_other,dual,flip_target_cell,dice,0.5627158052034411,0.5159672984922148,0.04674850671122632
each_other,dual,flip_target_cell,hamming,0.19860627177700346,0.16558441558441558,0.03302185619258788
each_other,dual,flip_target_cell,idf_jaccard,0.91469222970836,0.8820563184518071,0.03263591125655285
each_other,paucal,delete_feature,jaccard,0.7088579692854635,0.6690820933080995,0.039775875977363984
each_other,paucal,delete_feature,dice,0.5543180561680126,0.5060659866465846,0.04825206952142791
each_other,paucal,delete_feature,hamming,0.19336840427227803,0.16013071895424835,0.033237685318029675
each_other,paucal,delete_feature,idf_jaccard,0.9065881850760772,0.8715479229425895,0.035040262133487654
each_other,paucal,reverse_polarity,jaccard,0.6919084565639839,0.6512547842159477,0.040653672348036185
each_other,paucal,reverse_polarity,dice,0.5340022317732216,0.4858925522768215,0.048109679496400104
each_other,paucal,reverse_polarity,hamming,0.192112765283497,0.1590909090909091,0.033021856192587906
each_other,paucal,reverse_polarity,idf_jaccard,0.9065881850760772,0.8715479229425895,0.035040262133487654
each_other,paucal,flip_target_cell,jaccard,0.7160086863016198,0.6778924551507237,0.03811623115089613
each_other,paucal,flip_target_cell,dice,0.5627158052034411,0.5159672984922148,0.04674850671122632
each_other,paucal,flip_target_cell,hamming,0.19860627177700346,0.16558441558441558,0.03302185619258788
each_other,paucal,flip_target_cell,idf_jaccard,0.91469222970836,0.8820563184518071,0.03263591125655285
each_other,multal,delete_feature,jaccard,0.7088579692854635,0.6690820933080995,0.039775875977363984
each_other,multal,delete_feature,dice,0.5543180561680126,0.5060659866465846,0.04825206952142791
each_other,multal,delete_feature,hamming,0.19336840427227803,0.16013071895424835,0.033237685318029675
each_other,multal,delete_feature,idf_jaccard,0.9065881850760772,0.8715479229425895,0.035040262133487654
each_other,multal,reverse_polarity,jaccard,0.6919084565639839,0.6512547842159477,0.040653672348036185
each_other,multal,reverse_polarity,dice,0.5340022317732216,0.4858925522768215,0.048109679496400104
each_other,multal,reverse_polarity,hamming,0.192112765283497,0.1590909090909091,0.033021856192587906
each_other,multal,reverse_polarity,idf_jaccard,0.9065881850760772,0.8715479229425895,0.035040262133487654
each_other,multal,flip_target_cell,jaccard,0.7160086863016198,0.6778924551507237,0.03811623115089613
each_other,multal,flip_target_cell,dice,0.5627158052034411,0.5159672984922148,0.04674850671122632
each_other,multal,flip_target_cell,hamming,0.19860627177700346,0.16558441558441558,0.03302185619258788
each_other,multal,flip_target_cell,idf_jaccard,0.91469222970836,0.8820563184518071,0.03263591125655285
each_other,proportional,delete_feature,jaccard,0.7088579692854635,0.6665154605944079,0.0423425086910556
each_other,proportional,delete_feature,dice,0.5543180561680126,0.5032620914456487,0.051055964722363845
each_other,proportional,delete_feature,hamming,0.19336840427227803,0.15849673202614378,0.034871672246134244
each_other,proportional,delete_feature,idf_jaccard,0.9065881850760772,0.8694776701656757,0.037110514910401515
each_other,proportional,reverse_polarity,jaccard,0.6919084565639839,0.6559324732686367,0.035975983295347236
each_other,proportional,reverse_polarity,dice,0.5340022317732216,0.4910951945144892,0.042907037258732406
each_other,proportional,reverse_polarity,hamming,0.192112765283497,0.1590909090909091,0.033021856192587906
each_other,proportional,reverse_polarity,idf_jaccard,0.9050682271748739,0.8685186224906729,0.03654960468420099
each_other,proportional,flip_target_cell,jaccard,0.7160086863016198,0.6681647700553915,0.0478439162462283
each_other,proportional,flip_target_cell,dice,0.5627158052034411,0.5052827746826909,0.05743303052075022
each_other,proportional,flip_target_cell,hamming,0.19860627177700346,0.16233766233766234,0.036268609439341126
each_other,proportional,flip_target_cell,idf_jaccard,0.9120789087889074,0.8613190127357406,0.050759896053166775
each_other,semantically_countable,delete_feature,jaccard,0.722437467736259,0.6807044341583814,0.04173303357787761
each_other,semantically_countable,delete_feature,dice,0.5701503508638684,0.5185511206191802,0.051599230244688266
each_other,semantically_countable,delete_feature,hamming,0.19209309740156227,0.15849673202614378,0.03359636537541849
each_other,semantically_countable,delete_feature,idf_jaccard,0.9107123007400895,0.8747968292114612,0.035915471528628284
each_other,semantically_countable,reverse_polarity,jaccard,0.7232297095216444,0.6824662609202083,0.0407634486014361
each_other,semantically_countable,reverse_polarity,dice,0.5712548065616894,0.5208039542636101,0.05045085229807922
each_other,semantically_countable,reverse_polarity,hamming,0.192112765283497,0.1590909090909091,0.033021856192587906
each_other,semantically_countable,reverse_polarity,idf_jaccard,0.9109901713029883,0.8755297997618131,0.035460371541175206
each_other,semantically_countable,flip_target_cell,jaccard,0.7286275207186804,0.6876802539002616,0.04094726681841887
each_other,semantically_countable,flip_target_cell,dice,0.5774369301915988,0.526314122372219,0.051122807819379834
each_other,semantically_countable,flip_target_cell,hamming,0.19607222046246436,0.16233766233766234,0.03373455812480203
each_other,semantically_countable,flip_target_cell,idf_jaccard,0.9111645685651537,0.8753347669171653,0.035829801647988435
each_other,semantically_uncountable,delete_feature,jaccard,0.7071585682301164,0.6649378324204175,0.04222073580969887
each_other,semantically_uncountable,delete_feature,dice,0.5524029628718926,0.5012427160828297,0.051160246789062946
each_other,semantically_uncountable,delete_feature,hamming,0.1919336840427228,0.1568627450980392,0.03507093894468358
each_other,semantically_uncountable,delete_feature,idf_jaccard,0.9059057973078647,0.8700739719168008,0.03583182539106389
each_other,semantically_uncountable,reverse_polarity,jaccard,0.6952548506052517,0.6605675870478502,0.03468726355740148
each_other,semantically_uncountable,reverse_polarity,dice,0.5377768926584675,0.49700848890400545,0.04076840375446206
each_other,semantically_uncountable,reverse_polarity,hamming,0.192112765283497,0.1590909090909091,0.033021856192587906
each_other,semantically_uncountable,reverse_polarity,idf_jaccard,0.9002842850607555,0.8671148826336169,0.03316940242713862
each_other,semantically_uncountable,flip_target_cell,jaccard,0.7093041040659688,0.6603687502536187,0.048935353812350035
each_other,semantically_uncountable,flip_target_cell,dice,0.5551790093238118,0.4953677669910367,0.05981124233277513
each_other,semantically_uncountable,flip_target_cell,hamming,0.19575546404814698,0.1590909090909091,0.03666455495723789
each_other,semantically_uncountable,flip_target_cell,idf_jaccard,0.9026128128710571,0.8605969363155002,0.04201587655555694
each_other,semantically_singular,delete_feature,jaccard,0.7172159335409273,0.6845371172879396,0.03267881625298763
each_other,semantically_singular,delete_feature,dice,0.5643528148094334,0.5245096117918736,0.039843203017559836
each_other,semantically_singular,delete_feature,hamming,0.1908177905308465,0.15931372549019607,0.031504065040650425
each_other,semantically_singular,delete_feature,idf_jaccard,0.9114380128219772,0.8778018847725413,0.03363612804943594
each_other,semantically_singular,reverse_polarity,jaccard,0.719831363765862,0.6858706877004574,0.03396067606540454
each_other,semantically_singular,reverse_polarity,dice,0.5674336507475011,0.5258702794261262,0.04156337132137489
each_other,semantically_singular,reverse_polarity,hamming,0.192112765283497,0.1590909090909091,0.033021856192587906
each_other,semantically_singular,reverse_polarity,idf_jaccard,0.9123610750103588,0.878380694945173,0.03398038006518578
each_other,semantically_singular,flip_target_cell,jaccard,0.7217193344171682,0.691827465448789,0.029891868968379143
each_other,semantically_singular,flip_target_cell,dice,0.5697388720989927,0.5330388903677069,0.03669998173128575
each_other,semantically_singular,flip_target_cell,hamming,0.19353816914792527,0.16396103896103897,0.02957713018688629
each_other,semantically_singular,flip_target_cell,idf_jaccard,0.9119170625973315,0.8786303685468972,0.03328669405043427
each_other,semantically_plural,delete_feature,jaccard,0.7115952833607031,0.6648894925210714,0.04670579083963167
each_other,semantically_plural,delete_feature,dice,0.5572614816446598,0.5009339000491759,0.0563275815954839
each_other,semantically_plural,delete_feature,hamming,0.1895424836601307,0.1548202614379085,0.03472222222222221
each_other,semantically_plural,delete_feature,idf_jaccard,0.9144481423908651,0.8729498942700963,0.041498248120768855
each_other,semantically_plural,reverse_polarity,jaccard,0.7157136751611934,0.6721122616343205,0.04360141352687297
each_other,semantically_plural,reverse_polarity,dice,0.5621923577659244,0.5091643958215755,0.05302796194434889
each_other,semantically_plural,reverse_polarity,hamming,0.192112765283497,0.1590909090909091,0.033021856192587906
each_other,semantically_plural,reverse_polarity,idf_jaccard,0.9149194595902224,0.8738827490741161,0.041036710516106245
each_other,semantically_plural,flip_target_cell,jaccard,0.7147532709177652,0.6668379870682501,0.047915283849515045
each_other,semantically_plural,flip_target_cell,dice,0.5609157364064069,0.5029606722965365,0.05795506410987039
each_other,semantically_plural,flip_target_cell,hamming,0.19100411783338608,0.15503246753246752,0.03597165030091856
each_other,semantically_plural,flip_target_cell,idf_jaccard,0.9154365455141442,0.8736528283927495,0.041783717121394726
each_other,distributive,delete_feature,jaccard,0.7143236061912764,0.6666256036321826,0.047698002559093844
each_other,distributive,delete_feature,dice,0.5615990813068573,0.5030153061546339,0.05858377515222346
each_other,distributive,delete_feature,hamming,0.19049896381316753,0.15522875816993464,0.03527020564323288
each_other,distributive,delete_feature,idf_jaccard,0.9139116658917801,0.8735448784553836,0.040366787436396434
each_other,distributive,reverse_polarity,jaccard,0.7181204613382347,0.6733322316042905,0.04478822973394425
each_other,distributive,reverse_polarity,dice,0.5659662740152059,0.5106363161114305,0.055329957903775484
each_other,distributive,reverse_polarity,hamming,0.192112765283497,0.1590909090909091,0.033021856192587906
each_other,distributive,reverse_polarity,idf_jaccard,0.9145648321153784,0.8748099927264088,0.03975483938896962
each_other,distributive,flip_target_cell,jaccard,0.7177542825299279,0.6690433173985806,0.04871096513134732
each_other,distributive,flip_target_cell,dice,0.5657542150699054,0.5056202467646216,0.060133968305283836
each_other,distributive,flip_target_cell,hamming,0.19290465631929044,0.15584415584415584,0.037060500475134595
each_other,distributive,flip_target_cell,idf_jaccard,0.9146801523865643,0.8741589913554321,0.040521161031132236
each_other,joint,delete_feature,jaccard,0.7143236061912764,0.6666256036321826,0.047698002559093844
each_other,joint,delete_feature,dice,0.5615990813068573,0.5030153061546339,0.05858377515222346
each_other,joint,delete_feature,hamming,0.19049896381316753,0.15522875816993464,0.03527020564323288
each_other,joint,delete_feature,idf_jaccard,0.9139116658917801,0.8735448784553836,0.040366787436396434
each_other,joint,reverse_polarity,jaccard,0.7181204613382347,0.6733322316042905,0.04478822973394425
each_other,joint,reverse_polarity,dice,0.5659662740152059,0.5106363161114305,0.055329957903775484
each_other,joint,reverse_polarity,hamming,0.192112765283497,0.1590909090909091,0.033021856192587906
each_other,joint,reverse_polarity,idf_jaccard,0.9145648321153784,0.8748099927264088,0.03975483938896962
each_other,joint,flip_target_cell,jaccard,0.7177542825299279,0.6690433173985806,0.04871096513134732
each_other,joint,flip_target_cell,dice,0.5657542150699054,0.5056202467646216,0.060133968305283836
each_other,joint,flip_target_cell,hamming,0.19290465631929044,0.15584415584415584,0.037060500475134595
each_other,joint,flip_target_cell,idf_jaccard,0.9146801523865643,0.8741589913554321,0.040521161031132236
each_other,cardinal,delete_feature,jaccard,0.7088579692854635,0.6690820933080995,0.039775875977363984
each_other,cardinal,delete_feature,dice,0.5543180561680126,0.5060659866465846,0.04825206952142791
each_other,cardinal,delete_feature,hamming,0.19336840427227803,0.16013071895424835,0.033237685318029675
each_other,cardinal,delete_feature,idf_jaccard,0.9065881850760772,0.8715479229425895,0.035040262133487654
each_other,cardinal,reverse_polarity,jaccard,0.6919084565639839,0.6512547842159477,0.040653672348036185
each_other,cardinal,reverse_polarity,dice,0.5340022317732216,0.4858925522768215,0.048109679496400104
each_other,cardinal,reverse_polarity,hamming,0.192112765283497,0.1590909090909091,0.033021856192587906
each_other,cardinal,reverse_polarity,idf_jaccard,0.9065881850760772,0.8715479229425895,0.035040262133487654
each_other,cardinal,flip_target_cell,jaccard,0.7160086863016198,0.6778924551507237,0.03811623115089613
each_other,cardinal,flip_target_cell,dice,0.5627158052034411,0.5159672984922148,0.04674850671122632
each_other,cardinal,flip_target_cell,hamming,0.19860627177700346,0.16558441558441558,0.03302185619258788
each_other,cardinal,flip_target_cell,idf_jaccard,0.91469222970836,0.8820563184518071,0.03263591125655285
each_other,disjunctive,delete_feature,jaccard,0.7088579692854635,0.6690820933080995,0.039775875977363984
each_other,disjunctive,delete_feature,dice,0.5543180561680126,0.5060659866465846,0.04825206952142791
each_other,disjunctive,delete_feature,hamming,0.19336840427227803,0.16013071895424835,0.033237685318029675
each_other,disjunctive,delete_feature,idf_jaccard,0.9065881850760772,0.8715479229425895,0.035040262133487654
each_other,disjunctive,reverse_polarity,jaccard,0.6919084565639839,0.6512547842159477,0.040653672348036185
each_other,disjunctive,reverse_polarity,dice,0.5340022317732216,0.4858925522768215,0.048109679496400104
each_other,disjunctive,reverse_polarity,hamming,0.192112765283497,0.1590909090909091,0.033021856192587906
each_other,disjunctive,reverse_polarity,idf_jaccard,0.9065881850760772,0.8715479229425895,0.035040262133487654
each_other,disjunctive,flip_target_cell,jaccard,0.7160086863016198,0.6778924551507237,0.03811623115089613
each_other,disjunctive,flip_target_cell,dice,0.5627158052034411,0.5159672984922148,0.04674850671122632
each_other,disjunctive,flip_target_cell,hamming,0.19860627177700346,0.16558441558441558,0.03302185619258788
each_other,disjunctive,flip_target_cell,idf_jaccard,0.91469222970836,0.8820563184518071,0.03263591125655285
each_other,degree,delete_feature,jaccard,0.7088579692854635,0.6690820933080995,0.039775875977363984
each_other,degree,delete_feature,dice,0.5543180561680126,0.5060659866465846,0.04825206952142791
each_other,degree,delete_feature,hamming,0.19336840427227803,0.16013071895424835,0.033237685318029675
each_other,degree,delete_feature,idf_jaccard,0.9065881850760772,0.8715479229425895,0.035040262133487654
each_other,degree,reverse_polarity,jaccard,0.6919084565639839,0.6512547842159477,0.040653672348036185
each_other,degree,reverse_polarity,dice,0.5340022317732216,0.4858925522768215,0.048109679496400104
each_other,degree,reverse_polarity,hamming,0.192112765283497,0.1590909090909091,0.033021856192587906
each_other,degree,reverse_polarity,idf_jaccard,0.9065881850760772,0.8715479229425895,0.035040262133487654
each_other,degree,flip_target_cell,jaccard,0.7160086863016198,0.6778924551507237,0.03811623115089613
each_other,degree,flip_target_cell,dice,0.5627158052034411,0.5159672984922148,0.04674850671122632
each_other,degree,flip_target_cell,hamming,0.19860627177700346,0.16558441558441558,0.03302185619258788
each_other,degree,flip_target_cell,idf_jaccard,0.91469222970836,0.8820563184518071,0.03263591125655285
each_other,sufficiency,delete_feature,jaccard,0.7088579692854635,0.6690820933080995,0.039775875977363984
each_other,sufficiency,delete_feature,dice,0.5543180561680126,0.5060659866465846,0.04825206952142791
each_other,sufficiency,delete_feature,hamming,0.19336840427227803,0.16013071895424835,0.033237685318029675
each_other,sufficiency,delete_feature,idf_jaccard,0.9065881850760772,0.8715479229425895,0.035040262133487654
each_other,sufficiency,reverse_polarity,jaccard,0.6919084565639839,0.6512547842159477,0.040653672348036185
each_other,sufficiency,reverse_polarity,dice,0.5340022317732216,0.4858925522768215,0.048109679496400104
each_other,sufficiency,reverse_polarity,hamming,0.192112765283497,0.1590909090909091,0.033021856192587906
each_other,sufficiency,reverse_polarity,idf_jaccard,0.9065881850760772,0.8715479229425895,0.035040262133487654
each_other,sufficiency,flip_target_cell,jaccard,0.7160086863016198,0.6778924551507237,0.03811623115089613
each_other,sufficiency,flip_target_cell,dice,0.5627158052034411,0.5159672984922148,0.04674850671122632
each_other,sufficiency,flip_target_cell,hamming,0.19860627177700346,0.16558441558441558,0.03302185619258788
each_other,sufficiency,flip_target_cell,idf_jaccard,0.91469222970836,0.8820563184518071,0.03263591125655285
each_other,temporal,delete_feature,jaccard,0.7088579692854635,0.6690820933080995,0.039775875977363984
each_other,temporal,delete_feature,dice,0.5543180561680126,0.5060659866465846,0.04825206952142791
each_other,temporal,delete_feature,hamming,0.19336840427227803,0.16013071895424835,0.033237685318029675
each_other,temporal,delete_feature,idf_jaccard,0.9065881850760772,0.8715479229425895,0.035040262133487654
each_other,temporal,reverse_polarity,jaccard,0.6919084565639839,0.6512547842159477,0.040653672348036185
each_other,temporal,reverse_polarity,dice,0.5340022317732216,0.4858925522768215,0.048109679496400104
each_other,temporal,reverse_polarity,hamming,0.192112765283497,0.1590909090909091,0.033021856192587906
each_other,temporal,reverse_polarity,idf_jaccard,0.9065881850760772,0.8715479229425895,0.035040262133487654
each_other,temporal,flip_target_cell,jaccard,0.7160086863016198,0.6778924551507237,0.03811623115089613
each_other,temporal,flip_target_cell,dice,0.5627158052034411,0.5159672984922148,0.04674850671122632
each_other,temporal,flip_target_cell,hamming,0.19860627177700346,0.16558441558441558,0.03302185619258788
each_other,temporal,flip_target_cell,idf_jaccard,0.91469222970836,0.8820563184518071,0.03263591125655285
each_other,locative,delete_feature,jaccard,0.7088579692854635,0.6673202665462727,0.041537702739190774
each_other,locative,delete_feature,dice,0.5543180561680126,0.5038131530021547,0.05050490316585787
each_other,locative,delete_feature,hamming,0.19336840427227803,0.15849673202614378,0.034871672246134244
each_other,locative,delete_feature,idf_jaccard,0.9065881850760772,0.8701895766906427,0.03639860838543452
each_other,locative,reverse_polarity,jaccard,0.6919084565639839,0.6564060796149211,0.035502376949062775
each_other,locative,reverse_polarity,dice,0.5340022317732216,0.49246246274112504,0.04153976903209655
each_other,locative,reverse_polarity,hamming,0.192112765283497,0.1590909090909091,0.033021856192587906
each_other,locative,reverse_polarity,idf_jaccard,0.9050682271748739,0.8692008450102638,0.03586738216461005
each_other,locative,flip_target_cell,jaccard,0.7160086863016198,0.6692184234987508,0.04679026280286902
each_other,locative,flip_target_cell,dice,0.5627158052034411,0.5049449185257354,0.05777088667770569
each_other,locative,flip_target_cell,hamming,0.19860627177700346,0.16233766233766234,0.036268609439341126
each_other,locative,flip_target_cell,idf_jaccard,0.9120789087889074,0.862922237938518,0.04915667085038944
each_other,dummy,delete_feature,jaccard,0.7086176713159814,0.6690820933080995,0.03953557800788188
each_other,dummy,delete_feature,dice,0.5540250802652805,0.5060659866465846,0.04795909361869588
each_other,dummy,delete_feature,hamming,0.19320899091343854,0.16013071895424835,0.03307827195919019
each_other,dummy,delete_feature,idf_jaccard,0.9063747940624752,0.8715479229425895,0.034826871119885694
each_other,dummy,reverse_polarity,jaccard,0.6924971865892152,0.6512547842159477,0.041242402373267484
each_other,dummy,reverse_polarity,dice,0.5347121349221491,0.4858925522768215,0.0488195826453276
each_other,dummy,reverse_polarity,hamming,0.192112765283497,0.1590909090909091,0.033021856192587906
each_other,dummy,reverse_polarity,idf_jaccard,0.9060170178130018,0.8712093172752543,0.03480770053774751
each_other,dummy,flip_target_cell,jaccard,0.7149433653035823,0.6778924551507237,0.03705091015285855
each_other,dummy,flip_target_cell,dice,0.5614321081559444,0.5159672984922148,0.045464809663729566
each_other,dummy,flip_target_cell,hamming,0.19828951536268608,0.16558441558441558,0.03270509977827049
each_other,dummy,flip_target_cell,idf_jaccard,0.911728722821595,0.8820563184518071,0.029672404369787908
each_other,can_be_followed_by_adjective_such,delete_feature,jaccard,0.7088579692854635,0.6690820933080995,0.039775875977363984
each_other,can_be_followed_by_adjective_such,delete_feature,dice,0.5543180561680126,0.5060659866465846,0.04825206952142791
each_other,can_be_followed_by_adjective_such,delete_feature,hamming,0.19336840427227803,0.16013071895424835,0.033237685318029675
each_other,can_be_followed_by_adjective_such,delete_feature,idf_jaccard,0.9065881850760772,0.8715479229425895,0.035040262133487654
each_other,can_be_followed_by_adjective_such,reverse_polarity,jaccard,0.6919084565639839,0.6512547842159477,0.040653672348036185
each_other,can_be_followed_by_adjective_such,reverse_polarity,dice,0.5340022317732216,0.4858925522768215,0.048109679496400104
each_other,can_be_followed_by_adjective_such,reverse_polarity,hamming,0.192112765283497,0.1590909090909091,0.033021856192587906
each_other,can_be_followed_by_adjective_such,reverse_polarity,idf_jaccard,0.9065881850760772,0.8715479229425895,0.035040262133487654
each_other,can_be_followed_by_adjective_such,flip_target_cell,jaccard,0.7160086863016198,0.6778924551507237,0.03811623115089613
each_other,can_be_followed_by_adjective_such,flip_target_cell,dice,0.5627158052034411,0.5159672984922148,0.04674850671122632
each_other,can_be_followed_by_adjective_such,flip_target_cell,hamming,0.19860627177700346,0.16558441558441558,0.03302185619258788
each_other,can_be_followed_by_adjective_such,flip_target_cell,idf_jaccard,0.91469222970836,0.8820563184518071,0.03263591125655285
each_other,can_be_modified_by_almost,delete_feature,jaccard,0.7069350616980229,0.6623416357452735,0.0445934259527494
each_other,can_be_modified_by_almost,delete_feature,dice,0.5519213936614422,0.4985530290359339,0.05336836462550831
each_other,can_be_modified_by_almost,delete_feature,hamming,0.19097720388968598,0.15522875816993464,0.03574844571975133
each_other,can_be_modified_by_almost,delete_feature,idf_jaccard,0.9061295512722598,0.869952490949961,0.03617706032229884
each_other,can_be_modified_by_almost,reverse_polarity,jaccard,0.6975182415003301,0.6644044042554105,0.033113837244919675
each_other,can_be_modified_by_almost,reverse_polarity,dice,0.5412884529174864,0.500863344408917,0.040425108508569396
each_other,can_be_modified_by_almost,reverse_polarity,hamming,0.192112765283497,0.1590909090909091,0.033021856192587906
each_other,can_be_modified_by_almost,reverse_polarity,idf_jaccard,0.897464854648447,0.8680974438153455,0.02936741083310157
each_other,can_be_modified_by_almost,flip_target_cell,jaccard,0.7065578732977327,0.6514413621660139,0.05511651113171878
each_other,can_be_modified_by_almost,flip_target_cell,dice,0.5506745741549197,0.48626334744544064,0.06441122670947907
each_other,can_be_modified_by_almost,flip_target_cell,hamming,0.19385492556224262,0.15584415584415584,0.038010769718086784
each_other,can_be_modified_by_almost,flip_target_cell,idf_jaccard,0.9023876672903808,0.8600297101344108,0.042357957155970016
each_other,can_be_modified_by_approximately,delete_feature,jaccard,0.7088579692854635,0.6669243687819539,0.04193360050350958
each_other,can_be_modified_by_approximately,delete_feature,dice,0.5543180561680126,0.5035950434595846,0.05072301270842794
each_other,can_be_modified_by_approximately,delete_feature,hamming,0.19336840427227803,0.15849673202614378,0.034871672246134244
each_other,can_be_modified_by_approximately,delete_feature,idf_jaccard,0.9065881850760772,0.8698553231841368,0.03673286189194036
each_other,can_be_modified_by_approximately,reverse_polarity,jaccard,0.6919084565639839,0.6557963893332107,0.036112067230773204
each_other,can_be_modified_by_approximately,reverse_polarity,dice,0.5340022317732216,0.49117472027920717,0.042827511494014425
each_other,can_be_modified_by_approximately,reverse_polarity,hamming,0.192112765283497,0.1590909090909091,0.033021856192587906
each_other,can_be_modified_by_approximately,reverse_polarity,idf_jaccard,0.9050682271748739,0.8688554746251236,0.036212752549750316
each_other,can_be_modified_by_approximately,flip_target_cell,jaccard,0.7160086863016198,0.6690844695335275,0.04692421676809233
each_other,can_be_modified_by_approximately,flip_target_cell,dice,0.5627158052034411,0.505834694168434,0.05688111103500715
each_other,can_be_modified_by_approximately,flip_target_cell,hamming,0.19860627177700346,0.16233766233766234,0.036268609439341126
each_other,can_be_modified_by_approximately,flip_target_cell,idf_jaccard,0.9120789087889074,0.8630612571987026,0.04901765159020477
each_other,can_be_modified_by_at_least,delete_feature,jaccard,0.7015717737354528,0.6690820933080995,0.03248968042735323
each_other,can_be_modified_by_at_least,delete_feature,dice,0.5458794729594924,0.5060659866465846,0.03981348631290771
each_other,can_be_modified_by_at_least,delete_feature,hamming,0.1869918699186992,0.16013071895424835,0.026861150964450853
each_other,can_be_modified_by_at_least,delete_feature,idf_jaccard,0.9058199128914137,0.8715479229425895,0.03427198994882419
each_other,can_be_modified_by_at_least,reverse_polarity,jaccard,0.7082692392602322,0.6512547842159477,0.057014455044284484
each_other,can_be_modified_by_at_least,reverse_polarity,dice,0.5536081530190851,0.4858925522768215,0.06771560074226357
each_other,can_be_modified_by_at_least,reverse_polarity,hamming,0.192112765283497,0.1590909090909091,0.033021856192587906
each_other,can_be_modified_by_at_least,reverse_polarity,idf_jaccard,0.9076382934161181,0.8489948596897615,0.05864343372635661
each_other,can_be_modified_by_at_least,flip_target_cell,jaccard,0.6852155883437874,0.6778924551507237,0.007323133193063658
each_other,can_be_modified_by_at_least,flip_target_cell,dice,0.5265026594590164,0.5159672984922148,0.010535360966801632
each_other,can_be_modified_by_at_least,flip_target_cell,hamming,0.18593601520430791,0.16558441558441558,0.02035159961989233
each_other,can_be_modified_by_at_least,flip_target_cell,idf_jaccard,0.8986595138090989,0.8725429321497231,0.026116581659375804
each_other,can_be_modified_by_hardly,delete_feature,jaccard,0.7069350616980229,0.6670998225758288,0.03983523912219411
each_other,can_be_modified_by_hardly,delete_feature,dice,0.5519213936614422,0.503719815077724,0.04820157858371821
each_other,can_be_modified_by_hardly,delete_feature,hamming,0.19097720388968598,0.15849673202614378,0.03248047186354219
each_other,can_be_modified_by_hardly,delete_feature,idf_jaccard,0.9059087717829869,0.8708704871110376,0.03503828467194925
each_other,can_be_modified_by_hardly,reverse_polarity,jaccard,0.6975182415003301,0.6558335928063095,0.041684648694020665
each_other,can_be_modified_by_hardly,reverse_polarity,dice,0.5412884529174864,0.49135393941396405,0.04993451350352235
each_other,can_be_modified_by_hardly,reverse_polarity,hamming,0.192112765283497,0.1590909090909091,0.033021856192587906
each_other,can_be_modified_by_hardly,reverse_polarity,idf_jaccard,0.9004062732875734,0.8653506688359891,0.03505560445158429
each_other,can_be_modified_by_hardly,flip_target_cell,jaccard,0.7065578732977327,0.6693825954032997,0.03717527789443298
each_other,can_be_modified_by_hardly,flip_target_cell,dice,0.5506745741549197,0.5058914166218291,0.04478315753309059
each_other,can_be_modified_by_hardly,flip_target_cell,hamming,0.19385492556224262,0.16233766233766234,0.03151726322458029
each_other,can_be_modified_by_hardly,flip_target_cell,idf_jaccard,0.9003975897631477,0.8680365431729062,0.032361046590241416
each_other,can_be_modified_by_not,delete_feature,jaccard,0.7069350616980229,0.6644993602714191,0.0424357014266038
each_other,can_be_modified_by_not,delete_feature,dice,0.5519213936614422,0.5010239722229339,0.050897421438508283
each_other,can_be_modified_by_not,delete_feature,hamming,0.19097720388968598,0.1568627450980392,0.03411445879164676
each_other,can_be_modified_by_not,delete_feature,idf_jaccard,0.9060292219532308,0.8701595067326979,0.03586971522053284
each_other,can_be_modified_by_not,reverse_polarity,jaccard,0.6975182415003301,0.6598627991381474,0.03765544236218277
each_other,can_be_modified_by_not,reverse_polarity,dice,0.5412884529174864,0.4955811764065312,0.045707276510955186
each_other,can_be_modified_by_not,reverse_polarity,hamming,0.192112765283497,0.1590909090909091,0.033021856192587906
each_other,can_be_modified_by_not,reverse_polarity,idf_jaccard,0.8990343322510163,0.8659487413446783,0.033085590906338
each_other,can_be_modified_by_not,flip_target_cell,jaccard,0.7065578732977327,0.6602493477832101,0.04630852551452258
each_other,can_be_modified_by_not,flip_target_cell,dice,0.5506745741549197,0.4963959517692214,0.054278622385698305
each_other,can_be_modified_by_not,flip_target_cell,hamming,0.19385492556224262,0.1590909090909091,0.034764016471333536
each_other,can_be_modified_by_not,flip_target_cell,idf_jaccard,0.9014807342528675,0.8629006968733686,0.03858003737949889
each_other,can_be_modified_by_adverb_very,delete_feature,jaccard,0.7088579692854635,0.6690820933080995,0.039775875977363984
each_other,can_be_modified_by_adverb_very,delete_feature,dice,0.5543180561680126,0.5060659866465846,0.04825206952142791
each_other,can_be_modified_by_adverb_very,delete_feature,hamming,0.19336840427227803,0.16013071895424835,0.033237685318029675
each_other,can_be_modified_by_adverb_very,delete_feature,idf_jaccard,0.9065881850760772,0.8715479229425895,0.035040262133487654
each_other,can_be_modified_by_adverb_very,reverse_polarity,jaccard,0.6919084565639839,0.6512547842159477,0.040653672348036185
each_other,can_be_modified_by_adverb_very,reverse_polarity,dice,0.5340022317732216,0.4858925522768215,0.048109679496400104
each_other,can_be_modified_by_adverb_very,reverse_polarity,hamming,0.192112765283497,0.1590909090909091,0.033021856192587906
each_other,can_be_modified_by_adverb_very,reverse_polarity,idf_jaccard,0.9065881850760772,0.8715479229425895,0.035040262133487654
each_other,can_be_modified_by_adverb_very,flip_target_cell,jaccard,0.7160086863016198,0.6778924551507237,0.03811623115089613
each_other,can_be_modified_by_adverb_very,flip_target_cell,dice,0.5627158052034411,0.5159672984922148,0.04674850671122632
each_other,can_be_modified_by_adverb_very,flip_target_cell,hamming,0.19860627177700346,0.16558441558441558,0.03302185619258788
each_other,can_be_modified_by_adverb_very,flip_target_cell,idf_jaccard,0.91469222970836,0.8820563184518071,0.03263591125655285
each_other,Coordinates_with_independent_genitives,delete_feature,jaccard,0.7018834195818741,0.6690820933080995,0.03280132627377452
each_other,Coordinates_with_independent_genitives,delete_feature,dice,0.5463979768518491,0.5060659866465846,0.040331990205264456
each_other,Coordinates_with_independent_genitives,delete_feature,hamming,0.18794835007173602,0.16013071895424835,0.027817631117487668
each_other,Coordinates_with_independent_genitives,delete_feature,idf_jaccard,0.9055090755942156,0.8715479229425895,0.033961152651626025
each_other,Coordinates_with_independent_genitives,reverse_polarity,jaccard,0.7061468347825143,0.6512547842159477,0.05489205056656654
each_other,Coordinates_with_independent_genitives,reverse_polarity,dice,0.5503650755747128,0.4858925522768215,0.06447252329789133
each_other,Coordinates_with_independent_genitives,reverse_polarity,hamming,0.192112765283497,0.1590909090909091,0.033021856192587906
each_other,Coordinates_with_independent_genitives,reverse_polarity,idf_jaccard,0.9049244091799798,0.8545193613895429,0.050405047790436974
each_other,Coordinates_with_independent_genitives,flip_target_cell,jaccard,0.6879860442459499,0.6778924551507237,0.010093589095226174
each_other,Coordinates_with_independent_genitives,flip_target_cell,dice,0.5308063857687843,0.5159672984922148,0.014839087276569463
each_other,Coordinates_with_independent_genitives,flip_target_cell,hamming,0.18783655369021224,0.16558441558441558,0.022252138105796654
each_other,Coordinates_with_independent_genitives,flip_target_cell,idf_jaccard,0.8962030147000769,0.8729943558537971,0.02320865884627976
each_other,Coordinates_with_dependent_genitives,delete_feature,jaccard,0.7083060254695601,0.6690820933080995,0.039223932161460584
each_other,Coordinates_with_dependent_genitives,delete_feature,dice,0.5535065763729238,0.5060659866465846,0.04744058972633913
each_other,Coordinates_with_dependent_genitives,delete_feature,hamming,0.19225251076040173,0.16013071895424835,0.03212179180615338
each_other,Coordinates_with_dependent_genitives,delete_feature,idf_jaccard,0.9062936947739986,0.8715479229425895,0.034745771831409034
each_other,Coordinates_with_dependent_genitives,reverse_polarity,jaccard,0.6946195910669332,0.6512547842159477,0.04336480685098543
each_other,Coordinates_with_dependent_genitives,reverse_polarity,dice,0.5379552123665212,0.4858925522768215,0.05206266008969973
each_other,Coordinates_with_dependent_genitives,reverse_polarity,hamming,0.192112765283497,0.1590909090909091,0.033021856192587906
each_other,Coordinates_with_dependent_genitives,reverse_polarity,idf_jaccard,0.9039394378105703,0.8690474977952987,0.03489194001527163
each_other,Coordinates_with_dependent_genitives,flip_target_cell,jaccard,0.7121729094014196,0.6778924551507237,0.034280454250695924
each_other,Coordinates_with_dependent_genitives,flip_target_cell,dice,0.5571283818461766,0.5159672984922148,0.04116108335396185
each_other,Coordinates_with_dependent_genitives,flip_target_cell,hamming,0.19638897687678178,0.16558441558441558,0.030804561292366195
each_other,Coordinates_with_dependent_genitives,flip_target_cell,idf_jaccard,0.9046420250735043,0.8772226818263217,0.027419343247182648
each_other,Coordinates_with_NPs,delete_feature,jaccard,0.7233085478756318,0.687915495666318,0.03539305220931377
each_other,Coordinates_with_NPs,delete_feature,dice,0.571234361703977,0.527997545426866,0.04323681627711096
each_other,Coordinates_with_NPs,delete_feature,hamming,0.19225251076040173,0.16013071895424835,0.03212179180615338
each_other,Coordinates_with_NPs,delete_feature,idf_jaccard,0.9089590900905774,0.8740628246646995,0.03489626542587787
each_other,Coordinates_with_NPs,reverse_polarity,jaccard,0.7238604916915351,0.687915495666318,0.03594499602521706
each_other,Coordinates_with_NPs,reverse_polarity,dice,0.5720458414990657,0.527997545426866,0.04404829607219962
each_other,Coordinates_with_NPs,reverse_polarity,hamming,0.192112765283497,0.1590909090909091,0.033021856192587906
each_other,Coordinates_with_NPs,reverse_polarity,idf_jaccard,0.9092345281308953,0.8740628246646995,0.0351717034661958
each_other,Coordinates_with_NPs,flip_target_cell,jaccard,0.7297088615813502,0.6964505095455173,0.03325835203583283
each_other,Coordinates_with_NPs,flip_target_cell,dice,0.5787919437417344,0.5378465826753992,0.04094536106633517
each_other,Coordinates_with_NPs,flip_target_cell,hamming,0.19638897687678178,0.16558441558441558,0.030804561292366195
each_other,Coordinates_with_NPs,flip_target_cell,idf_jaccard,0.9092215797106447,0.874426558153456,0.03479502155718861
each_other,intensifying_reduplication,delete_feature,jaccard,0.7088579692854635,0.6690820933080995,0.039775875977363984
each_other,intensifying_reduplication,delete_feature,dice,0.5543180561680126,0.5060659866465846,0.04825206952142791
each_other,intensifying_reduplication,delete_feature,hamming,0.19336840427227803,0.16013071895424835,0.033237685318029675
each_other,intensifying_reduplication,delete_feature,idf_jaccard,0.9065881850760772,0.8715479229425895,0.035040262133487654
each_other,intensifying_reduplication,reverse_polarity,jaccard,0.6919084565639839,0.6512547842159477,0.040653672348036185
each_other,intensifying_reduplication,reverse_polarity,dice,0.5340022317732216,0.4858925522768215,0.048109679496400104
each_other,intensifying_reduplication,reverse_polarity,hamming,0.192112765283497,0.1590909090909091,0.033021856192587906
each_other,intensifying_reduplication,reverse_polarity,idf_jaccard,0.9065881850760772,0.8715479229425895,0.035040262133487654
each_other,intensifying_reduplication,flip_target_cell,jaccard,0.7160086863016198,0.6778924551507237,0.03811623115089613
each_other,intensifying_reduplication,flip_target_cell,dice,0.5627158052034411,0.5159672984922148,0.04674850671122632
each_other,intensifying_reduplication,flip_target_cell,hamming,0.19860627177700346,0.16558441558441558,0.03302185619258788
each_other,intensifying_reduplication,flip_target_cell,idf_jaccard,0.91469222970836,0.8820563184518071,0.03263591125655285
each_other,selects_singular_heads,delete_feature,jaccard,0.7088579692854635,0.6690820933080995,0.039775875977363984
each_other,selects_singular_heads,delete_feature,dice,0.5543180561680126,0.5060659866465846,0.04825206952142791
each_other,selects_singular_heads,delete_feature,hamming,0.19336840427227803,0.16013071895424835,0.033237685318029675
each_other,selects_singular_heads,delete_feature,idf_jaccard,0.9065881850760772,0.8715479229425895,0.035040262133487654
each_other,selects_singular_heads,reverse_polarity,jaccard,0.6919084565639839,0.6512547842159477,0.040653672348036185
each_other,selects_singular_heads,reverse_polarity,dice,0.5340022317732216,0.4858925522768215,0.048109679496400104
each_other,selects_singular_heads,reverse_polarity,hamming,0.192112765283497,0.1590909090909091,0.033021856192587906
each_other,selects_singular_heads,reverse_polarity,idf_jaccard,0.9065881850760772,0.8715479229425895,0.035040262133487654
each_other,selects_singular_heads,flip_target_cell,jaccard,0.7160086863016198,0.6778924551507237,0.03811623115089613
each_other,selects_singular_heads,flip_target_cell,dice,0.5627158052034411,0.5159672984922148,0.04674850671122632
each_other,selects_singular_heads,flip_target_cell,hamming,0.19860627177700346,0.16558441558441558,0.03302185619258788
each_other,selects_singular_heads,flip_target_cell,idf_jaccard,0.91469222970836,0.8820563184518071,0.03263591125655285
each_other,selects_count_singular_heads,delete_feature,jaccard,0.7083060254695601,0.6690820933080995,0.039223932161460584
each_other,selects_count_singular_heads,delete_feature,dice,0.5535065763729238,0.5060659866465846,0.04744058972633913
each_other,selects_count_singular_heads,delete_feature,hamming,0.19225251076040173,0.16013071895424835,0.03212179180615338
each_other,selects_count_singular_heads,delete_feature,idf_jaccard,0.9062936947739986,0.8715479229425895,0.034745771831409034
each_other,selects_count_singular_heads,reverse_polarity,jaccard,0.6946195910669332,0.6512547842159477,0.04336480685098543
each_other,selects_count_singular_heads,reverse_polarity,dice,0.5379552123665212,0.4858925522768215,0.05206266008969973
each_other,selects_count_singular_heads,reverse_polarity,hamming,0.192112765283497,0.1590909090909091,0.033021856192587906
each_other,selects_count_singular_heads,reverse_polarity,idf_jaccard,0.9039394378105703,0.8690474977952987,0.03489194001527163
each_other,selects_count_singular_heads,flip_target_cell,jaccard,0.7121729094014196,0.6778924551507237,0.034280454250695924
each_other,selects_count_singular_heads,flip_target_cell,dice,0.5571283818461766,0.5159672984922148,0.04116108335396185
each_other,selects_count_singular_heads,flip_target_cell,hamming,0.19638897687678178,0.16558441558441558,0.030804561292366195
each_other,selects_count_singular_heads,flip_target_cell,idf_jaccard,0.9046420250735043,0.8772226818263216,0.02741934324718276
each_other,selects_non_count_heads,delete_feature,jaccard,0.7083060254695601,0.6690820933080995,0.039223932161460584
each_other,selects_non_count_heads,delete_feature,dice,0.5535065763729238,0.5060659866465846,0.04744058972633913
each_other,selects_non_count_heads,delete_feature,hamming,0.19225251076040173,0.16013071895424835,0.03212179180615338
each_other,selects_non_count_heads,delete_feature,idf_jaccard,0.9062936947739986,0.8715479229425895,0.034745771831409034
each_other,selects_non_count_heads,reverse_polarity,jaccard,0.6946195910669332,0.6512547842159477,0.04336480685098543
each_other,selects_non_count_heads,reverse_polarity,dice,0.5379552123665212,0.4858925522768215,0.05206266008969973
each_other,selects_non_count_heads,reverse_polarity,hamming,0.192112765283497,0.1590909090909091,0.033021856192587906
each_other,selects_non_count_heads,reverse_polarity,idf_jaccard,0.9039394378105702,0.8690474977952987,0.034891940015271516
each_other,selects_non_count_heads,flip_target_cell,jaccard,0.7121729094014196,0.6778924551507237,0.034280454250695924
each_other,selects_non_count_heads,flip_target_cell,dice,0.5571283818461766,0.5159672984922148,0.04116108335396185
each_other,selects_non_count_heads,flip_target_cell,hamming,0.19638897687678178,0.16558441558441558,0.030804561292366195
each_other,selects_non_count_heads,flip_target_cell,idf_jaccard,0.9046420250735043,0.8772226818263217,0.027419343247182648
each_other,selects_plural_heads,delete_feature,jaccard,0.7083060254695601,0.6690820933080995,0.039223932161460584
each_other,selects_plural_heads,delete_feature,dice,0.5535065763729238,0.5060659866465846,0.04744058972633913
each_other,selects_plural_heads,delete_feature,hamming,0.19225251076040173,0.16013071895424835,0.03212179180615338
each_other,selects_plural_heads,delete_feature,idf_jaccard,0.9062936947739986,0.8715479229425895,0.034745771831409034
each_other,selects_plural_heads,reverse_polarity,jaccard,0.6946195910669332,0.6512547842159477,0.04336480685098543
each_other,selects_plural_heads,reverse_polarity,dice,0.5379552123665212,0.4858925522768215,0.05206266008969973
each_other,selects_plural_heads,reverse_polarity,hamming,0.192112765283497,0.1590909090909091,0.033021856192587906
each_other,selects_plural_heads,reverse_polarity,idf_jaccard,0.9039394378105702,0.8690474977952987,0.034891940015271516
each_other,selects_plural_heads,flip_target_cell,jaccard,0.7121729094014196,0.6778924551507237,0.034280454250695924
each_other,selects_plural_heads,flip_target_cell,dice,0.5571283818461766,0.5159672984922148,0.04116108335396185
each_other,selects_plural_heads,flip_target_cell,hamming,0.19638897687678178,0.16558441558441558,0.030804561292366195
each_other,selects_plural_heads,flip_target_cell,idf_jaccard,0.9046420250735043,0.8772226818263216,0.02741934324718276
each_other,compatible_count_sing_NP,delete_feature,jaccard,0.7079196196916268,0.6636211509566772,0.04429846873494958
each_other,compatible_count_sing_NP,delete_feature,dice,0.5530678868345862,0.5000883245186152,0.05297956231597101
each_other,compatible_count_sing_NP,delete_feature,hamming,0.1919336840427228,0.15645424836601307,0.03547943567670972
each_other,compatible_count_sing_NP,delete_feature,idf_jaccard,0.9062923963780817,0.8696570229956551,0.03663537338242662
each_other,compatible_count_sing_NP,reverse_polarity,jaccard,0.6953913596541843,0.6610573526014702,0.034334007052714055
each_other,compatible_count_sing_NP,reverse_polarity,dice,0.5388270544645846,0.4966230058563806,0.04220404860820398
each_other,compatible_count_sing_NP,reverse_polarity,hamming,0.192112765283497,0.1590909090909091,0.033021856192587906
each_other,compatible_count_sing_NP,reverse_polarity,idf_jaccard,0.8999245967726481,0.8671395353500225,0.032785061422625605
each_other,compatible_count_sing_NP,flip_target_cell,jaccard,0.710637302908231,0.6573427913356319,0.053294511572599124
each_other,compatible_count_sing_NP,flip_target_cell,dice,0.5553949871537393,0.49354564804684065,0.061849339106898604
each_other,compatible_count_sing_NP,flip_target_cell,hamming,0.19575546404814698,0.1582792207792208,0.03747624326892618
each_other,compatible_count_sing_NP,flip_target_cell,idf_jaccard,0.9041874967563773,0.8586816646037606,0.04550583215261672
each_other,compatible_count_plur_NP,delete_feature,jaccard,0.7079196196916268,0.6690820933080995,0.03883752638352722
each_other,compatible_count_plur_NP,delete_feature,dice,0.5530678868345862,0.5060659866465846,0.047001900188001544
each_other,compatible_count_plur_NP,delete_feature,hamming,0.1919336840427228,0.16013071895424835,0.03180296508847444
each_other,compatible_count_plur_NP,delete_feature,idf_jaccard,0.906107909976319,0.8715479229425895,0.03455998703372942
each_other,compatible_count_plur_NP,reverse_polarity,jaccard,0.6953913596541843,0.6512547842159477,0.04413657543823657
each_other,compatible_count_plur_NP,reverse_polarity,dice,0.5388270544645846,0.4858925522768215,0.05293450218776308
each_other,compatible_count_plur_NP,reverse_polarity,hamming,0.192112765283497,0.1590909090909091,0.033021856192587906
each_other,compatible_count_plur_NP,reverse_polarity,idf_jaccard,0.9032107058162906,0.8682714256324151,0.03493928018387549
each_other,compatible_count_plur_NP,flip_target_cell,jaccard,0.710637302908231,0.6778924551507237,0.0327448477575073
each_other,compatible_count_plur_NP,flip_target_cell,dice,0.5553949871537393,0.5159672984922148,0.03942768866152446
each_other,compatible_count_plur_NP,flip_target_cell,hamming,0.19575546404814698,0.16558441558441558,0.030171048463731392
each_other,compatible_count_plur_NP,flip_target_cell,idf_jaccard,0.9026872407799286,0.8765692948432888,0.02611794593663974
each_other,compatible_non_count_NP,delete_feature,jaccard,0.7079196196916268,0.6690820933080995,0.03883752638352722
each_other,compatible_non_count_NP,delete_feature,dice,0.5530678868345862,0.5060659866465846,0.047001900188001544
each_other,compatible_non_count_NP,delete_feature,hamming,0.1919336840427228,0.16013071895424835,0.03180296508847444
each_other,compatible_non_count_NP,delete_feature,idf_jaccard,0.906107909976319,0.8715479229425895,0.03455998703372942
each_other,compatible_non_count_NP,reverse_polarity,jaccard,0.6953913596541843,0.6512547842159477,0.04413657543823657
each_other,compatible_non_count_NP,reverse_polarity,dice,0.5388270544645846,0.4858925522768215,0.05293450218776308
each_other,compatible_non_count_NP,reverse_polarity,hamming,0.192112765283497,0.1590909090909091,0.033021856192587906
each_other,compatible_non_count_NP,reverse_polarity,idf_jaccard,0.9032107058162906,0.8682714256324152,0.034939280183875376
each_other,compatible_non_count_NP,flip_target_cell,jaccard,0.710637302908231,0.6778924551507237,0.0327448477575073
each_other,compatible_non_count_NP,flip_target_cell,dice,0.5553949871537393,0.5159672984922148,0.03942768866152446
each_other,compatible_non_count_NP,flip_target_cell,hamming,0.19575546404814698,0.16558441558441558,0.030171048463731392
each_other,compatible_non_count_NP,flip_target_cell,idf_jaccard,0.9026872407799286,0.8765692948432887,0.026117945936639853
each_other,Forms_universal_pronouns_before_all,delete_feature,jaccard,0.7082545037299126,0.6690820933080995,0.039172410421813075
each_other,Forms_universal_pronouns_before_all,delete_feature,dice,0.5536339244221878,0.5060659866465846,0.0475679377756032
each_other,Forms_universal_pronouns_before_all,delete_feature,hamming,0.1928901641957596,0.16013071895424835,0.032759445241511254
each_other,Forms_universal_pronouns_before_all,delete_feature,idf_jaccard,0.9060445687452412,0.8715479229425895,0.03449664580265166
each_other,Forms_universal_pronouns_before_all,reverse_polarity,jaccard,0.693108202176662,0.6512547842159477,0.04185341796071429
each_other,Forms_universal_pronouns_before_all,reverse_polarity,dice,0.5353561328327575,0.4858925522768215,0.049463580555936026
each_other,Forms_universal_pronouns_before_all,reverse_polarity,hamming,0.192112765283497,0.1590909090909091,0.033021856192587906
each_other,Forms_universal_pronouns_before_all,reverse_polarity,idf_jaccard,0.9050050972977428,0.8705144057103038,0.034490691587439004
each_other,Forms_universal_pronouns_before_all,flip_target_cell,jaccard,0.7136165992810586,0.6778924551507237,0.03572414413033487
each_other,Forms_universal_pronouns_before_all,flip_target_cell,dice,0.5600192340470643,0.5159672984922148,0.04405193555484954
each_other,Forms_universal_pronouns_before_all,flip_target_cell,hamming,0.1976560025340513,0.16558441558441558,0.032071586949635716
each_other,Forms_universal_pronouns_before_all,flip_target_cell,idf_jaccard,0.9072988600832452,0.8793753386508352,0.02792352143241006
each_other,functions_as_a_predeterminer_modifier,delete_feature,jaccard,0.7088579692854635,0.6690820933080995,0.039775875977363984
each_other,functions_as_a_predeterminer_modifier,delete_feature,dice,0.5543180561680126,0.5060659866465846,0.04825206952142791
each_other,functions_as_a_predeterminer_modifier,delete_feature,hamming,0.19336840427227803,0.16013071895424835,0.033237685318029675
each_other,functions_as_a_predeterminer_modifier,delete_feature,idf_jaccard,0.9065881850760772,0.8715479229425895,0.035040262133487654
each_other,functions_as_a_predeterminer_modifier,reverse_polarity,jaccard,0.6919084565639839,0.6512547842159477,0.040653672348036185
each_other,functions_as_a_predeterminer_modifier,reverse_polarity,dice,0.5340022317732216,0.4858925522768215,0.048109679496400104
each_other,functions_as_a_predeterminer_modifier,reverse_polarity,hamming,0.192112765283497,0.1590909090909091,0.033021856192587906
each_other,functions_as_a_predeterminer_modifier,reverse_polarity,idf_jaccard,0.9065881850760772,0.8715479229425895,0.035040262133487654
each_other,functions_as_a_predeterminer_modifier,flip_target_cell,jaccard,0.7160086863016198,0.6778924551507237,0.03811623115089613
each_other,functions_as_a_predeterminer_modifier,flip_target_cell,dice,0.5627158052034411,0.5159672984922148,0.04674850671122632
each_other,functions_as_a_predeterminer_modifier,flip_target_cell,hamming,0.19860627177700346,0.16558441558441558,0.03302185619258788
each_other,functions_as_a_predeterminer_modifier,flip_target_cell,idf_jaccard,0.91469222970836,0.8820563184518071,0.03263591125655285
each_other,functions_as_prehead_modifier_in_nominal,delete_feature,jaccard,0.7086933927409126,0.6690820933080995,0.03961129943281305
each_other,functions_as_prehead_modifier_in_nominal,delete_feature,dice,0.5541106561348286,0.5060659866465846,0.04804466948824393
each_other,functions_as_prehead_modifier_in_nominal,delete_feature,hamming,0.19320899091343854,0.16013071895424835,0.03307827195919019
each_other,functions_as_prehead_modifier_in_nominal,delete_feature,idf_jaccard,0.9064672387178773,0.8715479229425895,0.03491931577528773
each_other,functions_as_prehead_modifier_in_nominal,reverse_polarity,jaccard,0.6923618649442216,0.6512547842159477,0.04110708072827385
each_other,functions_as_prehead_modifier_in_nominal,reverse_polarity,dice,0.5345683118637944,0.4858925522768215,0.0486757595869729
each_other,functions_as_prehead_modifier_in_nominal,reverse_polarity,hamming,0.192112765283497,0.1590909090909091,0.033021856192587906
each_other,functions_as_prehead_modifier_in_nominal,reverse_polarity,idf_jaccard,0.9061070846380646,0.8712093172752543,0.03489776736281025
each_other,functions_as_prehead_modifier_in_nominal,flip_target_cell,jaccard,0.7152269477150032,0.6778924551507237,0.03733449256427945
each_other,functions_as_prehead_modifier_in_nominal,flip_target_cell,dice,0.5617401954473435,0.5159672984922148,0.04577289695512876
each_other,functions_as_prehead_modifier_in_nominal,flip_target_cell,hamming,0.19828951536268608,0.16558441558441558,0.03270509977827049
each_other,functions_as_prehead_modifier_in_nominal,flip_target_cell,idf_jaccard,0.9123133362465153,0.8820563184518071,0.03025701779470824
each_other,functions_as_degree_modifier_in_AdjP,delete_feature,jaccard,0.7088579692854635,0.6690820933080995,0.039775875977363984
each_other,functions_as_degree_modifier_in_AdjP,delete_feature,dice,0.5543180561680126,0.5060659866465846,0.04825206952142791
each_other,functions_as_degree_modifier_in_AdjP,delete_feature,hamming,0.19336840427227803,0.16013071895424835,0.033237685318029675
each_other,functions_as_degree_modifier_in_AdjP,delete_feature,idf_jaccard,0.9065881850760772,0.8715479229425895,0.035040262133487654
each_other,functions_as_degree_modifier_in_AdjP,reverse_polarity,jaccard,0.6919084565639839,0.6512547842159477,0.040653672348036185
each_other,functions_as_degree_modifier_in_AdjP,reverse_polarity,dice,0.5340022317732216,0.4858925522768215,0.048109679496400104
each_other,functions_as_degree_modifier_in_AdjP,reverse_polarity,hamming,0.192112765283497,0.1590909090909091,0.033021856192587906
each_other,functions_as_degree_modifier_in_AdjP,reverse_polarity,idf_jaccard,0.9065881850760772,0.8715479229425895,0.035040262133487654
each_other,functions_as_degree_modifier_in_AdjP,flip_target_cell,jaccard,0.7160086863016198,0.6778924551507237,0.03811623115089613
each_other,functions_as_degree_modifier_in_AdjP,flip_target_cell,dice,0.5627158052034411,0.5159672984922148,0.04674850671122632
each_other,functions_as_degree_modifier_in_AdjP,flip_target_cell,hamming,0.19860627177700346,0.16558441558441558,0.03302185619258788
each_other,functions_as_degree_modifier_in_AdjP,flip_target_cell,idf_jaccard,0.91469222970836,0.8820563184518071,0.03263591125655285
each_other,functions_as_predicative_complement,delete_feature,jaccard,0.7217956192125106,0.687915495666318,0.03388012354619252
each_other,functions_as_predicative_complement,delete_feature,dice,0.5694234259475606,0.527997545426866,0.041425880520694514
each_other,functions_as_predicative_complement,delete_feature,hamming,0.1919336840427228,0.16013071895424835,0.03180296508847444
each_other,functions_as_predicative_complement,delete_feature,idf_jaccard,0.9094880730989027,0.874849322518213,0.03463875058068966
each_other,functions_as_predicative_complement,reverse_polarity,jaccard,0.7228018105058123,0.687915495666318,0.034886314839494226
each_other,functions_as_predicative_complement,reverse_polarity,dice,0.5707670016836405,0.527997545426866,0.04276945625677442
each_other,functions_as_predicative_complement,reverse_polarity,hamming,0.192112765283497,0.1590909090909091,0.033021856192587906
each_other,functions_as_predicative_complement,reverse_polarity,idf_jaccard,0.9099154640813781,0.874849322518213,0.03506614156316512
each_other,functions_as_predicative_complement,flip_target_cell,jaccard,0.7277881803414709,0.6964505095455173,0.03133767079595351
each_other,functions_as_predicative_complement,flip_target_cell,dice,0.576480450038562,0.5378465826753992,0.038633867363162766
each_other,functions_as_predicative_complement,flip_target_cell,hamming,0.19575546404814698,0.16558441558441558,0.030171048463731392
each_other,functions_as_predicative_complement,flip_target_cell,idf_jaccard,0.909812299908269,0.8753234000152471,0.03448889989302184
each_other,functions_as_predicative_complement_to_seem,delete_feature,jaccard,0.7064971066059419,0.6679311791637643,0.03856592744217757
each_other,functions_as_predicative_complement_to_seem,delete_feature,dice,0.5518928222918165,0.5047868499919228,0.04710597229989366
each_other,functions_as_predicative_complement_to_seem,delete_feature,hamming,0.1919336840427228,0.15931372549019607,0.03261995855252672
each_other,functions_as_predicative_complement_to_seem,delete_feature,idf_jaccard,0.905149159007559,0.8710114838118845,0.034137675195674455
each_other,functions_as_predicative_complement_to_seem,reverse_polarity,jaccard,0.6954223214706601,0.6534157191893826,0.042006602281277505
each_other,functions_as_predicative_complement_to_seem,reverse_polarity,dice,0.5376121722964192,0.4882916251135033,0.0493205471829159
each_other,functions_as_predicative_complement_to_seem,reverse_polarity,hamming,0.192112765283497,0.1590909090909091,0.033021856192587906
each_other,functions_as_predicative_complement_to_seem,reverse_polarity,idf_jaccard,0.9018574993111452,0.8674828357652082,0.03437466354593699
each_other,functions_as_predicative_complement_to_seem,flip_target_cell,jaccard,0.7078662013940514,0.6734630257212942,0.03440317567275719
each_other,functions_as_predicative_complement_to_seem,flip_target_cell,dice,0.5543713049472438,0.5110634523383686,0.043307852608875264
each_other,functions_as_predicative_complement_to_seem,flip_target_cell,hamming,0.19575546404814698,0.16396103896103897,0.031794425087108
each_other,functions_as_predicative_complement_to_seem,flip_target_cell,idf_jaccard,0.8998160340097616,0.8712975732416735,0.028518460768088172
each_other,functions_as_marker_of_coordination,delete_feature,jaccard,0.7088579692854635,0.6690820933080995,0.039775875977363984
each_other,functions_as_marker_of_coordination,delete_feature,dice,0.5543180561680126,0.5060659866465846,0.04825206952142791
each_other,functions_as_marker_of_coordination,delete_feature,hamming,0.19336840427227803,0.16013071895424835,0.033237685318029675
each_other,functions_as_marker_of_coordination,delete_feature,idf_jaccard,0.9065881850760772,0.8715479229425895,0.035040262133487654
each_other,functions_as_marker_of_coordination,reverse_polarity,jaccard,0.6919084565639839,0.6512547842159477,0.040653672348036185
each_other,functions_as_marker_of_coordination,reverse_polarity,dice,0.5340022317732216,0.4858925522768215,0.048109679496400104
each_other,functions_as_marker_of_coordination,reverse_polarity,hamming,0.192112765283497,0.1590909090909091,0.033021856192587906
each_other,functions_as_marker_of_coordination,reverse_polarity,idf_jaccard,0.9065881850760772,0.8715479229425895,0.035040262133487654
each_other,functions_as_marker_of_coordination,flip_target_cell,jaccard,0.7160086863016198,0.6778924551507237,0.03811623115089613
each_other,functions_as_marker_of_coordination,flip_target_cell,dice,0.5627158052034411,0.5159672984922148,0.04674850671122632
each_other,functions_as_marker_of_coordination,flip_target_cell,hamming,0.19860627177700346,0.16558441558441558,0.03302185619258788
each_other,functions_as_marker_of_coordination,flip_target_cell,idf_jaccard,0.91469222970836,0.8820563184518071,0.03263591125655285
each_other,functions_as_fused_determiner_head,delete_feature,jaccard,0.7088579692854635,0.659775003031582,0.04908296625388153
each_other,functions_as_fused_determiner_head,delete_feature,dice,0.5543180561680126,0.495749133834998,0.05856892233301453
each_other,functions_as_fused_determiner_head,delete_feature,hamming,0.19336840427227803,0.15359477124183007,0.03977363303044795
each_other,functions_as_fused_determiner_head,delete_feature,idf_jaccard,0.9065881850760772,0.8678467741479996,0.03874141092807759
each_other,functions_as_fused_determiner_head,reverse_polarity,jaccard,0.6919084565639839,0.6690820933080995,0.022826363255884385
each_other,functions_as_fused_determiner_head,reverse_polarity,dice,0.5340022317732216,0.5060659866465846,0.02793624512663695
each_other,functions_as_fused_determiner_head,reverse_polarity,hamming,0.192112765283497,0.1590909090909091,0.033021856192587906
each_other,functions_as_fused_determiner_head,reverse_polarity,idf_jaccard,0.8997467684302978,0.8688270186004516,0.030919749829846133
each_other,functions_as_fused_determiner_head,flip_target_cell,jaccard,0.7160086863016198,0.6417136770706817,0.07429500923093812
each_other,functions_as_fused_determiner_head,flip_target_cell,dice,0.5627158052034411,0.47557882363591686,0.08713698156752425
each_other,functions_as_fused_determiner_head,flip_target_cell,hamming,0.19860627177700346,0.1525974025974026,0.04600886917960087
each_other,functions_as_fused_determiner_head,flip_target_cell,idf_jaccard,0.9092980912987437,0.8436364010260976,0.06566169027264612
each_other,functions_as_head_of_partitive_construction,delete_feature,jaccard,0.7088579692854635,0.6666996591822443,0.04215831010321924
each_other,functions_as_head_of_partitive_construction,delete_feature,dice,0.5543180561680126,0.5034955497272595,0.050822506440753035
each_other,functions_as_head_of_partitive_construction,delete_feature,hamming,0.19336840427227803,0.15849673202614378,0.034871672246134244
each_other,functions_as_head_of_partitive_construction,delete_feature,idf_jaccard,0.9065881850760772,0.8695637828433154,0.03702440223276182
each_other,functions_as_head_of_partitive_construction,reverse_polarity,jaccard,0.6919084565639839,0.6554162916488768,0.036492164915107095
each_other,functions_as_head_of_partitive_construction,reverse_polarity,dice,0.5340022317732216,0.4904385784397019,0.04356365333351969
each_other,functions_as_head_of_partitive_construction,reverse_polarity,hamming,0.192112765283497,0.1590909090909091,0.033021856192587906
each_other,functions_as_head_of_partitive_construction,reverse_polarity,idf_jaccard,0.9050682271748739,0.8685564955646772,0.03651173161019672
each_other,functions_as_head_of_partitive_construction,flip_target_cell,jaccard,0.7160086863016198,0.6690427819055915,0.046965904396028324
each_other,functions_as_head_of_partitive_construction,flip_target_cell,dice,0.5627158052034411,0.506390146957516,0.05632565824592506
each_other,functions_as_head_of_partitive_construction,flip_target_cell,hamming,0.19860627177700346,0.16233766233766234,0.036268609439341126
each_other,functions_as_head_of_partitive_construction,flip_target_cell,idf_jaccard,0.9120789087889074,0.86309906006656,0.0489798487223474
each_other,functions_as_adjunct_in_clause_structure,delete_feature,jaccard,0.7064971066059419,0.6673202665462727,0.03917684005966915
each_other,functions_as_adjunct_in_clause_structure,delete_feature,dice,0.5518928222918165,0.5038131530021547,0.048079669289661786
each_other,functions_as_adjunct_in_clause_structure,delete_feature,hamming,0.1919336840427228,0.15849673202614378,0.03343695201657901
each_other,functions_as_adjunct_in_clause_structure,delete_feature,idf_jaccard,0.9053008314510647,0.8708123665456398,0.0344884649054249
each_other,functions_as_adjunct_in_clause_structure,reverse_polarity,jaccard,0.6954223214706601,0.6564060796149211,0.03901624185573893
each_other,functions_as_adjunct_in_clause_structure,reverse_polarity,dice,0.5376121722964192,0.49246246274112504,0.04514970955529418
each_other,functions_as_adjunct_in_clause_structure,reverse_polarity,hamming,0.192112765283497,0.1590909090909091,0.033021856192587906
each_other,functions_as_adjunct_in_clause_structure,reverse_polarity,idf_jaccard,0.9013288131547582,0.8673016763490571,0.03402713680570113
each_other,functions_as_adjunct_in_clause_structure,flip_target_cell,jaccard,0.7078662013940514,0.6692184234987508,0.038647777895300606
each_other,functions_as_adjunct_in_clause_structure,flip_target_cell,dice,0.5543713049472438,0.5049449185257354,0.04942638642150843
each_other,functions_as_adjunct_in_clause_structure,flip_target_cell,hamming,0.19575546404814698,0.16233766233766234,0.03341780171048464
each_other,functions_as_adjunct_in_clause_structure,flip_target_cell,idf_jaccard,0.9005109742771266,0.8668318811284745,0.03367909314865203
each_other,functions_as_attrib_modifier_in_nominal,delete_feature,jaccard,0.7086933927409126,0.6690820933080995,0.03961129943281305
each_other,functions_as_attrib_modifier_in_nominal,delete_feature,dice,0.5541106561348286,0.5060659866465846,0.04804466948824393
each_other,functions_as_attrib_modifier_in_nominal,delete_feature,hamming,0.19320899091343854,0.16013071895424835,0.03307827195919019
each_other,functions_as_attrib_modifier_in_nominal,delete_feature,idf_jaccard,0.9064672387178773,0.8715479229425895,0.03491931577528773
each_other,functions_as_attrib_modifier_in_nominal,reverse_polarity,jaccard,0.6923618649442216,0.6512547842159477,0.04110708072827385
each_other,functions_as_attrib_modifier_in_nominal,reverse_polarity,dice,0.5345683118637944,0.4858925522768215,0.0486757595869729
each_other,functions_as_attrib_modifier_in_nominal,reverse_polarity,hamming,0.192112765283497,0.1590909090909091,0.033021856192587906
each_other,functions_as_attrib_modifier_in_nominal,reverse_polarity,idf_jaccard,0.9061070846380646,0.8712093172752543,0.03489776736281025
each_other,functions_as_attrib_modifier_in_nominal,flip_target_cell,jaccard,0.7152269477150032,0.6778924551507237,0.03733449256427945
each_other,functions_as_attrib_modifier_in_nominal,flip_target_cell,dice,0.5617401954473435,0.5159672984922148,0.04577289695512876
each_other,functions_as_attrib_modifier_in_nominal,flip_target_cell,hamming,0.19828951536268608,0.16558441558441558,0.03270509977827049
each_other,functions_as_attrib_modifier_in_nominal,flip_target_cell,idf_jaccard,0.9123133362465153,0.8820563184518071,0.03025701779470824
each_other,appears_in_subject,delete_feature,jaccard,0.705101863803714,0.659775003031582,0.045326860772131994
each_other,appears_in_subject,delete_feature,dice,0.5496680326538207,0.495749133834998,0.05391889881882267
each_other,appears_in_subject,delete_feature,hamming,0.18938307030129126,0.15359477124183007,0.03578829905946118
each_other,appears_in_subject,delete_feature,idf_jaccard,0.9062414854558369,0.8706081917749745,0.03563329368086243
each_other,appears_in_subject,reverse_polarity,jaccard,0.7022068062096343,0.6690820933080995,0.033124712901534736
each_other,appears_in_subject,reverse_polarity,dice,0.5470267217059834,0.5060659866465846,0.04096073505939879
each_other,appears_in_subject,reverse_polarity,hamming,0.192112765283497,0.1590909090909091,0.033021856192587906
each_other,appears_in_subject,reverse_polarity,idf_jaccard,0.897225166483747,0.874157923371607,0.023067243112139924
each_other,appears_in_subject,flip_target_cell,jaccard,0.6982219724630743,0.6417136770706817,0.05650829539239255
each_other,appears_in_subject,flip_target_cell,dice,0.5404976252184174,0.47557882363591686,0.06491880158250052
each_other,appears_in_subject,flip_target_cell,hamming,0.19068736141906872,0.1525974025974026,0.03808995882166613
each_other,appears_in_subject,flip_target_cell,idf_jaccard,0.9024872992518457,0.8643094049907913,0.038177894261054335
each_other,appears_in_object,delete_feature,jaccard,0.7217117397292581,0.6824405452694926,0.03927119445976546
each_other,appears_in_object,delete_feature,dice,0.5699952013406299,0.5209295561371505,0.049065645203479336
each_other,appears_in_object,delete_feature,hamming,0.19225251076040173,0.15890522875816993,0.033347282002231804
each_other,appears_in_object,delete_feature,idf_jaccard,0.9097283045699011,0.8744511360362948,0.035277168533606296
each_other,appears_in_object,reverse_polarity,jaccard,0.7230325339330849,0.683826996655944,0.03920553727714082
each_other,appears_in_object,reverse_polarity,dice,0.5716289590864813,0.52267733927653,0.04895161980995122
each_other,appears_in_object,reverse_polarity,hamming,0.192112765283497,0.1590909090909091,0.033021856192587906
each_other,appears_in_object,reverse_polarity,idf_jaccard,0.9102565136265688,0.8750959014684481,0.03516061215812072
each_other,appears_in_object,flip_target_cell,jaccard,0.727418520152405,0.6897448184648263,0.037673701687578776
each_other,appears_in_object,flip_target_cell,dice,0.5767654763599123,0.5291550314631281,0.04761044489678412
each_other,appears_in_object,flip_target_cell,hamming,0.19638897687678178,0.16314935064935066,0.033239626227431124
each_other,appears_in_object,flip_target_cell,idf_jaccard,0.9100776118119928,0.8749111018939066,0.03516650991808612
each_other,functions_as_post_head_modifier_of_it_or_them,delete_feature,jaccard,0.7088579692854635,0.6690820933080995,0.039775875977363984
each_other,functions_as_post_head_modifier_of_it_or_them,delete_feature,dice,0.5543180561680126,0.5060659866465846,0.04825206952142791
each_other,functions_as_post_head_modifier_of_it_or_them,delete_feature,hamming,0.19336840427227803,0.16013071895424835,0.033237685318029675
each_other,functions_as_post_head_modifier_of_it_or_them,delete_feature,idf_jaccard,0.9065881850760772,0.8715479229425895,0.035040262133487654
each_other,functions_as_post_head_modifier_of_it_or_them,reverse_polarity,jaccard,0.6919084565639839,0.6512547842159477,0.040653672348036185
each_other,functions_as_post_head_modifier_of_it_or_them,reverse_polarity,dice,0.5340022317732216,0.4858925522768215,0.048109679496400104
each_other,functions_as_post_head_modifier_of_it_or_them,reverse_polarity,hamming,0.192112765283497,0.1590909090909091,0.033021856192587906
each_other,functions_as_post_head_modifier_of_it_or_them,reverse_polarity,idf_jaccard,0.9065881850760772,0.8715479229425895,0.035040262133487654
each_other,functions_as_post_head_modifier_of_it_or_them,flip_target_cell,jaccard,0.7160086863016198,0.6778924551507237,0.03811623115089613
each_other,functions_as_post_head_modifier_of_it_or_them,flip_target_cell,dice,0.5627158052034411,0.5159672984922148,0.04674850671122632
each_other,functions_as_post_head_modifier_of_it_or_them,flip_target_cell,hamming,0.19860627177700346,0.16558441558441558,0.03302185619258788
each_other,functions_as_post_head_modifier_of_it_or_them,flip_target_cell,idf_jaccard,0.91469222970836,0.8820563184518071,0.03263591125655285
each_other,functions_as_post_head_modifier_of_N,delete_feature,jaccard,0.7088579692854635,0.6690820933080995,0.039775875977363984
each_other,functions_as_post_head_modifier_of_N,delete_feature,dice,0.5543180561680126,0.5060659866465846,0.04825206952142791
each_other,functions_as_post_head_modifier_of_N,delete_feature,hamming,0.19336840427227803,0.16013071895424835,0.033237685318029675
each_other,functions_as_post_head_modifier_of_N,delete_feature,idf_jaccard,0.9065881850760772,0.8715479229425895,0.035040262133487654
each_other,functions_as_post_head_modifier_of_N,reverse_polarity,jaccard,0.6919084565639839,0.6512547842159477,0.040653672348036185
each_other,functions_as_post_head_modifier_of_N,reverse_polarity,dice,0.5340022317732216,0.4858925522768215,0.048109679496400104
each_other,functions_as_post_head_modifier_of_N,reverse_polarity,hamming,0.192112765283497,0.1590909090909091,0.033021856192587906
each_other,functions_as_post_head_modifier_of_N,reverse_polarity,idf_jaccard,0.9065881850760772,0.8715479229425895,0.035040262133487654
each_other,functions_as_post_head_modifier_of_N,flip_target_cell,jaccard,0.7160086863016198,0.6778924551507237,0.03811623115089613
each_other,functions_as_post_head_modifier_of_N,flip_target_cell,dice,0.5627158052034411,0.5159672984922148,0.04674850671122632
each_other,functions_as_post_head_modifier_of_N,flip_target_cell,hamming,0.19860627177700346,0.16558441558441558,0.03302185619258788
each_other,functions_as_post_head_modifier_of_N,flip_target_cell,idf_jaccard,0.91469222970836,0.8820563184518071,0.03263591125655285
each_other,appears_in_existentials_there_s_on_the_table,delete_feature,jaccard,0.7088579692854635,0.6652280463135727,0.04362992297189083
each_other,appears_in_existentials_there_s_on_the_table,delete_feature,dice,0.5543180561680126,0.5019294455824254,0.05238861058558719
each_other,appears_in_existentials_there_s_on_the_table,delete_feature,hamming,0.19336840427227803,0.1576797385620915,0.03568866571018653
each_other,appears_in_existentials_there_s_on_the_table,delete_feature,idf_jaccard,0.9065881850760772,0.8689482755723552,0.03763990950372198
each_other,appears_in_existentials_there_s_on_the_table,reverse_polarity,jaccard,0.6919084565639839,0.6577676620765422,0.03414079448744167
each_other,appears_in_existentials_there_s_on_the_table,reverse_polarity,dice,0.5340022317732216,0.4928755667097818,0.041126665063439816
each_other,appears_in_existentials_there_s_on_the_table,reverse_polarity,hamming,0.192112765283497,0.1590909090909091,0.033021856192587906
each_other,appears_in_existentials_there_s_on_the_table,reverse_polarity,idf_jaccard,0.9042667674133805,0.8677596310089478,0.036507136404432705
each_other,appears_in_existentials_there_s_on_the_table,flip_target_cell,jaccard,0.7160086863016198,0.6638078431171952,0.05220084318442464
each_other,appears_in_existentials_there_s_on_the_table,flip_target_cell,dice,0.5627158052034411,0.5009041386128784,0.0618116665905627
each_other,appears_in_existentials_there_s_on_the_table,flip_target_cell,hamming,0.19860627177700346,0.16071428571428573,0.037891986062717736
each_other,appears_in_existentials_there_s_on_the_table,flip_target_cell,idf_jaccard,0.9112836126856473,0.8565704999609343,0.05471311272471302
each_other,functions_as_determiner_in_day_s_time_ago,delete_feature,jaccard,0.7088579692854635,0.6690820933080995,0.039775875977363984
each_other,functions_as_determiner_in_day_s_time_ago,delete_feature,dice,0.5543180561680126,0.5060659866465846,0.04825206952142791
each_other,functions_as_determiner_in_day_s_time_ago,delete_feature,hamming,0.19336840427227803,0.16013071895424835,0.033237685318029675
each_other,functions_as_determiner_in_day_s_time_ago,delete_feature,idf_jaccard,0.9065881850760772,0.8715479229425895,0.035040262133487654
each_other,functions_as_determiner_in_day_s_time_ago,reverse_polarity,jaccard,0.6919084565639839,0.6512547842159477,0.040653672348036185
each_other,functions_as_determiner_in_day_s_time_ago,reverse_polarity,dice,0.5340022317732216,0.4858925522768215,0.048109679496400104
each_other,functions_as_determiner_in_day_s_time_ago,reverse_polarity,hamming,0.192112765283497,0.1590909090909091,0.033021856192587906
each_other,functions_as_determiner_in_day_s_time_ago,reverse_polarity,idf_jaccard,0.9065881850760772,0.8715479229425895,0.035040262133487654
each_other,functions_as_determiner_in_day_s_time_ago,flip_target_cell,jaccard,0.7160086863016198,0.6778924551507237,0.03811623115089613
each_other,functions_as_determiner_in_day_s_time_ago,flip_target_cell,dice,0.5627158052034411,0.5159672984922148,0.04674850671122632
each_other,functions_as_determiner_in_day_s_time_ago,flip_target_cell,hamming,0.19860627177700346,0.16558441558441558,0.03302185619258788
each_other,functions_as_determiner_in_day_s_time_ago,flip_target_cell,idf_jaccard,0.91469222970836,0.8820563184518071,0.03263591125655285
each_other,functions_as_subject_of_present_participal_of_joining_you,delete_feature,jaccard,0.7217117397292581,0.6807044341583814,0.04100730557087662
each_other,functions_as_subject_of_present_participal_of_joining_you,delete_feature,dice,0.5699952013406299,0.5185511206191802,0.05144408072144968
each_other,functions_as_subject_of_present_participal_of_joining_you,delete_feature,hamming,0.19225251076040173,0.15849673202614378,0.033755778734257946
each_other,functions_as_subject_of_present_participal_of_joining_you,delete_feature,idf_jaccard,0.9100800810357332,0.8744933165608229,0.03558676447491038
each_other,functions_as_subject_of_present_participal_of_joining_you,reverse_polarity,jaccard,0.7230325339330849,0.6824662609202083,0.04056627301287652
each_other,functions_as_subject_of_present_participal_of_joining_you,reverse_polarity,dice,0.5716289590864813,0.5208039542636101,0.05082500482287111
each_other,functions_as_subject_of_present_participal_of_joining_you,reverse_polarity,hamming,0.192112765283497,0.1590909090909091,0.033021856192587906
each_other,functions_as_subject_of_present_participal_of_joining_you,reverse_polarity,idf_jaccard,0.910581196645944,0.8752650538629336,0.03531614278301032
each_other,functions_as_subject_of_present_participal_of_joining_you,flip_target_cell,jaccard,0.727418520152405,0.6876802539002616,0.039738266252143495
each_other,functions_as_subject_of_present_participal_of_joining_you,flip_target_cell,dice,0.5767654763599123,0.526314122372219,0.05045135398769329
each_other,functions_as_subject_of_present_participal_of_joining_you,flip_target_cell,hamming,0.19638897687678178,0.16233766233766234,0.03405131453911944
each_other,functions_as_subject_of_present_participal_of_joining_you,flip_target_cell,idf_jaccard,0.9104665965453954,0.874982724720911,0.035483871824484425
each_other,Functions_as_subject_of_interrogative_tag,delete_feature,jaccard,0.7072058055901604,0.6690820933080995,0.038123712282060906
each_other,Functions_as_subject_of_interrogative_tag,delete_feature,dice,0.5522837095954333,0.5060659866465846,0.04621772294884863
each_other,Functions_as_subject_of_interrogative_tag,delete_feature,hamming,0.1919336840427228,0.16013071895424835,0.03180296508847444
each_other,Functions_as_subject_of_interrogative_tag,delete_feature,idf_jaccard,0.9058051351431173,0.8715479229425895,0.0342572122005278
each_other,Functions_as_subject_of_interrogative_tag,reverse_polarity,jaccard,0.6961592476647827,0.6512547842159477,0.04490446344883492
each_other,Functions_as_subject_of_interrogative_tag,reverse_polarity,dice,0.5392151722315123,0.4858925522768215,0.053322619954690786
each_other,Functions_as_subject_of_interrogative_tag,reverse_polarity,hamming,0.192112765283497,0.1590909090909091,0.033021856192587906
each_other,Functions_as_subject_of_interrogative_tag,reverse_polarity,idf_jaccard,0.9032206034993605,0.8682714256324151,0.0349491778669454
each_other,Functions_as_subject_of_interrogative_tag,flip_target_cell,jaccard,0.7084701588253103,0.6778924551507237,0.030577703674586565
each_other,Functions_as_subject_of_interrogative_tag,flip_target_cell,dice,0.5534953364199756,0.5159672984922148,0.03752803792776083
each_other,Functions_as_subject_of_interrogative_tag,flip_target_cell,hamming,0.19575546404814698,0.16558441558441558,0.030171048463731392
each_other,Functions_as_subject_of_interrogative_tag,flip_target_cell,idf_jaccard,0.8990813459059583,0.8765692948432887,0.022512051062669625
each_other,functions_as_subject_determiner,delete_feature,jaccard,0.7083060254695601,0.6690820933080995,0.039223932161460584
each_other,functions_as_subject_determiner,delete_feature,dice,0.5535065763729238,0.5060659866465846,0.04744058972633913
each_other,functions_as_subject_determiner,delete_feature,hamming,0.19225251076040173,0.16013071895424835,0.03212179180615338
each_other,functions_as_subject_determiner,delete_feature,idf_jaccard,0.9062936947739986,0.8715479229425895,0.034745771831409034
each_other,functions_as_subject_determiner,reverse_polarity,jaccard,0.6946195910669332,0.6512547842159477,0.04336480685098543
each_other,functions_as_subject_determiner,reverse_polarity,dice,0.5379552123665212,0.4858925522768215,0.05206266008969973
each_other,functions_as_subject_determiner,reverse_polarity,hamming,0.192112765283497,0.1590909090909091,0.033021856192587906
each_other,functions_as_subject_determiner,reverse_polarity,idf_jaccard,0.9039394378105702,0.8690474977952987,0.034891940015271516
each_other,functions_as_subject_determiner,flip_target_cell,jaccard,0.7121729094014196,0.6778924551507237,0.034280454250695924
each_other,functions_as_subject_determiner,flip_target_cell,dice,0.5571283818461766,0.5159672984922148,0.04116108335396185
each_other,functions_as_subject_determiner,flip_target_cell,hamming,0.19638897687678178,0.16558441558441558,0.030804561292366195
each_other,functions_as_subject_determiner,flip_target_cell,idf_jaccard,0.9046420250735043,0.8772226818263217,0.027419343247182648
each_other,functions_in_vocative,delete_feature,jaccard,0.7083902462291937,0.6651740901740901,0.04321615605510354
each_other,functions_in_vocative,delete_feature,dice,0.5537110982760076,0.5019265710654197,0.051784527210587905
each_other,functions_in_vocative,delete_feature,hamming,0.19273075083692015,0.1576797385620915,0.03505101227482865
each_other,functions_in_vocative,delete_feature,idf_jaccard,0.9063668704357694,0.8692045067914462,0.037162363644323126
each_other,functions_in_vocative,reverse_polarity,jaccard,0.6934693754249595,0.6576232299419785,0.03584614548298093
each_other,functions_in_vocative,reverse_polarity,dice,0.5361025530143647,0.4926457436814809,0.04345680933288382
each_other,functions_in_vocative,reverse_polarity,hamming,0.192112765283497,0.1590909090909091,0.033021856192587906
each_other,functions_in_vocative,reverse_polarity,idf_jaccard,0.9027064058218123,0.8672007489486213,0.03550565687319096
each_other,functions_in_vocative,flip_target_cell,jaccard,0.7135098710688283,0.6638505477651631,0.04965932330366529
each_other,functions_in_vocative,flip_target_cell,dice,0.5594080778905791,0.5011293355292518,0.05827874236132735
each_other,functions_in_vocative,flip_target_cell,hamming,0.1973392461197339,0.1607142857142857,0.036624960405448215
each_other,functions_in_vocative,flip_target_cell,idf_jaccard,0.9068286483821314,0.8591638234156238,0.04766482496650759
each_other,May_coordinate_with_non_fused_determiners,delete_feature,jaccard,0.7088579692854635,0.6690820933080995,0.039775875977363984
each_other,May_coordinate_with_non_fused_determiners,delete_feature,dice,0.5543180561680126,0.5060659866465846,0.04825206952142791
each_other,May_coordinate_with_non_fused_determiners,delete_feature,hamming,0.19336840427227803,0.16013071895424835,0.033237685318029675
each_other,May_coordinate_with_non_fused_determiners,delete_feature,idf_jaccard,0.9065881850760772,0.8715479229425895,0.035040262133487654
each_other,May_coordinate_with_non_fused_determiners,reverse_polarity,jaccard,0.6919084565639839,0.6512547842159477,0.040653672348036185
each_other,May_coordinate_with_non_fused_determiners,reverse_polarity,dice,0.5340022317732216,0.4858925522768215,0.048109679496400104
each_other,May_coordinate_with_non_fused_determiners,reverse_polarity,hamming,0.192112765283497,0.1590909090909091,0.033021856192587906
each_other,May_coordinate_with_non_fused_determiners,reverse_polarity,idf_jaccard,0.9065881850760772,0.8715479229425895,0.035040262133487654
each_other,May_coordinate_with_non_fused_determiners,flip_target_cell,jaccard,0.7160086863016198,0.6778924551507237,0.03811623115089613
each_other,May_coordinate_with_non_fused_determiners,flip_target_cell,dice,0.5627158052034411,0.5159672984922148,0.04674850671122632
each_other,May_coordinate_with_non_fused_determiners,flip_target_cell,hamming,0.19860627177700346,0.16558441558441558,0.03302185619258788
each_other,May_coordinate_with_non_fused_determiners,flip_target_cell,idf_jaccard,0.91469222970836,0.8820563184518071,0.03263591125655285
each_other,must_be_outranked_by_a_coindexed_element,delete_feature,jaccard,0.7074006300001932,0.659775003031582,0.04762562696861117
each_other,must_be_outranked_by_a_coindexed_element,delete_feature,dice,0.5519130357143499,0.495749133834998,0.056163901879351885
each_other,must_be_outranked_by_a_coindexed_element,delete_feature,hamming,0.18826717678941496,0.15359477124183007,0.034672405547584884
each_other,must_be_outranked_by_a_coindexed_element,delete_feature,idf_jaccard,0.9128368671848873,0.8660992779696433,0.04673758921524407
each_other,must_be_outranked_by_a_coindexed_element,reverse_polarity,jaccard,0.7125662608401644,0.6690820933080995,0.043484167532064855
each_other,must_be_outranked_by_a_coindexed_element,reverse_polarity,dice,0.5582193609494059,0.5060659866465846,0.0521533743028213
each_other,must_be_outranked_by_a_coindexed_element,reverse_polarity,hamming,0.192112765283497,0.1590909090909091,0.033021856192587906
each_other,must_be_outranked_by_a_coindexed_element,reverse_polarity,idf_jaccard,0.913090790036763,0.866626058573758,0.046464731463005005
each_other,must_be_outranked_by_a_coindexed_element,flip_target_cell,jaccard,0.7095979760584469,0.659775003031582,0.04982297302686489
each_other,must_be_outranked_by_a_coindexed_element,flip_target_cell,dice,0.5542611017746115,0.495749133834998,0.058511967939613496
each_other,must_be_outranked_by_a_coindexed_element,flip_target_cell,hamming,0.18847006651884698,0.1525974025974026,0.03587266392144439
each_other,must_be_outranked_by_a_coindexed_element,flip_target_cell,idf_jaccard,0.9139808105824696,0.8660992779696433,0.04788153261282635
each_other,takes_predeterminer_modifiers_all_or_both,delete_feature,jaccard,0.7067211121901068,0.6690820933080995,0.03763901888200727
each_other,takes_predeterminer_modifiers_all_or_both,delete_feature,dice,0.551682273623183,0.5060659866465846,0.045616286976598364
each_other,takes_predeterminer_modifiers_all_or_both,delete_feature,hamming,0.1908177905308465,0.16013071895424835,0.03068707157659814
each_other,takes_predeterminer_modifiers_all_or_both,delete_feature,idf_jaccard,0.9057257669167104,0.8715479229425895,0.034177843974120825
each_other,takes_predeterminer_modifiers_all_or_both,reverse_polarity,jaccard,0.6979247455653708,0.6512547842159477,0.04666996134942303
each_other,takes_predeterminer_modifiers_all_or_both,reverse_polarity,dice,0.5417401241008649,0.4858925522768215,0.05584757182404343
each_other,takes_predeterminer_modifiers_all_or_both,reverse_polarity,hamming,0.192112765283497,0.1590909090909091,0.033021856192587906
each_other,takes_predeterminer_modifiers_all_or_both,reverse_polarity,idf_jaccard,0.9014257320267193,0.8652877274438755,0.036138004582843775
each_other,takes_predeterminer_modifiers_all_or_both,flip_target_cell,jaccard,0.7057292303959191,0.6778924551507237,0.027836775245195344
each_other,takes_predeterminer_modifiers_all_or_both,flip_target_cell,dice,0.5497541875925634,0.5159672984922148,0.03378688910034866
each_other,takes_predeterminer_modifiers_all_or_both,flip_target_cell,hamming,0.19353816914792527,0.16558441558441558,0.02795375356350968
each_other,takes_predeterminer_modifiers_all_or_both,flip_target_cell,idf_jaccard,0.8986627660728898,0.8750468336777113,0.02361593239517845
each_other,occurs_after_predeterminer_modifiers_fractions,delete_feature,jaccard,0.7050314384895685,0.6672677536648125,0.037763684824756005
each_other,occurs_after_predeterminer_modifiers_fractions,delete_feature,dice,0.5496415165851491,0.5041397081526036,0.04550180843254559
each_other,occurs_after_predeterminer_modifiers_fractions,delete_feature,hamming,0.18938307030129126,0.15890522875816993,0.03047784154312133
each_other,occurs_after_predeterminer_modifiers_fractions,delete_feature,idf_jaccard,0.9058481887340879,0.8710771051684647,0.034771083565623195
each_other,occurs_after_predeterminer_modifiers_fractions,reverse_polarity,jaccard,0.7020046054491653,0.6542618034055727,0.0477428020435926
each_other,occurs_after_predeterminer_modifiers_fractions,reverse_polarity,dice,0.5466430648915992,0.4891115467694009,0.05753151812219831
each_other,occurs_after_predeterminer_modifiers_fractions,reverse_polarity,hamming,0.192112765283497,0.1590909090909091,0.033021856192587906
each_other,occurs_after_predeterminer_modifiers_fractions,reverse_polarity,idf_jaccard,0.9006911999777516,0.8610508711825133,0.03964032879523827
each_other,occurs_after_predeterminer_modifiers_fractions,flip_target_cell,jaccard,0.6982940208744615,0.6713179822071076,0.026976038667353874
each_other,occurs_after_predeterminer_modifiers_fractions,flip_target_cell,dice,0.5408365301650062,0.5089791782965474,0.03185735186845884
each_other,occurs_after_predeterminer_modifiers_fractions,flip_target_cell,hamming,0.19068736141906875,0.16314935064935066,0.027538010769718096
each_other,occurs_after_predeterminer_modifiers_fractions,flip_target_cell,idf_jaccard,0.898077004821329,0.8701879465576842,0.02788905826364485
each_other,occurs_after_predeterminer_modifiers_multipliers,delete_feature,jaccard,0.7055848001102775,0.6653660887697266,0.04021871134055088
each_other,occurs_after_predeterminer_modifiers_multipliers,delete_feature,dice,0.5503390534082677,0.502134882093007,0.04820417131526067
each_other,occurs_after_predeterminer_modifiers_multipliers,delete_feature,hamming,0.18986131037780968,0.1576797385620915,0.03218157181571818
each_other,occurs_after_predeterminer_modifiers_multipliers,delete_feature,idf_jaccard,0.9059324911746618,0.8706730904272603,0.035259400747401526
each_other,occurs_after_predeterminer_modifiers_multipliers,reverse_polarity,jaccard,0.7005045832527572,0.6573562376677702,0.043148345584987036
each_other,occurs_after_predeterminer_modifiers_multipliers,reverse_polarity,dice,0.5447852720375967,0.4924111341858426,0.052374137851754154
each_other,occurs_after_predeterminer_modifiers_multipliers,reverse_polarity,hamming,0.192112765283497,0.1590909090909091,0.033021856192587906
each_other,occurs_after_predeterminer_modifiers_multipliers,reverse_polarity,idf_jaccard,0.8995081068275161,0.8632722451984256,0.03623586162909054
each_other,occurs_after_predeterminer_modifiers_multipliers,flip_target_cell,jaccard,0.7008966007276651,0.6644881260351461,0.036408474692519066
each_other,occurs_after_predeterminer_modifiers_multipliers,flip_target_cell,dice,0.5440676284986792,0.5017605173278865,0.042307111170792666
each_other,occurs_after_predeterminer_modifiers_multipliers,flip_target_cell,hamming,0.1916376306620209,0.1607142857142857,0.030923344947735215
each_other,occurs_after_predeterminer_modifiers_multipliers,flip_target_cell,idf_jaccard,0.8995120887505201,0.8670071173575902,0.03250497139292996
each_other,ironic_use_of_repetition,delete_feature,jaccard,0.7069350616980229,0.6690820933080995,0.03785296838992336
each_other,ironic_use_of_repetition,delete_feature,dice,0.5519213936614422,0.5060659866465846,0.045855407014857574
each_other,ironic_use_of_repetition,delete_feature,hamming,0.19097720388968598,0.16013071895424835,0.030846484935437624
each_other,ironic_use_of_repetition,delete_feature,idf_jaccard,0.9057583640025503,0.8715479229425895,0.03421044105996074
each_other,ironic_use_of_repetition,reverse_polarity,jaccard,0.6975182415003301,0.6512547842159477,0.046263457284382414
each_other,ironic_use_of_repetition,reverse_polarity,dice,0.5412884529174864,0.4858925522768215,0.05539590064066491
each_other,ironic_use_of_repetition,reverse_polarity,hamming,0.192112765283497,0.1590909090909091,0.033021856192587906
each_other,ironic_use_of_repetition,reverse_polarity,idf_jaccard,0.9016055305267885,0.8657425280856993,0.0358630024410892
each_other,ironic_use_of_repetition,flip_target_cell,jaccard,0.7065578732977327,0.6778924551507237,0.02866541814700896
each_other,ironic_use_of_repetition,flip_target_cell,dice,0.5506745741549197,0.5159672984922148,0.03470727566270493
each_other,ironic_use_of_repetition,flip_target_cell,hamming,0.19385492556224262,0.16558441558441558,0.02827050997782704
each_other,ironic_use_of_repetition,flip_target_cell,idf_jaccard,0.8990537364765252,0.8752194808076191,0.023834255668906068
each_other,take_poor_lucky_silly_as_attrib_modifiers,delete_feature,jaccard,0.707604237222074,0.6690820933080995,0.03852214391397446
each_other,take_poor_lucky_silly_as_attrib_modifiers,delete_feature,dice,0.5528133671646287,0.5060659866465846,0.04674738051804406
each_other,take_poor_lucky_silly_as_attrib_modifiers,delete_feature,hamming,0.19225251076040173,0.16013071895424835,0.03212179180615338
each_other,take_poor_lucky_silly_as_attrib_modifiers,delete_feature,idf_jaccard,0.9059776914549734,0.8715479229425895,0.034429768512383885
each_other,take_poor_lucky_silly_as_attrib_modifiers,reverse_polarity,jaccard,0.6948871863405631,0.6512547842159477,0.04363240212461539
each_other,take_poor_lucky_silly_as_attrib_modifiers,reverse_polarity,dice,0.5375650305545001,0.4858925522768215,0.051672478277678624
each_other,take_poor_lucky_silly_as_attrib_modifiers,reverse_polarity,hamming,0.192112765283497,0.1590909090909091,0.033021856192587906
each_other,take_poor_lucky_silly_as_attrib_modifiers,reverse_polarity,idf_jaccard,0.903769482320794,0.8690474977952987,0.03472198452549535
each_other,take_poor_lucky_silly_as_attrib_modifiers,flip_target_cell,jaccard,0.7105406219224917,0.6778924551507237,0.03264816677176796
each_other,take_poor_lucky_silly_as_attrib_modifiers,flip_target_cell,dice,0.5561904922734916,0.5159672984922148,0.04022319378127681
each_other,take_poor_lucky_silly_as_attrib_modifiers,flip_target_cell,hamming,0.19638897687678178,0.16558441558441558,0.030804561292366195
each_other,take_poor_lucky_silly_as_attrib_modifiers,flip_target_cell,idf_jaccard,0.9020521012799887,0.8772226818263217,0.024829419453667012
each_other,takes_adverb_quite_as_a_modifier,delete_feature,jaccard,0.7067211121901068,0.663843137246775,0.04287797494333179
each_other,takes_adverb_quite_as_a_modifier,delete_feature,dice,0.551682273623183,0.500333589745066,0.051348683878116974
each_other,takes_adverb_quite_as_a_modifier,delete_feature,hamming,0.1908177905308465,0.15645424836601307,0.03436354216483342
each_other,takes_adverb_quite_as_a_modifier,delete_feature,idf_jaccard,0.9060340804768934,0.8701683377946536,0.03586574268223974
each_other,takes_adverb_quite_as_a_modifier,reverse_polarity,jaccard,0.6979247455653708,0.6608926688357804,0.03703207672959041
each_other,takes_adverb_quite_as_a_modifier,reverse_polarity,dice,0.5417401241008649,0.49664839601821315,0.04509172808265177
each_other,takes_adverb_quite_as_a_modifier,reverse_polarity,hamming,0.192112765283497,0.1590909090909091,0.033021856192587906
each_other,takes_adverb_quite_as_a_modifier,reverse_polarity,idf_jaccard,0.8985392318789861,0.8661489901338097,0.03239024174517635
each_other,takes_adverb_quite_as_a_modifier,flip_target_cell,jaccard,0.7057292303959191,0.6579314048402671,0.04779782555565193
each_other,takes_adverb_quite_as_a_modifier,flip_target_cell,dice,0.5497541875925634,0.4939807387497885,0.055773448842774964
each_other,takes_adverb_quite_as_a_modifier,flip_target_cell,hamming,0.19353816914792527,0.15827922077922077,0.035258948368704496
each_other,takes_adverb_quite_as_a_modifier,flip_target_cell,idf_jaccard,0.9014602527539883,0.862598640481575,0.03886161227241336
each_other,takes_else_or_more_as_a_post_head_dependent,delete_feature,jaccard,0.7088579692854635,0.659775003031582,0.04908296625388153
each_other,takes_else_or_more_as_a_post_head_dependent,delete_feature,dice,0.5543180561680126,0.495749133834998,0.05856892233301453
each_other,takes_else_or_more_as_a_post_head_dependent,delete_feature,hamming,0.19336840427227803,0.15359477124183007,0.03977363303044795
each_other,takes_else_or_more_as_a_post_head_dependent,delete_feature,idf_jaccard,0.9065881850760772,0.8678467741479996,0.03874141092807759
each_other,takes_else_or_more_as_a_post_head_dependent,reverse_polarity,jaccard,0.6919084565639839,0.6690820933080995,0.022826363255884385
each_other,takes_else_or_more_as_a_post_head_dependent,reverse_polarity,dice,0.5340022317732216,0.5060659866465846,0.02793624512663695
each_other,takes_else_or_more_as_a_post_head_dependent,reverse_polarity,hamming,0.192112765283497,0.1590909090909091,0.033021856192587906
each_other,takes_else_or_more_as_a_post_head_dependent,reverse_polarity,idf_jaccard,0.8997467684302978,0.8688270186004516,0.030919749829846133
each_other,takes_else_or_more_as_a_post_head_dependent,flip_target_cell,jaccard,0.7160086863016198,0.6417136770706817,0.07429500923093812
each_other,takes_else_or_more_as_a_post_head_dependent,flip_target_cell,dice,0.5627158052034411,0.47557882363591686,0.08713698156752425
each_other,takes_else_or_more_as_a_post_head_dependent,flip_target_cell,hamming,0.19860627177700346,0.1525974025974026,0.04600886917960087
each_other,takes_else_or_more_as_a_post_head_dependent,flip_target_cell,idf_jaccard,0.9092980912987437,0.8436364010260976,0.06566169027264612
each_other,accepts_genitive_apstrophe_s,delete_feature,jaccard,0.7013314757659707,0.6807044341583814,0.020627041607589214
each_other,accepts_genitive_apstrophe_s,delete_feature,dice,0.5455864970567604,0.5185511206191802,0.02703537643758025
each_other,accepts_genitive_apstrophe_s,delete_feature,hamming,0.18683245655985972,0.15849673202614378,0.02833572453371594
each_other,accepts_genitive_apstrophe_s,delete_feature,idf_jaccard,0.903031531779644,0.8936100767159123,0.00942145506373171
each_other,accepts_genitive_apstrophe_s,reverse_polarity,jaccard,0.7088579692854635,0.6824662609202083,0.026391708365255173
each_other,accepts_genitive_apstrophe_s,reverse_polarity,dice,0.5543180561680126,0.5208039542636101,0.033514101904402405
each_other,accepts_genitive_apstrophe_s,reverse_polarity,hamming,0.192112765283497,0.1590909090909091,0.033021856192587906
each_other,accepts_genitive_apstrophe_s,reverse_polarity,idf_jaccard,0.903588714832519,0.8937314398211864,0.0098572750113326
each_other,accepts_genitive_apstrophe_s,flip_target_cell,jaccard,0.7013314757659707,0.6876802539002616,0.013651221865709107
each_other,accepts_genitive_apstrophe_s,flip_target_cell,dice,0.5455864970567604,0.526314122372219,0.01927237468454146
each_other,accepts_genitive_apstrophe_s,flip_target_cell,hamming,0.18561925878999053,0.16233766233766234,0.02328159645232819
each_other,accepts_genitive_apstrophe_s,flip_target_cell,idf_jaccard,0.903031531779644,0.8964861050361713,0.006545426743472693
each_other,takes_post_head_modifier_the_hell,delete_feature,jaccard,0.7088579692854635,0.6690820933080995,0.039775875977363984
each_other,takes_post_head_modifier_the_hell,delete_feature,dice,0.5543180561680126,0.5060659866465846,0.04825206952142791
each_other,takes_post_head_modifier_the_hell,delete_feature,hamming,0.19336840427227803,0.16013071895424835,0.033237685318029675
each_other,takes_post_head_modifier_the_hell,delete_feature,idf_jaccard,0.9065881850760772,0.8715479229425895,0.035040262133487654
each_other,takes_post_head_modifier_the_hell,reverse_polarity,jaccard,0.6919084565639839,0.6512547842159477,0.040653672348036185
each_other,takes_post_head_modifier_the_hell,reverse_polarity,dice,0.5340022317732216,0.4858925522768215,0.048109679496400104
each_other,takes_post_head_modifier_the_hell,reverse_polarity,hamming,0.192112765283497,0.1590909090909091,0.033021856192587906
each_other,takes_post_head_modifier_the_hell,reverse_polarity,idf_jaccard,0.9065881850760772,0.8715479229425895,0.035040262133487654
each_other,takes_post_head_modifier_the_hell,flip_target_cell,jaccard,0.7160086863016198,0.6778924551507237,0.03811623115089613
each_other,takes_post_head_modifier_the_hell,flip_target_cell,dice,0.5627158052034411,0.5159672984922148,0.04674850671122632
each_other,takes_post_head_modifier_the_hell,flip_target_cell,hamming,0.19860627177700346,0.16558441558441558,0.03302185619258788
each_other,takes_post_head_modifier_the_hell,flip_target_cell,idf_jaccard,0.91469222970836,0.8820563184518071,0.03263591125655285
one_another,a,delete_feature,jaccard,0.7160086863016198,0.6686044317566631,0.04740425454495678
one_another,a,delete_feature,dice,0.5627158052034411,0.5060973366185764,0.056618468584864745
one_another,a,delete_feature,hamming,0.1999043519846963,0.1633986928104575,0.036505659174238814
one_another,a,delete_feature,idf_jaccard,0.9120789087889074,0.8617549936579879,0.050323915130919494
one_another,a,reverse_polarity,jaccard,0.7228114730155731,0.6772670296559097,0.045544443359663456
one_another,a,reverse_polarity,dice,0.570798797392139,0.5157992163043814,0.0549995810877576
one_another,a,reverse_polarity,hamming,0.20509977827051,0.16883116883116883,0.03626860943934118
one_another,a,reverse_polarity,idf_jaccard,0.9120789087889074,0.861754993657988,0.05032391513091938
one_another,a,flip_target_cell,jaccard,0.7160086863016198,0.6686044317566631,0.04740425454495678
one_another,a,flip_target_cell,dice,0.5627158052034411,0.5060973366185764,0.056618468584864745
one_another,a,flip_target_cell,hamming,0.19860627177700346,0.16233766233766234,0.036268609439341126
one_another,a,flip_target_cell,idf_jaccard,0.9120789087889074,0.861754993657988,0.05032391513091938
one_another,another,delete_feature,jaccard,0.7160086863016198,0.6686044317566631,0.04740425454495678
one_another,another,delete_feature,dice,0.5627158052034411,0.5060973366185764,0.056618468584864745
one_another,another,delete_feature,hamming,0.1999043519846963,0.1633986928104575,0.036505659174238814
one_another,another,delete_feature,idf_jaccard,0.9120789087889074,0.8617549936579879,0.050323915130919494
one_another,another,reverse_polarity,jaccard,0.7228114730155731,0.6772670296559097,0.045544443359663456
one_another,another,reverse_polarity,dice,0.570798797392139,0.5157992163043814,0.0549995810877576
one_another,another,reverse_polarity,hamming,0.20509977827051,0.16883116883116883,0.03626860943934118
one_another,another,reverse_polarity,idf_jaccard,0.9120789087889074,0.861754993657988,0.05032391513091938
one_another,another,flip_target_cell,jaccard,0.7160086863016198,0.6686044317566631,0.04740425454495678
one_another,another,flip_target_cell,dice,0.5627158052034411,0.5060973366185764,0.056618468584864745
one_another,another,flip_target_cell,hamming,0.19860627177700346,0.16233766233766234,0.036268609439341126
one_another,another,flip_target_cell,idf_jaccard,0.9120789087889074,0.861754993657988,0.05032391513091938
one_another,any,delete_feature,jaccard,0.7228114730155731,0.675410154283309,0.047401318732264164
one_another,any,delete_feature,dice,0.570798797392139,0.5135870824035262,0.05721171498861277
one_another,any,delete_feature,hamming,0.2064402996971146,0.16830065359477123,0.03813964610234338
one_another,any,delete_feature,idf_jaccard,0.919285147531665,0.8712016822424926,0.0480834652891724
one_another,any,reverse_polarity,jaccard,0.7063192992561306,0.6644508654978809,0.04186843375824967
one_another,any,reverse_polarity,dice,0.5506168766202588,0.501354496031166,0.049262380589092825
one_another,any,reverse_polarity,hamming,0.20509977827051,0.16883116883116883,0.03626860943934118
one_another,any,reverse_polarity,idf_jaccard,0.9179533600960701,0.8703232545595244,0.047630105536545675
one_another,any,flip_target_cell,jaccard,0.7292914557801984,0.6773845585162177,0.05190689726398068
one_another,any,flip_target_cell,dice,0.578584642020693,0.5154411865269999,0.06314345549369316
one_another,any,flip_target_cell,hamming,0.21159328476401645,0.17207792207792208,0.039515362686094374
one_another,any,flip_target_cell,idf_jaccard,0.9234039687702936,0.8650060712386578,0.05839789753163582
one_another,body,delete_feature,jaccard,0.7228114730155731,0.674937273461022,0.04787419955455119
one_another,body,delete_feature,dice,0.570798797392139,0.5132515116164457,0.057547285775693346
one_another,body,delete_feature,hamming,0.2064402996971146,0.16830065359477123,0.03813964610234338
one_another,body,delete_feature,idf_jaccard,0.919285147531665,0.8709598454155311,0.04832530211613395
one_another,body,reverse_polarity,jaccard,0.7063192992561306,0.6642026204449705,0.0421166788111601
one_another,body,reverse_polarity,dice,0.5506168766202588,0.5005790991287082,0.050037777491550584
one_another,body,reverse_polarity,hamming,0.20509977827051,0.16883116883116883,0.03626860943934118
one_another,body,reverse_polarity,idf_jaccard,0.9179533600960701,0.870096484885735,0.047856875210335104
one_another,body,flip_target_cell,jaccard,0.7292914557801984,0.6767307706318569,0.052560685148341446
one_another,body,flip_target_cell,dice,0.578584642020693,0.515585937609251,0.06299870441144206
one_another,body,flip_target_cell,hamming,0.21159328476401645,0.17207792207792208,0.039515362686094374
one_another,body,flip_target_cell,idf_jaccard,0.9234039687702936,0.8642699096613162,0.0591340591089774
one_another,certain,delete_feature,jaccard,0.7228114730155731,0.6772670296559097,0.045544443359663456
one_another,certain,delete_feature,dice,0.570798797392139,0.5157992163043814,0.0549995810877576
one_another,certain,delete_feature,hamming,0.2064402996971146,0.16993464052287582,0.036505659174238786
one_another,certain,delete_feature,idf_jaccard,0.919285147531665,0.8727261979234067,0.04655894960825835
one_another,certain,reverse_polarity,jaccard,0.7063192992561306,0.6600346230805675,0.04628467617556309
one_another,certain,reverse_polarity,dice,0.5506168766202588,0.4960270932582008,0.054589783362058
one_another,certain,reverse_polarity,hamming,0.20509977827051,0.16883116883116883,0.03626860943934118
one_another,certain,reverse_polarity,idf_jaccard,0.919285147531665,0.8727261979234066,0.04655894960825846
one_another,certain,flip_target_cell,jaccard,0.7292914557801984,0.6854873288588901,0.043804126921308306
one_another,certain,flip_target_cell,dice,0.578584642020693,0.5251257727740861,0.05345886924660692
one_another,certain,flip_target_cell,hamming,0.21159328476401645,0.17532467532467533,0.036268609439341126
one_another,certain,flip_target_cell,idf_jaccard,0.9253889991946226,0.8820790972861751,0.04330990190844752
one_another,day,delete_feature,jaccard,0.7228114730155731,0.6772670296559097,0.045544443359663456
one_another,day,delete_feature,dice,0.570798797392139,0.5157992163043814,0.0549995810877576
one_another,day,delete_feature,hamming,0.2064402996971146,0.16993464052287582,0.036505659174238786
one_another,day,delete_feature,idf_jaccard,0.919285147531665,0.8727261979234067,0.04655894960825835
one_another,day,reverse_polarity,jaccard,0.7063192992561306,0.6600346230805675,0.04628467617556309
one_another,day,reverse_polarity,dice,0.5506168766202588,0.4960270932582008,0.054589783362058
one_another,day,reverse_polarity,hamming,0.20509977827051,0.16883116883116883,0.03626860943934118
one_another,day,reverse_polarity,idf_jaccard,0.919285147531665,0.8727261979234066,0.04655894960825846
one_another,day,flip_target_cell,jaccard,0.7292914557801984,0.6854873288588901,0.043804126921308306
one_another,day,flip_target_cell,dice,0.578584642020693,0.5251257727740861,0.05345886924660692
one_another,day,flip_target_cell,hamming,0.21159328476401645,0.17532467532467533,0.036268609439341126
one_another,day,flip_target_cell,idf_jaccard,0.9253889991946226,0.8820790972861751,0.04330990190844752
one_another,each,delete_feature,jaccard,0.7228114730155731,0.6772670296559097,0.045544443359663456
one_another,each,delete_feature,dice,0.570798797392139,0.5157992163043814,0.0549995810877576
one_another,each,delete_feature,hamming,0.2064402996971146,0.16993464052287582,0.036505659174238786
one_another,each,delete_feature,idf_jaccard,0.919285147531665,0.8727261979234067,0.04655894960825835
one_another,each,reverse_polarity,jaccard,0.7063192992561306,0.6600346230805675,0.04628467617556309
one_another,each,reverse_polarity,dice,0.5506168766202588,0.4960270932582008,0.054589783362058
one_another,each,reverse_polarity,hamming,0.20509977827051,0.16883116883116883,0.03626860943934118
one_another,each,reverse_polarity,idf_jaccard,0.919285147531665,0.8727261979234066,0.04655894960825846
one_another,each,flip_target_cell,jaccard,0.7292914557801984,0.6854873288588901,0.043804126921308306
one_another,each,flip_target_cell,dice,0.578584642020693,0.5251257727740861,0.05345886924660692
one_another,each,flip_target_cell,hamming,0.21159328476401645,0.17532467532467533,0.036268609439341126
one_another,each,flip_target_cell,idf_jaccard,0.9253889991946226,0.8820790972861751,0.04330990190844752
one_another,either,delete_feature,jaccard,0.7228114730155731,0.6772670296559097,0.045544443359663456
one_another,either,delete_feature,dice,0.570798797392139,0.5157992163043814,0.0549995810877576
one_another,either,delete_feature,hamming,0.2064402996971146,0.16993464052287582,0.036505659174238786
one_another,either,delete_feature,idf_jaccard,0.919285147531665,0.8727261979234067,0.04655894960825835
one_another,either,reverse_polarity,jaccard,0.7063192992561306,0.6600346230805675,0.04628467617556309
one_another,either,reverse_polarity,dice,0.5506168766202588,0.4960270932582008,0.054589783362058
one_another,either,reverse_polarity,hamming,0.20509977827051,0.16883116883116883,0.03626860943934118
one_another,either,reverse_polarity,idf_jaccard,0.919285147531665,0.8727261979234066,0.04655894960825846
one_another,either,flip_target_cell,jaccard,0.7292914557801984,0.6854873288588901,0.043804126921308306
one_another,either,flip_target_cell,dice,0.578584642020693,0.5251257727740861,0.05345886924660692
one_another,either,flip_target_cell,hamming,0.21159328476401645,0.17532467532467533,0.036268609439341126
one_another,either,flip_target_cell,idf_jaccard,0.9253889991946226,0.8820790972861751,0.04330990190844752
one_another,ever,delete_feature,jaccard,0.7228114730155731,0.6748526403171782,0.04795883269839496
one_another,ever,delete_feature,dice,0.570798797392139,0.5132598773364709,0.057538920055668075
one_another,ever,delete_feature,hamming,0.2064402996971146,0.16830065359477125,0.038139646102343355
one_another,ever,delete_feature,idf_jaccard,0.919285147531665,0.8705581864149421,0.04872696111672292
one_another,ever,reverse_polarity,jaccard,0.7063192992561306,0.6639521105727502,0.04236718868338041
one_another,ever,reverse_polarity,dice,0.5506168766202588,0.5002041880931904,0.05041268852706837
one_another,ever,reverse_polarity,hamming,0.20509977827051,0.16883116883116883,0.03626860943934118
one_another,ever,reverse_polarity,idf_jaccard,0.9179533600960701,0.8696866078350004,0.04826675226106969
one_another,ever,flip_target_cell,jaccard,0.7292914557801984,0.6768227337994781,0.05246872198072028
one_another,ever,flip_target_cell,dice,0.578584642020693,0.5159783638105007,0.06260627821019238
one_another,ever,flip_target_cell,hamming,0.21159328476401645,0.17207792207792208,0.039515362686094374
one_another,ever,flip_target_cell,idf_jaccard,0.9234039687702936,0.864246456048723,0.05915751272157066
one_another,every,delete_feature,jaccard,0.7228114730155731,0.6748526403171782,0.04795883269839496
one_another,every,delete_feature,dice,0.570798797392139,0.5132598773364709,0.057538920055668075
one_another,every,delete_feature,hamming,0.2064402996971146,0.16830065359477125,0.038139646102343355
one_another,every,delete_feature,idf_jaccard,0.919285147531665,0.8705581864149421,0.04872696111672292
one_another,every,reverse_polarity,jaccard,0.7063192992561306,0.6639521105727502,0.04236718868338041
one_another,every,reverse_polarity,dice,0.5506168766202588,0.5002041880931904,0.05041268852706837
one_another,every,reverse_polarity,hamming,0.20509977827051,0.16883116883116883,0.03626860943934118
one_another,every,reverse_polarity,idf_jaccard,0.9179533600960701,0.8696866078350004,0.04826675226106969
one_another,every,flip_target_cell,jaccard,0.7292914557801984,0.6768227337994781,0.05246872198072028
one_another,every,flip_target_cell,dice,0.578584642020693,0.5159783638105007,0.06260627821019238
one_another,every,flip_target_cell,hamming,0.21159328476401645,0.17207792207792208,0.039515362686094374
one_another,every,flip_target_cell,idf_jaccard,0.9234039687702936,0.864246456048723,0.05915751272157066
one_another,few,delete_feature,jaccard,0.7228114730155731,0.6772670296559097,0.045544443359663456
one_another,few,delete_feature,dice,0.570798797392139,0.5157992163043814,0.0549995810877576
one_another,few,delete_feature,hamming,0.2064402996971146,0.16993464052287582,0.036505659174238786
one_another,few,delete_feature,idf_jaccard,0.919285147531665,0.8727261979234067,0.04655894960825835
one_another,few,reverse_polarity,jaccard,0.7063192992561306,0.6600346230805675,0.04628467617556309
one_another,few,reverse_polarity,dice,0.5506168766202588,0.4960270932582008,0.054589783362058
one_another,few,reverse_polarity,hamming,0.20509977827051,0.16883116883116883,0.03626860943934118
one_another,few,reverse_polarity,idf_jaccard,0.919285147531665,0.8727261979234066,0.04655894960825846
one_another,few,flip_target_cell,jaccard,0.7292914557801984,0.6854873288588901,0.043804126921308306
one_another,few,flip_target_cell,dice,0.578584642020693,0.5251257727740861,0.05345886924660692
one_another,few,flip_target_cell,hamming,0.21159328476401645,0.17532467532467533,0.036268609439341126
one_another,few,flip_target_cell,idf_jaccard,0.9253889991946226,0.8820790972861751,0.04330990190844752
one_another,her,delete_feature,jaccard,0.7221728657454086,0.6772670296559097,0.04490583608949894
one_another,her,delete_feature,dice,0.5700396688872732,0.5157992163043814,0.054240452582891785
one_another,her,delete_feature,hamming,0.20580264626175673,0.16993464052287582,0.03586800573888091
one_another,her,delete_feature,idf_jaccard,0.9188505688205317,0.8727261979234067,0.04612437089712507
one_another,her,reverse_polarity,jaccard,0.707871060678736,0.6600346230805675,0.04783643759816847
one_another,her,reverse_polarity,dice,0.552516922972935,0.4960270932582008,0.05648982971473415
one_another,her,reverse_polarity,hamming,0.20509977827051,0.16883116883116883,0.03626860943934118
one_another,her,reverse_polarity,idf_jaccard,0.9176590683453613,0.8714973927709008,0.04616167557446049
one_another,her,flip_target_cell,jaccard,0.7264714376276996,0.6854873288588901,0.040984108768809535
one_another,her,flip_target_cell,dice,0.5751869395064108,0.5251257727740861,0.050061166732324636
one_another,her,flip_target_cell,hamming,0.2103262591067469,0.17532467532467533,0.03500158378207158
one_another,her,flip_target_cell,idf_jaccard,0.9179326616899196,0.8790315247703745,0.03890113691954511
one_another,him,delete_feature,jaccard,0.722396628922937,0.6772670296559097,0.04512959926702731
one_another,him,delete_feature,dice,0.5703308578711149,0.5157992163043814,0.05453164156673351
one_another,him,delete_feature,hamming,0.20612147297943567,0.16993464052287582,0.03618683245655985
one_another,him,delete_feature,idf_jaccard,0.9189681400495054,0.8727261979234067,0.04624194212609878
one_another,him,reverse_polarity,jaccard,0.7071455738613275,0.6600346230805675,0.04711095078076
one_another,him,reverse_polarity,dice,0.5515571609313236,0.4960270932582008,0.05553006767312274
one_another,him,reverse_polarity,hamming,0.20509977827051,0.16883116883116883,0.03626860943934118
one_another,him,reverse_polarity,idf_jaccard,0.9183510730038188,0.8721225345631525,0.04622853844066632
one_another,him,flip_target_cell,jaccard,0.7276458508971723,0.6854873288588901,0.04215852203828219
one_another,him,flip_target_cell,dice,0.5767261691543969,0.5251257727740861,0.051600396380310776
one_another,him,flip_target_cell,hamming,0.21095977193538165,0.17532467532467533,0.035635096610706324
one_another,him,flip_target_cell,idf_jaccard,0.9206891112082647,0.880574811818821,0.040114299389443664
one_another,it,delete_feature,jaccard,0.721977757223883,0.6772670296559097,0.04471072756797334
one_another,it,delete_feature,dice,0.5698243564451957,0.5157992163043814,0.054025140140814276
one_another,it,delete_feature,hamming,0.20580264626175673,0.16993464052287582,0.03586800573888091
one_another,it,delete_feature,idf_jaccard,0.9188259494131803,0.8727261979234067,0.04609975148977363
one_another,it,reverse_polarity,jaccard,0.7081747719505147,0.6600346230805675,0.04814014886994722
one_another,it,reverse_polarity,dice,0.5528080117764917,0.4960270932582008,0.056780918518290924
one_another,it,reverse_polarity,hamming,0.20509977827051,0.16883116883116883,0.03626860943934118
one_another,it,reverse_polarity,idf_jaccard,0.917651199810329,0.8714973927709009,0.046153807039428174
one_another,it,flip_target_cell,jaccard,0.7257846003396164,0.6854873288588901,0.04029727148072637
one_another,it,flip_target_cell,dice,0.5744796801744798,0.5251257727740861,0.04935390740039369
one_another,it,flip_target_cell,hamming,0.21032625910674688,0.17532467532467533,0.03500158378207155
one_another,it,flip_target_cell,idf_jaccard,0.9173053063219845,0.8790315247703745,0.03827378155160999
one_another,its,delete_feature,jaccard,0.722361781801456,0.6772670296559097,0.04509475214554637
one_another,its,delete_feature,dice,0.5703094084064992,0.5157992163043814,0.05451019210211783
one_another,its,delete_feature,hamming,0.20612147297943567,0.16993464052287582,0.03618683245655985
one_another,its,delete_feature,idf_jaccard,0.9189123102036101,0.8727261979234067,0.04618611228020342
one_another,its,reverse_polarity,jaccard,0.7071148755080454,0.6600346230805675,0.04708025242747793
one_another,its,reverse_polarity,dice,0.5514836240964646,0.4960270932582008,0.05545653083826374
one_another,its,reverse_polarity,hamming,0.20509977827051,0.16883116883116883,0.03626860943934118
one_another,its,reverse_polarity,idf_jaccard,0.918293660154661,0.8721225345631525,0.04617112559150849
one_another,its,flip_target_cell,jaccard,0.7276103836366823,0.6854873288588901,0.04212305477779221
one_another,its,flip_target_cell,dice,0.5767596377566644,0.5251257727740861,0.05163386498257827
one_another,its,flip_target_cell,hamming,0.21095977193538165,0.17532467532467533,0.035635096610706324
one_another,its,flip_target_cell,idf_jaccard,0.9207931079113094,0.880574811818821,0.04021829609248839
one_another,little,delete_feature,jaccard,0.7228114730155731,0.6772670296559097,0.045544443359663456
one_another,little,delete_feature,dice,0.570798797392139,0.5157992163043814,0.0549995810877576
one_another,little,delete_feature,hamming,0.2064402996971146,0.16993464052287582,0.036505659174238786
one_another,little,delete_feature,idf_jaccard,0.919285147531665,0.8727261979234067,0.04655894960825835
one_another,little,reverse_polarity,jaccard,0.7063192992561306,0.6600346230805675,0.04628467617556309
one_another,little,reverse_polarity,dice,0.5506168766202588,0.4960270932582008,0.054589783362058
one_another,little,reverse_polarity,hamming,0.20509977827051,0.16883116883116883,0.03626860943934118
one_another,little,reverse_polarity,idf_jaccard,0.919285147531665,0.8727261979234066,0.04655894960825846
one_another,little,flip_target_cell,jaccard,0.7292914557801984,0.6854873288588901,0.043804126921308306
one_another,little,flip_target_cell,dice,0.578584642020693,0.5251257727740861,0.05345886924660692
one_another,little,flip_target_cell,hamming,0.21159328476401645,0.17532467532467533,0.036268609439341126
one_another,little,flip_target_cell,idf_jaccard,0.9253889991946226,0.8820790972861751,0.04330990190844752
one_another,many,delete_feature,jaccard,0.7228114730155731,0.6772670296559097,0.045544443359663456
one_another,many,delete_feature,dice,0.570798797392139,0.5157992163043814,0.0549995810877576
one_another,many,delete_feature,hamming,0.2064402996971146,0.16993464052287582,0.036505659174238786
one_another,many,delete_feature,idf_jaccard,0.919285147531665,0.8727261979234067,0.04655894960825835
one_another,many,reverse_polarity,jaccard,0.7063192992561306,0.6600346230805675,0.04628467617556309
one_another,many,reverse_polarity,dice,0.5506168766202588,0.4960270932582008,0.054589783362058
one_another,many,reverse_polarity,hamming,0.20509977827051,0.16883116883116883,0.03626860943934118
one_another,many,reverse_polarity,idf_jaccard,0.919285147531665,0.8727261979234066,0.04655894960825846
one_another,many,flip_target_cell,jaccard,0.7292914557801984,0.6854873288588901,0.043804126921308306
one_another,many,flip_target_cell,dice,0.578584642020693,0.5251257727740861,0.05345886924660692
one_another,many,flip_target_cell,hamming,0.21159328476401645,0.17532467532467533,0.036268609439341126
one_another,many,flip_target_cell,idf_jaccard,0.9253889991946226,0.8820790972861751,0.04330990190844752
one_another,many_a,delete_feature,jaccard,0.7228114730155731,0.6772670296559097,0.045544443359663456
one_another,many_a,delete_feature,dice,0.570798797392139,0.5157992163043814,0.0549995810877576
one_another,many_a,delete_feature,hamming,0.2064402996971146,0.16993464052287582,0.036505659174238786
one_another,many_a,delete_feature,idf_jaccard,0.919285147531665,0.8727261979234067,0.04655894960825835
one_another,many_a,reverse_polarity,jaccard,0.7063192992561306,0.6600346230805675,0.04628467617556309
one_another,many_a,reverse_polarity,dice,0.5506168766202588,0.4960270932582008,0.054589783362058
one_another,many_a,reverse_polarity,hamming,0.20509977827051,0.16883116883116883,0.03626860943934118
one_another,many_a,reverse_polarity,idf_jaccard,0.919285147531665,0.8727261979234066,0.04655894960825846
one_another,many_a,flip_target_cell,jaccard,0.7292914557801984,0.6854873288588901,0.043804126921308306
one_another,many_a,flip_target_cell,dice,0.578584642020693,0.5251257727740861,0.05345886924660692
one_another,many_a,flip_target_cell,hamming,0.21159328476401645,0.17532467532467533,0.036268609439341126
one_another,many_a,flip_target_cell,idf_jaccard,0.9253889991946226,0.8820790972861751,0.04330990190844752
one_another,my,delete_feature,jaccard,0.7225102668868668,0.6772670296559097,0.045243237230957134
one_another,my,delete_feature,dice,0.5704443769929063,0.5157992163043814,0.054645160688524874
one_another,my,delete_feature,hamming,0.20612147297943567,0.16993464052287582,0.03618683245655985
one_another,my,delete_feature,idf_jaccard,0.9189921282975199,0.8727261979234067,0.046265930374113196
one_another,my,reverse_polarity,jaccard,0.7070936629504206,0.6600346230805675,0.04705903986985316
one_another,my,reverse_polarity,dice,0.5516064342399947,0.4960270932582008,0.055579340981793846
one_another,my,reverse_polarity,hamming,0.20509977827051,0.16883116883116883,0.03626860943934118
one_another,my,reverse_polarity,idf_jaccard,0.918370675781496,0.8721225345631525,0.04624814121834353
one_another,my,flip_target_cell,jaccard,0.7279188080430776,0.6854873288588901,0.04243147918418755
one_another,my,flip_target_cell,dice,0.576894517592567,0.5251257727740861,0.05176874481848093
one_another,my,flip_target_cell,hamming,0.21095977193538165,0.17532467532467533,0.035635096610706324
one_another,my,flip_target_cell,idf_jaccard,0.9211159335185064,0.880574811818821,0.04054112169968538
one_another,no,delete_feature,jaccard,0.7228114730155731,0.6752538804348015,0.047557592580771635
one_another,no,delete_feature,dice,0.570798797392139,0.5134747232249302,0.05732407416720886
one_another,no,delete_feature,hamming,0.2064402996971146,0.16830065359477123,0.03813964610234338
one_another,no,delete_feature,idf_jaccard,0.919285147531665,0.8712311735108583,0.04805397402080669
one_another,no,reverse_polarity,jaccard,0.7063192992561306,0.6644188246727281,0.041900474583402514
one_another,no,reverse_polarity,dice,0.5506168766202588,0.501193529471285,0.049423347148973784
one_another,no,reverse_polarity,hamming,0.20509977827051,0.16883116883116883,0.03626860943934118
one_another,no,reverse_polarity,idf_jaccard,0.9179533600960701,0.8703479023626284,0.047605457733441714
one_another,no,flip_target_cell,jaccard,0.7292914557801984,0.6771171421350448,0.05217431364515357
one_another,no,flip_target_cell,dice,0.578584642020693,0.5153890467713023,0.06319559524939078
one_another,no,flip_target_cell,hamming,0.21159328476401645,0.17207792207792208,0.039515362686094374
one_another,no,flip_target_cell,idf_jaccard,0.9234039687702936,0.8651993621582093,0.058204606612084375
one_another,no_one,delete_feature,jaccard,0.7228114730155731,0.6766446967967347,0.04616677621883847
one_another,no_one,delete_feature,dice,0.570798797392139,0.5151393369680315,0.05565946042410752
one_another,no_one,delete_feature,hamming,0.2064402996971146,0.16952614379084968,0.03691415590626493
one_another,no_one,delete_feature,idf_jaccard,0.919285147531665,0.8718598797109482,0.047425267820716765
one_another,no_one,reverse_polarity,jaccard,0.7063192992561306,0.6610467688295554,0.0452725304265752
one_another,no_one,reverse_polarity,dice,0.5506168766202588,0.4970954693265769,0.05352140729368193
one_another,no_one,reverse_polarity,hamming,0.20509977827051,0.16883116883116883,0.03626860943934118
one_another,no_one,reverse_polarity,idf_jaccard,0.9189608121065297,0.8715824632744149,0.04737834883211478
one_another,no_one,flip_target_cell,jaccard,0.7292914557801984,0.6832521736632087,0.04603928211698971
one_another,no_one,flip_target_cell,dice,0.578584642020693,0.5227672822080484,0.055817359812644685
one_another,no_one,flip_target_cell,hamming,0.21159328476401645,0.174512987012987,0.037080297751029445
one_another,no_one,flip_target_cell,idf_jaccard,0.9253889991946226,0.8764903854229784,0.04889861377164417
one_another,one,delete_feature,jaccard,0.7160086863016198,0.6754657822712644,0.04054290403035543
one_another,one,delete_feature,dice,0.5627158052034411,0.5133423610055112,0.04937344419792988
one_another,one,delete_feature,hamming,0.1999043519846963,0.16503267973856206,0.034871672246134244
one_another,one,delete_feature,idf_jaccard,0.91469222970836,0.8801509182924193,0.034541311415940634
one_another,one,reverse_polarity,jaccard,0.7228114730155731,0.6815181088489393,0.04129336416663387
one_another,one,reverse_polarity,dice,0.570798797392139,0.5203296581605572,0.050469139231581805
one_another,one,reverse_polarity,hamming,0.20509977827051,0.16883116883116883,0.03626860943934118
one_another,one,reverse_polarity,idf_jaccard,0.9148250517495872,0.8802750132200703,0.03455003852951688
one_another,one,flip_target_cell,jaccard,0.7160086863016198,0.6778924551507237,0.03811623115089613
one_another,one,flip_target_cell,dice,0.5627158052034411,0.5159672984922148,0.04674850671122632
one_another,one,flip_target_cell,hamming,0.19860627177700346,0.16558441558441558,0.03302185619258788
one_another,one,flip_target_cell,idf_jaccard,0.91469222970836,0.8820563184518071,0.03263591125655285
one_another,one_s,delete_feature,jaccard,0.7228114730155731,0.6772670296559097,0.045544443359663456
one_another,one_s,delete_feature,dice,0.570798797392139,0.5157992163043814,0.0549995810877576
one_another,one_s,delete_feature,hamming,0.2064402996971146,0.16993464052287582,0.036505659174238786
one_another,one_s,delete_feature,idf_jaccard,0.919285147531665,0.8727261979234067,0.04655894960825835
one_another,one_s,reverse_polarity,jaccard,0.7063192992561306,0.6600346230805675,0.04628467617556309
one_another,one_s,reverse_polarity,dice,0.5506168766202588,0.4960270932582008,0.054589783362058
one_another,one_s,reverse_polarity,hamming,0.20509977827051,0.16883116883116883,0.03626860943934118
one_another,one_s,reverse_polarity,idf_jaccard,0.919285147531665,0.8727261979234066,0.04655894960825846
one_another,one_s,flip_target_cell,jaccard,0.7292914557801984,0.6854873288588901,0.043804126921308306
one_another,one_s,flip_target_cell,dice,0.578584642020693,0.5251257727740861,0.05345886924660692
one_another,one_s,flip_target_cell,hamming,0.21159328476401645,0.17532467532467533,0.036268609439341126
one_another,one_s,flip_target_cell,idf_jaccard,0.9253889991946226,0.8820790972861751,0.04330990190844752
one_another,other,delete_feature,jaccard,0.7160086863016198,0.6686044317566631,0.04740425454495678
one_another,other,delete_feature,dice,0.5627158052034411,0.5060973366185764,0.056618468584864745
one_another,other,delete_feature,hamming,0.1999043519846963,0.1633986928104575,0.036505659174238814
one_another,other,delete_feature,idf_jaccard,0.9120789087889074,0.8617549936579879,0.050323915130919494
one_another,other,reverse_polarity,jaccard,0.7228114730155731,0.6772670296559097,0.045544443359663456
one_another,other,reverse_polarity,dice,0.570798797392139,0.5157992163043814,0.0549995810877576
one_another,other,reverse_polarity,hamming,0.20509977827051,0.16883116883116883,0.03626860943934118
one_another,other,reverse_polarity,idf_jaccard,0.9120789087889074,0.861754993657988,0.05032391513091938
one_another,other,flip_target_cell,jaccard,0.7160086863016198,0.6686044317566631,0.04740425454495678
one_another,other,flip_target_cell,dice,0.5627158052034411,0.5060973366185764,0.056618468584864745
one_another,other,flip_target_cell,hamming,0.19860627177700346,0.16233766233766234,0.036268609439341126
one_another,other,flip_target_cell,idf_jaccard,0.9120789087889074,0.861754993657988,0.05032391513091938
one_another,our,delete_feature,jaccard,0.7223837289374516,0.6772670296559097,0.04511669928154194
one_another,our,delete_feature,dice,0.5702850982340267,0.5157992163043814,0.05448588192964532
one_another,our,delete_feature,hamming,0.20596205962059622,0.16993464052287582,0.03602741909772039
one_another,our,delete_feature,idf_jaccard,0.9189101429072174,0.8727261979234067,0.04618394498381073
one_another,our,reverse_polarity,jaccard,0.7074320660929562,0.6600346230805675,0.047397443012388685
one_another,our,reverse_polarity,dice,0.5520204732306963,0.4960270932582008,0.05599337997249543
one_another,our,reverse_polarity,hamming,0.20509977827051,0.16883116883116883,0.03626860943934118
one_another,our,reverse_polarity,idf_jaccard,0.9179923974281012,0.8718127455635751,0.046179651864526106
one_another,our,flip_target_cell,jaccard,0.727327598202123,0.6854873288588901,0.04184026934323293
one_another,our,flip_target_cell,dice,0.5761649749668796,0.5251257727740861,0.051039202192793454
one_another,our,flip_target_cell,hamming,0.21064301552106426,0.17532467532467533,0.035318340196388937
one_another,our,flip_target_cell,idf_jaccard,0.9195928819550977,0.8796768782632666,0.039916003691831126
one_another,ours,delete_feature,jaccard,0.7224519057198484,0.6772670296559097,0.04518487606393873
one_another,ours,delete_feature,dice,0.5703882827666652,0.5157992163043814,0.054589066462283786
one_another,ours,delete_feature,hamming,0.20612147297943567,0.16993464052287582,0.03618683245655985
one_another,ours,delete_feature,idf_jaccard,0.9189085413285893,0.8727261979234067,0.04618234340518268
one_another,ours,reverse_polarity,jaccard,0.7070543047395851,0.6600346230805675,0.0470196816590176
one_another,ours,reverse_polarity,dice,0.5514549736240874,0.4960270932582008,0.05542788036588653
one_another,ours,reverse_polarity,hamming,0.20509977827051,0.16883116883116883,0.03626860943934118
one_another,ours,reverse_polarity,idf_jaccard,0.9182887302523781,0.8721225345631525,0.04616619568922564
one_another,ours,flip_target_cell,jaccard,0.7278449670121748,0.6854873288588901,0.04235763815328475
one_another,ours,flip_target_cell,dice,0.5769392684240998,0.5251257727740861,0.0518134956500137
one_another,ours,flip_target_cell,hamming,0.21095977193538165,0.17532467532467533,0.035635096610706324
one_another,ours,flip_target_cell,idf_jaccard,0.9208961319268958,0.880574811818821,0.040321320108074765
one_another,self,delete_feature,jaccard,0.7206891074942283,0.6772670296559097,0.04342207783831864
one_another,self,delete_feature,dice,0.5685529756757818,0.5157992163043814,0.052753759371400366
one_another,self,delete_feature,hamming,0.2050055794675594,0.16993464052287582,0.03507093894468358
one_another,self,delete_feature,idf_jaccard,0.9180990986998422,0.8727261979234067,0.04537290077643552
one_another,self,reverse_polarity,jaccard,0.709766894632872,0.6600346230805675,0.04973227155230453
one_another,self,reverse_polarity,dice,0.5542617015975948,0.4960270932582008,0.05823460833939398
one_another,self,reverse_polarity,hamming,0.20509977827051,0.16883116883116883,0.03626860943934118
one_another,self,reverse_polarity,idf_jaccard,0.9157654880280263,0.8698294578853811,0.045936030142645135
one_another,self,flip_target_cell,jaccard,0.7216712748937912,0.6854873288588901,0.03618394603490116
one_another,self,flip_target_cell,dice,0.570546020922104,0.5251257727740861,0.04542024814801793
one_another,self,flip_target_cell,hamming,0.20874247703515994,0.17532467532467533,0.03341780171048461
one_another,self,flip_target_cell,idf_jaccard,0.9125058615307073,0.8771744163977886,0.03533144513291875
one_another,some,delete_feature,jaccard,0.7228114730155731,0.6748888456891033,0.04792262732646979
one_another,some,delete_feature,dice,0.570798797392139,0.5131733025667934,0.057625494825345625
one_another,some,delete_feature,hamming,0.2064402996971146,0.16830065359477125,0.038139646102343355
one_another,some,delete_feature,idf_jaccard,0.919285147531665,0.8709121863824587,0.048372961149206306
one_another,some,reverse_polarity,jaccard,0.7063192992561306,0.6645490981542531,0.04177020110187746
one_another,some,reverse_polarity,dice,0.5506168766202588,0.5011282824833424,0.04948859413691642
one_another,some,reverse_polarity,hamming,0.20509977827051,0.16883116883116883,0.03626860943934118
one_another,some,reverse_polarity,idf_jaccard,0.9179533600960701,0.8700610818874944,0.04789227820857567
one_another,some,flip_target_cell,jaccard,0.7292914557801984,0.6762855518939552,0.053005903886243155
one_another,some,flip_target_cell,dice,0.578584642020693,0.5148810175293309,0.06370362449136213
one_another,some,flip_target_cell,hamming,0.21159328476401645,0.17207792207792208,0.039515362686094374
one_another,some,flip_target_cell,idf_jaccard,0.9234039687702936,0.8638012734353042,0.05960269533498941
one_another,their,delete_feature,jaccard,0.7223294248967943,0.6772670296559097,0.04506239524088462
one_another,their,delete_feature,dice,0.5701852064880596,0.5157992163043814,0.05438599018367818
one_another,their,delete_feature,hamming,0.2058026462617567,0.16993464052287582,0.03586800573888088
one_another,their,delete_feature,idf_jaccard,0.9189552060930455,0.8727261979234067,0.04622900816963882
one_another,their,reverse_polarity,jaccard,0.7077941251317171,0.6600346230805675,0.04775950205114965
one_another,their,reverse_polarity,dice,0.5525461317999074,0.4960270932582008,0.05651903854170659
one_another,their,reverse_polarity,hamming,0.20509977827051,0.16883116883116883,0.03626860943934118
one_another,their,reverse_polarity,idf_jaccard,0.917746483313692,0.8714973927709009,0.04624909054279114
one_another,their,flip_target_cell,jaccard,0.7268520797486399,0.6854873288588901,0.04136475088974978
one_another,their,flip_target_cell,dice,0.5754366948503548,0.5251257727740861,0.05031092207626864
one_another,their,flip_target_cell,hamming,0.2103262591067469,0.17532467532467533,0.03500158378207158
one_another,their,flip_target_cell,idf_jaccard,0.9186367175548398,0.8790315247703745,0.03960519278446528
one_another,theirs,delete_feature,jaccard,0.7224951569476946,0.6772670296559097,0.045228127291784936
one_another,theirs,delete_feature,dice,0.5704253072766124,0.5157992163043814,0.054626090972231034
one_another,theirs,delete_feature,hamming,0.20612147297943567,0.16993464052287582,0.03618683245655985
one_another,theirs,delete_feature,idf_jaccard,0.918986913821223,0.8727261979234067,0.04626071589781633
one_another,theirs,reverse_polarity,jaccard,0.7070328819975008,0.6600346230805675,0.04699825891693332
one_another,theirs,reverse_polarity,dice,0.5514544716897579,0.4960270932582008,0.055427378431557095
one_another,theirs,reverse_polarity,hamming,0.20509977827051,0.16883116883116883,0.03626860943934118
one_another,theirs,reverse_polarity,idf_jaccard,0.9183657108551961,0.8721225345631525,0.046243176292043664
one_another,theirs,flip_target_cell,jaccard,0.7279499843074686,0.6854873288588901,0.042462655448578523
one_another,theirs,flip_target_cell,dice,0.577010668435524,0.5251257727740861,0.051884895661437835
one_another,theirs,flip_target_cell,hamming,0.21095977193538165,0.17532467532467533,0.035635096610706324
one_another,theirs,flip_target_cell,idf_jaccard,0.921081543285952,0.880574811818821,0.04050673146713102
one_another,them,delete_feature,jaccard,0.7219543694838398,0.6772670296559097,0.04468733982793016
one_another,them,delete_feature,dice,0.5698620221801682,0.5157992163043814,0.054062805875786824
one_another,them,delete_feature,hamming,0.20580264626175673,0.16993464052287582,0.03586800573888091
one_another,them,delete_feature,idf_jaccard,0.9186551418504492,0.8727261979234067,0.0459289439270425
one_another,them,reverse_polarity,jaccard,0.7078874849508343,0.6600346230805675,0.04785286187026683
one_another,them,reverse_polarity,dice,0.5523605531683532,0.4960270932582008,0.05633345991015237
one_another,them,reverse_polarity,hamming,0.20509977827051,0.16883116883116883,0.03626860943934118
one_another,them,reverse_polarity,idf_jaccard,0.9174743588777152,0.8714973927709008,0.045976966106814454
one_another,them,flip_target_cell,jaccard,0.72603371595708,0.6854873288588901,0.04054638709818992
one_another,them,flip_target_cell,dice,0.5750041213670017,0.5251257727740861,0.04987834859291562
one_another,them,flip_target_cell,hamming,0.21032625910674688,0.17532467532467533,0.03500158378207155
one_another,them,flip_target_cell,idf_jaccard,0.917392308840392,0.8790315247703745,0.03836078407001753
one_another,they,delete_feature,jaccard,0.7224619331923491,0.6772670296559097,0.0451949035364394
one_another,they,delete_feature,dice,0.5703663462591171,0.5157992163043814,0.05456712995473567
one_another,they,delete_feature,hamming,0.20612147297943567,0.16993464052287582,0.03618683245655985
one_another,they,delete_feature,idf_jaccard,0.9190165361526922,0.8727261979234067,0.04629033822928552
one_another,they,reverse_polarity,jaccard,0.7072393711004642,0.6600346230805675,0.047204748019896714
one_another,they,reverse_polarity,dice,0.5517550880023726,0.4960270932582008,0.05572799474417178
one_another,they,reverse_polarity,hamming,0.20509977827051,0.16883116883116883,0.03626860943934118
one_another,they,reverse_polarity,idf_jaccard,0.9184017542987939,0.8721225345631526,0.04627921973564131
one_another,they,flip_target_cell,jaccard,0.7276753363527824,0.6854873288588901,0.04218800749389229
one_another,they,flip_target_cell,dice,0.5765936017021266,0.5251257727740861,0.05146782892804047
one_another,they,flip_target_cell,hamming,0.21095977193538165,0.17532467532467533,0.035635096610706324
one_another,they,flip_target_cell,idf_jaccard,0.9205139701479526,0.880574811818821,0.03993915832913153
one_another,thing,delete_feature,jaccard,0.7228114730155731,0.675121528168303,0.04768994484727018
one_another,thing,delete_feature,dice,0.570798797392139,0.5134201846606439,0.05737861273149514
one_another,thing,delete_feature,hamming,0.2064402996971146,0.16830065359477125,0.038139646102343355
one_another,thing,delete_feature,idf_jaccard,0.919285147531665,0.8712101264155969,0.048075021116068095
one_another,thing,reverse_polarity,jaccard,0.7063192992561306,0.6641011770765461,0.04221812217958443
one_another,thing,reverse_polarity,dice,0.5506168766202588,0.5005839285935205,0.0500329480267383
one_another,thing,reverse_polarity,hamming,0.20509977827051,0.16883116883116883,0.03626860943934118
one_another,thing,reverse_polarity,idf_jaccard,0.9179533600960701,0.8703162632370283,0.04763709685904183
one_another,thing,flip_target_cell,jaccard,0.7292914557801984,0.6771874487154494,0.052104007064748936
one_another,thing,flip_target_cell,dice,0.578584642020693,0.515902241675555,0.06268240034513806
one_another,thing,flip_target_cell,hamming,0.21159328476401645,0.17207792207792208,0.039515362686094374
one_another,thing,flip_target_cell,idf_jaccard,0.9234039687702936,0.8655609311206637,0.05784303764962995
one_another,to,delete_feature,jaccard,0.7228114730155731,0.6772670296559097,0.045544443359663456
one_another,to,delete_feature,dice,0.570798797392139,0.5157992163043814,0.0549995810877576
one_another,to,delete_feature,hamming,0.2064402996971146,0.16993464052287582,0.036505659174238786
one_another,to,delete_feature,idf_jaccard,0.919285147531665,0.8727261979234067,0.04655894960825835
one_another,to,reverse_polarity,jaccard,0.7063192992561306,0.6600346230805675,0.04628467617556309
one_another,to,reverse_polarity,dice,0.5506168766202588,0.4960270932582008,0.054589783362058
one_another,to,reverse_polarity,hamming,0.20509977827051,0.16883116883116883,0.03626860943934118
one_another,to,reverse_polarity,idf_jaccard,0.919285147531665,0.8727261979234066,0.04655894960825846
one_another,to,flip_target_cell,jaccard,0.7292914557801984,0.6854873288588901,0.043804126921308306
one_another,to,flip_target_cell,dice,0.578584642020693,0.5251257727740861,0.05345886924660692
one_another,to,flip_target_cell,hamming,0.21159328476401645,0.17532467532467533,0.036268609439341126
one_another,to,flip_target_cell,idf_jaccard,0.9253889991946226,0.8820790972861751,0.04330990190844752
one_another,us,delete_feature,jaccard,0.7226181357163465,0.6772670296559097,0.0453511060604368
one_another,us,delete_feature,dice,0.5705772228493496,0.5157992163043814,0.05477800654496823
one_another,us,delete_feature,hamming,0.20628088633827515,0.16993464052287582,0.03634624581539933
one_another,us,delete_feature,idf_jaccard,0.9190888595827752,0.8727261979234067,0.04636266165936853
one_another,us,reverse_polarity,jaccard,0.7067158885878775,0.6600346230805675,0.04668126550731
one_another,us,reverse_polarity,dice,0.5510685478036373,0.4960270932582008,0.05504145454543652
one_another,us,reverse_polarity,hamming,0.20509977827051,0.16883116883116883,0.03626860943934118
one_another,us,reverse_polarity,idf_jaccard,0.9187733866368071,0.872426956534984,0.046346430101823044
one_another,us,flip_target_cell,jaccard,0.7285124410214097,0.6854873288588901,0.043025112162519585
one_another,us,flip_target_cell,dice,0.5776977240606044,0.5251257727740861,0.05257195128651826
one_another,us,flip_target_cell,hamming,0.2112765283496991,0.17532467532467533,0.03595185302502377
one_another,us,flip_target_cell,idf_jaccard,0.923230675762631,0.8820790972861751,0.0411515784764559
one_another,we,delete_feature,jaccard,0.7226394905265175,0.6772670296559097,0.04537246087060787
one_another,we,delete_feature,dice,0.5705883717584709,0.5157992163043814,0.054789155454089467
one_another,we,delete_feature,hamming,0.20628088633827515,0.16993464052287582,0.03634624581539933
one_another,we,delete_feature,idf_jaccard,0.9190908401037363,0.8727261979234067,0.04636464218032965
one_another,we,reverse_polarity,jaccard,0.7067505901544053,0.6600346230805675,0.04671596707383785
one_another,we,reverse_polarity,dice,0.5511402336851281,0.4960270932582008,0.055113140426927276
one_another,we,reverse_polarity,hamming,0.20509977827051,0.16883116883116883,0.03626860943934118
one_another,we,reverse_polarity,idf_jaccard,0.9187757341510019,0.872426956534984,0.046348777616017856
one_another,we,flip_target_cell,jaccard,0.7285181065832919,0.6854873288588901,0.04303077772440178
one_another,we,flip_target_cell,dice,0.577646555716753,0.5251257727740861,0.05252078294266693
one_another,we,flip_target_cell,hamming,0.2112765283496991,0.17532467532467533,0.03595185302502377
one_another,we,flip_target_cell,idf_jaccard,0.9231506949440749,0.8820790972861751,0.041071597657899805
one_another,what,delete_feature,jaccard,0.7228114730155731,0.6772670296559097,0.045544443359663456
one_another,what,delete_feature,dice,0.570798797392139,0.5157992163043814,0.0549995810877576
one_another,what,delete_feature,hamming,0.2064402996971146,0.16993464052287582,0.036505659174238786
one_another,what,delete_feature,idf_jaccard,0.919285147531665,0.8727261979234067,0.04655894960825835
one_another,what,reverse_polarity,jaccard,0.7063192992561306,0.6600346230805675,0.04628467617556309
one_another,what,reverse_polarity,dice,0.5506168766202588,0.4960270932582008,0.054589783362058
one_another,what,reverse_polarity,hamming,0.20509977827051,0.16883116883116883,0.03626860943934118
one_another,what,reverse_polarity,idf_jaccard,0.919285147531665,0.8727261979234066,0.04655894960825846
one_another,what,flip_target_cell,jaccard,0.7292914557801984,0.6854873288588901,0.043804126921308306
one_another,what,flip_target_cell,dice,0.578584642020693,0.5251257727740861,0.05345886924660692
one_another,what,flip_target_cell,hamming,0.21159328476401645,0.17532467532467533,0.036268609439341126
one_another,what,flip_target_cell,idf_jaccard,0.9253889991946226,0.8820790972861751,0.04330990190844752
one_another,whatever,delete_feature,jaccard,0.7228114730155731,0.6772670296559097,0.045544443359663456
one_another,whatever,delete_feature,dice,0.570798797392139,0.5157992163043814,0.0549995810877576
one_another,whatever,delete_feature,hamming,0.2064402996971146,0.16993464052287582,0.036505659174238786
one_another,whatever,delete_feature,idf_jaccard,0.919285147531665,0.8727261979234067,0.04655894960825835
one_another,whatever,reverse_polarity,jaccard,0.7063192992561306,0.6600346230805675,0.04628467617556309
one_another,whatever,reverse_polarity,dice,0.5506168766202588,0.4960270932582008,0.054589783362058
one_another,whatever,reverse_polarity,hamming,0.20509977827051,0.16883116883116883,0.03626860943934118
one_another,whatever,reverse_polarity,idf_jaccard,0.919285147531665,0.8727261979234066,0.04655894960825846
one_another,whatever,flip_target_cell,jaccard,0.7292914557801984,0.6854873288588901,0.043804126921308306
one_another,whatever,flip_target_cell,dice,0.578584642020693,0.5251257727740861,0.05345886924660692
one_another,whatever,flip_target_cell,hamming,0.21159328476401645,0.17532467532467533,0.036268609439341126
one_another,whatever,flip_target_cell,idf_jaccard,0.9253889991946226,0.8820790972861751,0.04330990190844752
one_another,where,delete_feature,jaccard,0.7228114730155731,0.6756899607607293,0.047121512254843845
one_another,where,delete_feature,dice,0.570798797392139,0.5137386554810086,0.0570601419111304
one_another,where,delete_feature,hamming,0.2064402996971146,0.16830065359477123,0.03813964610234338
one_another,where,delete_feature,idf_jaccard,0.919285147531665,0.8717012744903709,0.04758387304129408
one_another,where,reverse_polarity,jaccard,0.7063192992561306,0.66500287303237,0.04131642622376053
one_another,where,reverse_polarity,dice,0.5506168766202588,0.5024983906448722,0.04811848597538659
one_another,where,reverse_polarity,hamming,0.20509977827051,0.16883116883116883,0.03626860943934118
one_another,where,reverse_polarity,idf_jaccard,0.9179533600960701,0.8708216967026625,0.047131663393407575
one_another,where,flip_target_cell,jaccard,0.7292914557801984,0.6773563242640698,0.05193513151612861
one_another,where,flip_target_cell,dice,0.578584642020693,0.5145701421562684,0.06401449986442465
one_another,where,flip_target_cell,hamming,0.21159328476401645,0.17207792207792208,0.039515362686094374
one_another,where,flip_target_cell,idf_jaccard,0.9234039687702936,0.8654426388130978,0.05796132995719583
one_another,which,delete_feature,jaccard,0.7228114730155731,0.6772670296559097,0.045544443359663456
one_another,which,delete_feature,dice,0.570798797392139,0.5157992163043814,0.0549995810877576
one_another,which,delete_feature,hamming,0.2064402996971146,0.16993464052287582,0.036505659174238786
one_another,which,delete_feature,idf_jaccard,0.919285147531665,0.8727261979234067,0.04655894960825835
one_another,which,reverse_polarity,jaccard,0.7063192992561306,0.6600346230805675,0.04628467617556309
one_another,which,reverse_polarity,dice,0.5506168766202588,0.4960270932582008,0.054589783362058
one_another,which,reverse_polarity,hamming,0.20509977827051,0.16883116883116883,0.03626860943934118
one_another,which,reverse_polarity,idf_jaccard,0.919285147531665,0.8727261979234066,0.04655894960825846
one_another,which,flip_target_cell,jaccard,0.7292914557801984,0.6854873288588901,0.043804126921308306
one_another,which,flip_target_cell,dice,0.578584642020693,0.5251257727740861,0.05345886924660692
one_another,which,flip_target_cell,hamming,0.21159328476401645,0.17532467532467533,0.036268609439341126
one_another,which,flip_target_cell,idf_jaccard,0.9253889991946226,0.8820790972861751,0.04330990190844752
one_another,whichever,delete_feature,jaccard,0.7228114730155731,0.6772670296559097,0.045544443359663456
one_another,whichever,delete_feature,dice,0.570798797392139,0.5157992163043814,0.0549995810877576
one_another,whichever,delete_feature,hamming,0.2064402996971146,0.16993464052287582,0.036505659174238786
one_another,whichever,delete_feature,idf_jaccard,0.919285147531665,0.8727261979234067,0.04655894960825835
one_another,whichever,reverse_polarity,jaccard,0.7063192992561306,0.6600346230805675,0.04628467617556309
one_another,whichever,reverse_polarity,dice,0.5506168766202588,0.4960270932582008,0.054589783362058
one_another,whichever,reverse_polarity,hamming,0.20509977827051,0.16883116883116883,0.03626860943934118
one_another,whichever,reverse_polarity,idf_jaccard,0.919285147531665,0.8727261979234066,0.04655894960825846
one_another,whichever,flip_target_cell,jaccard,0.7292914557801984,0.6854873288588901,0.043804126921308306
one_another,whichever,flip_target_cell,dice,0.578584642020693,0.5251257727740861,0.05345886924660692
one_another,whichever,flip_target_cell,hamming,0.21159328476401645,0.17532467532467533,0.036268609439341126
one_another,whichever,flip_target_cell,idf_jaccard,0.9253889991946226,0.8820790972861751,0.04330990190844752
one_another,who,delete_feature,jaccard,0.7228114730155731,0.6772670296559097,0.045544443359663456
one_another,who,delete_feature,dice,0.570798797392139,0.5157992163043814,0.0549995810877576
one_another,who,delete_feature,hamming,0.2064402996971146,0.16993464052287582,0.036505659174238786
one_another,who,delete_feature,idf_jaccard,0.919285147531665,0.8727261979234067,0.04655894960825835
one_another,who,reverse_polarity,jaccard,0.7063192992561306,0.6600346230805675,0.04628467617556309
one_another,who,reverse_polarity,dice,0.5506168766202588,0.4960270932582008,0.054589783362058
one_another,who,reverse_polarity,hamming,0.20509977827051,0.16883116883116883,0.03626860943934118
one_another,who,reverse_polarity,idf_jaccard,0.919285147531665,0.8727261979234066,0.04655894960825846
one_another,who,flip_target_cell,jaccard,0.7292914557801984,0.6854873288588901,0.043804126921308306
one_another,who,flip_target_cell,dice,0.578584642020693,0.5251257727740861,0.05345886924660692
one_another,who,flip_target_cell,hamming,0.21159328476401645,0.17532467532467533,0.036268609439341126
one_another,who,flip_target_cell,idf_jaccard,0.9253889991946226,0.8820790972861751,0.04330990190844752
one_another,whoever,delete_feature,jaccard,0.7228114730155731,0.6772670296559097,0.045544443359663456
one_another,whoever,delete_feature,dice,0.570798797392139,0.5157992163043814,0.0549995810877576
one_another,whoever,delete_feature,hamming,0.2064402996971146,0.16993464052287582,0.036505659174238786
one_another,whoever,delete_feature,idf_jaccard,0.919285147531665,0.8727261979234067,0.04655894960825835
one_another,whoever,reverse_polarity,jaccard,0.7063192992561306,0.6600346230805675,0.04628467617556309
one_another,whoever,reverse_polarity,dice,0.5506168766202588,0.4960270932582008,0.054589783362058
one_another,whoever,reverse_polarity,hamming,0.20509977827051,0.16883116883116883,0.03626860943934118
one_another,whoever,reverse_polarity,idf_jaccard,0.919285147531665,0.8727261979234066,0.04655894960825846
one_another,whoever,flip_target_cell,jaccard,0.7292914557801984,0.6854873288588901,0.043804126921308306
one_another,whoever,flip_target_cell,dice,0.578584642020693,0.5251257727740861,0.05345886924660692
one_another,whoever,flip_target_cell,hamming,0.21159328476401645,0.17532467532467533,0.036268609439341126
one_another,whoever,flip_target_cell,idf_jaccard,0.9253889991946226,0.8820790972861751,0.04330990190844752
one_another,whom,delete_feature,jaccard,0.7228114730155731,0.6772670296559097,0.045544443359663456
one_another,whom,delete_feature,dice,0.570798797392139,0.5157992163043814,0.0549995810877576
one_another,whom,delete_feature,hamming,0.2064402996971146,0.16993464052287582,0.036505659174238786
one_another,whom,delete_feature,idf_jaccard,0.919285147531665,0.8727261979234067,0.04655894960825835
one_another,whom,reverse_polarity,jaccard,0.7063192992561306,0.6600346230805675,0.04628467617556309
one_another,whom,reverse_polarity,dice,0.5506168766202588,0.4960270932582008,0.054589783362058
one_another,whom,reverse_polarity,hamming,0.20509977827051,0.16883116883116883,0.03626860943934118
one_another,whom,reverse_polarity,idf_jaccard,0.919285147531665,0.8727261979234066,0.04655894960825846
one_another,whom,flip_target_cell,jaccard,0.7292914557801984,0.6854873288588901,0.043804126921308306
one_another,whom,flip_target_cell,dice,0.578584642020693,0.5251257727740861,0.05345886924660692
one_another,whom,flip_target_cell,hamming,0.21159328476401645,0.17532467532467533,0.036268609439341126
one_another,whom,flip_target_cell,idf_jaccard,0.9253889991946226,0.8820790972861751,0.04330990190844752
one_another,whose,delete_feature,jaccard,0.7228114730155731,0.6772670296559097,0.045544443359663456
one_another,whose,delete_feature,dice,0.570798797392139,0.5157992163043814,0.0549995810877576
one_another,whose,delete_feature,hamming,0.2064402996971146,0.16993464052287582,0.036505659174238786
one_another,whose,delete_feature,idf_jaccard,0.919285147531665,0.8727261979234067,0.04655894960825835
one_another,whose,reverse_polarity,jaccard,0.7063192992561306,0.6600346230805675,0.04628467617556309
one_another,whose,reverse_polarity,dice,0.5506168766202588,0.4960270932582008,0.054589783362058
one_another,whose,reverse_polarity,hamming,0.20509977827051,0.16883116883116883,0.03626860943934118
one_another,whose,reverse_polarity,idf_jaccard,0.919285147531665,0.8727261979234066,0.04655894960825846
one_another,whose,flip_target_cell,jaccard,0.7292914557801984,0.6854873288588901,0.043804126921308306
one_another,whose,flip_target_cell,dice,0.578584642020693,0.5251257727740861,0.05345886924660692
one_another,whose,flip_target_cell,hamming,0.21159328476401645,0.17532467532467533,0.036268609439341126
one_another,whose,flip_target_cell,idf_jaccard,0.9253889991946226,0.8820790972861751,0.04330990190844752
one_another,whosoever,delete_feature,jaccard,0.7228114730155731,0.6772670296559097,0.045544443359663456
one_another,whosoever,delete_feature,dice,0.570798797392139,0.5157992163043814,0.0549995810877576
one_another,whosoever,delete_feature,hamming,0.2064402996971146,0.16993464052287582,0.036505659174238786
one_another,whosoever,delete_feature,idf_jaccard,0.919285147531665,0.8727261979234067,0.04655894960825835
one_another,whosoever,reverse_polarity,jaccard,0.7063192992561306,0.6600346230805675,0.04628467617556309
one_another,whosoever,reverse_polarity,dice,0.5506168766202588,0.4960270932582008,0.054589783362058
one_another,whosoever,reverse_polarity,hamming,0.20509977827051,0.16883116883116883,0.03626860943934118
one_another,whosoever,reverse_polarity,idf_jaccard,0.919285147531665,0.8727261979234066,0.04655894960825846
one_another,whosoever,flip_target_cell,jaccard,0.7292914557801984,0.6854873288588901,0.043804126921308306
one_another,whosoever,flip_target_cell,dice,0.578584642020693,0.5251257727740861,0.05345886924660692
one_another,whosoever,flip_target_cell,hamming,0.21159328476401645,0.17532467532467533,0.036268609439341126
one_another,whosoever,flip_target_cell,idf_jaccard,0.9253889991946226,0.8820790972861751,0.04330990190844752
one_another,you,delete_feature,jaccard,0.7216359356948793,0.6772670296559097,0.04436890603896959
one_another,you,delete_feature,dice,0.5694019678504748,0.5157992163043814,0.0536027515460934
one_another,you,delete_feature,hamming,0.20516499282639886,0.16993464052287582,0.03523035230352303
one_another,you,delete_feature,idf_jaccard,0.9186250561992649,0.8727261979234067,0.04589885827585827
one_another,you,reverse_polarity,jaccard,0.7092598236944812,0.6600346230805675,0.04922520061391367
one_another,you,reverse_polarity,dice,0.5542798776355081,0.4960270932582008,0.0582527843773073
one_another,you,reverse_polarity,hamming,0.20509977827051,0.16883116883116883,0.03626860943934118
one_another,you,reverse_polarity,idf_jaccard,0.9163999530547867,0.8701760013384848,0.04622395171630189
one_another,you,flip_target_cell,jaccard,0.7240142066923644,0.6854873288588901,0.038526877833474305
one_another,you,flip_target_cell,dice,0.5721610486684565,0.5251257727740861,0.0470352758943704
one_another,you,flip_target_cell,hamming,0.20905923344947736,0.17532467532467533,0.03373455812480203
one_another,you,flip_target_cell,idf_jaccard,0.9147964283105022,0.8774476943063929,0.03734873400410932
one_another,your,delete_feature,jaccard,0.7219378774035141,0.6772670296559097,0.044670847747604436
one_another,your,delete_feature,dice,0.5697744531240269,0.5157992163043814,0.053975236819645445
one_another,your,delete_feature,hamming,0.2054838195440778,0.16993464052287582,0.03554917902120197
one_another,your,delete_feature,idf_jaccard,0.91868359683118,0.8727261979234067,0.045957398907773284
one_another,your,reverse_polarity,jaccard,0.7084762723807071,0.6600346230805675,0.04844164930013961
one_another,your,reverse_polarity,dice,0.5533178426068093,0.4960270932582008,0.05729074934860845
one_another,your,reverse_polarity,hamming,0.20509977827051,0.16883116883116883,0.03626860943934118
one_another,your,reverse_polarity,idf_jaccard,0.9169421357917865,0.8708491523917088,0.046092983400077725
one_another,your,flip_target_cell,jaccard,0.7253992126372855,0.6854873288588901,0.039911883778395385
one_another,your,flip_target_cell,dice,0.5738589167367256,0.5251257727740861,0.0487331439626395
one_another,your,flip_target_cell,hamming,0.20969274627811213,0.17532467532467533,0.0343680709534368
one_another,your,flip_target_cell,idf_jaccard,0.9163660090326758,0.8781100671783281,0.038255941854347775
one_another,yours,delete_feature,jaccard,0.7225107429674564,0.6772670296559097,0.04524371331154675
one_another,yours,delete_feature,dice,0.5704424819050211,0.5157992163043814,0.0546432656006397
one_another,yours,delete_feature,hamming,0.20612147297943567,0.16993464052287582,0.03618683245655985
one_another,yours,delete_feature,idf_jaccard,0.9189840605452195,0.8727261979234067,0.04625786262181286
one_another,yours,reverse_polarity,jaccard,0.707006208166036,0.6600346230805675,0.046971585085468504
one_another,yours,reverse_polarity,dice,0.5514264498383686,0.4960270932582008,0.05539935658016781
one_another,yours,reverse_polarity,hamming,0.20509977827051,0.16883116883116883,0.03626860943934118
one_another,yours,reverse_polarity,idf_jaccard,0.9183619006317937,0.8721225345631525,0.04623936606864121
one_another,yours,flip_target_cell,jaccard,0.7280072347747231,0.6854873288588901,0.04251990591583299
one_another,yours,flip_target_cell,dice,0.5770719778555898,0.5251257727740861,0.051946205081503716
one_another,yours,flip_target_cell,hamming,0.21095977193538165,0.17532467532467533,0.035635096610706324
one_another,yours,flip_target_cell,idf_jaccard,0.9211671001137093,0.880574811818821,0.04059228829488826
one_another,genitive_case,delete_feature,jaccard,0.7208508174839969,0.6772670296559097,0.04358378782808725
one_another,genitive_case,delete_feature,dice,0.5683348526161398,0.5157992163043814,0.052535636311758394
one_another,genitive_case,delete_feature,hamming,0.20388968595568305,0.16993464052287582,0.033955045432807224
one_another,genitive_case,delete_feature,idf_jaccard,0.9186250313479969,0.8727261979234067,0.045898833424590224
one_another,genitive_case,reverse_polarity,jaccard,0.7121787502119736,0.6600346230805675,0.05214412713140615
one_another,genitive_case,reverse_polarity,dice,0.5582697282526153,0.4960270932582008,0.062242634994414514
one_another,genitive_case,reverse_polarity,hamming,0.20509977827051,0.16883116883116883,0.03626860943934118
one_another,genitive_case,reverse_polarity,idf_jaccard,0.9148640363712939,0.8671893496688942,0.047674686702399716
one_another,genitive_case,flip_target_cell,jaccard,0.7195129438512217,0.6854873288588901,0.03402561499233159
one_another,genitive_case,flip_target_cell,dice,0.5660403698885624,0.5251257727740861,0.040914597114476314
one_another,genitive_case,flip_target_cell,hamming,0.20652518213493826,0.17532467532467533,0.03120050681026293
one_another,genitive_case,flip_target_cell,idf_jaccard,0.9120282991961732,0.8758216959550771,0.03620660324109615
one_another,accusative_case,delete_feature,jaccard,0.7212729486192225,0.6772670296559097,0.04400591896331285
one_another,accusative_case,delete_feature,dice,0.5689210893999642,0.5157992163043814,0.053121873095582806
one_another,accusative_case,delete_feature,hamming,0.2050055794675594,0.16993464052287582,0.03507093894468358
one_another,accusative_case,delete_feature,idf_jaccard,0.9187383032779003,0.8727261979234067,0.046012105354493626
one_another,accusative_case,reverse_polarity,jaccard,0.710175476596939,0.6600346230805675,0.05014085351637154
one_another,accusative_case,reverse_polarity,dice,0.5553066421774997,0.4960270932582008,0.059279548919298874
one_another,accusative_case,reverse_polarity,hamming,0.20509977827051,0.16883116883116883,0.03626860943934118
one_another,accusative_case,reverse_polarity,idf_jaccard,0.9163775948851288,0.8698294578853811,0.04654813699974769
one_another,accusative_case,flip_target_cell,jaccard,0.7223751071542769,0.6854873288588901,0.03688777829538681
one_another,accusative_case,flip_target_cell,dice,0.5701935243001315,0.5251257727740861,0.04506775152604536
one_another,accusative_case,flip_target_cell,hamming,0.20874247703515994,0.17532467532467533,0.03341780171048461
one_another,accusative_case,flip_target_cell,idf_jaccard,0.9133359333492502,0.8771744163977886,0.036161516951461636
one_another,nominative_case,delete_feature,jaccard,0.7216302317508916,0.6772670296559097,0.0443632020949819
one_another,nominative_case,delete_feature,dice,0.5693032796879723,0.5157992163043814,0.05350406338359093
one_another,nominative_case,delete_feature,hamming,0.20532440618523834,0.16993464052287582,0.035389765662362516
one_another,nominative_case,delete_feature,idf_jaccard,0.9187897532997674,0.8727261979234067,0.046063555376360754
one_another,nominative_case,reverse_polarity,jaccard,0.7096482493421801,0.6600346230805675,0.04961362626161259
one_another,nominative_case,reverse_polarity,dice,0.5548113552252056,0.4960270932582008,0.058784261967004814
one_another,nominative_case,reverse_polarity,hamming,0.20509977827051,0.16883116883116883,0.03626860943934118
one_another,nominative_case,reverse_polarity,idf_jaccard,0.9169170824658743,0.8705158122758071,0.046401270190067234
one_another,nominative_case,flip_target_cell,jaccard,0.7236040807770965,0.6854873288588901,0.038116751918206404
one_another,nominative_case,flip_target_cell,dice,0.5714362965177462,0.5251257727740861,0.04631052374366007
one_another,nominative_case,flip_target_cell,hamming,0.20937598986379474,0.17532467532467533,0.034051314539119415
one_another,nominative_case,flip_target_cell,idf_jaccard,0.9137777576331009,0.8777560392782621,0.036021718354838805
one_another,in_word_formation_e_g_a_many_sided_shape,delete_feature,jaccard,0.7217516858247206,0.6772670296559097,0.04448465616881092
one_another,in_word_formation_e_g_a_many_sided_shape,delete_feature,dice,0.5694310610022487,0.5157992163043814,0.053631844697867304
one_another,in_word_formation_e_g_a_many_sided_shape,delete_feature,hamming,0.2050055794675594,0.16993464052287582,0.03507093894468358
one_another,in_word_formation_e_g_a_many_sided_shape,delete_feature,idf_jaccard,0.9188844200362601,0.8727261979234067,0.046158222112853475
one_another,in_word_formation_e_g_a_many_sided_shape,reverse_polarity,jaccard,0.7098321967170691,0.6600346230805675,0.04979757363650161
one_another,in_word_formation_e_g_a_many_sided_shape,reverse_polarity,dice,0.5553485992023344,0.4960270932582008,0.059321505944133546
one_another,in_word_formation_e_g_a_many_sided_shape,reverse_polarity,hamming,0.20509977827051,0.16883116883116883,0.03626860943934118
one_another,in_word_formation_e_g_a_many_sided_shape,reverse_polarity,idf_jaccard,0.9163993059327821,0.8698294578853811,0.04656984804740094
one_another,in_word_formation_e_g_a_many_sided_shape,flip_target_cell,jaccard,0.7236548326339202,0.6854873288588901,0.03816750377503009
one_another,in_word_formation_e_g_a_many_sided_shape,flip_target_cell,dice,0.5711330703677051,0.5251257727740861,0.04600729759361899
one_another,in_word_formation_e_g_a_many_sided_shape,flip_target_cell,hamming,0.20874247703515994,0.17532467532467533,0.03341780171048461
one_another,in_word_formation_e_g_a_many_sided_shape,flip_target_cell,idf_jaccard,0.9147982082424989,0.8771744163977886,0.03762379184471032
one_another,has_derivationtionally_related_words,delete_feature,jaccard,0.7233890672837413,0.6954257011335514,0.027963366150189906
one_another,has_derivationtionally_related_words,delete_feature,dice,0.5708939788926525,0.5372220640403964,0.03367191485225607
one_another,has_derivationtionally_related_words,delete_feature,hamming,0.20181731229076993,0.16993464052287582,0.03188267176789411
one_another,has_derivationtionally_related_words,delete_feature,idf_jaccard,0.9224558631614238,0.8849169271851699,0.03753893597625391
one_another,has_derivationtionally_related_words,reverse_polarity,jaccard,0.727611996742827,0.6954257011335514,0.03218629560927555
one_another,has_derivationtionally_related_words,reverse_polarity,dice,0.5761771890624051,0.5372220640403964,0.03895512502200871
one_another,has_derivationtionally_related_words,reverse_polarity,hamming,0.20509977827051,0.16883116883116883,0.03626860943934118
one_another,has_derivationtionally_related_words,reverse_polarity,idf_jaccard,0.9230762984752953,0.8849169271851698,0.03815937129012548
one_another,has_derivationtionally_related_words,flip_target_cell,jaccard,0.7257863502106238,0.7033860595437937,0.022400290666830025
one_another,has_derivationtionally_related_words,flip_target_cell,dice,0.5735937393152803,0.5464858114748743,0.027107927840406054
one_another,has_derivationtionally_related_words,flip_target_cell,hamming,0.20240734874881214,0.17532467532467533,0.02708267342413681
one_another,has_derivationtionally_related_words,flip_target_cell,idf_jaccard,0.9229189142701316,0.8865237221969411,0.03639519207319053
one_another,has_corresponding_word,delete_feature,jaccard,0.7221442115186559,0.6772670296559097,0.04487718186274625
one_another,has_corresponding_word,delete_feature,dice,0.5699943119421295,0.5157992163043814,0.05419509563774805
one_another,has_corresponding_word,delete_feature,hamming,0.20580264626175673,0.16993464052287582,0.03586800573888091
one_another,has_corresponding_word,delete_feature,idf_jaccard,0.9188463362177703,0.8727261979234067,0.04612013829436368
one_another,has_corresponding_word,reverse_polarity,jaccard,0.7079307307999263,0.6600346230805675,0.047896107719358816
one_another,has_corresponding_word,reverse_polarity,dice,0.5525539398972052,0.4960270932582008,0.056526846639004424
one_another,has_corresponding_word,reverse_polarity,hamming,0.20509977827051,0.16883116883116883,0.03626860943934118
one_another,has_corresponding_word,reverse_polarity,idf_jaccard,0.9176565913262128,0.8714973927709008,0.04615919855531203
one_another,has_corresponding_word,flip_target_cell,jaccard,0.726354085879582,0.6854873288588901,0.04086675702069187
one_another,has_corresponding_word,flip_target_cell,dice,0.5750617696883953,0.5251257727740861,0.049935996914309166
one_another,has_corresponding_word,flip_target_cell,hamming,0.21032625910674696,0.17532467532467533,0.03500158378207163
one_another,has_corresponding_word,flip_target_cell,idf_jaccard,0.9178628089136767,0.8790315247703745,0.03883128414330217
one_another,compound_word,delete_feature,jaccard,0.7217593985029096,0.6954257011335514,0.0263336973693582
one_another,compound_word,delete_feature,dice,0.5688892127435841,0.5372220640403964,0.03166714870318765
one_another,compound_word,delete_feature,hamming,0.20133907221425154,0.16993464052287582,0.03140443169137572
one_another,compound_word,delete_feature,idf_jaccard,0.9218185520980561,0.886892127158874,0.03492642493918208
one_another,compound_word,reverse_polarity,jaccard,0.7264398196955182,0.6954257011335514,0.031014118561966786
one_another,compound_word,reverse_polarity,dice,0.5747263832159246,0.5372220640403964,0.03750431917552821
one_another,compound_word,reverse_polarity,hamming,0.20509977827051,0.16883116883116883,0.03626860943934118
one_another,compound_word,reverse_polarity,idf_jaccard,0.9224186595361399,0.886892127158874,0.035526532377265885
one_another,compound_word,flip_target_cell,jaccard,0.7237347692523496,0.7033860595437937,0.020348709708555845
one_another,compound_word,flip_target_cell,dice,0.5710603054596385,0.5464858114748743,0.02457449398476419
one_another,compound_word,flip_target_cell,hamming,0.20145707950585998,0.17532467532467533,0.02613240418118465
one_another,compound_word,flip_target_cell,idf_jaccard,0.922268192420242,0.8887234301783911,0.03354476224185099
one_another,inflects_for_case,delete_feature,jaccard,0.7401089160392554,0.6886910398081394,0.051417876231116044
one_another,inflects_for_case,delete_feature,dice,0.5925428139581648,0.5282380895368817,0.0643047244212831
one_another,inflects_for_case,delete_feature,hamming,0.2064402996971146,0.16830065359477123,0.03813964610234338
one_another,inflects_for_case,delete_feature,idf_jaccard,0.9206208786983426,0.8736161781768704,0.04700470052147221
one_another,inflects_for_case,reverse_polarity,jaccard,0.7401089160392554,0.6902615256415376,0.049847390397717795
one_another,inflects_for_case,reverse_polarity,dice,0.5925428139581648,0.5302816929241594,0.062261121034005384
one_another,inflects_for_case,reverse_polarity,hamming,0.20509977827051,0.16883116883116883,0.03626860943934118
one_another,inflects_for_case,reverse_polarity,idf_jaccard,0.9206208786983426,0.8745435308665547,0.04607734783178796
one_another,inflects_for_case,flip_target_cell,jaccard,0.7463339066953554,0.6952581682361094,0.051075738459245956
one_another,inflects_for_case,flip_target_cell,dice,0.6002126479953629,0.535610605762712,0.06460204223265087
one_another,inflects_for_case,flip_target_cell,hamming,0.21159328476401645,0.17207792207792208,0.039515362686094374
one_another,inflects_for_case,flip_target_cell,idf_jaccard,0.9207378391252797,0.8737699910355332,0.04696784808974652
one_another,paradigm_has_distinct_acc_form,delete_feature,jaccard,0.7182112767132305,0.6772670296559097,0.040944247057320804
one_another,paradigm_has_distinct_acc_form,delete_feature,dice,0.5653086502348381,0.5157992163043814,0.0495094339304567
one_another,paradigm_has_distinct_acc_form,delete_feature,hamming,0.20197672564960942,0.16993464052287582,0.032042085126733594
one_another,paradigm_has_distinct_acc_form,delete_feature,idf_jaccard,0.9184889026068749,0.8727261979234067,0.045762704683468214
one_another,paradigm_has_distinct_acc_form,reverse_polarity,jaccard,0.7176188865510915,0.6600346230805675,0.05758426347052403
one_another,paradigm_has_distinct_acc_form,reverse_polarity,dice,0.5644929900372784,0.4960270932582008,0.06846589677907755
one_another,paradigm_has_distinct_acc_form,reverse_polarity,hamming,0.20509977827051,0.16883116883116883,0.03626860943934118
one_another,paradigm_has_distinct_acc_form,reverse_polarity,idf_jaccard,0.9154797422828319,0.8614457003754583,0.0540340419073736
one_another,paradigm_has_distinct_acc_form,flip_target_cell,jaccard,0.7088521586229957,0.6854873288588901,0.023364829764105588
one_another,paradigm_has_distinct_acc_form,flip_target_cell,dice,0.5538777587250036,0.5251257727740861,0.028751985950917436
one_another,paradigm_has_distinct_acc_form,flip_target_cell,hamming,0.20272410516312953,0.17532467532467533,0.027399429838454198
one_another,paradigm_has_distinct_acc_form,flip_target_cell,idf_jaccard,0.9098575971245078,0.8744770066793498,0.035380590445157956
one_another,paradigm_has_genitive_form,delete_feature,jaccard,0.7162184948513182,0.6772670296559097,0.038951465195408486
one_another,paradigm_has_genitive_form,delete_feature,dice,0.5629791276747226,0.5157992163043814,0.047179911370341165
one_another,paradigm_has_genitive_form,delete_feature,hamming,0.20006376534353576,0.16993464052287582,0.030129124820659936
one_another,paradigm_has_genitive_form,delete_feature,idf_jaccard,0.9187137647819842,0.8727261979234067,0.04598756685857752
one_another,paradigm_has_genitive_form,reverse_polarity,jaccard,0.7222459734089642,0.6600346230805675,0.06221135032839675
one_another,paradigm_has_genitive_form,reverse_polarity,dice,0.5700971393436636,0.4960270932582008,0.07407004608546275
one_another,paradigm_has_genitive_form,reverse_polarity,hamming,0.20509977827051,0.16883116883116883,0.03626860943934118
one_another,paradigm_has_genitive_form,reverse_polarity,idf_jaccard,0.9199879001141612,0.8527350774527613,0.06725282266139987
one_another,paradigm_has_genitive_form,flip_target_cell,jaccard,0.7002725169125024,0.6854873288588901,0.014785188053612286
one_another,paradigm_has_genitive_form,flip_target_cell,dice,0.5436817977615871,0.5251257727740861,0.018556024987500974
one_another,paradigm_has_genitive_form,flip_target_cell,hamming,0.19892302819132088,0.17532467532467533,0.02359835286664555
one_another,paradigm_has_genitive_form,flip_target_cell,idf_jaccard,0.9124311569967571,0.8736046041142744,0.03882655288248271
one_another,paradigm_has_distinct_independent_genitive_form,delete_feature,jaccard,0.7175894008884894,0.6772670296559097,0.04032237123257976
one_another,paradigm_has_distinct_independent_genitive_form,delete_feature,dice,0.5645665071912855,0.5157992163043814,0.048767290886904124
one_another,paradigm_has_distinct_independent_genitive_form,delete_feature,hamming,0.20117965885541206,0.16993464052287582,0.031245018332536234
one_another,paradigm_has_distinct_independent_genitive_form,delete_feature,idf_jaccard,0.9185603746225453,0.8727261979234067,0.045834176699138585
one_another,paradigm_has_distinct_independent_genitive_form,reverse_polarity,jaccard,0.7192785566953888,0.6600346230805675,0.059243933614821276
one_another,paradigm_has_distinct_independent_genitive_form,reverse_polarity,dice,0.566625768226269,0.4960270932582008,0.07059867496806815
one_another,paradigm_has_distinct_independent_genitive_form,reverse_polarity,hamming,0.20509977827051,0.16883116883116883,0.03626860943934118
one_another,paradigm_has_distinct_independent_genitive_form,reverse_polarity,idf_jaccard,0.9163768052660713,0.8583389054415733,0.05803789982449803
one_another,paradigm_has_distinct_independent_genitive_form,flip_target_cell,jaccard,0.7059541046359378,0.6854873288588901,0.020466775777047697
one_another,paradigm_has_distinct_independent_genitive_form,flip_target_cell,dice,0.550272947727406,0.5251257727740861,0.025147174953319862
one_another,paradigm_has_distinct_independent_genitive_form,flip_target_cell,hamming,0.20114032309154256,0.17532467532467533,0.025815647766867234
one_another,paradigm_has_distinct_independent_genitive_form,flip_target_cell,idf_jaccard,0.9108638959511381,0.8740766387297905,0.03678725722134768
one_another,paradigm_has_distinct_self_form,delete_feature,jaccard,0.7162184948513182,0.6772670296559097,0.038951465195408486
one_another,paradigm_has_distinct_self_form,delete_feature,dice,0.5629791276747226,0.5157992163043814,0.047179911370341165
one_another,paradigm_has_distinct_self_form,delete_feature,hamming,0.20006376534353576,0.16993464052287582,0.030129124820659936
one_another,paradigm_has_distinct_self_form,delete_feature,idf_jaccard,0.9187137647819842,0.8727261979234067,0.04598756685857752
one_another,paradigm_has_distinct_self_form,reverse_polarity,jaccard,0.7222459734089642,0.6600346230805675,0.06221135032839675
one_another,paradigm_has_distinct_self_form,reverse_polarity,dice,0.5700971393436636,0.4960270932582008,0.07407004608546275
one_another,paradigm_has_distinct_self_form,reverse_polarity,hamming,0.20509977827051,0.16883116883116883,0.03626860943934118
one_another,paradigm_has_distinct_self_form,reverse_polarity,idf_jaccard,0.9199879001141612,0.8527350774527613,0.06725282266139987
one_another,paradigm_has_distinct_self_form,flip_target_cell,jaccard,0.7002725169125024,0.6854873288588901,0.014785188053612286
one_another,paradigm_has_distinct_self_form,flip_target_cell,dice,0.5436817977615871,0.5251257727740861,0.018556024987500974
one_another,paradigm_has_distinct_self_form,flip_target_cell,hamming,0.19892302819132088,0.17532467532467533,0.02359835286664555
one_another,paradigm_has_distinct_self_form,flip_target_cell,idf_jaccard,0.9124311569967571,0.8736046041142744,0.03882655288248271
one_another,paradigm_has_comparative_and_superlative_forms,delete_feature,jaccard,0.7228114730155731,0.6772670296559097,0.045544443359663456
one_another,paradigm_has_comparative_and_superlative_forms,delete_feature,dice,0.570798797392139,0.5157992163043814,0.0549995810877576
one_another,paradigm_has_comparative_and_superlative_forms,delete_feature,hamming,0.2064402996971146,0.16993464052287582,0.036505659174238786
one_another,paradigm_has_comparative_and_superlative_forms,delete_feature,idf_jaccard,0.919285147531665,0.8727261979234067,0.04655894960825835
one_another,paradigm_has_comparative_and_superlative_forms,reverse_polarity,jaccard,0.7063192992561306,0.6600346230805675,0.04628467617556309
one_another,paradigm_has_comparative_and_superlative_forms,reverse_polarity,dice,0.5506168766202588,0.4960270932582008,0.054589783362058
one_another,paradigm_has_comparative_and_superlative_forms,reverse_polarity,hamming,0.20509977827051,0.16883116883116883,0.03626860943934118
one_another,paradigm_has_comparative_and_superlative_forms,reverse_polarity,idf_jaccard,0.919285147531665,0.8727261979234066,0.04655894960825846
one_another,paradigm_has_comparative_and_superlative_forms,flip_target_cell,jaccard,0.7292914557801984,0.6854873288588901,0.043804126921308306
one_another,paradigm_has_comparative_and_superlative_forms,flip_target_cell,dice,0.578584642020693,0.5251257727740861,0.05345886924660692
one_another,paradigm_has_comparative_and_superlative_forms,flip_target_cell,hamming,0.21159328476401645,0.17532467532467533,0.036268609439341126
one_another,paradigm_has_comparative_and_superlative_forms,flip_target_cell,idf_jaccard,0.9253889991946226,0.8820790972861751,0.04330990190844752
one_another,paradigm_has_distinct_plural_form,delete_feature,jaccard,0.7199472442211431,0.6772670296559097,0.04268021456523341
one_another,paradigm_has_distinct_plural_form,delete_feature,dice,0.5674191506014027,0.5157992163043814,0.051619934297021275
one_another,paradigm_has_distinct_plural_form,delete_feature,hamming,0.2035708592380041,0.16993464052287582,0.033636218715128285
one_another,paradigm_has_distinct_plural_form,delete_feature,idf_jaccard,0.9184125171684778,0.8727261979234067,0.04568631924507116
one_another,paradigm_has_distinct_plural_form,reverse_polarity,jaccard,0.7132229071091051,0.6600346230805675,0.05318828402853759
one_another,paradigm_has_distinct_plural_form,reverse_polarity,dice,0.5590910207453649,0.4960270932582008,0.06306392748716405
one_another,paradigm_has_distinct_plural_form,reverse_polarity,hamming,0.20509977827051,0.16883116883116883,0.03626860943934118
one_another,paradigm_has_distinct_plural_form,reverse_polarity,idf_jaccard,0.9146764564684245,0.8663550882736724,0.04832136819475219
one_another,paradigm_has_distinct_plural_form,flip_target_cell,jaccard,0.7167009714102714,0.6854873288588901,0.03121364255138137
one_another,paradigm_has_distinct_plural_form,flip_target_cell,dice,0.5634415405258605,0.5251257727740861,0.038315767751774366
one_another,paradigm_has_distinct_plural_form,flip_target_cell,hamming,0.20589166930630343,0.17532467532467533,0.0305669939816281
one_another,paradigm_has_distinct_plural_form,flip_target_cell,idf_jaccard,0.9106421014470742,0.8755410849381634,0.03510101650891084
one_another,does_not_inflect,delete_feature,jaccard,0.7168216944317012,0.6954257011335514,0.021395993298149785
one_another,does_not_inflect,delete_feature,dice,0.5637566406473575,0.5372220640403964,0.026534576606961124
one_another,does_not_inflect,delete_feature,hamming,0.20006376534353576,0.16993464052287582,0.030129124820659936
one_another,does_not_inflect,delete_feature,idf_jaccard,0.9179807574912378,0.8936806267060879,0.02430013078514981
one_another,does_not_inflect,reverse_polarity,jaccard,0.723414672595956,0.6954257011335514,0.027988971462404644
one_another,does_not_inflect,reverse_polarity,dice,0.5715763103647739,0.5372220640403964,0.034354246324377447
one_another,does_not_inflect,reverse_polarity,hamming,0.20509977827051,0.16883116883116883,0.03626860943934118
one_another,does_not_inflect,reverse_polarity,idf_jaccard,0.9185727215609903,0.8936806267060879,0.024892094854902402
one_another,does_not_inflect,flip_target_cell,jaccard,0.7170052769126872,0.7033860595437937,0.013619217368893488
one_another,does_not_inflect,flip_target_cell,dice,0.563999502250938,0.5464858114748743,0.017513690776063684
one_another,does_not_inflect,flip_target_cell,hamming,0.19892302819132088,0.17532467532467533,0.02359835286664555
one_another,does_not_inflect,flip_target_cell,idf_jaccard,0.9180010357963678,0.8962091328042514,0.02179190299211642
one_another,Monmorphemic,delete_feature,jaccard,0.7192577513060651,0.6772670296559097,0.04199072165015538
one_another,Monmorphemic,delete_feature,dice,0.5662864971807591,0.5157992163043814,0.05048728087637766
one_another,Monmorphemic,delete_feature,hamming,0.2024549657261278,0.16993464052287582,0.03252032520325199
one_another,Monmorphemic,delete_feature,idf_jaccard,0.9186836814894598,0.8727261979234066,0.045957483566053225
one_another,Monmorphemic,reverse_polarity,jaccard,0.7168532139144386,0.6600346230805675,0.056818590833871085
one_another,Monmorphemic,reverse_polarity,dice,0.5642175378743166,0.4960270932582008,0.06819044461611579
one_another,Monmorphemic,reverse_polarity,hamming,0.20509977827051,0.16883116883116883,0.03626860943934118
one_another,Monmorphemic,reverse_polarity,idf_jaccard,0.9151368624395243,0.8630707349773037,0.05206612746222061
one_another,Monmorphemic,flip_target_cell,jaccard,0.7116553989319219,0.6854873288588901,0.02616807007303179
one_another,Monmorphemic,flip_target_cell,dice,0.5560484359605842,0.5251257727740861,0.030922663186498056
one_another,Monmorphemic,flip_target_cell,hamming,0.20367437440608172,0.17532467532467533,0.028349699081406388
one_another,Monmorphemic,flip_target_cell,idf_jaccard,0.9100634114898529,0.8747516765186283,0.03531173497122464
one_another,Must_be_stressed_as_object_after_particle,delete_feature,jaccard,0.7177365792906113,0.6772670296559097,0.04046954963470162
one_another,Must_be_stressed_as_object_after_particle,delete_feature,dice,0.5650124811906417,0.5157992163043814,0.04921326488626032
one_another,Must_be_stressed_as_object_after_particle,delete_feature,hamming,0.20213613900844887,0.16993464052287582,0.03220149848557305
one_another,Must_be_stressed_as_object_after_particle,delete_feature,idf_jaccard,0.9183033457352632,0.8727261979234066,0.04557714781185662
one_another,Must_be_stressed_as_object_after_particle,reverse_polarity,jaccard,0.7167804077970256,0.6600346230805675,0.05674578471645808
one_another,Must_be_stressed_as_object_after_particle,reverse_polarity,dice,0.562647470444816,0.4960270932582008,0.06662037718661518
one_another,Must_be_stressed_as_object_after_particle,reverse_polarity,hamming,0.20509977827051,0.16883116883116883,0.03626860943934118
one_another,Must_be_stressed_as_object_after_particle,reverse_polarity,idf_jaccard,0.9151966847625439,0.8620046487144446,0.0531920360480993
one_another,Must_be_stressed_as_object_after_particle,flip_target_cell,jaccard,0.7087914587901185,0.6854873288588901,0.023304129931228434
one_another,Must_be_stressed_as_object_after_particle,flip_target_cell,dice,0.555179978524754,0.5251257727740861,0.03005420575066786
one_another,Must_be_stressed_as_object_after_particle,flip_target_cell,hamming,0.20304086157744694,0.17532467532467533,0.027716186252771613
one_another,Must_be_stressed_as_object_after_particle,flip_target_cell,idf_jaccard,0.9095318805651869,0.8745652810005263,0.03496659956466053
one_another,Start_with_th,delete_feature,jaccard,0.7211227815418371,0.6772670296559097,0.043855751885927385
one_another,Start_with_th,delete_feature,dice,0.5688159801430669,0.5157992163043814,0.05301676383868548
one_another,Start_with_th,delete_feature,hamming,0.20484616610871986,0.16993464052287582,0.03491152558584404
one_another,Start_with_th,delete_feature,idf_jaccard,0.9185339911841566,0.8727261979234066,0.04580779326075002
one_another,Start_with_th,reverse_polarity,jaccard,0.7102823826707546,0.6600346230805675,0.050247759590187124
one_another,Start_with_th,reverse_polarity,dice,0.5554280197301156,0.4960270932582008,0.05940092647191475
one_another,Start_with_th,reverse_polarity,hamming,0.20509977827051,0.16883116883116883,0.03626860943934118
one_another,Start_with_th,reverse_polarity,idf_jaccard,0.9159451394486167,0.8694759039053631,0.04646923554325355
one_another,Start_with_th,flip_target_cell,jaccard,0.7219782204981054,0.6854873288588901,0.03649089163921537
one_another,Start_with_th,flip_target_cell,dice,0.5698651338780969,0.5251257727740861,0.04473936110401078
one_another,Start_with_th,flip_target_cell,hamming,0.2084257206208426,0.17532467532467533,0.03310104529616728
one_another,Start_with_th,flip_target_cell,idf_jaccard,0.9129326614226236,0.8769289227138446,0.03600373870877904
one_another,Start_with_hw,delete_feature,jaccard,0.7228114730155731,0.6772670296559097,0.045544443359663456
one_another,Start_with_hw,delete_feature,dice,0.570798797392139,0.5157992163043814,0.0549995810877576
one_another,Start_with_hw,delete_feature,hamming,0.2064402996971146,0.16993464052287582,0.036505659174238786
one_another,Start_with_hw,delete_feature,idf_jaccard,0.919285147531665,0.8727261979234066,0.04655894960825846
one_another,Start_with_hw,reverse_polarity,jaccard,0.7063192992561306,0.6600346230805675,0.04628467617556309
one_another,Start_with_hw,reverse_polarity,dice,0.5506168766202588,0.4960270932582008,0.054589783362058
one_another,Start_with_hw,reverse_polarity,hamming,0.20509977827051,0.16883116883116883,0.03626860943934118
one_another,Start_with_hw,reverse_polarity,idf_jaccard,0.919285147531665,0.8727261979234066,0.04655894960825846
one_another,Start_with_hw,flip_target_cell,jaccard,0.7292914557801984,0.6854873288588901,0.043804126921308306
one_another,Start_with_hw,flip_target_cell,dice,0.578584642020693,0.5251257727740861,0.05345886924660692
one_another,Start_with_hw,flip_target_cell,hamming,0.21159328476401645,0.17532467532467533,0.036268609439341126
one_another,Start_with_hw,flip_target_cell,idf_jaccard,0.9253889991946226,0.8820790972861751,0.04330990190844752
one_another,anaphoric_marker,delete_feature,jaccard,0.7358839600738593,0.6889226480162494,0.046961312057609894
one_another,anaphoric_marker,delete_feature,dice,0.5866162346148189,0.5292412683376682,0.057374966277150774
one_another,anaphoric_marker,delete_feature,hamming,0.20516499282639886,0.16830065359477123,0.03686433923162763
one_another,anaphoric_marker,delete_feature,idf_jaccard,0.922811751344148,0.8756119039868735,0.04719984735727445
one_another,anaphoric_marker,reverse_polarity,jaccard,0.7367467890477241,0.69077952338885,0.0459672656588741
one_another,anaphoric_marker,reverse_polarity,dice,0.5877804907130015,0.5314534022385234,0.05632708847447809
one_another,anaphoric_marker,reverse_polarity,hamming,0.20509977827051,0.16883116883116883,0.03626860943934118
one_another,anaphoric_marker,reverse_polarity,idf_jaccard,0.9230738273445156,0.8764425571314294,0.04663127021308622
one_another,anaphoric_marker,flip_target_cell,jaccard,0.741337724193684,0.6951912238858644,0.04614650030781964
one_another,anaphoric_marker,flip_target_cell,dice,0.5932079752182622,0.5364099296044886,0.05679804561377355
one_another,anaphoric_marker,flip_target_cell,hamming,0.20905923344947736,0.17207792207792208,0.036981311371555275
one_another,anaphoric_marker,flip_target_cell,idf_jaccard,0.923140130460849,0.8760596707500198,0.04708045971082919
one_another,deictic_marker,delete_feature,jaccard,0.7200814985776771,0.6772670296559097,0.042814468921767435
one_another,deictic_marker,delete_feature,dice,0.5675205420226361,0.5157992163043814,0.05172132571825472
one_another,deictic_marker,delete_feature,hamming,0.20357085923800416,0.16993464052287582,0.03363621871512834
one_another,deictic_marker,delete_feature,idf_jaccard,0.918443658646329,0.8727261979234067,0.045717460722922376
one_another,deictic_marker,reverse_polarity,jaccard,0.7132779886509983,0.6600346230805675,0.053243365570430856
one_another,deictic_marker,reverse_polarity,dice,0.5592959856212829,0.4960270932582008,0.06326889236308209
one_another,deictic_marker,reverse_polarity,hamming,0.20509977827051,0.16883116883116883,0.03626860943934118
one_another,deictic_marker,reverse_polarity,idf_jaccard,0.9147168696483924,0.8663550882736722,0.048361781374720136
one_another,deictic_marker,flip_target_cell,jaccard,0.716902679168264,0.6854873288588901,0.031415350309373924
one_another,deictic_marker,flip_target_cell,dice,0.5634280411035371,0.5251257727740861,0.03830226832945094
one_another,deictic_marker,flip_target_cell,hamming,0.20589166930630345,0.17532467532467533,0.030566993981628127
one_another,deictic_marker,flip_target_cell,idf_jaccard,0.9106414464528161,0.8755410849381634,0.03510036151465268
one_another,person_deixis,delete_feature,jaccard,0.718531093567046,0.6772670296559097,0.04126406391113635
one_another,person_deixis,delete_feature,dice,0.5656730633994567,0.5157992163043814,0.04987384709507525
one_another,person_deixis,delete_feature,hamming,0.20213613900844887,0.16993464052287582,0.03220149848557305
one_another,person_deixis,delete_feature,idf_jaccard,0.9184842867283102,0.8727261979234067,0.04575808880490351
one_another,person_deixis,reverse_polarity,jaccard,0.7169929169065651,0.6600346230805675,0.0569582938259976
one_another,person_deixis,reverse_polarity,dice,0.5637965191260494,0.4960270932582008,0.06776942586784862
one_another,person_deixis,reverse_polarity,hamming,0.20509977827051,0.16883116883116883,0.03626860943934118
one_another,person_deixis,reverse_polarity,idf_jaccard,0.9151267986806366,0.8620046487144446,0.05312214996619202
one_another,person_deixis,flip_target_cell,jaccard,0.7101091300584659,0.6854873288588901,0.0246218011995758
one_another,person_deixis,flip_target_cell,dice,0.5552867555552744,0.5251257727740861,0.030160982781188284
one_another,person_deixis,flip_target_cell,hamming,0.20304086157744694,0.17532467532467533,0.027716186252771613
one_another,person_deixis,flip_target_cell,idf_jaccard,0.909999061684321,0.8745652810005263,0.03543378068379466
one_another,pro_form,delete_feature,jaccard,0.7401089160392554,0.6686044317566631,0.07150448428259237
one_another,pro_form,delete_feature,dice,0.5925428139581648,0.5060973366185764,0.0864454773395884
one_another,pro_form,delete_feature,hamming,0.2064402996971146,0.1633986928104575,0.04304160688665712
one_another,pro_form,delete_feature,idf_jaccard,0.9253655636075089,0.8718979599713496,0.05346760363615932
one_another,pro_form,reverse_polarity,jaccard,0.7401089160392554,0.6772670296559097,0.06284188638334576
one_another,pro_form,reverse_polarity,dice,0.5925428139581648,0.5157992163043814,0.07674359765378336
one_another,pro_form,reverse_polarity,hamming,0.20509977827051,0.16883116883116883,0.03626860943934118
one_another,pro_form,reverse_polarity,idf_jaccard,0.9253655636075089,0.8750335192764451,0.05033204433106375
one_another,pro_form,flip_target_cell,jaccard,0.7463339066953554,0.6686044317566631,0.07772947493869231
one_another,pro_form,flip_target_cell,dice,0.6002126479953629,0.5060973366185764,0.09411531137678653
one_another,pro_form,flip_target_cell,hamming,0.21159328476401645,0.16233766233766234,0.04925562242635412
one_another,pro_form,flip_target_cell,idf_jaccard,0.9258634311142129,0.8718979599713496,0.05396547114286332
one_another,personal_gender_as_head_or_fused_head,delete_feature,jaccard,0.7179961649915078,0.6723270021394502,0.045669162852057577
one_another,personal_gender_as_head_or_fused_head,delete_feature,dice,0.5649871077008395,0.5105369290856866,0.05445017861515289
one_another,personal_gender_as_head_or_fused_head,delete_feature,hamming,0.201498485573091,0.16666666666666666,0.03483181890642434
one_another,personal_gender_as_head_or_fused_head,delete_feature,idf_jaccard,0.9188412814682838,0.8721187483446413,0.046722533123642496
one_another,personal_gender_as_head_or_fused_head,reverse_polarity,jaccard,0.7186081710897665,0.6682322257081283,0.05037594538163814
one_another,personal_gender_as_head_or_fused_head,reverse_polarity,dice,0.56588392919605,0.5047710835823902,0.061112845613659816
one_another,personal_gender_as_head_or_fused_head,reverse_polarity,hamming,0.20509977827051,0.16883116883116883,0.03626860943934118
one_another,personal_gender_as_head_or_fused_head,reverse_polarity,idf_jaccard,0.9149749959249124,0.864445846798585,0.05052914912632733
one_another,personal_gender_as_head_or_fused_head,flip_target_cell,jaccard,0.7074235475819236,0.6675788845062867,0.039844663075636944
one_another,personal_gender_as_head_or_fused_head,flip_target_cell,dice,0.5518393061147936,0.5060914580322242,0.045747848082569376
one_another,personal_gender_as_head_or_fused_head,flip_target_cell,hamming,0.20177383592017736,0.16883116883116883,0.03294266708900853
one_another,personal_gender_as_head_or_fused_head,flip_target_cell,idf_jaccard,0.9138182019939196,0.8692393130558327,0.044578888938086925
one_another,non_personal_gender,delete_feature,jaccard,0.721977757223883,0.6735444592731226,0.04843329795076046
one_another,non_personal_gender,delete_feature,dice,0.5698243564451957,0.5113596238372712,0.05846473260792451
one_another,non_personal_gender,delete_feature,hamming,0.20580264626175673,0.16666666666666666,0.039135979595090076
one_another,non_personal_gender,delete_feature,idf_jaccard,0.9190224362737425,0.871267351803272,0.0477550844704705
one_another,non_personal_gender,reverse_polarity,jaccard,0.7081747719505147,0.6690694270283487,0.039105344922166
one_another,non_personal_gender,reverse_polarity,dice,0.5528080117764917,0.5070552259801919,0.04575278579629982
one_another,non_personal_gender,reverse_polarity,hamming,0.20509977827051,0.16883116883116883,0.03626860943934118
one_another,non_personal_gender,reverse_polarity,idf_jaccard,0.9152161656622869,0.8694938696996222,0.04572229596266475
one_another,non_personal_gender,flip_target_cell,jaccard,0.7257846003396164,0.669056444120629,0.05672815621898741
one_another,non_personal_gender,flip_target_cell,dice,0.5744796801744798,0.5053466110577373,0.06913306911674255
one_another,non_personal_gender,flip_target_cell,hamming,0.21032625910674688,0.16883116883116883,0.041495090275578045
one_another,non_personal_gender,flip_target_cell,idf_jaccard,0.9181711391427003,0.8606049964036011,0.05756614273909921
one_another,epicene_personal_gender,delete_feature,jaccard,0.7200775360905659,0.6723270021394502,0.047750533951115726
one_another,epicene_personal_gender,delete_feature,dice,0.5675225164351149,0.5105369290856866,0.05698558734942827
one_another,epicene_personal_gender,delete_feature,hamming,0.20357085923800416,0.16666666666666666,0.03690419257133751
one_another,epicene_personal_gender,delete_feature,idf_jaccard,0.918725934768045,0.871459206701894,0.047266728066150954
one_another,epicene_personal_gender,reverse_polarity,jaccard,0.7132065942378384,0.6682322257081283,0.04497436852971004
one_another,epicene_personal_gender,reverse_polarity,dice,0.5591642700925376,0.5047710835823902,0.05439318651014735
one_another,epicene_personal_gender,reverse_polarity,hamming,0.20509977827051,0.16883116883116883,0.03626860943934118
one_another,epicene_personal_gender,reverse_polarity,idf_jaccard,0.9126938935548712,0.8673813300301746,0.04531256352469659
one_another,epicene_personal_gender,flip_target_cell,jaccard,0.7169681250085054,0.6675788845062867,0.04938924050221871
one_another,epicene_personal_gender,flip_target_cell,dice,0.5635655855433767,0.5060914580322242,0.05747412751115244
one_another,epicene_personal_gender,flip_target_cell,hamming,0.20589166930630343,0.16883116883116883,0.037060500475134595
one_another,epicene_personal_gender,flip_target_cell,idf_jaccard,0.9135086884706035,0.8655084829047224,0.04800020556588114
one_another,masculine_gender,delete_feature,jaccard,0.7220644742203937,0.6772670296559097,0.04479744456448398
one_another,masculine_gender,delete_feature,dice,0.569922536351238,0.5157992163043814,0.054123320046856604
one_another,masculine_gender,delete_feature,hamming,0.20580264626175673,0.16993464052287582,0.03586800573888091
one_another,masculine_gender,delete_feature,idf_jaccard,0.9188338405750375,0.8727261979234066,0.04610764265163092
one_another,masculine_gender,reverse_polarity,jaccard,0.7079967428819308,0.6600346230805675,0.047962119801363334
one_another,masculine_gender,reverse_polarity,dice,0.552598770629896,0.4960270932582008,0.05657167737169522
one_another,masculine_gender,reverse_polarity,hamming,0.20509977827051,0.16883116883116883,0.03626860943934118
one_another,masculine_gender,reverse_polarity,idf_jaccard,0.9176557969826672,0.8714973927709008,0.046158404211766424
one_another,masculine_gender,flip_target_cell,jaccard,0.7261332459206337,0.6854873288588901,0.040645917061743586
one_another,masculine_gender,flip_target_cell,dice,0.5748789417059653,0.5251257727740861,0.0497531689318792
one_another,masculine_gender,flip_target_cell,hamming,0.21032625910674688,0.17532467532467533,0.03500158378207155
one_another,masculine_gender,flip_target_cell,idf_jaccard,0.9174306966500078,0.8790315247703745,0.038399171879633265
one_another,feminine_gender,delete_feature,jaccard,0.7220080668001219,0.6772670296559097,0.04474103714421218
one_another,feminine_gender,delete_feature,dice,0.5698275798098607,0.5157992163043814,0.05402836350547924
one_another,feminine_gender,delete_feature,hamming,0.20564323290291728,0.16993464052287582,0.035708592380041454
one_another,feminine_gender,delete_feature,idf_jaccard,0.9188184063344973,0.8727261979234066,0.04609220841109074
one_another,feminine_gender,reverse_polarity,jaccard,0.708356783885897,0.6600346230805675,0.04832216080532947
one_another,feminine_gender,reverse_polarity,dice,0.5531355161153881,0.4960270932582008,0.05710842285718731
one_another,feminine_gender,reverse_polarity,hamming,0.20509977827051,0.16883116883116883,0.03626860943934118
one_another,feminine_gender,reverse_polarity,idf_jaccard,0.917369782772934,0.8711762683199246,0.046193514453009454
one_another,feminine_gender,flip_target_cell,jaccard,0.7256561165299652,0.6854873288588901,0.040168787671075123
one_another,feminine_gender,flip_target_cell,dice,0.574149056787158,0.5251257727740861,0.04902328401307188
one_another,feminine_gender,flip_target_cell,hamming,0.21000950269242952,0.17532467532467533,0.03468482736775419
one_another,feminine_gender,flip_target_cell,idf_jaccard,0.916562304475908,0.8785261467747965,0.03803615770111157
one_another,definite,delete_feature,jaccard,0.7392959079091742,0.6686044317566631,0.07069147615251115
one_another,definite,delete_feature,dice,0.5915019785142485,0.5060973366185764,0.0854046418956721
one_another,definite,delete_feature,hamming,0.20628088633827515,0.1633986928104575,0.042882193527817664
one_another,definite,delete_feature,idf_jaccard,0.9256171063748377,0.8718354521938032,0.05378165418103453
one_another,definite,reverse_polarity,jaccard,0.7395057164588726,0.6772670296559097,0.06223868680296296
one_another,definite,reverse_polarity,dice,0.5917653009855299,0.5157992163043814,0.07596608468114852
one_another,definite,reverse_polarity,hamming,0.20509977827051,0.16883116883116883,0.03626860943934118
one_another,definite,reverse_polarity,idf_jaccard,0.9256565799324171,0.8748277850601486,0.050828794872268546
one_another,definite,flip_target_cell,jaccard,0.7453373160842879,0.6686044317566631,0.07673288432762482
one_another,definite,flip_target_cell,dice,0.5989289509478661,0.5060973366185764,0.09283161432928977
one_another,definite,flip_target_cell,hamming,0.21127652834969904,0.16233766233766234,0.0489388660120367
one_another,definite,flip_target_cell,idf_jaccard,0.9261389408408274,0.8718354521938032,0.05430348864702417
one_another,indefinite,delete_feature,jaccard,0.7228114730155731,0.6686044317566631,0.05420704125891007
one_another,indefinite,delete_feature,dice,0.570798797392139,0.5060973366185764,0.06470146077356265
one_another,indefinite,delete_feature,hamming,0.2064402996971146,0.1633986928104575,0.04304160688665712
one_another,indefinite,delete_feature,idf_jaccard,0.9192851475316648,0.8694718275831689,0.049813319948495915
one_another,indefinite,reverse_polarity,jaccard,0.7063192992561306,0.6772670296559097,0.029052269600220892
one_another,indefinite,reverse_polarity,dice,0.5506168766202588,0.5157992163043814,0.03481766031587741
one_another,indefinite,reverse_polarity,hamming,0.20509977827051,0.16883116883116883,0.03626860943934118
one_another,indefinite,reverse_polarity,idf_jaccard,0.9132856047380234,0.8703317472691585,0.04295385746886493
one_another,indefinite,flip_target_cell,jaccard,0.7292914557801984,0.6511479997680255,0.07814345601217287
one_another,indefinite,flip_target_cell,dice,0.578584642020693,0.48631229631587536,0.09227234570481768
one_another,indefinite,flip_target_cell,hamming,0.21159328476401645,0.16233766233766234,0.04925562242635412
one_another,indefinite,flip_target_cell,idf_jaccard,0.9213092368776123,0.848066540096198,0.07324269678141437
one_another,existential,delete_feature,jaccard,0.7401089160392554,0.6954257011335514,0.04468321490570404
one_another,existential,delete_feature,dice,0.5925428139581648,0.5372220640403964,0.055320749917768364
one_another,existential,delete_feature,hamming,0.2064402996971146,0.16993464052287582,0.036505659174238786
one_another,existential,delete_feature,idf_jaccard,0.9192851475316648,0.8727261979234066,0.04655894960825824
one_another,existential,reverse_polarity,jaccard,0.7401089160392554,0.6954257011335514,0.04468321490570404
one_another,existential,reverse_polarity,dice,0.5925428139581648,0.5372220640403964,0.055320749917768364
one_another,existential,reverse_polarity,hamming,0.20509977827051,0.16883116883116883,0.03626860943934118
one_another,existential,reverse_polarity,idf_jaccard,0.919285147531665,0.8727261979234066,0.04655894960825846
one_another,existential,flip_target_cell,jaccard,0.7463339066953554,0.7033860595437937,0.042947847151561636
one_another,existential,flip_target_cell,dice,0.6002126479953629,0.5464858114748743,0.0537268365204886
one_another,existential,flip_target_cell,hamming,0.21159328476401645,0.17532467532467533,0.036268609439341126
one_another,existential,flip_target_cell,idf_jaccard,0.919285147531665,0.8727261979234066,0.04655894960825846
one_another,universal,delete_feature,jaccard,0.7228114730155731,0.6748526403171782,0.04795883269839496
one_another,universal,delete_feature,dice,0.570798797392139,0.5132598773364709,0.057538920055668075
one_another,universal,delete_feature,hamming,0.2064402996971146,0.16830065359477125,0.038139646102343355
one_another,universal,delete_feature,idf_jaccard,0.9192851475316648,0.8705581864149421,0.0487269611167227
one_another,universal,reverse_polarity,jaccard,0.7063192992561306,0.6639521105727502,0.04236718868338041
one_another,universal,reverse_polarity,dice,0.5506168766202588,0.5002041880931904,0.05041268852706837
one_another,universal,reverse_polarity,hamming,0.20509977827051,0.16883116883116883,0.03626860943934118
one_another,universal,reverse_polarity,idf_jaccard,0.9179533600960701,0.8696866078350004,0.04826675226106969
one_another,universal,flip_target_cell,jaccard,0.7292914557801984,0.6768227337994781,0.05246872198072028
one_another,universal,flip_target_cell,dice,0.578584642020693,0.5159783638105007,0.06260627821019238
one_another,universal,flip_target_cell,hamming,0.21159328476401645,0.17207792207792208,0.039515362686094374
one_another,universal,flip_target_cell,idf_jaccard,0.9234039687702936,0.864246456048723,0.05915751272157066
one_another,free_choice,delete_feature,jaccard,0.7228114730155731,0.675410154283309,0.047401318732264164
one_another,free_choice,delete_feature,dice,0.570798797392139,0.5135870824035262,0.05721171498861277
one_another,free_choice,delete_feature,hamming,0.2064402996971146,0.16830065359477123,0.03813964610234338
one_another,free_choice,delete_feature,idf_jaccard,0.9192851475316648,0.8712016822424925,0.04808346528917229
one_another,free_choice,reverse_polarity,jaccard,0.7063192992561306,0.6644508654978809,0.04186843375824967
one_another,free_choice,reverse_polarity,dice,0.5506168766202588,0.501354496031166,0.049262380589092825
one_another,free_choice,reverse_polarity,hamming,0.20509977827051,0.16883116883116883,0.03626860943934118
one_another,free_choice,reverse_polarity,idf_jaccard,0.9179533600960701,0.8703232545595243,0.047630105536545786
one_another,free_choice,flip_target_cell,jaccard,0.7292914557801984,0.6773845585162177,0.05190689726398068
one_another,free_choice,flip_target_cell,dice,0.578584642020693,0.5154411865269999,0.06314345549369316
one_another,free_choice,flip_target_cell,hamming,0.21159328476401645,0.17207792207792208,0.039515362686094374
one_another,free_choice,flip_target_cell,idf_jaccard,0.9234039687702936,0.8650060712386578,0.05839789753163582
one_another,negative,delete_feature,jaccard,0.7228114730155731,0.6752538804348015,0.047557592580771635
one_another,negative,delete_feature,dice,0.570798797392139,0.5134747232249302,0.05732407416720886
one_another,negative,delete_feature,hamming,0.2064402996971146,0.16830065359477123,0.03813964610234338
one_another,negative,delete_feature,idf_jaccard,0.9192851475316648,0.8712311735108582,0.04805397402080658
one_another,negative,reverse_polarity,jaccard,0.7063192992561306,0.6644188246727281,0.041900474583402514
one_another,negative,reverse_polarity,dice,0.5506168766202588,0.501193529471285,0.049423347148973784
one_another,negative,reverse_polarity,hamming,0.20509977827051,0.16883116883116883,0.03626860943934118
one_another,negative,reverse_polarity,idf_jaccard,0.9179533600960701,0.8703479023626284,0.047605457733441714
one_another,negative,flip_target_cell,jaccard,0.7292914557801984,0.6771171421350448,0.05217431364515357
one_another,negative,flip_target_cell,dice,0.578584642020693,0.5153890467713023,0.06319559524939078
one_another,negative,flip_target_cell,hamming,0.21159328476401645,0.17207792207792208,0.039515362686094374
one_another,negative,flip_target_cell,idf_jaccard,0.9234039687702936,0.8651993621582093,0.058204606612084375
one_another,interrogative,delete_feature,jaccard,0.7228114730155731,0.6772670296559097,0.045544443359663456
one_another,interrogative,delete_feature,dice,0.570798797392139,0.5157992163043814,0.0549995810877576
one_another,interrogative,delete_feature,hamming,0.2064402996971146,0.16993464052287582,0.036505659174238786
one_another,interrogative,delete_feature,idf_jaccard,0.9192851475316648,0.8727261979234066,0.04655894960825824
one_another,interrogative,reverse_polarity,jaccard,0.7063192992561306,0.6600346230805675,0.04628467617556309
one_another,interrogative,reverse_polarity,dice,0.5506168766202588,0.4960270932582008,0.054589783362058
one_another,interrogative,reverse_polarity,hamming,0.20509977827051,0.16883116883116883,0.03626860943934118
one_another,interrogative,reverse_polarity,idf_jaccard,0.919285147531665,0.8727261979234066,0.04655894960825846
one_another,interrogative,flip_target_cell,jaccard,0.7292914557801984,0.6854873288588901,0.043804126921308306
one_another,interrogative,flip_target_cell,dice,0.578584642020693,0.5251257727740861,0.05345886924660692
one_another,interrogative,flip_target_cell,hamming,0.21159328476401645,0.17532467532467533,0.036268609439341126
one_another,interrogative,flip_target_cell,idf_jaccard,0.9253889991946226,0.8820790972861751,0.04330990190844752
one_another,non_affirmative,delete_feature,jaccard,0.7228114730155731,0.675410154283309,0.047401318732264164
one_another,non_affirmative,delete_feature,dice,0.570798797392139,0.5135870824035262,0.05721171498861277
one_another,non_affirmative,delete_feature,hamming,0.2064402996971146,0.16830065359477123,0.03813964610234338
one_another,non_affirmative,delete_feature,idf_jaccard,0.9192851475316648,0.8712016822424925,0.04808346528917229
one_another,non_affirmative,reverse_polarity,jaccard,0.7063192992561306,0.6644508654978809,0.04186843375824967
one_another,non_affirmative,reverse_polarity,dice,0.5506168766202588,0.501354496031166,0.049262380589092825
one_another,non_affirmative,reverse_polarity,hamming,0.20509977827051,0.16883116883116883,0.03626860943934118
one_another,non_affirmative,reverse_polarity,idf_jaccard,0.9179533600960701,0.8703232545595243,0.047630105536545786
one_another,non_affirmative,flip_target_cell,jaccard,0.7292914557801984,0.6773845585162177,0.05190689726398068
one_another,non_affirmative,flip_target_cell,dice,0.578584642020693,0.5154411865269999,0.06314345549369316
one_another,non_affirmative,flip_target_cell,hamming,0.21159328476401645,0.17207792207792208,0.039515362686094374
one_another,non_affirmative,flip_target_cell,idf_jaccard,0.9234039687702936,0.8650060712386578,0.05839789753163582
one_another,reflexive,delete_feature,jaccard,0.7206891074942283,0.6772670296559097,0.04342207783831864
one_another,reflexive,delete_feature,dice,0.5685529756757818,0.5157992163043814,0.052753759371400366
one_another,reflexive,delete_feature,hamming,0.2050055794675594,0.16993464052287582,0.03507093894468358
one_another,reflexive,delete_feature,idf_jaccard,0.9180990986998422,0.8727261979234066,0.04537290077643563
one_another,reflexive,reverse_polarity,jaccard,0.709766894632872,0.6600346230805675,0.04973227155230453
one_another,reflexive,reverse_polarity,dice,0.5542617015975948,0.4960270932582008,0.05823460833939398
one_another,reflexive,reverse_polarity,hamming,0.20509977827051,0.16883116883116883,0.03626860943934118
one_another,reflexive,reverse_polarity,idf_jaccard,0.9157654880280263,0.8698294578853811,0.045936030142645135
one_another,reflexive,flip_target_cell,jaccard,0.7216712748937912,0.6854873288588901,0.03618394603490116
one_another,reflexive,flip_target_cell,dice,0.570546020922104,0.5251257727740861,0.04542024814801793
one_another,reflexive,flip_target_cell,hamming,0.20874247703515994,0.17532467532467533,0.03341780171048461
one_another,reflexive,flip_target_cell,idf_jaccard,0.9125058615307073,0.8771744163977886,0.03533144513291875
one_another,reciprocal,delete_feature,jaccard,0.7160086863016198,0.6686044317566631,0.04740425454495678
one_another,reciprocal,delete_feature,dice,0.5627158052034411,0.5060973366185764,0.056618468584864745
one_another,reciprocal,delete_feature,hamming,0.1999043519846963,0.1633986928104575,0.036505659174238814
one_another,reciprocal,delete_feature,idf_jaccard,0.9120789087889074,0.8617549936579879,0.050323915130919494
one_another,reciprocal,reverse_polarity,jaccard,0.7228114730155731,0.6772670296559097,0.045544443359663456
one_another,reciprocal,reverse_polarity,dice,0.570798797392139,0.5157992163043814,0.0549995810877576
one_another,reciprocal,reverse_polarity,hamming,0.20509977827051,0.16883116883116883,0.03626860943934118
one_another,reciprocal,reverse_polarity,idf_jaccard,0.9120789087889074,0.861754993657988,0.05032391513091938
one_another,reciprocal,flip_target_cell,jaccard,0.7160086863016198,0.6686044317566631,0.04740425454495678
one_another,reciprocal,flip_target_cell,dice,0.5627158052034411,0.5060973366185764,0.056618468584864745
one_another,reciprocal,flip_target_cell,hamming,0.19860627177700346,0.16233766233766234,0.036268609439341126
one_another,reciprocal,flip_target_cell,idf_jaccard,0.9120789087889074,0.861754993657988,0.05032391513091938
one_another,dual,delete_feature,jaccard,0.7228114730155731,0.6772670296559097,0.045544443359663456
one_another,dual,delete_feature,dice,0.570798797392139,0.5157992163043814,0.0549995810877576
one_another,dual,delete_feature,hamming,0.2064402996971146,0.16993464052287582,0.036505659174238786
one_another,dual,delete_feature,idf_jaccard,0.9192851475316648,0.8727261979234067,0.04655894960825813
one_another,dual,reverse_polarity,jaccard,0.7063192992561306,0.6600346230805675,0.04628467617556309
one_another,dual,reverse_polarity,dice,0.5506168766202588,0.4960270932582008,0.054589783362058
one_another,dual,reverse_polarity,hamming,0.20509977827051,0.16883116883116883,0.03626860943934118
one_another,dual,reverse_polarity,idf_jaccard,0.919285147531665,0.8727261979234066,0.04655894960825846
one_another,dual,flip_target_cell,jaccard,0.7292914557801984,0.6854873288588901,0.043804126921308306
one_another,dual,flip_target_cell,dice,0.578584642020693,0.5251257727740861,0.05345886924660692
one_another,dual,flip_target_cell,hamming,0.21159328476401645,0.17532467532467533,0.036268609439341126
one_another,dual,flip_target_cell,idf_jaccard,0.9253889991946226,0.8820790972861751,0.04330990190844752
one_another,paucal,delete_feature,jaccard,0.7228114730155731,0.6772670296559097,0.045544443359663456
one_another,paucal,delete_feature,dice,0.570798797392139,0.5157992163043814,0.0549995810877576
one_another,paucal,delete_feature,hamming,0.2064402996971146,0.16993464052287582,0.036505659174238786
one_another,paucal,delete_feature,idf_jaccard,0.9192851475316648,0.8727261979234067,0.04655894960825813
one_another,paucal,reverse_polarity,jaccard,0.7063192992561306,0.6600346230805675,0.04628467617556309
one_another,paucal,reverse_polarity,dice,0.5506168766202588,0.4960270932582008,0.054589783362058
one_another,paucal,reverse_polarity,hamming,0.20509977827051,0.16883116883116883,0.03626860943934118
one_another,paucal,reverse_polarity,idf_jaccard,0.919285147531665,0.8727261979234066,0.04655894960825846
one_another,paucal,flip_target_cell,jaccard,0.7292914557801984,0.6854873288588901,0.043804126921308306
one_another,paucal,flip_target_cell,dice,0.578584642020693,0.5251257727740861,0.05345886924660692
one_another,paucal,flip_target_cell,hamming,0.21159328476401645,0.17532467532467533,0.036268609439341126
one_another,paucal,flip_target_cell,idf_jaccard,0.9253889991946226,0.8820790972861751,0.04330990190844752
one_another,multal,delete_feature,jaccard,0.7228114730155731,0.6772670296559097,0.045544443359663456
one_another,multal,delete_feature,dice,0.570798797392139,0.5157992163043814,0.0549995810877576
one_another,multal,delete_feature,hamming,0.2064402996971146,0.16993464052287582,0.036505659174238786
one_another,multal,delete_feature,idf_jaccard,0.9192851475316648,0.8727261979234067,0.04655894960825813
one_another,multal,reverse_polarity,jaccard,0.7063192992561306,0.6600346230805675,0.04628467617556309
one_another,multal,reverse_polarity,dice,0.5506168766202588,0.4960270932582008,0.054589783362058
one_another,multal,reverse_polarity,hamming,0.20509977827051,0.16883116883116883,0.03626860943934118
one_another,multal,reverse_polarity,idf_jaccard,0.919285147531665,0.8727261979234066,0.04655894960825846
one_another,multal,flip_target_cell,jaccard,0.7292914557801984,0.6854873288588901,0.043804126921308306
one_another,multal,flip_target_cell,dice,0.578584642020693,0.5251257727740861,0.05345886924660692
one_another,multal,flip_target_cell,hamming,0.21159328476401645,0.17532467532467533,0.036268609439341126
one_another,multal,flip_target_cell,idf_jaccard,0.9253889991946226,0.8820790972861751,0.04330990190844752
one_another,proportional,delete_feature,jaccard,0.7228114730155731,0.6748888456891033,0.04792262732646979
one_another,proportional,delete_feature,dice,0.570798797392139,0.5131733025667934,0.057625494825345625
one_another,proportional,delete_feature,hamming,0.2064402996971146,0.16830065359477125,0.038139646102343355
one_another,proportional,delete_feature,idf_jaccard,0.9192851475316648,0.8709121863824587,0.048372961149206084
one_another,proportional,reverse_polarity,jaccard,0.7063192992561306,0.6645490981542531,0.04177020110187746
one_another,proportional,reverse_polarity,dice,0.5506168766202588,0.5011282824833424,0.04948859413691642
one_another,proportional,reverse_polarity,hamming,0.20509977827051,0.16883116883116883,0.03626860943934118
one_another,proportional,reverse_polarity,idf_jaccard,0.9179533600960701,0.8700610818874945,0.047892278208575556
one_another,proportional,flip_target_cell,jaccard,0.7292914557801984,0.6762855518939552,0.053005903886243155
one_another,proportional,flip_target_cell,dice,0.578584642020693,0.5148810175293309,0.06370362449136213
one_another,proportional,flip_target_cell,hamming,0.21159328476401645,0.17207792207792208,0.039515362686094374
one_another,proportional,flip_target_cell,idf_jaccard,0.9234039687702936,0.8638012734353042,0.05960269533498941
one_another,semantically_countable,delete_feature,jaccard,0.7360538623339488,0.6886088029660341,0.047445059367914655
one_another,semantically_countable,delete_feature,dice,0.586606437970148,0.5281039012461808,0.05850253672396721
one_another,semantically_countable,delete_feature,hamming,0.20516499282639886,0.16830065359477123,0.03686433923162763
one_another,semantically_countable,delete_feature,idf_jaccard,0.9228854818118902,0.87561078178457,0.04727470002732026
one_another,semantically_countable,reverse_polarity,jaccard,0.7367747300861331,0.6901858718612144,0.04658885822491876
one_another,semantically_countable,reverse_polarity,dice,0.587629325743204,0.5301644620695534,0.05746486367365067
one_another,semantically_countable,reverse_polarity,hamming,0.20509977827051,0.16883116883116883,0.03626860943934118
one_another,semantically_countable,reverse_polarity,idf_jaccard,0.9231029782059641,0.8761698875118508,0.04693309069411333
one_another,semantically_countable,flip_target_cell,jaccard,0.7416446856389978,0.6951734113156657,0.04647127432333209
one_another,semantically_countable,flip_target_cell,dice,0.5933415275906015,0.5354634315083949,0.05787809608220662
one_another,semantically_countable,flip_target_cell,hamming,0.20905923344947738,0.17207792207792208,0.0369813113715553
one_another,semantically_countable,flip_target_cell,idf_jaccard,0.9232202204564621,0.8761008403903183,0.0471193800661438
one_another,semantically_uncountable,delete_feature,jaccard,0.7212634614462614,0.6735444592731226,0.04771900217313885
one_another,semantically_uncountable,delete_feature,dice,0.5690131955049189,0.5113596238372712,0.05765357166764773
one_another,semantically_uncountable,delete_feature,hamming,0.20500557946755935,0.16666666666666666,0.03833891280089269
one_another,semantically_uncountable,delete_feature,idf_jaccard,0.9187714497740129,0.8716009790413488,0.047170470732664116
one_another,semantically_uncountable,reverse_polarity,jaccard,0.7095899525856489,0.6690694270283487,0.040520525557300235
one_another,semantically_uncountable,reverse_polarity,dice,0.5543880045529693,0.5070552259801919,0.0473327785727774
one_another,semantically_uncountable,reverse_polarity,hamming,0.20509977827051,0.16883116883116883,0.03626860943934118
one_another,semantically_uncountable,reverse_polarity,idf_jaccard,0.9138279777832469,0.8689456871167538,0.044882290666493074
one_another,semantically_uncountable,flip_target_cell,jaccard,0.722955058317547,0.669056444120629,0.05389861419691799
one_another,semantically_uncountable,flip_target_cell,dice,0.5712993462932742,0.5053466110577373,0.06595273523553691
one_another,semantically_uncountable,flip_target_cell,hamming,0.20874247703515994,0.16883116883116883,0.03991130820399111
one_another,semantically_uncountable,flip_target_cell,idf_jaccard,0.9155816520112972,0.8633274196711825,0.052254232340114615
one_another,semantically_singular,delete_feature,jaccard,0.7310984207931414,0.6921784001888822,0.03892002060425914
one_another,semantically_singular,delete_feature,dice,0.5809591130476841,0.5338590311962315,0.047100081851452646
one_another,semantically_singular,delete_feature,hamming,0.2038896859556831,0.16911764705882354,0.034772038896859564
one_another,semantically_singular,delete_feature,idf_jaccard,0.9235396230060107,0.8782369821268754,0.04530264087913527
one_another,semantically_singular,reverse_polarity,jaccard,0.7334632236475721,0.6934541255600022,0.040009098087569916
one_another,semantically_singular,reverse_polarity,dice,0.5838124030096259,0.5351637450009453,0.04864865800868057
one_another,semantically_singular,reverse_polarity,hamming,0.20509977827051,0.16883116883116883,0.03626860943934118
one_another,semantically_singular,reverse_polarity,idf_jaccard,0.9242321283268683,0.8787795668817674,0.0454525614451009
one_another,semantically_singular,flip_target_cell,jaccard,0.7351684087237592,0.6989452700701095,0.03622313865364968
one_another,semantically_singular,flip_target_cell,dice,0.5859366548903883,0.5418561818452446,0.04408047304514362
one_another,semantically_singular,flip_target_cell,hamming,0.2065251821349382,0.1737012987012987,0.03282388343363951
one_another,semantically_singular,flip_target_cell,idf_jaccard,0.9238942494586139,0.878962870339777,0.04493137911883682
one_another,semantically_plural,delete_feature,jaccard,0.7257842657755363,0.6734964695434377,0.05228779623209867
one_another,semantically_plural,delete_feature,dice,0.5741008031094935,0.5111200480092124,0.06298075510028112
one_another,semantically_plural,delete_feature,hamming,0.2026143790849673,0.16462418300653595,0.03799019607843135
one_another,semantically_plural,delete_feature,idf_jaccard,0.9263580548381584,0.8739817966053554,0.05237625823280301
one_another,semantically_plural,reverse_polarity,jaccard,0.7294935210581532,0.6802085782389056,0.04928494281924767
one_another,semantically_plural,reverse_polarity,dice,0.578649013635081,0.5188438132169029,0.05980520041817816
one_another,semantically_plural,reverse_polarity,hamming,0.20509977827051,0.16883116883116883,0.03626860943934118
one_another,semantically_plural,reverse_polarity,idf_jaccard,0.9267040769276532,0.8748018147480334,0.051902262179619796
one_another,semantically_plural,flip_target_cell,jaccard,0.7286508333056742,0.6753225491655699,0.053328284140104265
one_another,semantically_plural,flip_target_cell,dice,0.5774948721572676,0.5130417810630209,0.06445309109424668
one_another,semantically_plural,flip_target_cell,hamming,0.2039911308203991,0.1647727272727273,0.03921840354767181
one_another,semantically_plural,flip_target_cell,idf_jaccard,0.9270951741794836,0.8746085661456084,0.05248660803387517
one_another,distributive,delete_feature,jaccard,0.7284165552532008,0.675141206385543,0.053275348867657835
one_another,distributive,delete_feature,dice,0.5783145758296263,0.5131396058323416,0.06517496999728467
one_another,distributive,delete_feature,hamming,0.2035708592380041,0.1650326797385621,0.03853817949944202
one_another,distributive,delete_feature,idf_jaccard,0.9258894592727567,0.8744938729079503,0.051395586364806345
one_another,distributive,reverse_polarity,jaccard,0.7318229607324989,0.6813894149460581,0.05043354578644077
one_another,distributive,reverse_polarity,dice,0.5823331627467956,0.5203021465502362,0.062031016196559374
one_another,distributive,reverse_polarity,hamming,0.20509977827051,0.16883116883116883,0.03626860943934118
one_another,distributive,reverse_polarity,idf_jaccard,0.9263649184846705,0.8756192304973797,0.050745687987290844
one_another,distributive,flip_target_cell,jaccard,0.7315403703541766,0.6773890134030869,0.054151356951089746
one_another,distributive,flip_target_cell,dice,0.5821789531477751,0.5155928014711841,0.06658615167659099
one_another,distributive,flip_target_cell,hamming,0.20589166930630345,0.16558441558441558,0.04030725372188787
one_another,distributive,flip_target_cell,idf_jaccard,0.9264675689163403,0.8750275905534816,0.05143997836285874
one_another,joint,delete_feature,jaccard,0.7284165552532008,0.675141206385543,0.053275348867657835
one_another,joint,delete_feature,dice,0.5783145758296263,0.5131396058323416,0.06517496999728467
one_another,joint,delete_feature,hamming,0.2035708592380041,0.1650326797385621,0.03853817949944202
one_another,joint,delete_feature,idf_jaccard,0.9258894592727567,0.8744938729079503,0.051395586364806345
one_another,joint,reverse_polarity,jaccard,0.7318229607324989,0.6813894149460581,0.05043354578644077
one_another,joint,reverse_polarity,dice,0.5823331627467956,0.5203021465502362,0.062031016196559374
one_another,joint,reverse_polarity,hamming,0.20509977827051,0.16883116883116883,0.03626860943934118
one_another,joint,reverse_polarity,idf_jaccard,0.9263649184846705,0.8756192304973797,0.050745687987290844
one_another,joint,flip_target_cell,jaccard,0.7315403703541766,0.6773890134030869,0.054151356951089746
one_another,joint,flip_target_cell,dice,0.5821789531477751,0.5155928014711841,0.06658615167659099
one_another,joint,flip_target_cell,hamming,0.20589166930630345,0.16558441558441558,0.04030725372188787
one_another,joint,flip_target_cell,idf_jaccard,0.9264675689163403,0.8750275905534816,0.05143997836285874
one_another,cardinal,delete_feature,jaccard,0.7228114730155731,0.6772670296559097,0.045544443359663456
one_another,cardinal,delete_feature,dice,0.570798797392139,0.5157992163043814,0.0549995810877576
one_another,cardinal,delete_feature,hamming,0.2064402996971146,0.16993464052287582,0.036505659174238786
one_another,cardinal,delete_feature,idf_jaccard,0.9192851475316648,0.8727261979234066,0.04655894960825824
one_another,cardinal,reverse_polarity,jaccard,0.7063192992561306,0.6600346230805675,0.04628467617556309
one_another,cardinal,reverse_polarity,dice,0.5506168766202588,0.4960270932582008,0.054589783362058
one_another,cardinal,reverse_polarity,hamming,0.20509977827051,0.16883116883116883,0.03626860943934118
one_another,cardinal,reverse_polarity,idf_jaccard,0.919285147531665,0.8727261979234066,0.04655894960825846
one_another,cardinal,flip_target_cell,jaccard,0.7292914557801984,0.6854873288588901,0.043804126921308306
one_another,cardinal,flip_target_cell,dice,0.578584642020693,0.5251257727740861,0.05345886924660692
one_another,cardinal,flip_target_cell,hamming,0.21159328476401645,0.17532467532467533,0.036268609439341126
one_another,cardinal,flip_target_cell,idf_jaccard,0.9253889991946226,0.8820790972861751,0.04330990190844752
one_another,disjunctive,delete_feature,jaccard,0.7228114730155731,0.6772670296559097,0.045544443359663456
one_another,disjunctive,delete_feature,dice,0.570798797392139,0.5157992163043814,0.0549995810877576
one_another,disjunctive,delete_feature,hamming,0.2064402996971146,0.16993464052287582,0.036505659174238786
one_another,disjunctive,delete_feature,idf_jaccard,0.9192851475316648,0.8727261979234066,0.04655894960825824
one_another,disjunctive,reverse_polarity,jaccard,0.7063192992561306,0.6600346230805675,0.04628467617556309
one_another,disjunctive,reverse_polarity,dice,0.5506168766202588,0.4960270932582008,0.054589783362058
one_another,disjunctive,reverse_polarity,hamming,0.20509977827051,0.16883116883116883,0.03626860943934118
one_another,disjunctive,reverse_polarity,idf_jaccard,0.919285147531665,0.8727261979234066,0.04655894960825846
one_another,disjunctive,flip_target_cell,jaccard,0.7292914557801984,0.6854873288588901,0.043804126921308306
one_another,disjunctive,flip_target_cell,dice,0.578584642020693,0.5251257727740861,0.05345886924660692
one_another,disjunctive,flip_target_cell,hamming,0.21159328476401645,0.17532467532467533,0.036268609439341126
one_another,disjunctive,flip_target_cell,idf_jaccard,0.9253889991946226,0.8820790972861751,0.04330990190844752
one_another,degree,delete_feature,jaccard,0.7228114730155731,0.6772670296559097,0.045544443359663456
one_another,degree,delete_feature,dice,0.570798797392139,0.5157992163043814,0.0549995810877576
one_another,degree,delete_feature,hamming,0.2064402996971146,0.16993464052287582,0.036505659174238786
one_another,degree,delete_feature,idf_jaccard,0.9192851475316648,0.8727261979234066,0.04655894960825824
one_another,degree,reverse_polarity,jaccard,0.7063192992561306,0.6600346230805675,0.04628467617556309
one_another,degree,reverse_polarity,dice,0.5506168766202588,0.4960270932582008,0.054589783362058
one_another,degree,reverse_polarity,hamming,0.20509977827051,0.16883116883116883,0.03626860943934118
one_another,degree,reverse_polarity,idf_jaccard,0.919285147531665,0.8727261979234066,0.04655894960825846
one_another,degree,flip_target_cell,jaccard,0.7292914557801984,0.6854873288588901,0.043804126921308306
one_another,degree,flip_target_cell,dice,0.578584642020693,0.5251257727740861,0.05345886924660692
one_another,degree,flip_target_cell,hamming,0.21159328476401645,0.17532467532467533,0.036268609439341126
one_another,degree,flip_target_cell,idf_jaccard,0.9253889991946226,0.8820790972861751,0.04330990190844752
one_another,sufficiency,delete_feature,jaccard,0.7228114730155731,0.6772670296559097,0.045544443359663456
one_another,sufficiency,delete_feature,dice,0.570798797392139,0.5157992163043814,0.0549995810877576
one_another,sufficiency,delete_feature,hamming,0.2064402996971146,0.16993464052287582,0.036505659174238786
one_another,sufficiency,delete_feature,idf_jaccard,0.9192851475316648,0.8727261979234066,0.04655894960825824
one_another,sufficiency,reverse_polarity,jaccard,0.7063192992561306,0.6600346230805675,0.04628467617556309
one_another,sufficiency,reverse_polarity,dice,0.5506168766202588,0.4960270932582008,0.054589783362058
one_another,sufficiency,reverse_polarity,hamming,0.20509977827051,0.16883116883116883,0.03626860943934118
one_another,sufficiency,reverse_polarity,idf_jaccard,0.919285147531665,0.8727261979234066,0.04655894960825846
one_another,sufficiency,flip_target_cell,jaccard,0.7292914557801984,0.6854873288588901,0.043804126921308306
one_another,sufficiency,flip_target_cell,dice,0.578584642020693,0.5251257727740861,0.05345886924660692
one_another,sufficiency,flip_target_cell,hamming,0.21159328476401645,0.17532467532467533,0.036268609439341126
one_another,sufficiency,flip_target_cell,idf_jaccard,0.9253889991946226,0.8820790972861751,0.04330990190844752
one_another,temporal,delete_feature,jaccard,0.7228114730155731,0.6772670296559097,0.045544443359663456
one_another,temporal,delete_feature,dice,0.570798797392139,0.5157992163043814,0.0549995810877576
one_another,temporal,delete_feature,hamming,0.2064402996971146,0.16993464052287582,0.036505659174238786
one_another,temporal,delete_feature,idf_jaccard,0.9192851475316648,0.8727261979234066,0.04655894960825824
one_another,temporal,reverse_polarity,jaccard,0.7063192992561306,0.6600346230805675,0.04628467617556309
one_another,temporal,reverse_polarity,dice,0.5506168766202588,0.4960270932582008,0.054589783362058
one_another,temporal,reverse_polarity,hamming,0.20509977827051,0.16883116883116883,0.03626860943934118
one_another,temporal,reverse_polarity,idf_jaccard,0.919285147531665,0.8727261979234066,0.04655894960825846
one_another,temporal,flip_target_cell,jaccard,0.7292914557801984,0.6854873288588901,0.043804126921308306
one_another,temporal,flip_target_cell,dice,0.578584642020693,0.5251257727740861,0.05345886924660692
one_another,temporal,flip_target_cell,hamming,0.21159328476401645,0.17532467532467533,0.036268609439341126
one_another,temporal,flip_target_cell,idf_jaccard,0.9253889991946226,0.8820790972861751,0.04330990190844752
one_another,locative,delete_feature,jaccard,0.7228114730155731,0.6756899607607293,0.047121512254843845
one_another,locative,delete_feature,dice,0.570798797392139,0.5137386554810086,0.0570601419111304
one_another,locative,delete_feature,hamming,0.2064402996971146,0.16830065359477123,0.03813964610234338
one_another,locative,delete_feature,idf_jaccard,0.9192851475316648,0.8717012744903709,0.047583873041293856
one_another,locative,reverse_polarity,jaccard,0.7063192992561306,0.66500287303237,0.04131642622376053
one_another,locative,reverse_polarity,dice,0.5506168766202588,0.5024983906448722,0.04811848597538659
one_another,locative,reverse_polarity,hamming,0.20509977827051,0.16883116883116883,0.03626860943934118
one_another,locative,reverse_polarity,idf_jaccard,0.9179533600960701,0.8708216967026626,0.047131663393407464
one_another,locative,flip_target_cell,jaccard,0.7292914557801984,0.6773563242640698,0.05193513151612861
one_another,locative,flip_target_cell,dice,0.578584642020693,0.5145701421562684,0.06401449986442465
one_another,locative,flip_target_cell,hamming,0.21159328476401645,0.17207792207792208,0.039515362686094374
one_another,locative,flip_target_cell,idf_jaccard,0.9234039687702936,0.8654426388130978,0.05796132995719583
one_another,dummy,delete_feature,jaccard,0.7226016644658748,0.6772670296559097,0.045334634809965135
one_another,dummy,delete_feature,dice,0.5705354749208577,0.5157992163043814,0.05473625861647624
one_another,dummy,delete_feature,hamming,0.20628088633827515,0.16993464052287582,0.03634624581539933
one_another,dummy,delete_feature,idf_jaccard,0.9191374630266332,0.8727261979234066,0.046411265103226684
one_another,dummy,reverse_polarity,jaccard,0.7068847988627396,0.6600346230805675,0.0468501757821721
one_another,dummy,reverse_polarity,dice,0.5513185346687343,0.4960270932582008,0.05529144141053344
one_another,dummy,reverse_polarity,hamming,0.20509977827051,0.16883116883116883,0.03626860943934118
one_another,dummy,reverse_polarity,idf_jaccard,0.9188235342988366,0.872426956534984,0.04639657776385253
one_another,dummy,flip_target_cell,jaccard,0.7283079782034871,0.6854873288588901,0.04282064934459706
one_another,dummy,flip_target_cell,dice,0.5773651298255711,0.5251257727740861,0.05223935705148497
one_another,dummy,flip_target_cell,hamming,0.21127652834969904,0.17532467532467533,0.03595185302502371
one_another,dummy,flip_target_cell,idf_jaccard,0.9229190325692529,0.8820790972861751,0.04083993528307783
one_another,can_be_followed_by_adjective_such,delete_feature,jaccard,0.7228114730155731,0.6772670296559097,0.045544443359663456
one_another,can_be_followed_by_adjective_such,delete_feature,dice,0.570798797392139,0.5157992163043814,0.0549995810877576
one_another,can_be_followed_by_adjective_such,delete_feature,hamming,0.2064402996971146,0.16993464052287582,0.036505659174238786
one_another,can_be_followed_by_adjective_such,delete_feature,idf_jaccard,0.919285147531665,0.8727261979234066,0.04655894960825846
one_another,can_be_followed_by_adjective_such,reverse_polarity,jaccard,0.7063192992561306,0.6600346230805675,0.04628467617556309
one_another,can_be_followed_by_adjective_such,reverse_polarity,dice,0.5506168766202588,0.4960270932582008,0.054589783362058
one_another,can_be_followed_by_adjective_such,reverse_polarity,hamming,0.20509977827051,0.16883116883116883,0.03626860943934118
one_another,can_be_followed_by_adjective_such,reverse_polarity,idf_jaccard,0.919285147531665,0.8727261979234066,0.04655894960825846
one_another,can_be_followed_by_adjective_such,flip_target_cell,jaccard,0.7292914557801984,0.6854873288588901,0.043804126921308306
one_another,can_be_followed_by_adjective_such,flip_target_cell,dice,0.578584642020693,0.5251257727740861,0.05345886924660692
one_another,can_be_followed_by_adjective_such,flip_target_cell,hamming,0.21159328476401645,0.17532467532467533,0.036268609439341126
one_another,can_be_followed_by_adjective_such,flip_target_cell,idf_jaccard,0.9253889991946226,0.8820790972861751,0.04330990190844752
one_another,can_be_modified_by_almost,delete_feature,jaccard,0.7210441547832236,0.6709826157234693,0.0500615390597543
one_another,can_be_modified_by_almost,delete_feature,dice,0.5685564271589293,0.5087232503561645,0.05983317680276479
one_another,can_be_modified_by_almost,delete_feature,hamming,0.20404909931452253,0.1650326797385621,0.03901641957596044
one_another,can_be_modified_by_almost,delete_feature,idf_jaccard,0.9189331284860598,0.871321804555206,0.047611323930853766
one_another,can_be_modified_by_almost,reverse_polarity,jaccard,0.7117821608802266,0.672752554582224,0.03902960629800256
one_another,can_be_modified_by_almost,reverse_polarity,dice,0.5578180570692369,0.5106980270792398,0.04712002998999709
one_another,can_be_modified_by_almost,reverse_polarity,hamming,0.20509977827051,0.16883116883116883,0.03626860943934118
one_another,can_be_modified_by_almost,reverse_polarity,idf_jaccard,0.9113493209474661,0.8696948885329476,0.041654432414518494
one_another,can_be_modified_by_almost,flip_target_cell,jaccard,0.7202919586100104,0.6603497767329604,0.05994218187705003
one_another,can_be_modified_by_almost,flip_target_cell,dice,0.5669272878486512,0.49655705156063057,0.07037023628802064
one_another,can_be_modified_by_almost,flip_target_cell,hamming,0.2068419385492556,0.16558441558441558,0.041257522964840004
one_another,can_be_modified_by_almost,flip_target_cell,idf_jaccard,0.9154101005625855,0.8625241407161561,0.05288595984642941
one_another,can_be_modified_by_approximately,delete_feature,jaccard,0.7228114730155731,0.6752538804348015,0.047557592580771635
one_another,can_be_modified_by_approximately,delete_feature,dice,0.570798797392139,0.5134747232249302,0.05732407416720886
one_another,can_be_modified_by_approximately,delete_feature,hamming,0.2064402996971146,0.16830065359477123,0.03813964610234338
one_another,can_be_modified_by_approximately,delete_feature,idf_jaccard,0.919285147531665,0.8712311735108582,0.0480539740208068
one_another,can_be_modified_by_approximately,reverse_polarity,jaccard,0.7063192992561306,0.6644188246727281,0.041900474583402514
one_another,can_be_modified_by_approximately,reverse_polarity,dice,0.5506168766202588,0.501193529471285,0.049423347148973784
one_another,can_be_modified_by_approximately,reverse_polarity,hamming,0.20509977827051,0.16883116883116883,0.03626860943934118
one_another,can_be_modified_by_approximately,reverse_polarity,idf_jaccard,0.9179533600960701,0.8703479023626284,0.047605457733441714
one_another,can_be_modified_by_approximately,flip_target_cell,jaccard,0.7292914557801984,0.6771171421350448,0.05217431364515357
one_another,can_be_modified_by_approximately,flip_target_cell,dice,0.578584642020693,0.5153890467713023,0.06319559524939078
one_another,can_be_modified_by_approximately,flip_target_cell,hamming,0.21159328476401645,0.17207792207792208,0.039515362686094374
one_another,can_be_modified_by_approximately,flip_target_cell,idf_jaccard,0.9234039687702936,0.8651993621582093,0.058204606612084375
one_another,can_be_modified_by_at_least,delete_feature,jaccard,0.7162184948513182,0.6772670296559097,0.038951465195408486
one_another,can_be_modified_by_at_least,delete_feature,dice,0.5629791276747226,0.5157992163043814,0.047179911370341165
one_another,can_be_modified_by_at_least,delete_feature,hamming,0.20006376534353576,0.16993464052287582,0.030129124820659936
one_another,can_be_modified_by_at_least,delete_feature,idf_jaccard,0.9187137647819842,0.8727261979234066,0.04598756685857763
one_another,can_be_modified_by_at_least,reverse_polarity,jaccard,0.7222459734089642,0.6600346230805675,0.06221135032839675
one_another,can_be_modified_by_at_least,reverse_polarity,dice,0.5700971393436636,0.4960270932582008,0.07407004608546275
one_another,can_be_modified_by_at_least,reverse_polarity,hamming,0.20509977827051,0.16883116883116883,0.03626860943934118
one_another,can_be_modified_by_at_least,reverse_polarity,idf_jaccard,0.9199879001141612,0.8527350774527613,0.06725282266139987
one_another,can_be_modified_by_at_least,flip_target_cell,jaccard,0.7002725169125024,0.6854873288588901,0.014785188053612286
one_another,can_be_modified_by_at_least,flip_target_cell,dice,0.5436817977615871,0.5251257727740861,0.018556024987500974
one_another,can_be_modified_by_at_least,flip_target_cell,hamming,0.19892302819132088,0.17532467532467533,0.02359835286664555
one_another,can_be_modified_by_at_least,flip_target_cell,idf_jaccard,0.9124311569967571,0.8736046041142744,0.03882655288248271
one_another,can_be_modified_by_hardly,delete_feature,jaccard,0.7210441547832236,0.675410154283309,0.04563400049991462
one_another,can_be_modified_by_hardly,delete_feature,dice,0.5685564271589293,0.5135870824035262,0.05496934475540305
one_another,can_be_modified_by_hardly,delete_feature,hamming,0.20404909931452253,0.16830065359477123,0.035748445719751304
one_another,can_be_modified_by_hardly,delete_feature,idf_jaccard,0.9187641805370452,0.872115251675143,0.046648928861902195
one_another,can_be_modified_by_hardly,reverse_polarity,jaccard,0.7117821608802266,0.6644508654978809,0.047331295382345706
one_another,can_be_modified_by_hardly,reverse_polarity,dice,0.5578180570692369,0.501354496031166,0.05646356103807093
one_another,can_be_modified_by_hardly,reverse_polarity,hamming,0.20509977827051,0.16883116883116883,0.03626860943934118
one_another,can_be_modified_by_hardly,reverse_polarity,idf_jaccard,0.9139515219346787,0.867236867913195,0.04671465402148367
one_another,can_be_modified_by_hardly,flip_target_cell,jaccard,0.7202919586100104,0.6773845585162177,0.04290740009379268
one_another,can_be_modified_by_hardly,flip_target_cell,dice,0.5669272878486512,0.5154411865269999,0.05148610132165132
one_another,can_be_modified_by_hardly,flip_target_cell,hamming,0.2068419385492556,0.17207792207792208,0.03476401647133351
one_another,can_be_modified_by_hardly,flip_target_cell,idf_jaccard,0.9135784849583276,0.8695952743396411,0.043983210618686486
one_another,can_be_modified_by_not,delete_feature,jaccard,0.7210441547832236,0.6729957649445775,0.04804838983864612
one_another,can_be_modified_by_not,delete_feature,dice,0.5685564271589293,0.5110477434356158,0.057508683723313525
one_another,can_be_modified_by_not,delete_feature,hamming,0.20404909931452253,0.16666666666666666,0.03738243264785587
one_another,can_be_modified_by_not,delete_feature,idf_jaccard,0.9188563121673557,0.8715085808315984,0.047347731335757315
one_another,can_be_modified_by_not,reverse_polarity,jaccard,0.7117821608802266,0.6683683529900635,0.043413807890163136
one_another,can_be_modified_by_not,reverse_polarity,dice,0.5578180570692369,0.5055315908661555,0.052286466203081416
one_another,can_be_modified_by_not,reverse_polarity,hamming,0.20509977827051,0.16883116883116883,0.03626860943934118
one_another,can_be_modified_by_not,reverse_polarity,idf_jaccard,0.9127363840458945,0.8677882494119855,0.04494813463390901
one_another,can_be_modified_by_not,flip_target_cell,jaccard,0.7202919586100104,0.6687199634568056,0.051571995153204764
one_another,can_be_modified_by_not,flip_target_cell,dice,0.5669272878486512,0.5062937775634144,0.06063351028523678
one_another,can_be_modified_by_not,flip_target_cell,hamming,0.2068419385492556,0.16883116883116883,0.038010769718086757
one_another,can_be_modified_by_not,flip_target_cell,idf_jaccard,0.9145750569625205,0.865073152377513,0.04950190458500747
one_another,can_be_modified_by_adverb_very,delete_feature,jaccard,0.7228114730155731,0.6772670296559097,0.045544443359663456
one_another,can_be_modified_by_adverb_very,delete_feature,dice,0.570798797392139,0.5157992163043814,0.0549995810877576
one_another,can_be_modified_by_adverb_very,delete_feature,hamming,0.2064402996971146,0.16993464052287582,0.036505659174238786
one_another,can_be_modified_by_adverb_very,delete_feature,idf_jaccard,0.919285147531665,0.8727261979234066,0.04655894960825846
one_another,can_be_modified_by_adverb_very,reverse_polarity,jaccard,0.7063192992561306,0.6600346230805675,0.04628467617556309
one_another,can_be_modified_by_adverb_very,reverse_polarity,dice,0.5506168766202588,0.4960270932582008,0.054589783362058
one_another,can_be_modified_by_adverb_very,reverse_polarity,hamming,0.20509977827051,0.16883116883116883,0.03626860943934118
one_another,can_be_modified_by_adverb_very,reverse_polarity,idf_jaccard,0.919285147531665,0.8727261979234066,0.04655894960825846
one_another,can_be_modified_by_adverb_very,flip_target_cell,jaccard,0.7292914557801984,0.6854873288588901,0.043804126921308306
one_another,can_be_modified_by_adverb_very,flip_target_cell,dice,0.578584642020693,0.5251257727740861,0.05345886924660692
one_another,can_be_modified_by_adverb_very,flip_target_cell,hamming,0.21159328476401645,0.17532467532467533,0.036268609439341126
one_another,can_be_modified_by_adverb_very,flip_target_cell,idf_jaccard,0.9253889991946226,0.8820790972861751,0.04330990190844752
one_another,Coordinates_with_independent_genitives,delete_feature,jaccard,0.7165197455041059,0.6772670296559097,0.03925271584819623
one_another,Coordinates_with_independent_genitives,delete_feature,dice,0.5634753705052159,0.5157992163043814,0.047676154200834486
one_another,Coordinates_with_independent_genitives,delete_feature,hamming,0.2010202454965726,0.16993464052287582,0.03108560497369678
one_another,Coordinates_with_independent_genitives,delete_feature,idf_jaccard,0.9184883650407221,0.8727261979234066,0.04576216711731551
one_another,Coordinates_with_independent_genitives,reverse_polarity,jaccard,0.7201804606538238,0.6600346230805675,0.06014583757325631
one_another,Coordinates_with_independent_genitives,reverse_polarity,dice,0.5669208774666865,0.4960270932582008,0.07089378420848569
one_another,Coordinates_with_independent_genitives,reverse_polarity,hamming,0.20509977827051,0.16883116883116883,0.03626860943934118
one_another,Coordinates_with_independent_genitives,reverse_polarity,idf_jaccard,0.9176508118847235,0.8576432965857013,0.06000751529902226
one_another,Coordinates_with_independent_genitives,flip_target_cell,jaccard,0.70296291193066,0.6854873288588901,0.017475583071769885
one_another,Coordinates_with_independent_genitives,flip_target_cell,dice,0.5478725662137478,0.5251257727740861,0.022746793439661683
one_another,Coordinates_with_independent_genitives,flip_target_cell,hamming,0.20082356667722517,0.17532467532467533,0.025498891352549846
one_another,Coordinates_with_independent_genitives,flip_target_cell,idf_jaccard,0.9103661015985084,0.8740036187599018,0.03636248283860655
one_another,Coordinates_with_dependent_genitives,delete_feature,jaccard,0.7223004138130872,0.6772670296559097,0.0450333841571775
one_another,Coordinates_with_dependent_genitives,delete_feature,dice,0.5700392320903643,0.5157992163043814,0.05424001578598292
one_another,Coordinates_with_dependent_genitives,delete_feature,hamming,0.20532440618523834,0.16993464052287582,0.035389765662362516
one_another,Coordinates_with_dependent_genitives,delete_feature,idf_jaccard,0.9190486400589513,0.8727261979234066,0.046322442135544706
one_another,Coordinates_with_dependent_genitives,reverse_polarity,jaccard,0.7089503116178799,0.6600346230805675,0.04891568853731243
one_another,Coordinates_with_dependent_genitives,reverse_polarity,dice,0.5544947965457114,0.4960270932582008,0.05846770328751061
one_another,Coordinates_with_dependent_genitives,reverse_polarity,hamming,0.20509977827051,0.16883116883116883,0.03626860943934118
one_another,Coordinates_with_dependent_genitives,reverse_polarity,idf_jaccard,0.9169934973762901,0.8705158122758071,0.046477685100483
one_another,Coordinates_with_dependent_genitives,flip_target_cell,jaccard,0.7256175831853294,0.6854873288588901,0.04013025432643935
one_another,Coordinates_with_dependent_genitives,flip_target_cell,dice,0.5731743613734104,0.5251257727740861,0.04804858859932426
one_another,Coordinates_with_dependent_genitives,flip_target_cell,hamming,0.20937598986379474,0.17532467532467533,0.034051314539119415
one_another,Coordinates_with_dependent_genitives,flip_target_cell,idf_jaccard,0.9169070602968434,0.8777560392782621,0.03915102101858137
one_another,Coordinates_with_NPs,delete_feature,jaccard,0.7368668704640301,0.6954257011335514,0.0414411693304787
one_another,Coordinates_with_NPs,delete_feature,dice,0.5876472734140643,0.5372220640403964,0.0504252093736679
one_another,Coordinates_with_NPs,delete_feature,hamming,0.20532440618523834,0.16993464052287582,0.035389765662362516
one_another,Coordinates_with_NPs,delete_feature,idf_jaccard,0.9213526813100605,0.874947876347921,0.0464048049621395
one_another,Coordinates_with_NPs,reverse_polarity,jaccard,0.737377929666516,0.6954257011335514,0.04195222853296465
one_another,Coordinates_with_NPs,reverse_polarity,dice,0.588406838715839,0.5372220640403964,0.05118477467544258
one_another,Coordinates_with_NPs,reverse_polarity,hamming,0.20509977827051,0.16883116883116883,0.03626860943934118
one_another,Coordinates_with_NPs,reverse_polarity,idf_jaccard,0.9215754110867441,0.874947876347921,0.046627534738823084
one_another,Coordinates_with_NPs,flip_target_cell,jaccard,0.7426412762500652,0.7033860595437937,0.03925521670627141
one_another,Coordinates_with_NPs,flip_target_cell,dice,0.5946252246380983,0.5464858114748743,0.04813941316322401
one_another,Coordinates_with_NPs,flip_target_cell,hamming,0.20937598986379474,0.17532467532467533,0.034051314539119415
one_another,Coordinates_with_NPs,flip_target_cell,idf_jaccard,0.9215467993177359,0.8752694544151775,0.046277344902558415
one_another,intensifying_reduplication,delete_feature,jaccard,0.7228114730155731,0.6772670296559097,0.045544443359663456
one_another,intensifying_reduplication,delete_feature,dice,0.570798797392139,0.5157992163043814,0.0549995810877576
one_another,intensifying_reduplication,delete_feature,hamming,0.2064402996971146,0.16993464052287582,0.036505659174238786
one_another,intensifying_reduplication,delete_feature,idf_jaccard,0.919285147531665,0.8727261979234067,0.04655894960825835
one_another,intensifying_reduplication,reverse_polarity,jaccard,0.7063192992561306,0.6600346230805675,0.04628467617556309
one_another,intensifying_reduplication,reverse_polarity,dice,0.5506168766202588,0.4960270932582008,0.054589783362058
one_another,intensifying_reduplication,reverse_polarity,hamming,0.20509977827051,0.16883116883116883,0.03626860943934118
one_another,intensifying_reduplication,reverse_polarity,idf_jaccard,0.919285147531665,0.8727261979234066,0.04655894960825846
one_another,intensifying_reduplication,flip_target_cell,jaccard,0.7292914557801984,0.6854873288588901,0.043804126921308306
one_another,intensifying_reduplication,flip_target_cell,dice,0.578584642020693,0.5251257727740861,0.05345886924660692
one_another,intensifying_reduplication,flip_target_cell,hamming,0.21159328476401645,0.17532467532467533,0.036268609439341126
one_another,intensifying_reduplication,flip_target_cell,idf_jaccard,0.9253889991946226,0.8820790972861751,0.04330990190844752
one_another,selects_singular_heads,delete_feature,jaccard,0.7228114730155731,0.6772670296559097,0.045544443359663456
one_another,selects_singular_heads,delete_feature,dice,0.570798797392139,0.5157992163043814,0.0549995810877576
one_another,selects_singular_heads,delete_feature,hamming,0.2064402996971146,0.16993464052287582,0.036505659174238786
one_another,selects_singular_heads,delete_feature,idf_jaccard,0.919285147531665,0.8727261979234067,0.04655894960825835
one_another,selects_singular_heads,reverse_polarity,jaccard,0.7063192992561306,0.6600346230805675,0.04628467617556309
one_another,selects_singular_heads,reverse_polarity,dice,0.5506168766202588,0.4960270932582008,0.054589783362058
one_another,selects_singular_heads,reverse_polarity,hamming,0.20509977827051,0.16883116883116883,0.03626860943934118
one_another,selects_singular_heads,reverse_polarity,idf_jaccard,0.919285147531665,0.8727261979234066,0.04655894960825846
one_another,selects_singular_heads,flip_target_cell,jaccard,0.7292914557801984,0.6854873288588901,0.043804126921308306
one_another,selects_singular_heads,flip_target_cell,dice,0.578584642020693,0.5251257727740861,0.05345886924660692
one_another,selects_singular_heads,flip_target_cell,hamming,0.21159328476401645,0.17532467532467533,0.036268609439341126
one_another,selects_singular_heads,flip_target_cell,idf_jaccard,0.9253889991946226,0.8820790972861751,0.04330990190844752
one_another,selects_count_singular_heads,delete_feature,jaccard,0.7223004138130872,0.6772670296559097,0.0450333841571775
one_another,selects_count_singular_heads,delete_feature,dice,0.5700392320903643,0.5157992163043814,0.05424001578598292
one_another,selects_count_singular_heads,delete_feature,hamming,0.20532440618523834,0.16993464052287582,0.035389765662362516
one_another,selects_count_singular_heads,delete_feature,idf_jaccard,0.9190486400589513,0.8727261979234067,0.046322442135544595
one_another,selects_count_singular_heads,reverse_polarity,jaccard,0.7089503116178799,0.6600346230805675,0.04891568853731243
one_another,selects_count_singular_heads,reverse_polarity,dice,0.5544947965457114,0.4960270932582008,0.05846770328751061
one_another,selects_count_singular_heads,reverse_polarity,hamming,0.20509977827051,0.16883116883116883,0.03626860943934118
one_another,selects_count_singular_heads,reverse_polarity,idf_jaccard,0.9169934973762901,0.8705158122758071,0.046477685100483
one_another,selects_count_singular_heads,flip_target_cell,jaccard,0.7256175831853294,0.6854873288588901,0.04013025432643935
one_another,selects_count_singular_heads,flip_target_cell,dice,0.5731743613734104,0.5251257727740861,0.04804858859932426
one_another,selects_count_singular_heads,flip_target_cell,hamming,0.20937598986379474,0.17532467532467533,0.034051314539119415
one_another,selects_count_singular_heads,flip_target_cell,idf_jaccard,0.9169070602968434,0.8777560392782621,0.03915102101858137
one_another,selects_non_count_heads,delete_feature,jaccard,0.7223004138130872,0.6772670296559097,0.0450333841571775
one_another,selects_non_count_heads,delete_feature,dice,0.5700392320903643,0.5157992163043814,0.05424001578598292
one_another,selects_non_count_heads,delete_feature,hamming,0.20532440618523834,0.16993464052287582,0.035389765662362516
one_another,selects_non_count_heads,delete_feature,idf_jaccard,0.9190486400589513,0.8727261979234067,0.046322442135544595
one_another,selects_non_count_heads,reverse_polarity,jaccard,0.7089503116178799,0.6600346230805675,0.04891568853731243
one_another,selects_non_count_heads,reverse_polarity,dice,0.5544947965457114,0.4960270932582008,0.05846770328751061
one_another,selects_non_count_heads,reverse_polarity,hamming,0.20509977827051,0.16883116883116883,0.03626860943934118
one_another,selects_non_count_heads,reverse_polarity,idf_jaccard,0.9169934973762901,0.8705158122758071,0.046477685100483
one_another,selects_non_count_heads,flip_target_cell,jaccard,0.7256175831853294,0.6854873288588901,0.04013025432643935
one_another,selects_non_count_heads,flip_target_cell,dice,0.5731743613734104,0.5251257727740861,0.04804858859932426
one_another,selects_non_count_heads,flip_target_cell,hamming,0.20937598986379474,0.17532467532467533,0.034051314539119415
one_another,selects_non_count_heads,flip_target_cell,idf_jaccard,0.9169070602968434,0.8777560392782621,0.03915102101858137
one_another,selects_plural_heads,delete_feature,jaccard,0.7223004138130872,0.6772670296559097,0.0450333841571775
one_another,selects_plural_heads,delete_feature,dice,0.5700392320903643,0.5157992163043814,0.05424001578598292
one_another,selects_plural_heads,delete_feature,hamming,0.20532440618523834,0.16993464052287582,0.035389765662362516
one_another,selects_plural_heads,delete_feature,idf_jaccard,0.9190486400589513,0.8727261979234067,0.046322442135544595
one_another,selects_plural_heads,reverse_polarity,jaccard,0.7089503116178799,0.6600346230805675,0.04891568853731243
one_another,selects_plural_heads,reverse_polarity,dice,0.5544947965457114,0.4960270932582008,0.05846770328751061
one_another,selects_plural_heads,reverse_polarity,hamming,0.20509977827051,0.16883116883116883,0.03626860943934118
one_another,selects_plural_heads,reverse_polarity,idf_jaccard,0.9169934973762901,0.8705158122758071,0.046477685100483
one_another,selects_plural_heads,flip_target_cell,jaccard,0.7256175831853294,0.6854873288588901,0.04013025432643935
one_another,selects_plural_heads,flip_target_cell,dice,0.5731743613734104,0.5251257727740861,0.04804858859932426
one_another,selects_plural_heads,flip_target_cell,hamming,0.20937598986379474,0.17532467532467533,0.034051314539119415
one_another,selects_plural_heads,flip_target_cell,idf_jaccard,0.9169070602968434,0.8777560392782621,0.03915102101858137
one_another,compatible_count_sing_NP,delete_feature,jaccard,0.7219491378391916,0.6721319898556222,0.0498171479835694
one_another,compatible_count_sing_NP,delete_feature,dice,0.5696310655177201,0.5101360119200635,0.05949505359765661
one_another,compatible_count_sing_NP,delete_feature,hamming,0.2050055794675594,0.16625816993464052,0.038747409532918886
one_another,compatible_count_sing_NP,delete_feature,idf_jaccard,0.919053990744423,0.8709924017419024,0.048061589002520555
one_another,compatible_count_sing_NP,reverse_polarity,jaccard,0.7097036731343701,0.6695030870837193,0.0402005860506508
one_another,compatible_count_sing_NP,reverse_polarity,dice,0.5553653477961107,0.5064969779288743,0.048868369867236416
one_another,compatible_count_sing_NP,reverse_polarity,hamming,0.20509977827051,0.16883116883116883,0.03626860943934118
one_another,compatible_count_sing_NP,reverse_polarity,idf_jaccard,0.9134890876821997,0.8687803325724277,0.044708755109772014
one_another,compatible_count_sing_NP,flip_target_cell,jaccard,0.7241682691703567,0.6659003301914888,0.05826793897886795
one_another,compatible_count_sing_NP,flip_target_cell,dice,0.5715006613519527,0.5035643555051217,0.06793630584683097
one_another,compatible_count_sing_NP,flip_target_cell,hamming,0.20874247703515994,0.1680194805194805,0.04072299651567943
one_another,compatible_count_sing_NP,flip_target_cell,idf_jaccard,0.916822581488424,0.8612378839537793,0.05558469753464468
one_another,compatible_count_plur_NP,delete_feature,jaccard,0.7219491378391916,0.6772670296559097,0.04468210818328189
one_another,compatible_count_plur_NP,delete_feature,dice,0.5696310655177201,0.5157992163043814,0.05383184921333872
one_another,compatible_count_plur_NP,delete_feature,hamming,0.2050055794675594,0.16993464052287582,0.03507093894468358
one_another,compatible_count_plur_NP,delete_feature,idf_jaccard,0.918910459352258,0.8727261979234067,0.04618426142885135
one_another,compatible_count_plur_NP,reverse_polarity,jaccard,0.7097036731343701,0.6600346230805675,0.04966905005380262
one_another,compatible_count_plur_NP,reverse_polarity,dice,0.5553653477961107,0.4960270932582008,0.05933825453790986
one_another,compatible_count_plur_NP,reverse_polarity,hamming,0.20509977827051,0.16883116883116883,0.03626860943934118
one_another,compatible_count_plur_NP,reverse_polarity,idf_jaccard,0.9163801888713868,0.8698294578853811,0.046550730986005706
one_another,compatible_count_plur_NP,flip_target_cell,jaccard,0.7241682691703567,0.6854873288588901,0.03868094031146663
one_another,compatible_count_plur_NP,flip_target_cell,dice,0.5715006613519527,0.5251257727740861,0.046374888577866535
one_another,compatible_count_plur_NP,flip_target_cell,hamming,0.20874247703515994,0.17532467532467533,0.03341780171048461
one_another,compatible_count_plur_NP,flip_target_cell,idf_jaccard,0.9153055330151009,0.8771744163977886,0.03813111661731228
one_another,compatible_non_count_NP,delete_feature,jaccard,0.7219491378391916,0.6772670296559097,0.04468210818328189
one_another,compatible_non_count_NP,delete_feature,dice,0.5696310655177201,0.5157992163043814,0.05383184921333872
one_another,compatible_non_count_NP,delete_feature,hamming,0.2050055794675594,0.16993464052287582,0.03507093894468358
one_another,compatible_non_count_NP,delete_feature,idf_jaccard,0.918910459352258,0.8727261979234067,0.04618426142885135
one_another,compatible_non_count_NP,reverse_polarity,jaccard,0.7097036731343701,0.6600346230805675,0.04966905005380262
one_another,compatible_non_count_NP,reverse_polarity,dice,0.5553653477961107,0.4960270932582008,0.05933825453790986
one_another,compatible_non_count_NP,reverse_polarity,hamming,0.20509977827051,0.16883116883116883,0.03626860943934118
one_another,compatible_non_count_NP,reverse_polarity,idf_jaccard,0.916380188871387,0.8698294578853811,0.04655073098600582
one_another,compatible_non_count_NP,flip_target_cell,jaccard,0.7241682691703567,0.6854873288588901,0.03868094031146663
one_another,compatible_non_count_NP,flip_target_cell,dice,0.5715006613519527,0.5251257727740861,0.046374888577866535
one_another,compatible_non_count_NP,flip_target_cell,hamming,0.20874247703515994,0.17532467532467533,0.03341780171048461
one_another,compatible_non_count_NP,flip_target_cell,idf_jaccard,0.9153055330151009,0.8771744163977886,0.03813111661731228
one_another,Forms_universal_pronouns_before_all,delete_feature,jaccard,0.7222646604521039,0.6772670296559097,0.04499763079619423
one_another,Forms_universal_pronouns_before_all,delete_feature,dice,0.5701638315063595,0.5157992163043814,0.054364615201978106
one_another,Forms_universal_pronouns_before_all,delete_feature,hamming,0.20596205962059622,0.16993464052287582,0.03602741909772039
one_another,Forms_universal_pronouns_before_all,delete_feature,idf_jaccard,0.918878869566918,0.8727261979234067,0.046152671643511334
one_another,Forms_universal_pronouns_before_all,reverse_polarity,jaccard,0.7074895251683578,0.6600346230805675,0.04745490208779035
one_another,Forms_universal_pronouns_before_all,reverse_polarity,dice,0.5519687751967159,0.4960270932582008,0.05594168193851512
one_another,Forms_universal_pronouns_before_all,reverse_polarity,hamming,0.20509977827051,0.16883116883116883,0.03626860943934118
one_another,Forms_universal_pronouns_before_all,reverse_polarity,idf_jaccard,0.9179671583265728,0.8718127455635751,0.0461544127629977
one_another,Forms_universal_pronouns_before_all,flip_target_cell,jaccard,0.7270382453977688,0.6854873288588901,0.04155091653887877
one_another,Forms_universal_pronouns_before_all,flip_target_cell,dice,0.5759840181716194,0.5251257727740861,0.05085824539753325
one_another,Forms_universal_pronouns_before_all,flip_target_cell,hamming,0.21064301552106432,0.17532467532467533,0.03531834019638899
one_another,Forms_universal_pronouns_before_all,flip_target_cell,idf_jaccard,0.9192418094782057,0.8796768782632666,0.03956493121493909
one_another,functions_as_a_predeterminer_modifier,delete_feature,jaccard,0.7228114730155731,0.6772670296559097,0.045544443359663456
one_another,functions_as_a_predeterminer_modifier,delete_feature,dice,0.570798797392139,0.5157992163043814,0.0549995810877576
one_another,functions_as_a_predeterminer_modifier,delete_feature,hamming,0.2064402996971146,0.16993464052287582,0.036505659174238786
one_another,functions_as_a_predeterminer_modifier,delete_feature,idf_jaccard,0.919285147531665,0.8727261979234067,0.04655894960825835
one_another,functions_as_a_predeterminer_modifier,reverse_polarity,jaccard,0.7063192992561306,0.6600346230805675,0.04628467617556309
one_another,functions_as_a_predeterminer_modifier,reverse_polarity,dice,0.5506168766202588,0.4960270932582008,0.054589783362058
one_another,functions_as_a_predeterminer_modifier,reverse_polarity,hamming,0.20509977827051,0.16883116883116883,0.03626860943934118
one_another,functions_as_a_predeterminer_modifier,reverse_polarity,idf_jaccard,0.919285147531665,0.8727261979234066,0.04655894960825846
one_another,functions_as_a_predeterminer_modifier,flip_target_cell,jaccard,0.7292914557801984,0.6854873288588901,0.043804126921308306
one_another,functions_as_a_predeterminer_modifier,flip_target_cell,dice,0.578584642020693,0.5251257727740861,0.05345886924660692
one_another,functions_as_a_predeterminer_modifier,flip_target_cell,hamming,0.21159328476401645,0.17532467532467533,0.036268609439341126
one_another,functions_as_a_predeterminer_modifier,flip_target_cell,idf_jaccard,0.9253889991946226,0.8820790972861751,0.04330990190844752
one_another,functions_as_prehead_modifier_in_nominal,delete_feature,jaccard,0.7226627520161681,0.6772670296559097,0.04539572236025846
one_another,functions_as_prehead_modifier_in_nominal,delete_feature,dice,0.5706075013615316,0.5157992163043814,0.054808285057150186
one_another,functions_as_prehead_modifier_in_nominal,delete_feature,hamming,0.20628088633827515,0.16993464052287582,0.03634624581539933
one_another,functions_as_prehead_modifier_in_nominal,delete_feature,idf_jaccard,0.9191956912792956,0.8727261979234067,0.0464694933558889
one_another,functions_as_prehead_modifier_in_nominal,reverse_polarity,jaccard,0.7067583803019932,0.6600346230805675,0.046723757221425744
one_another,functions_as_prehead_modifier_in_nominal,reverse_polarity,dice,0.5511763272758087,0.4960270932582008,0.05514923401760785
one_another,functions_as_prehead_modifier_in_nominal,reverse_polarity,hamming,0.20509977827051,0.16883116883116883,0.03626860943934118
one_another,functions_as_prehead_modifier_in_nominal,reverse_polarity,idf_jaccard,0.9188800569033657,0.872426956534984,0.04645310036838168
one_another,functions_as_prehead_modifier_in_nominal,flip_target_cell,jaccard,0.7285549327355254,0.6854873288588901,0.04306760387663533
one_another,functions_as_prehead_modifier_in_nominal,flip_target_cell,dice,0.577646555716753,0.5251257727740861,0.05252078294266693
one_another,functions_as_prehead_modifier_in_nominal,flip_target_cell,hamming,0.21127652834969904,0.17532467532467533,0.03595185302502371
one_another,functions_as_prehead_modifier_in_nominal,flip_target_cell,idf_jaccard,0.9233397877531588,0.8820790972861751,0.041260690466983774
one_another,functions_as_degree_modifier_in_AdjP,delete_feature,jaccard,0.7228114730155731,0.6772670296559097,0.045544443359663456
one_another,functions_as_degree_modifier_in_AdjP,delete_feature,dice,0.570798797392139,0.5157992163043814,0.0549995810877576
one_another,functions_as_degree_modifier_in_AdjP,delete_feature,hamming,0.2064402996971146,0.16993464052287582,0.036505659174238786
one_another,functions_as_degree_modifier_in_AdjP,delete_feature,idf_jaccard,0.919285147531665,0.8727261979234067,0.04655894960825835
one_another,functions_as_degree_modifier_in_AdjP,reverse_polarity,jaccard,0.7063192992561306,0.6600346230805675,0.04628467617556309
one_another,functions_as_degree_modifier_in_AdjP,reverse_polarity,dice,0.5506168766202588,0.4960270932582008,0.054589783362058
one_another,functions_as_degree_modifier_in_AdjP,reverse_polarity,hamming,0.20509977827051,0.16883116883116883,0.03626860943934118
one_another,functions_as_degree_modifier_in_AdjP,reverse_polarity,idf_jaccard,0.919285147531665,0.8727261979234066,0.04655894960825846
one_another,functions_as_degree_modifier_in_AdjP,flip_target_cell,jaccard,0.7292914557801984,0.6854873288588901,0.043804126921308306
one_another,functions_as_degree_modifier_in_AdjP,flip_target_cell,dice,0.578584642020693,0.5251257727740861,0.05345886924660692
one_another,functions_as_degree_modifier_in_AdjP,flip_target_cell,hamming,0.21159328476401645,0.17532467532467533,0.036268609439341126
one_another,functions_as_degree_modifier_in_AdjP,flip_target_cell,idf_jaccard,0.9253889991946226,0.8820790972861751,0.04330990190844752
one_another,functions_as_predicative_complement,delete_feature,jaccard,0.7354441062363878,0.6954257011335514,0.040018405102836385
one_another,functions_as_predicative_complement,delete_feature,dice,0.585898448306797,0.5372220640403964,0.04867638426640064
one_another,functions_as_predicative_complement,delete_feature,hamming,0.2050055794675594,0.16993464052287582,0.03507093894468358
one_another,functions_as_predicative_complement,delete_feature,idf_jaccard,0.9218176187560135,0.8756423635062822,0.04617525524973132
one_another,functions_as_predicative_complement,reverse_polarity,jaccard,0.7363583112877988,0.6954257011335514,0.04093261015424743
one_another,functions_as_predicative_complement,reverse_polarity,dice,0.5871429106226427,0.5372220640403964,0.04992084658224627
one_another,functions_as_predicative_complement,reverse_polarity,hamming,0.20509977827051,0.16883116883116883,0.03626860943934118
one_another,functions_as_predicative_complement,reverse_polarity,idf_jaccard,0.9221502052708532,0.8756423635062822,0.04650784176457101
one_another,functions_as_predicative_complement,flip_target_cell,jaccard,0.7408564643421507,0.7033860595437937,0.03747040479835695
one_another,functions_as_predicative_complement,flip_target_cell,dice,0.5924211410282454,0.5464858114748743,0.045935329553371096
one_another,functions_as_predicative_complement,flip_target_cell,hamming,0.20874247703515994,0.17532467532467533,0.03341780171048461
one_another,functions_as_predicative_complement,flip_target_cell,idf_jaccard,0.9220574601944825,0.8760618086803104,0.045995651514172176
one_another,functions_as_predicative_complement_to_seem,delete_feature,jaccard,0.7206891074942283,0.6762318320706479,0.04445727542358047
one_another,functions_as_predicative_complement_to_seem,delete_feature,dice,0.5685529756757818,0.5146176943487196,0.05393528132706216
one_another,functions_as_predicative_complement_to_seem,delete_feature,hamming,0.2050055794675594,0.16911764705882354,0.03588793240873586
one_another,functions_as_predicative_complement_to_seem,delete_feature,idf_jaccard,0.9182327066222924,0.8723143185520159,0.045918388070276484
one_another,functions_as_predicative_complement_to_seem,reverse_polarity,jaccard,0.709766894632872,0.6621414967375054,0.04762539789536657
one_another,functions_as_predicative_complement_to_seem,reverse_polarity,dice,0.5542617015975948,0.4984267838376916,0.05583491775990318
one_another,functions_as_predicative_complement_to_seem,reverse_polarity,hamming,0.20509977827051,0.16883116883116883,0.03626860943934118
one_another,functions_as_predicative_complement_to_seem,reverse_polarity,idf_jaccard,0.9153223744245431,0.869190339026859,0.04613203539768407
one_another,functions_as_predicative_complement_to_seem,flip_target_cell,jaccard,0.7216712748937912,0.681334416089161,0.04033685880463023
one_another,functions_as_predicative_complement_to_seem,flip_target_cell,dice,0.570546020922104,0.5204071118054251,0.050138909116678954
one_another,functions_as_predicative_complement_to_seem,flip_target_cell,hamming,0.20874247703515994,0.17370129870129872,0.03504117833386122
one_another,functions_as_predicative_complement_to_seem,flip_target_cell,idf_jaccard,0.9132491519864077,0.8725904022242246,0.04065874976218309
one_another,functions_as_marker_of_coordination,delete_feature,jaccard,0.7228114730155731,0.6772670296559097,0.045544443359663456
one_another,functions_as_marker_of_coordination,delete_feature,dice,0.570798797392139,0.5157992163043814,0.0549995810877576
one_another,functions_as_marker_of_coordination,delete_feature,hamming,0.2064402996971146,0.16993464052287582,0.036505659174238786
one_another,functions_as_marker_of_coordination,delete_feature,idf_jaccard,0.919285147531665,0.8727261979234067,0.04655894960825835
one_another,functions_as_marker_of_coordination,reverse_polarity,jaccard,0.7063192992561306,0.6600346230805675,0.04628467617556309
one_another,functions_as_marker_of_coordination,reverse_polarity,dice,0.5506168766202588,0.4960270932582008,0.054589783362058
one_another,functions_as_marker_of_coordination,reverse_polarity,hamming,0.20509977827051,0.16883116883116883,0.03626860943934118
one_another,functions_as_marker_of_coordination,reverse_polarity,idf_jaccard,0.919285147531665,0.8727261979234066,0.04655894960825846
one_another,functions_as_marker_of_coordination,flip_target_cell,jaccard,0.7292914557801984,0.6854873288588901,0.043804126921308306
one_another,functions_as_marker_of_coordination,flip_target_cell,dice,0.578584642020693,0.5251257727740861,0.05345886924660692
one_another,functions_as_marker_of_coordination,flip_target_cell,hamming,0.21159328476401645,0.17532467532467533,0.036268609439341126
one_another,functions_as_marker_of_coordination,flip_target_cell,idf_jaccard,0.9253889991946226,0.8820790972861751,0.04330990190844752
one_another,functions_as_fused_determiner_head,delete_feature,jaccard,0.7228114730155731,0.6686044317566631,0.05420704125891007
one_another,functions_as_fused_determiner_head,delete_feature,dice,0.570798797392139,0.5060973366185764,0.06470146077356265
one_another,functions_as_fused_determiner_head,delete_feature,hamming,0.2064402996971146,0.1633986928104575,0.04304160688665712
one_another,functions_as_fused_determiner_head,delete_feature,idf_jaccard,0.919285147531665,0.8694718275831689,0.04981331994849614
one_another,functions_as_fused_determiner_head,reverse_polarity,jaccard,0.7063192992561306,0.6772670296559097,0.029052269600220892
one_another,functions_as_fused_determiner_head,reverse_polarity,dice,0.5506168766202588,0.5157992163043814,0.03481766031587741
one_another,functions_as_fused_determiner_head,reverse_polarity,hamming,0.20509977827051,0.16883116883116883,0.03626860943934118
one_another,functions_as_fused_determiner_head,reverse_polarity,idf_jaccard,0.9132856047380234,0.8703317472691586,0.04295385746886482
one_another,functions_as_fused_determiner_head,flip_target_cell,jaccard,0.7292914557801984,0.6511479997680255,0.07814345601217287
one_another,functions_as_fused_determiner_head,flip_target_cell,dice,0.578584642020693,0.48631229631587536,0.09227234570481768
one_another,functions_as_fused_determiner_head,flip_target_cell,hamming,0.21159328476401645,0.16233766233766234,0.04925562242635412
one_another,functions_as_fused_determiner_head,flip_target_cell,idf_jaccard,0.9213092368776123,0.848066540096198,0.07324269678141437
one_another,functions_as_head_of_partitive_construction,delete_feature,jaccard,0.7228114730155731,0.675121528168303,0.04768994484727018
one_another,functions_as_head_of_partitive_construction,delete_feature,dice,0.570798797392139,0.5134201846606439,0.05737861273149514
one_another,functions_as_head_of_partitive_construction,delete_feature,hamming,0.2064402996971146,0.16830065359477125,0.038139646102343355
one_another,functions_as_head_of_partitive_construction,delete_feature,idf_jaccard,0.919285147531665,0.871210126415597,0.048075021116067984
one_another,functions_as_head_of_partitive_construction,reverse_polarity,jaccard,0.7063192992561306,0.6641011770765461,0.04221812217958443
one_another,functions_as_head_of_partitive_construction,reverse_polarity,dice,0.5506168766202588,0.5005839285935205,0.0500329480267383
one_another,functions_as_head_of_partitive_construction,reverse_polarity,hamming,0.20509977827051,0.16883116883116883,0.03626860943934118
one_another,functions_as_head_of_partitive_construction,reverse_polarity,idf_jaccard,0.9179533600960701,0.8703162632370283,0.04763709685904183
one_another,functions_as_head_of_partitive_construction,flip_target_cell,jaccard,0.7292914557801984,0.6771874487154494,0.052104007064748936
one_another,functions_as_head_of_partitive_construction,flip_target_cell,dice,0.578584642020693,0.515902241675555,0.06268240034513806
one_another,functions_as_head_of_partitive_construction,flip_target_cell,hamming,0.21159328476401645,0.17207792207792208,0.039515362686094374
one_another,functions_as_head_of_partitive_construction,flip_target_cell,idf_jaccard,0.9234039687702936,0.8655609311206637,0.05784303764962995
one_another,functions_as_adjunct_in_clause_structure,delete_feature,jaccard,0.7206891074942283,0.6756899607607293,0.04499914673349903
one_another,functions_as_adjunct_in_clause_structure,delete_feature,dice,0.5685529756757818,0.5137386554810086,0.05481432019477317
one_another,functions_as_adjunct_in_clause_structure,delete_feature,hamming,0.2050055794675594,0.16830065359477123,0.036704925872788174
one_another,functions_as_adjunct_in_clause_structure,delete_feature,idf_jaccard,0.9183430360911908,0.8721691761918715,0.046173859899319325
one_another,functions_as_adjunct_in_clause_structure,reverse_polarity,jaccard,0.709766894632872,0.66500287303237,0.04476402160050197
one_another,functions_as_adjunct_in_clause_structure,reverse_polarity,dice,0.5542617015975948,0.5024983906448722,0.051763310952722574
one_another,functions_as_adjunct_in_clause_structure,reverse_polarity,hamming,0.20509977827051,0.16883116883116883,0.03626860943934118
one_another,functions_as_adjunct_in_clause_structure,reverse_polarity,idf_jaccard,0.9148311892922201,0.8690463831307697,0.04578480616145042
one_another,functions_as_adjunct_in_clause_structure,flip_target_cell,jaccard,0.7216712748937912,0.6773563242640698,0.04431495062972146
one_another,functions_as_adjunct_in_clause_structure,flip_target_cell,dice,0.570546020922104,0.5145701421562684,0.05597587876583565
one_another,functions_as_adjunct_in_clause_structure,flip_target_cell,hamming,0.20874247703515994,0.17207792207792208,0.03666455495723786
one_another,functions_as_adjunct_in_clause_structure,flip_target_cell,idf_jaccard,0.9138667920084796,0.8687417814539516,0.045125010554528
one_another,functions_as_attrib_modifier_in_nominal,delete_feature,jaccard,0.7226627520161681,0.6772670296559097,0.04539572236025846
one_another,functions_as_attrib_modifier_in_nominal,delete_feature,dice,0.5706075013615316,0.5157992163043814,0.054808285057150186
one_another,functions_as_attrib_modifier_in_nominal,delete_feature,hamming,0.20628088633827515,0.16993464052287582,0.03634624581539933
one_another,functions_as_attrib_modifier_in_nominal,delete_feature,idf_jaccard,0.9191956912792956,0.8727261979234067,0.0464694933558889
one_another,functions_as_attrib_modifier_in_nominal,reverse_polarity,jaccard,0.7067583803019932,0.6600346230805675,0.046723757221425744
one_another,functions_as_attrib_modifier_in_nominal,reverse_polarity,dice,0.5511763272758087,0.4960270932582008,0.05514923401760785
one_another,functions_as_attrib_modifier_in_nominal,reverse_polarity,hamming,0.20509977827051,0.16883116883116883,0.03626860943934118
one_another,functions_as_attrib_modifier_in_nominal,reverse_polarity,idf_jaccard,0.9188800569033657,0.872426956534984,0.04645310036838168
one_another,functions_as_attrib_modifier_in_nominal,flip_target_cell,jaccard,0.7285549327355254,0.6854873288588901,0.04306760387663533
one_another,functions_as_attrib_modifier_in_nominal,flip_target_cell,dice,0.577646555716753,0.5251257727740861,0.05252078294266693
one_another,functions_as_attrib_modifier_in_nominal,flip_target_cell,hamming,0.21127652834969904,0.17532467532467533,0.03595185302502371
one_another,functions_as_attrib_modifier_in_nominal,flip_target_cell,idf_jaccard,0.9233397877531588,0.8820790972861751,0.041260690466983774
one_another,appears_in_subject,delete_feature,jaccard,0.7193973787105615,0.6686044317566631,0.050792946953898466
one_another,appears_in_subject,delete_feature,dice,0.5664860918411452,0.5060973366185764,0.06038875522256881
one_another,appears_in_subject,delete_feature,hamming,0.2024549657261278,0.1633986928104575,0.03905627291567032
one_another,appears_in_subject,delete_feature,idf_jaccard,0.9190251784843672,0.8718979599713496,0.0471272185130176
one_another,appears_in_subject,reverse_polarity,jaccard,0.7163195794212076,0.6772670296559097,0.03905254976529793
one_another,appears_in_subject,reverse_polarity,dice,0.5634957297606269,0.5157992163043814,0.04769651345624548
one_another,appears_in_subject,reverse_polarity,hamming,0.20509977827051,0.16883116883116883,0.03626860943934118
one_another,appears_in_subject,reverse_polarity,idf_jaccard,0.910928613717365,0.8750335192764451,0.03589509444091987
one_another,appears_in_subject,flip_target_cell,jaccard,0.7124688907126092,0.6511479997680255,0.061320890944583706
one_another,appears_in_subject,flip_target_cell,dice,0.557160687715079,0.48631229631587536,0.07084839139920363
one_another,appears_in_subject,flip_target_cell,hamming,0.20367437440608172,0.16233766233766234,0.04133671206841938
one_another,appears_in_subject,flip_target_cell,idf_jaccard,0.915683417346792,0.8663310118636316,0.049352405483160444
one_another,appears_in_object,delete_feature,jaccard,0.7354154280980141,0.6902535398081393,0.045161888289874774
one_another,appears_in_object,delete_feature,dice,0.5864768079788893,0.5303985872365189,0.056078220742370455
one_another,appears_in_object,delete_feature,hamming,0.20532440618523834,0.16870915032679737,0.03661525585844097
one_another,appears_in_object,delete_feature,idf_jaccard,0.9220641371026443,0.875301114119329,0.04676302298331536
one_another,appears_in_object,reverse_polarity,jaccard,0.7365966693626955,0.6914932267869904,0.04510344257570509
one_another,appears_in_object,reverse_polarity,dice,0.587972325683056,0.5319966133697898,0.05597571231326626
one_another,appears_in_object,reverse_polarity,hamming,0.20509977827051,0.16883116883116883,0.03626860943934118
one_another,appears_in_object,reverse_polarity,idf_jaccard,0.9224435649566592,0.8757920121692806,0.04665155278737865
one_another,appears_in_object,flip_target_cell,jaccard,0.7405849175702429,0.6971133573345591,0.04347156023568377
one_another,appears_in_object,flip_target_cell,dice,0.5927513196103189,0.5381808228127427,0.054570496797576196
one_another,appears_in_object,flip_target_cell,hamming,0.20937598986379474,0.1728896103896104,0.036486379474184344
one_another,appears_in_object,flip_target_cell,idf_jaccard,0.9223254702588208,0.8757171781937259,0.04660829206509498
one_another,functions_as_post_head_modifier_of_it_or_them,delete_feature,jaccard,0.7228114730155731,0.6772670296559097,0.045544443359663456
one_another,functions_as_post_head_modifier_of_it_or_them,delete_feature,dice,0.570798797392139,0.5157992163043814,0.0549995810877576
one_another,functions_as_post_head_modifier_of_it_or_them,delete_feature,hamming,0.2064402996971146,0.16993464052287582,0.036505659174238786
one_another,functions_as_post_head_modifier_of_it_or_them,delete_feature,idf_jaccard,0.9192851475316648,0.8727261979234064,0.04655894960825835
one_another,functions_as_post_head_modifier_of_it_or_them,reverse_polarity,jaccard,0.7063192992561306,0.6600346230805675,0.04628467617556309
one_another,functions_as_post_head_modifier_of_it_or_them,reverse_polarity,dice,0.5506168766202588,0.4960270932582008,0.054589783362058
one_another,functions_as_post_head_modifier_of_it_or_them,reverse_polarity,hamming,0.20509977827051,0.16883116883116883,0.03626860943934118
one_another,functions_as_post_head_modifier_of_it_or_them,reverse_polarity,idf_jaccard,0.919285147531665,0.8727261979234066,0.04655894960825846
one_another,functions_as_post_head_modifier_of_it_or_them,flip_target_cell,jaccard,0.7292914557801984,0.6854873288588901,0.043804126921308306
one_another,functions_as_post_head_modifier_of_it_or_them,flip_target_cell,dice,0.578584642020693,0.5251257727740861,0.05345886924660692
one_another,functions_as_post_head_modifier_of_it_or_them,flip_target_cell,hamming,0.21159328476401645,0.17532467532467533,0.036268609439341126
one_another,functions_as_post_head_modifier_of_it_or_them,flip_target_cell,idf_jaccard,0.9253889991946226,0.8820790972861751,0.04330990190844752
one_another,functions_as_post_head_modifier_of_N,delete_feature,jaccard,0.7228114730155731,0.6772670296559097,0.045544443359663456
one_another,functions_as_post_head_modifier_of_N,delete_feature,dice,0.570798797392139,0.5157992163043814,0.0549995810877576
one_another,functions_as_post_head_modifier_of_N,delete_feature,hamming,0.2064402996971146,0.16993464052287582,0.036505659174238786
one_another,functions_as_post_head_modifier_of_N,delete_feature,idf_jaccard,0.9192851475316648,0.8727261979234064,0.04655894960825835
one_another,functions_as_post_head_modifier_of_N,reverse_polarity,jaccard,0.7063192992561306,0.6600346230805675,0.04628467617556309
one_another,functions_as_post_head_modifier_of_N,reverse_polarity,dice,0.5506168766202588,0.4960270932582008,0.054589783362058
one_another,functions_as_post_head_modifier_of_N,reverse_polarity,hamming,0.20509977827051,0.16883116883116883,0.03626860943934118
one_another,functions_as_post_head_modifier_of_N,reverse_polarity,idf_jaccard,0.919285147531665,0.8727261979234066,0.04655894960825846
one_another,functions_as_post_head_modifier_of_N,flip_target_cell,jaccard,0.7292914557801984,0.6854873288588901,0.043804126921308306
one_another,functions_as_post_head_modifier_of_N,flip_target_cell,dice,0.578584642020693,0.5251257727740861,0.05345886924660692
one_another,functions_as_post_head_modifier_of_N,flip_target_cell,hamming,0.21159328476401645,0.17532467532467533,0.036268609439341126
one_another,functions_as_post_head_modifier_of_N,flip_target_cell,idf_jaccard,0.9253889991946226,0.8820790972861751,0.04330990190844752
one_another,appears_in_existentials_there_s_on_the_table,delete_feature,jaccard,0.7228114730155731,0.6736514833118936,0.04915998970367952
one_another,appears_in_existentials_there_s_on_the_table,delete_feature,dice,0.570798797392139,0.5118856111308171,0.058913186261321915
one_another,appears_in_existentials_there_s_on_the_table,delete_feature,hamming,0.2064402996971146,0.16748366013071897,0.03895663956639564
one_another,appears_in_existentials_there_s_on_the_table,delete_feature,idf_jaccard,0.9192851475316648,0.8703634074133059,0.048921740118358925
one_another,appears_in_existentials_there_s_on_the_table,reverse_polarity,jaccard,0.7063192992561306,0.6663288318458931,0.039990467410237485
one_another,appears_in_existentials_there_s_on_the_table,reverse_polarity,dice,0.5506168766202588,0.5028521630846976,0.04776471353556122
one_another,appears_in_existentials_there_s_on_the_table,reverse_polarity,hamming,0.20509977827051,0.16883116883116883,0.03626860943934118
one_another,appears_in_existentials_there_s_on_the_table,reverse_polarity,idf_jaccard,0.9172508607533695,0.8693141208797263,0.04793673987364322
one_another,appears_in_existentials_there_s_on_the_table,flip_target_cell,jaccard,0.7292914557801984,0.6720800236110842,0.057211432169114174
one_another,appears_in_existentials_there_s_on_the_table,flip_target_cell,dice,0.578584642020693,0.5106447750855412,0.06793986693515186
one_another,appears_in_existentials_there_s_on_the_table,flip_target_cell,hamming,0.21159328476401645,0.17045454545454547,0.041138739309470984
one_another,appears_in_existentials_there_s_on_the_table,flip_target_cell,idf_jaccard,0.9228030509286254,0.8593765773311758,0.06342647359744957
one_another,functions_as_determiner_in_day_s_time_ago,delete_feature,jaccard,0.7228114730155731,0.6772670296559097,0.045544443359663456
one_another,functions_as_determiner_in_day_s_time_ago,delete_feature,dice,0.570798797392139,0.5157992163043814,0.0549995810877576
one_another,functions_as_determiner_in_day_s_time_ago,delete_feature,hamming,0.2064402996971146,0.16993464052287582,0.036505659174238786
one_another,functions_as_determiner_in_day_s_time_ago,delete_feature,idf_jaccard,0.9192851475316648,0.8727261979234064,0.04655894960825835
one_another,functions_as_determiner_in_day_s_time_ago,reverse_polarity,jaccard,0.7063192992561306,0.6600346230805675,0.04628467617556309
one_another,functions_as_determiner_in_day_s_time_ago,reverse_polarity,dice,0.5506168766202588,0.4960270932582008,0.054589783362058
one_another,functions_as_determiner_in_day_s_time_ago,reverse_polarity,hamming,0.20509977827051,0.16883116883116883,0.03626860943934118
one_another,functions_as_determiner_in_day_s_time_ago,reverse_polarity,idf_jaccard,0.919285147531665,0.8727261979234066,0.04655894960825846
one_another,functions_as_determiner_in_day_s_time_ago,flip_target_cell,jaccard,0.7292914557801984,0.6854873288588901,0.043804126921308306
one_another,functions_as_determiner_in_day_s_time_ago,flip_target_cell,dice,0.578584642020693,0.5251257727740861,0.05345886924660692
one_another,functions_as_determiner_in_day_s_time_ago,flip_target_cell,hamming,0.21159328476401645,0.17532467532467533,0.036268609439341126
one_another,functions_as_determiner_in_day_s_time_ago,flip_target_cell,idf_jaccard,0.9253889991946226,0.8820790972861751,0.04330990190844752
one_another,functions_as_subject_of_present_participal_of_joining_you,delete_feature,jaccard,0.7354154280980141,0.6886088029660341,0.04680662513197997
one_another,functions_as_subject_of_present_participal_of_joining_you,delete_feature,dice,0.5864768079788893,0.5281039012461808,0.05837290673270856
one_another,functions_as_subject_of_present_participal_of_joining_you,delete_feature,hamming,0.20532440618523834,0.16830065359477123,0.03702375259046711
one_another,functions_as_subject_of_present_participal_of_joining_you,delete_feature,idf_jaccard,0.9223752566760626,0.8753414487263145,0.0470338079497481
one_another,functions_as_subject_of_present_participal_of_joining_you,reverse_polarity,jaccard,0.7365966693626955,0.6901858718612144,0.04641079750148114
one_another,functions_as_subject_of_present_participal_of_joining_you,reverse_polarity,dice,0.587972325683056,0.5301644620695534,0.05780786361350265
one_another,functions_as_subject_of_present_participal_of_joining_you,reverse_polarity,hamming,0.20509977827051,0.16883116883116883,0.03626860943934118
one_another,functions_as_subject_of_present_participal_of_joining_you,reverse_polarity,idf_jaccard,0.9227350220301637,0.8759303333674058,0.04680468866275789
one_another,functions_as_subject_of_present_participal_of_joining_you,flip_target_cell,jaccard,0.7405849175702429,0.6951734113156657,0.04541150625457724
one_another,functions_as_subject_of_present_participal_of_joining_you,flip_target_cell,dice,0.5927513196103189,0.5354634315083949,0.05728788810192398
one_another,functions_as_subject_of_present_participal_of_joining_you,flip_target_cell,hamming,0.20937598986379474,0.17207792207792208,0.03729806778587266
one_another,functions_as_subject_of_present_participal_of_joining_you,flip_target_cell,idf_jaccard,0.9226644018415148,0.8757871068036901,0.04687729503782467
one_another,Functions_as_subject_of_interrogative_tag,delete_feature,jaccard,0.7213282900422567,0.6772670296559097,0.044061260386347056
one_another,Functions_as_subject_of_interrogative_tag,delete_feature,dice,0.5689307944144203,0.5157992163043814,0.05313157811003888
one_another,Functions_as_subject_of_interrogative_tag,delete_feature,hamming,0.2050055794675594,0.16993464052287582,0.03507093894468358
one_another,Functions_as_subject_of_interrogative_tag,delete_feature,idf_jaccard,0.9187219269249559,0.8727261979234067,0.045995729001549246
one_another,Functions_as_subject_of_interrogative_tag,reverse_polarity,jaccard,0.7104318006559541,0.6600346230805675,0.05039717757538664
one_another,Functions_as_subject_of_interrogative_tag,reverse_polarity,dice,0.5557733902539044,0.4960270932582008,0.05974629699570355
one_another,Functions_as_subject_of_interrogative_tag,reverse_polarity,hamming,0.20509977827051,0.16883116883116883,0.03626860943934118
one_another,Functions_as_subject_of_interrogative_tag,reverse_polarity,idf_jaccard,0.9164276488571463,0.8698294578853811,0.04659819097176521
one_another,Functions_as_subject_of_interrogative_tag,flip_target_cell,jaccard,0.7222190748321754,0.6854873288588901,0.036731745973285324
one_another,Functions_as_subject_of_interrogative_tag,flip_target_cell,dice,0.5697384284494771,0.5251257727740861,0.044612655675390966
one_another,Functions_as_subject_of_interrogative_tag,flip_target_cell,hamming,0.20874247703516,0.17532467532467533,0.03341780171048467
one_another,Functions_as_subject_of_interrogative_tag,flip_target_cell,idf_jaccard,0.9126096321060052,0.8771744163977886,0.035435215708216616
one_another,functions_as_subject_determiner,delete_feature,jaccard,0.7223004138130872,0.6772670296559097,0.0450333841571775
one_another,functions_as_subject_determiner,delete_feature,dice,0.5700392320903643,0.5157992163043814,0.05424001578598292
one_another,functions_as_subject_determiner,delete_feature,hamming,0.20532440618523834,0.16993464052287582,0.035389765662362516
one_another,functions_as_subject_determiner,delete_feature,idf_jaccard,0.9190486400589513,0.8727261979234067,0.046322442135544595
one_another,functions_as_subject_determiner,reverse_polarity,jaccard,0.7089503116178799,0.6600346230805675,0.04891568853731243
one_another,functions_as_subject_determiner,reverse_polarity,dice,0.5544947965457114,0.4960270932582008,0.05846770328751061
one_another,functions_as_subject_determiner,reverse_polarity,hamming,0.20509977827051,0.16883116883116883,0.03626860943934118
one_another,functions_as_subject_determiner,reverse_polarity,idf_jaccard,0.9169934973762901,0.8705158122758071,0.046477685100483
one_another,functions_as_subject_determiner,flip_target_cell,jaccard,0.7256175831853294,0.6854873288588901,0.04013025432643935
one_another,functions_as_subject_determiner,flip_target_cell,dice,0.5731743613734104,0.5251257727740861,0.04804858859932426
one_another,functions_as_subject_determiner,flip_target_cell,hamming,0.20937598986379474,0.17532467532467533,0.034051314539119415
one_another,functions_as_subject_determiner,flip_target_cell,idf_jaccard,0.9169070602968434,0.8777560392782621,0.03915102101858137
one_another,functions_in_vocative,delete_feature,jaccard,0.7223828287412114,0.6735272155107161,0.048855613230495254
one_another,functions_in_vocative,delete_feature,dice,0.5702327387542818,0.5118340633239973,0.05839867543028454
one_another,functions_in_vocative,delete_feature,hamming,0.20580264626175673,0.16748366013071897,0.03831898613103776
one_another,functions_in_vocative,delete_feature,idf_jaccard,0.9191140961095181,0.8704760542130361,0.04863804189648202
one_another,functions_in_vocative,reverse_polarity,jaccard,0.7078363917399026,0.6661657614706116,0.041670630269291076
one_another,functions_in_vocative,reverse_polarity,dice,0.5526875590990685,0.5025465846875251,0.050140974411543415
one_another,functions_in_vocative,reverse_polarity,hamming,0.20509977827051,0.16883116883116883,0.03626860943934118
one_another,functions_in_vocative,reverse_polarity,idf_jaccard,0.9159083048172744,0.8687157705169939,0.047192534300280475
one_another,functions_in_vocative,flip_target_cell,jaccard,0.7269131128342381,0.6720070221581085,0.054906090676129615
one_another,functions_in_vocative,flip_target_cell,dice,0.57538583586612,0.5108537947521081,0.0645320411140119
one_another,functions_in_vocative,flip_target_cell,hamming,0.2103262591067469,0.17045454545454547,0.039871713652201435
one_another,functions_in_vocative,flip_target_cell,idf_jaccard,0.9190168022299551,0.8615012200980632,0.057515582131891896
one_another,May_coordinate_with_non_fused_determiners,delete_feature,jaccard,0.7228114730155731,0.6772670296559097,0.045544443359663456
one_another,May_coordinate_with_non_fused_determiners,delete_feature,dice,0.570798797392139,0.5157992163043814,0.0549995810877576
one_another,May_coordinate_with_non_fused_determiners,delete_feature,hamming,0.2064402996971146,0.16993464052287582,0.036505659174238786
one_another,May_coordinate_with_non_fused_determiners,delete_feature,idf_jaccard,0.9192851475316648,0.8727261979234067,0.04655894960825813
one_another,May_coordinate_with_non_fused_determiners,reverse_polarity,jaccard,0.7063192992561306,0.6600346230805675,0.04628467617556309
one_another,May_coordinate_with_non_fused_determiners,reverse_polarity,dice,0.5506168766202588,0.4960270932582008,0.054589783362058
one_another,May_coordinate_with_non_fused_determiners,reverse_polarity,hamming,0.20509977827051,0.16883116883116883,0.03626860943934118
one_another,May_coordinate_with_non_fused_determiners,reverse_polarity,idf_jaccard,0.919285147531665,0.8727261979234066,0.04655894960825846
one_another,May_coordinate_with_non_fused_determiners,flip_target_cell,jaccard,0.7292914557801984,0.6854873288588901,0.043804126921308306
one_another,May_coordinate_with_non_fused_determiners,flip_target_cell,dice,0.578584642020693,0.5251257727740861,0.05345886924660692
one_another,May_coordinate_with_non_fused_determiners,flip_target_cell,hamming,0.21159328476401645,0.17532467532467533,0.036268609439341126
one_another,May_coordinate_with_non_fused_determiners,flip_target_cell,idf_jaccard,0.9253889991946226,0.8820790972861751,0.04330990190844752
one_another,must_be_outranked_by_a_coindexed_element,delete_feature,jaccard,0.7217593985029096,0.6686044317566631,0.053154966746246535
one_another,must_be_outranked_by_a_coindexed_element,delete_feature,dice,0.5688892127435841,0.5060973366185764,0.0627918761250077
one_another,must_be_outranked_by_a_coindexed_element,delete_feature,hamming,0.20133907221425154,0.1633986928104575,0.03794037940379405
one_another,must_be_outranked_by_a_coindexed_element,delete_feature,idf_jaccard,0.925089389583355,0.8679423872191717,0.05714700236418324
one_another,must_be_outranked_by_a_coindexed_element,reverse_polarity,jaccard,0.7264398196955182,0.6772670296559097,0.049172790039608505
one_another,must_be_outranked_by_a_coindexed_element,reverse_polarity,dice,0.5747263832159246,0.5157992163043814,0.058927166911543205
one_another,must_be_outranked_by_a_coindexed_element,reverse_polarity,hamming,0.20509977827051,0.16883116883116883,0.03626860943934118
one_another,must_be_outranked_by_a_coindexed_element,reverse_polarity,idf_jaccard,0.9252772274411796,0.8684029569893459,0.056874270451833686
one_another,must_be_outranked_by_a_coindexed_element,flip_target_cell,jaccard,0.7237347692523496,0.6686044317566631,0.05513033749568652
one_another,must_be_outranked_by_a_coindexed_element,flip_target_cell,dice,0.5710603054596385,0.5060973366185764,0.06496296884106212
one_another,must_be_outranked_by_a_coindexed_element,flip_target_cell,hamming,0.20145707950585998,0.16233766233766234,0.03911941716819764
one_another,must_be_outranked_by_a_coindexed_element,flip_target_cell,idf_jaccard,0.9259253775822139,0.8679423872191718,0.05798299036304211
one_another,takes_predeterminer_modifiers_all_or_both,delete_feature,jaccard,0.7208508174839969,0.6772670296559097,0.04358378782808725
one_another,takes_predeterminer_modifiers_all_or_both,delete_feature,dice,0.5683348526161398,0.5157992163043814,0.052535636311758394
one_another,takes_predeterminer_modifiers_all_or_both,delete_feature,hamming,0.20388968595568305,0.16993464052287582,0.033955045432807224
one_another,takes_predeterminer_modifiers_all_or_both,delete_feature,idf_jaccard,0.9186250313479969,0.8727261979234067,0.045898833424590224
one_another,takes_predeterminer_modifiers_all_or_both,reverse_polarity,jaccard,0.7121787502119736,0.6600346230805675,0.05214412713140615
one_another,takes_predeterminer_modifiers_all_or_both,reverse_polarity,dice,0.5582697282526153,0.4960270932582008,0.062242634994414514
one_another,takes_predeterminer_modifiers_all_or_both,reverse_polarity,hamming,0.20509977827051,0.16883116883116883,0.03626860943934118
one_another,takes_predeterminer_modifiers_all_or_both,reverse_polarity,idf_jaccard,0.9148640363712939,0.8671893496688942,0.047674686702399716
one_another,takes_predeterminer_modifiers_all_or_both,flip_target_cell,jaccard,0.7195129438512217,0.6854873288588901,0.03402561499233159
one_another,takes_predeterminer_modifiers_all_or_both,flip_target_cell,dice,0.5660403698885624,0.5251257727740861,0.040914597114476314
one_another,takes_predeterminer_modifiers_all_or_both,flip_target_cell,hamming,0.20652518213493826,0.17532467532467533,0.03120050681026293
one_another,takes_predeterminer_modifiers_all_or_both,flip_target_cell,idf_jaccard,0.9120282991961732,0.8758216959550771,0.03620660324109615
one_another,occurs_after_predeterminer_modifiers_fractions,delete_feature,jaccard,0.7193314143589983,0.6755557642151031,0.04377565014389517
one_another,occurs_after_predeterminer_modifiers_fractions,delete_feature,dice,0.5664569896767323,0.5139703934849926,0.052486596191739676
one_another,occurs_after_predeterminer_modifiers_fractions,delete_feature,hamming,0.2024549657261278,0.1687091503267974,0.033745815399330414
one_another,occurs_after_predeterminer_modifiers_fractions,delete_feature,idf_jaccard,0.9187259306348543,0.872302819883817,0.04642311075103733
one_another,occurs_after_predeterminer_modifiers_fractions,reverse_polarity,jaccard,0.7161327350568953,0.6629470473220473,0.053185687734848
one_another,occurs_after_predeterminer_modifiers_fractions,reverse_polarity,dice,0.5631305522580294,0.49918104822136633,0.06394950403666311
one_another,occurs_after_predeterminer_modifiers_fractions,reverse_polarity,hamming,0.20509977827051,0.16883116883116883,0.03626860943934118
one_another,occurs_after_predeterminer_modifiers_fractions,reverse_polarity,idf_jaccard,0.9141523199904172,0.8634414799264019,0.05071084006401538
one_another,occurs_after_predeterminer_modifiers_fractions,flip_target_cell,jaccard,0.7125333042637343,0.6792062151437153,0.03332708912001903
one_another,occurs_after_predeterminer_modifiers_fractions,flip_target_cell,dice,0.557475724741027,0.5183887597870731,0.03908696495395392
one_another,occurs_after_predeterminer_modifiers_fractions,flip_target_cell,hamming,0.20367437440608172,0.1728896103896104,0.030784764016471317
one_another,occurs_after_predeterminer_modifiers_fractions,flip_target_cell,idf_jaccard,0.9117547985389436,0.8714991138656777,0.0402556846732659
one_another,occurs_after_predeterminer_modifiers_multipliers,delete_feature,jaccard,0.7198240433459795,0.6738458027971828,0.045978240548796734
one_another,occurs_after_predeterminer_modifiers_multipliers,delete_feature,dice,0.5670929523687985,0.5121154708559301,0.05497748151286841
one_another,occurs_after_predeterminer_modifiers_multipliers,delete_feature,hamming,0.20293320580264623,0.16748366013071897,0.03544954567192726
one_another,occurs_after_predeterminer_modifiers_multipliers,delete_feature,idf_jaccard,0.9187868200109583,0.871993105007977,0.04679371500298135
one_another,occurs_after_predeterminer_modifiers_multipliers,reverse_polarity,jaccard,0.714685876632399,0.6659753953379595,0.048710481294439556
one_another,occurs_after_predeterminer_modifiers_multipliers,reverse_polarity,dice,0.5612958007326821,0.5024978041916067,0.058797996541075426
one_another,occurs_after_predeterminer_modifiers_multipliers,reverse_polarity,hamming,0.20509977827051,0.16883116883116883,0.03626860943934118
one_another,occurs_after_predeterminer_modifiers_multipliers,reverse_polarity,idf_jaccard,0.9131338996305537,0.8654356108379022,0.04769828879265148
one_another,occurs_after_predeterminer_modifiers_multipliers,flip_target_cell,jaccard,0.7149650787469325,0.6728097126303962,0.04215536611653625
one_another,occurs_after_predeterminer_modifiers_multipliers,flip_target_cell,dice,0.5605666324313919,0.5114379559612693,0.049128676470122645
one_another,occurs_after_predeterminer_modifiers_multipliers,flip_target_cell,hamming,0.20462464364903388,0.17045454545454547,0.03417009819448841
one_another,occurs_after_predeterminer_modifiers_multipliers,flip_target_cell,idf_jaccard,0.9129643993983688,0.8687519749330432,0.044212424465325584
one_another,ironic_use_of_repetition,delete_feature,jaccard,0.7210441547832236,0.6772670296559097,0.04377712512731391
one_another,ironic_use_of_repetition,delete_feature,dice,0.5685564271589293,0.5157992163043814,0.052757210854547876
one_another,ironic_use_of_repetition,delete_feature,hamming,0.20404909931452253,0.16993464052287582,0.03411445879164671
one_another,ironic_use_of_repetition,delete_feature,idf_jaccard,0.9186492723138581,0.8727261979234067,0.0459230743904514
one_another,ironic_use_of_repetition,reverse_polarity,jaccard,0.7117821608802266,0.6600346230805675,0.05174753779965913
one_another,ironic_use_of_repetition,reverse_polarity,dice,0.5578180570692369,0.4960270932582008,0.061790963811036104
one_another,ironic_use_of_repetition,reverse_polarity,hamming,0.20509977827051,0.16883116883116883,0.03626860943934118
one_another,ironic_use_of_repetition,reverse_polarity,idf_jaccard,0.9150180174774456,0.8675919148782512,0.04742610259919444
one_another,ironic_use_of_repetition,flip_target_cell,jaccard,0.7202919586100104,0.6854873288588901,0.03480462975112031
one_another,ironic_use_of_repetition,flip_target_cell,dice,0.5669272878486512,0.5251257727740861,0.04180151507456509
one_another,ironic_use_of_repetition,flip_target_cell,hamming,0.2068419385492556,0.17532467532467533,0.03151726322458026
one_another,ironic_use_of_repetition,flip_target_cell,idf_jaccard,0.9123430958595843,0.8759749173132598,0.03636817854632446
one_another,take_poor_lucky_silly_as_attrib_modifiers,delete_feature,jaccard,0.7216760944681475,0.6772670296559097,0.04440906481223783
one_another,take_poor_lucky_silly_as_attrib_modifiers,delete_feature,dice,0.5694059864140351,0.5157992163043814,0.053606770109653645
one_another,take_poor_lucky_silly_as_attrib_modifiers,delete_feature,hamming,0.20532440618523834,0.16993464052287582,0.035389765662362516
one_another,take_poor_lucky_silly_as_attrib_modifiers,delete_feature,idf_jaccard,0.9188310037017242,0.8727261979234067,0.04610480577831755
one_another,take_poor_lucky_silly_as_attrib_modifiers,reverse_polarity,jaccard,0.7092133876585831,0.6600346230805675,0.04917876457801562
one_another,take_poor_lucky_silly_as_attrib_modifiers,reverse_polarity,dice,0.5541533129456457,0.4960270932582008,0.05812621968744491
one_another,take_poor_lucky_silly_as_attrib_modifiers,reverse_polarity,hamming,0.20509977827051,0.16883116883116883,0.03626860943934118
one_another,take_poor_lucky_silly_as_attrib_modifiers,reverse_polarity,idf_jaccard,0.9168887917001679,0.8705158122758071,0.046372979424360805
one_another,take_poor_lucky_silly_as_attrib_modifiers,flip_target_cell,jaccard,0.7241375994897769,0.6854873288588901,0.038650270630886774
one_another,take_poor_lucky_silly_as_attrib_modifiers,flip_target_cell,dice,0.5722999544553421,0.5251257727740861,0.04717418168125598
one_another,take_poor_lucky_silly_as_attrib_modifiers,flip_target_cell,hamming,0.20937598986379474,0.17532467532467533,0.034051314539119415
one_another,take_poor_lucky_silly_as_attrib_modifiers,flip_target_cell,idf_jaccard,0.9149192395106944,0.8777560392782621,0.03716320023243236
one_another,takes_adverb_quite_as_a_modifier,delete_feature,jaccard,0.7208508174839969,0.6724039510263837,0.0484468664576132
one_another,takes_adverb_quite_as_a_modifier,delete_feature,dice,0.5683348526161398,0.5104112752423446,0.057923577373795165
one_another,takes_adverb_quite_as_a_modifier,delete_feature,hamming,0.20388968595568305,0.16625816993464052,0.03763151602104253
one_another,takes_adverb_quite_as_a_modifier,delete_feature,idf_jaccard,0.9188604895385384,0.8715362340802695,0.047324255458268905
one_another,takes_adverb_quite_as_a_modifier,reverse_polarity,jaccard,0.7121787502119736,0.6693745181449771,0.04280423206699657
one_another,takes_adverb_quite_as_a_modifier,reverse_polarity,dice,0.5582697282526153,0.5066107036713541,0.05165902458126126
one_another,takes_adverb_quite_as_a_modifier,reverse_polarity,hamming,0.20509977827051,0.16883116883116883,0.03626860943934118
one_another,takes_adverb_quite_as_a_modifier,reverse_polarity,idf_jaccard,0.912300668253002,0.8679827625880863,0.04431790566491578
one_another,takes_adverb_quite_as_a_modifier,flip_target_cell,jaccard,0.7195129438512217,0.666549169445511,0.05296377440571065
one_another,takes_adverb_quite_as_a_modifier,flip_target_cell,dice,0.5660403698885624,0.5039689105349896,0.06207145935357283
one_another,takes_adverb_quite_as_a_modifier,flip_target_cell,hamming,0.20652518213493826,0.1680194805194805,0.038505701615457744
one_another,takes_adverb_quite_as_a_modifier,flip_target_cell,idf_jaccard,0.9145859726971558,0.8648298624510196,0.04975611024613624
one_another,takes_else_or_more_as_a_post_head_dependent,delete_feature,jaccard,0.7228114730155731,0.6686044317566631,0.05420704125891007
one_another,takes_else_or_more_as_a_post_head_dependent,delete_feature,dice,0.570798797392139,0.5060973366185764,0.06470146077356265
one_another,takes_else_or_more_as_a_post_head_dependent,delete_feature,hamming,0.2064402996971146,0.1633986928104575,0.04304160688665712
one_another,takes_else_or_more_as_a_post_head_dependent,delete_feature,idf_jaccard,0.9192851475316648,0.8694718275831689,0.049813319948495915
one_another,takes_else_or_more_as_a_post_head_dependent,reverse_polarity,jaccard,0.7063192992561306,0.6772670296559097,0.029052269600220892
one_another,takes_else_or_more_as_a_post_head_dependent,reverse_polarity,dice,0.5506168766202588,0.5157992163043814,0.03481766031587741
one_another,takes_else_or_more_as_a_post_head_dependent,reverse_polarity,hamming,0.20509977827051,0.16883116883116883,0.03626860943934118
one_another,takes_else_or_more_as_a_post_head_dependent,reverse_polarity,idf_jaccard,0.9132856047380234,0.8703317472691586,0.04295385746886482
one_another,takes_else_or_more_as_a_post_head_dependent,flip_target_cell,jaccard,0.7292914557801984,0.6511479997680255,0.07814345601217287
one_another,takes_else_or_more_as_a_post_head_dependent,flip_target_cell,dice,0.578584642020693,0.48631229631587536,0.09227234570481768
one_another,takes_else_or_more_as_a_post_head_dependent,flip_target_cell,hamming,0.21159328476401645,0.16233766233766234,0.04925562242635412
one_another,takes_else_or_more_as_a_post_head_dependent,flip_target_cell,idf_jaccard,0.9213092368776123,0.848066540096198,0.07324269678141437
one_another,accepts_genitive_apstrophe_s,delete_feature,jaccard,0.7160086863016198,0.6886088029660341,0.02739988333558574
one_another,accepts_genitive_apstrophe_s,delete_feature,dice,0.5627158052034411,0.5281039012461808,0.034611903957260326
one_another,accepts_genitive_apstrophe_s,delete_feature,hamming,0.1999043519846963,0.16830065359477123,0.03160369838992508
one_another,accepts_genitive_apstrophe_s,delete_feature,idf_jaccard,0.9166541479453316,0.8922474529656773,0.02440669497965431
one_another,accepts_genitive_apstrophe_s,reverse_polarity,jaccard,0.7228114730155731,0.6901858718612144,0.03262560115435875
one_another,accepts_genitive_apstrophe_s,reverse_polarity,dice,0.570798797392139,0.5301644620695534,0.040634335322585646
one_another,accepts_genitive_apstrophe_s,reverse_polarity,hamming,0.20509977827051,0.16883116883116883,0.03626860943934118
one_another,accepts_genitive_apstrophe_s,reverse_polarity,idf_jaccard,0.9170644154098252,0.8923389852013508,0.024725430208474397
one_another,accepts_genitive_apstrophe_s,flip_target_cell,jaccard,0.7160086863016198,0.6951734113156657,0.020835274985954166
one_another,accepts_genitive_apstrophe_s,flip_target_cell,dice,0.5627158052034411,0.5354634315083949,0.027252373695046184
one_another,accepts_genitive_apstrophe_s,flip_target_cell,hamming,0.19860627177700346,0.17207792207792208,0.026528349699081383
one_another,accepts_genitive_apstrophe_s,flip_target_cell,idf_jaccard,0.9166541479453316,0.8949550797831293,0.02169906816220235
one_another,takes_post_head_modifier_the_hell,delete_feature,jaccard,0.7228114730155731,0.6772670296559097,0.045544443359663456
one_another,takes_post_head_modifier_the_hell,delete_feature,dice,0.570798797392139,0.5157992163043814,0.0549995810877576
one_another,takes_post_head_modifier_the_hell,delete_feature,hamming,0.2064402996971146,0.16993464052287582,0.036505659174238786
one_another,takes_post_head_modifier_the_hell,delete_feature,idf_jaccard,0.9192851475316648,0.8727261979234067,0.04655894960825813
one_another,takes_post_head_modifier_the_hell,reverse_polarity,jaccard,0.7063192992561306,0.6600346230805675,0.04628467617556309
one_another,takes_post_head_modifier_the_hell,reverse_polarity,dice,0.5506168766202588,0.4960270932582008,0.054589783362058
one_another,takes_post_head_modifier_the_hell,reverse_polarity,hamming,0.20509977827051,0.16883116883116883,0.03626860943934118
one_another,takes_post_head_modifier_the_hell,reverse_polarity,idf_jaccard,0.919285147531665,0.8727261979234066,0.04655894960825846
one_another,takes_post_head_modifier_the_hell,flip_target_cell,jaccard,0.7292914557801984,0.6854873288588901,0.043804126921308306
one_another,takes_post_head_modifier_the_hell,flip_target_cell,dice,0.578584642020693,0.5251257727740861,0.05345886924660692
one_another,takes_post_head_modifier_the_hell,flip_target_cell,hamming,0.21159328476401645,0.17532467532467533,0.036268609439341126
one_another,takes_post_head_modifier_the_hell,flip_target_cell,idf_jaccard,0.9253889991946226,0.8820790972861751,0.04330990190844752
