lemma,draw,d_pronoun,d_compound,delta
each_other,1,0.7106476132589759,0.6815392366862956,0.029108376572680283
each_other,2,0.7120628264307302,0.6690820933080995,0.04298073312263062
each_other,3,0.7097776526180791,0.6517804419603954,0.05799721065768371
each_other,4,0.7019615090931812,0.6706507142168907,0.031310794876290515
each_other,5,0.7147582141618352,0.6739266012776075,0.04083161288422765
each_other,6,0.7014650035068122,0.6785172294363471,0.02294777407046511
each_other,7,0.7087524686581506,0.6690820933080994,0.039670375350051135
each_other,8,0.7061941172793417,0.6642375853385916,0.04195653194075011
each_other,9,0.7031920020673033,0.6612155780886431,0.04197642397866019
each_other,10,0.7066096271547109,0.6690820933080995,0.03752753384661134
each_other,11,0.7149170460351892,0.6863837446558034,0.02853330137938581
each_other,12,0.7066938892808419,0.6739266012776075,0.03276728800323436
each_other,13,0.69757533527173,0.6390694187714312,0.058505916500298794
each_other,14,0.7000738083937647,0.6721041005580479,0.02796970783571673
each_other,15,0.7029271272706333,0.6596469571798519,0.043280170090781445
each_other,16,0.71245660102694,0.6296342826431836,0.08282231838375642
each_other,17,0.7051081502830304,0.6960727605948194,0.009035389688211048
each_other,18,0.7087567025388419,0.6894057519057519,0.019350950633090003
each_other,19,0.7106233089669114,0.6375007978626399,0.07312251110427148
each_other,20,0.7086696003820442,0.6375007978626399,0.07116880251940427
each_other,21,0.7100781517036847,0.6721041005580479,0.03797405114563679
each_other,22,0.714449708247648,0.6817931164970639,0.03265659175058411
each_other,23,0.7060903463165464,0.6469359339908876,0.05915441232565888
each_other,24,0.7189406590381261,0.6517804419603954,0.06716021707773068
each_other,25,0.7114773120574038,0.6642375853385916,0.04723972671881227
each_other,26,0.7050048380818911,0.6863837446558034,0.018621093426087643
each_other,27,0.7043169406546745,0.6690820933080994,0.035234847346575116
each_other,28,0.6975625135327281,0.6690820933080995,0.0284804202246286
each_other,29,0.7070580022633837,0.6612155780886431,0.045842424174740604
each_other,30,0.705037509501046,0.6690820933080994,0.03595541619294662
each_other,31,0.7060368413547178,0.6469359339908876,0.059100907363830224
each_other,32,0.715330404633009,0.6736727214668391,0.04165768316616991
each_other,33,0.7182820560810816,0.6517804419603954,0.06650161412068623
each_other,34,0.7042101583665801,0.6912282526253115,0.012981905741268562
each_other,35,0.7107748470127695,0.6817931164970639,0.028981730515705628
each_other,36,0.7060200635144906,0.6517804419603954,0.05423962155409523
each_other,37,0.69253946065146,0.6690820933080994,0.02345736734336057
each_other,38,0.7023533905992558,0.6296342826431836,0.07271910795607228
each_other,39,0.7099239021282747,0.6817931164970639,0.028130785631210853
each_other,40,0.7046431066904623,0.6817931164970639,0.022849990193398395
each_other,41,0.7072128974256173,0.6721041005580479,0.0351087968675694
each_other,42,0.7168248083971368,0.6990947678447679,0.01773004055236893
each_other,43,0.7067383209459862,0.6769486085275559,0.029789712418430314
each_other,44,0.708509413025172,0.6548024492103439,0.05370696381482809
each_other,45,0.7071047386756737,0.6690820933080994,0.03802264536757427
each_other,46,0.71722390793697,0.6596469571798519,0.057576950757118106
each_other,47,0.718373452712253,0.6785172294363471,0.03985622327590588
each_other,48,0.7103266261471257,0.6563710701191352,0.053955556027990514
each_other,49,0.7088579692854635,0.6548024492103439,0.0540555200751196
each_other,50,0.7113662131146701,0.6469359339908876,0.06443027912378252
each_other,51,0.7124525810434448,0.6469359339908876,0.06551664705255722
each_other,52,0.7044773661781855,0.6690820933080994,0.035395272870086036
each_other,53,0.7110269197378166,0.6642375853385916,0.04678933439922506
each_other,54,0.7064779517313742,0.6912282526253115,0.015249699106062664
each_other,55,0.7170285637254455,0.6469359339908876,0.07009262973455799
each_other,56,0.711712574230449,0.6612155780886431,0.05049699614180592
each_other,57,0.7057263864887493,0.6563710701191352,0.0493553163696141
each_other,58,0.7137238210617446,0.6942502598752599,0.01947356118648469
each_other,59,0.7055305524532541,0.6690820933080994,0.03644845914515471
each_other,60,0.7016819957871737,0.6563710701191351,0.045310925668038626
each_other,61,0.7060074029915887,0.6817931164970639,0.02421428649452484
each_other,62,0.7075384917425029,0.6517804419603955,0.05575804978210741
each_other,63,0.714329240214704,0.6690820933080995,0.045247146906604474
each_other,64,0.708509413025172,0.6739266012776075,0.0345828117475645
each_other,65,0.7061304116211753,0.683361737405855,0.02276867421532025
each_other,66,0.7002374453104075,0.6596469571798519,0.04059048813055566
each_other,67,0.7130510512446762,0.6469359339908876,0.0661151172537886
each_other,68,0.7124505665604846,0.6817931164970639,0.030657450063420688
each_other,69,0.7029650268831202,0.6690820933080994,0.03388293357502081
each_other,70,0.7060200635144906,0.6912282526253115,0.014791810889179136
each_other,71,0.7074522237737924,0.6375007978626399,0.06995142591115244
each_other,72,0.7052227770815261,0.6942502598752599,0.010972517206266241
each_other,73,0.7082395629740244,0.6817931164970639,0.026446446476960483
each_other,74,0.7164955443176529,0.6548024492103439,0.061693095107309026
each_other,75,0.7138322271877722,0.6912282526253115,0.02260397456246066
each_other,76,0.7070383601566309,0.6942502598752599,0.012788100281371007
each_other,77,0.7057354726726364,0.6863837446558034,0.019351728016832936
each_other,78,0.7129695591417562,0.6642375853385916,0.04873197380316463
each_other,79,0.7126543070285823,0.6596469571798519,0.053007349848730456
each_other,80,0.7177861330290435,0.6863837446558034,0.03140238837324005
each_other,81,0.703460146678426,0.7039392758142758,-0.00047912913584979844
each_other,82,0.7135934039584327,0.6912282526253115,0.022365151333121225
each_other,83,0.6971683620806629,0.6390694187714311,0.05809894330923182
each_other,84,0.7067383209459861,0.6863837446558034,0.02035457629018267
each_other,85,0.7068832158154522,0.6785172294363471,0.028365986379105146
each_other,86,0.7114773120574036,0.6769486085275559,0.034528703529847715
each_other,87,0.7057097747920618,0.6863837446558034,0.019326030136258332
each_other,88,0.7066003923019467,0.6739266012776075,0.032673791024339205
each_other,89,0.712123443357289,0.6863837446558034,0.025739698701485625
each_other,90,0.7160117546682282,0.6563710701191352,0.05964068454909299
each_other,91,0.7155313243271937,0.6517804419603954,0.06375088236679827
each_other,92,0.7091322281454908,0.6990947678447679,0.010037460300722945
each_other,93,0.7047346905137627,0.6642375853385916,0.04049710517517113
each_other,94,0.7049499544034223,0.6296342826431836,0.07531567176023879
each_other,95,0.7010849882892557,0.6612155780886431,0.03986941020061263
each_other,96,0.7160117546682281,0.6563710701191351,0.05964068454909299
each_other,97,0.716166459348804,0.6990947678447679,0.01707169150403609
each_other,98,0.7101896522127054,0.6769486085275559,0.03324104368514946
each_other,99,0.7053462625488448,0.6912282526253115,0.014118009923533292
each_other,100,0.7169295915995471,0.6642375853385916,0.05269200626095549
each_other,101,0.7083695129872027,0.6517804419603955,0.056589071026807214
each_other,102,0.7118159979674262,0.6866376244665718,0.02517837350085439
each_other,103,0.7028261371503762,0.6912282526253115,0.011597884525064717
each_other,104,0.7120009013530694,0.6817931164970639,0.030207784856005504
each_other,105,0.7101193224876337,0.6785172294363471,0.031602093051286584
each_other,106,0.7104993540902246,0.6596469571798519,0.05085239691037269
each_other,107,0.7016819957871737,0.6863837446558034,0.015298251131370288
each_other,108,0.7146052790405413,0.6739266012776075,0.04067867776293377
each_other,109,0.7118357778310587,0.6642375853385916,0.047598192492467106
each_other,110,0.6998360971917027,0.6769486085275559,0.022887488664146804
each_other,111,0.7132210323159925,0.6912282526253115,0.02199277969068103
each_other,112,0.7177957685297959,0.6485045548996787,0.06929121363011714
each_other,113,0.7059010197819362,0.6815392366862956,0.024361783095640632
each_other,114,0.702958773834269,0.6690820933080994,0.033876680526169545
each_other,115,0.7088579692854634,0.6769486085275559,0.03190936075790751
each_other,116,0.7098868350115322,0.6690820933080994,0.040804741703432734
each_other,117,0.7120495025285773,0.6642375853385916,0.047811917189985786
each_other,118,0.7096802870817112,0.6375007978626399,0.07217948921907125
each_other,119,0.7084333817161128,0.6706507142168907,0.0377826674992221
each_other,120,0.7143199537598725,0.6866376244665718,0.02768232929330061
each_other,121,0.7061194340725745,0.6375007978626399,0.06861863620993458
each_other,122,0.7126598719240144,0.6863837446558034,0.026276127268210936
each_other,123,0.7060074029915886,0.6990947678447679,0.0069126351468207226
each_other,124,0.7087109728680369,0.6469359339908876,0.0617750388771493
each_other,125,0.7111783176161453,0.6296342826431836,0.0815440349729617
each_other,126,0.6995948970165249,0.6296342826431836,0.06996061437334133
each_other,127,0.7150447355772922,0.6912282526253115,0.02381648295198069
each_other,128,0.7023009992375273,0.6912282526253115,0.0110727466122158
each_other,129,0.7113353041589124,0.6863837446558034,0.02495155950310901
each_other,130,0.7107133946175581,0.683361737405855,0.027351657211703073
each_other,131,0.7066531458777298,0.6817931164970639,0.024860029380665893
each_other,132,0.7106584643427735,0.6866376244665718,0.024020839876201627
each_other,133,0.7072128974256173,0.6596469571798519,0.04756594024576544
each_other,134,0.709608586987296,0.6423453058321479,0.06726328115514812
each_other,135,0.714329240214704,0.6912282526253115,0.023100987589392497
each_other,136,0.6993982232640961,0.6739266012776075,0.025471621986488557
each_other,137,0.7165348693601147,0.6769486085275559,0.039586260832558784
each_other,138,0.7083382747325351,0.6548024492103439,0.05353582552219116
each_other,139,0.700734532976186,0.6642375853385916,0.03649694763759448
each_other,140,0.7018314345211387,0.6390694187714311,0.06276201574970763
each_other,141,0.7058923738101996,0.6548024492103439,0.05108992459985573
each_other,142,0.705530552453254,0.6960727605948194,0.00945779185843465
each_other,143,0.7090971129820943,0.6739266012776075,0.03517051170448682
each_other,144,0.7112893518027692,0.6769486085275559,0.034340743275213303
each_other,145,0.7177785754135996,0.6863837446558034,0.031394830757796144
each_other,146,0.7065857460944018,0.6596469571798519,0.046938788914549945
each_other,147,0.7072173016358793,0.6942502598752599,0.012967041760619358
each_other,148,0.7099656810433247,0.6485045548996787,0.06146112614364596
each_other,149,0.7124505665604846,0.6863837446558034,0.026066821904681126
each_other,150,0.7048868170472158,0.6769486085275559,0.02793820851965989
each_other,151,0.7130122715114448,0.6690820933080995,0.043930178203345216
each_other,152,0.714399414569429,0.6469359339908876,0.06746348057854146
each_other,153,0.7122493921852762,0.6517804419603955,0.060468950224880635
each_other,154,0.7054864013517655,0.6706507142168907,0.03483568713487484
each_other,155,0.7004283159242057,0.6596469571798519,0.040781358744353846
each_other,156,0.7099239021282747,0.7087837837837838,0.0011401183444909035
each_other,157,0.7190135185587605,0.6817931164970639,0.037220402061696634
each_other,158,0.7112012994407472,0.6721041005580479,0.03909719888269925
each_other,159,0.7023997694951438,0.6817931164970639,0.020606652998079955
each_other,160,0.7066384266538461,0.6517804419603954,0.05485798469345071
each_other,161,0.7090842803338768,0.6817931164970639,0.02729116383681296
each_other,162,0.7119864418982342,0.6912282526253115,0.020758189272922722
each_other,163,0.7054833223429411,0.6706507142168907,0.03483260812605038
each_other,164,0.7054668675792252,0.6912282526253115,0.014238614953913653
each_other,165,0.7057362151944299,0.6736727214668391,0.032063493727590764
each_other,166,0.7029966344332579,0.6517804419603955,0.051216192472862354
each_other,167,0.7097776526180791,0.6390694187714312,0.07070823384664793
each_other,168,0.7039931660862183,0.6612155780886431,0.04277758799757525
each_other,169,0.713123839242044,0.6548024492103439,0.058321390031700115
each_other,170,0.7099656810433248,0.6817931164970639,0.028172564546260936
each_other,171,0.7108542866445631,0.7087837837837838,0.0020705028607792553
each_other,172,0.7106233089669114,0.6863837446558034,0.024239564311107964
each_other,173,0.7100781517036847,0.6990947678447679,0.01098338385891684
each_other,174,0.7144452884068868,0.683361737405855,0.031083551001031773
each_other,175,0.7021399249681449,0.6785172294363471,0.023622695531797855
each_other,176,0.7154873373164746,0.6517804419603955,0.0637068953560791
each_other,177,0.7138919734404852,0.6485045548996787,0.06538741854080643
each_other,178,0.7182953001436679,0.6642375853385916,0.05405771480507637
each_other,179,0.7003839226941561,0.6390694187714311,0.06131450392272497
each_other,180,0.7100158266159519,0.6642375853385916,0.0457782412773603
each_other,181,0.7025781853701077,0.6785172294363471,0.024060955933760675
each_other,182,0.7093389867998129,0.683361737405855,0.025977249393957846
each_other,183,0.7187750990332897,0.6769486085275559,0.04182649050573384
each_other,184,0.7060996260332012,0.6469359339908876,0.05916369204231364
each_other,185,0.7126350518246579,0.6912282526253115,0.021406799199346405
each_other,186,0.706861651926364,0.6690820933080995,0.03777955861826443
each_other,187,0.7132335892097972,0.6736727214668391,0.039560867742958084
each_other,188,0.7090971129820942,0.6785172294363471,0.030579883545747144
each_other,189,0.713891973440485,0.6644914651493599,0.04940050829112519
each_other,190,0.7056081083527976,0.6785172294363471,0.027090878916450567
each_other,191,0.7079447601411276,0.6642375853385916,0.04370717480253605
each_other,192,0.7058923738101996,0.6690820933080995,0.03681028050210011
each_other,193,0.7012040976925747,0.6469359339908876,0.05426816370168719
each_other,194,0.7211512365911463,0.683361737405855,0.037789499185291286
each_other,195,0.7060543272421149,0.6690820933080995,0.036972233934015386
each_other,196,0.7065595379905412,0.6769486085275559,0.02961092946298527
each_other,197,0.7045444665488378,0.6548024492103439,0.04974201733849393
each_other,198,0.7019615090931811,0.6642375853385916,0.03772392375458955
each_other,199,0.717588295269539,0.6642375853385916,0.05335070993094748
each_other,200,0.7076237312569452,0.6863837446558034,0.02123998660114179
each_other,201,0.7131357992162225,0.6548024492103439,0.05833335000587858
each_other,202,0.7045945130803098,0.6736727214668391,0.03092179161347075
each_other,203,0.7159036935892256,0.6912282526253115,0.024675440963914053
each_other,204,0.7022150151949662,0.6815392366862956,0.02067577850867064
each_other,205,0.7125010868326926,0.6690820933080995,0.04341899352459311
each_other,206,0.6991283005648712,0.6817931164970639,0.01733518406780732
each_other,207,0.7103721229939185,0.6690820933080994,0.041290029685819074
each_other,208,0.7152511986584342,0.6739266012776075,0.04132459738082672
each_other,209,0.7117509763445037,0.683361737405855,0.028389238938648642
each_other,210,0.7068832158154522,0.6690820933080994,0.03780112250735279
each_other,211,0.7078350132141394,0.6739266012776075,0.033908411936531935
each_other,212,0.7163138516565377,0.6739266012776075,0.04238725037893021
each_other,213,0.7112739780695163,0.6690820933080994,0.04219188476141689
each_other,214,0.7189406590381261,0.6690820933080995,0.04985856573002656
each_other,215,0.7137814147122505,0.6612155780886431,0.052565836623607476
each_other,216,0.6966133002430311,0.6769486085275559,0.019664691715475247
each_other,217,0.7115382540059099,0.6736727214668391,0.03786553253907077
each_other,218,0.709886835011532,0.6469359339908876,0.06295090102064449
each_other,219,0.7077001119549752,0.6942502598752599,0.013449852079715274
each_other,220,0.7063806344120145,0.6815392366862956,0.024841397725718917
each_other,221,0.7120746010603981,0.6817931164970639,0.030281484563334238
each_other,222,0.7085652877526051,0.6863837446558034,0.022181543096801648
each_other,223,0.7056810918530055,0.6375007978626399,0.06818029399036563
each_other,224,0.7130213433393884,0.6690820933080994,0.04393925003128896
each_other,225,0.7122662394448449,0.6769486085275559,0.03531763091728901
each_other,226,0.7113662131146701,0.6596469571798519,0.05171925593481819
each_other,227,0.7058487287090333,0.6894057519057519,0.01644297680328133
each_other,228,0.7131177631096195,0.6390694187714312,0.0740483443381883
each_other,229,0.7170153414909777,0.6642375853385916,0.05277775615238611
each_other,230,0.7199268456554899,0.6739266012776075,0.046000244377882415
each_other,231,0.7060074029915886,0.6769486085275559,0.0290587944640327
each_other,232,0.7150490270242539,0.6912282526253115,0.023820774398942368
each_other,233,0.7078876937735835,0.6469359339908876,0.06095175978269596
each_other,234,0.7281007719663182,0.6863837446558034,0.04171702731051474
each_other,235,0.7151202885987574,0.6642375853385916,0.05088270326016586
each_other,236,0.7042906518904326,0.6739266012776075,0.0303640506128251
each_other,237,0.7145004011460392,0.7039392758142758,0.010561125331763344
each_other,238,0.7128026310882843,0.6423453058321479,0.07045732525613646
each_other,239,0.7042101583665799,0.6548024492103439,0.049407709156235935
each_other,240,0.7095348091016025,0.6739266012776075,0.035608207823994986
each_other,241,0.7093665182933572,0.6863837446558034,0.022982773637553744
each_other,242,0.7081811294693245,0.6942502598752599,0.013930869594064643
each_other,243,0.7068534197923314,0.6563710701191351,0.050482349673196314
each_other,244,0.7104121800483691,0.6517804419603955,0.05863173808797362
each_other,245,0.7005433731101532,0.6769486085275559,0.02359476458259735
each_other,246,0.710015826615952,0.6548024492103439,0.055213377405608055
each_other,247,0.7124912126990041,0.6690820933080994,0.04340911939090464
each_other,248,0.700606942537861,0.6706507142168907,0.029956228320970335
each_other,249,0.7018790978844452,0.6912282526253115,0.010650845259133734
each_other,250,0.6993359062302867,0.6785172294363471,0.020818676793939672
each_other,251,0.7029105267931467,0.6785172294363471,0.024393297356799626
each_other,252,0.7101896522127054,0.6815392366862956,0.02865041552640979
each_other,253,0.7093665182933571,0.6469359339908876,0.062430584302469505
each_other,254,0.7031866483892693,0.6736727214668391,0.029513926922430156
each_other,255,0.7032956823630574,0.6815392366862956,0.021756445676761826
each_other,256,0.7067380407363076,0.6785172294363471,0.02822081129996057
each_other,257,0.7098508789689163,0.6563710701191352,0.053479808849781096
each_other,258,0.7044913097967174,0.6990947678447679,0.005396541951949496
each_other,259,0.7048941728001498,0.6706507142168907,0.03424345858325906
each_other,260,0.7061941172793416,0.6942502598752599,0.01194385740408166
each_other,261,0.7117509763445037,0.6563710701191352,0.05537990622536848
each_other,262,0.7147759287950853,0.6990947678447679,0.015681160950317463
each_other,263,0.7080636973163865,0.6642375853385916,0.04382611197779496
each_other,264,0.7077343140442927,0.6390694187714312,0.06866489527286146
each_other,265,0.7157834322419858,0.6548024492103439,0.0609809830316419
each_other,266,0.7104121800483691,0.6785172294363471,0.03189495061202208
each_other,267,0.700734532976186,0.6690820933080995,0.03165243966808651
each_other,268,0.7083382747325352,0.6863837446558034,0.02195453007673176
each_other,269,0.7210463666546584,0.6548024492103439,0.06624391744431446
each_other,270,0.7147730596678309,0.6517804419603954,0.06299261770743547
each_other,271,0.7086943889632432,0.6912282526253115,0.017466136337931704
each_other,272,0.7123007219611449,0.6658062062473826,0.046494515713762286
each_other,273,0.7017025935427678,0.7039392758142758,-0.0022366822715080836
each_other,274,0.7160261441525426,0.6769486085275559,0.039077535624986726
each_other,275,0.7144350094683842,0.6706507142168907,0.04378429525149352
each_other,276,0.7090228140156397,0.6596469571798519,0.049375856835787824
each_other,277,0.7172455560058071,0.6736727214668391,0.043572834538967986
each_other,278,0.714645889966061,0.6817931164970639,0.032852773468997176
each_other,279,0.7096391177058998,0.6612155780886431,0.04842353961725676
each_other,280,0.7080636973163864,0.6912282526253115,0.016835444691074897
each_other,281,0.7079097886507977,0.6690820933080994,0.038827695342698254
each_other,282,0.7102262727127869,0.6739266012776075,0.036299671435179426
each_other,283,0.7185285871017536,0.6563710701191352,0.0621575169826184
each_other,284,0.7131984331552825,0.6690820933080994,0.044116339847183106
each_other,285,0.711068113598404,0.6469359339908876,0.06413217960751649
each_other,286,0.7080636973163864,0.6863837446558034,0.02167995266058298
each_other,287,0.7010810216903316,0.6817931164970639,0.01928790519326773
each_other,288,0.6963852343275482,0.6596469571798519,0.036738277147696285
each_other,289,0.7037518031244585,0.6817931164970639,0.02195868662739464
each_other,290,0.7109600055508226,0.6739266012776075,0.03703340427321511
each_other,291,0.7153748904387618,0.6690820933080995,0.046292797130662255
each_other,292,0.7140044345559554,0.6690820933080994,0.04492234124785599
each_other,293,0.7100781517036847,0.6612155780886431,0.04886257361504165
each_other,294,0.7116503876915308,0.6912282526253115,0.02042213506621926
each_other,295,0.6981286000877814,0.6517804419603954,0.04634815812738602
each_other,296,0.7096190512203291,0.6866376244665718,0.02298142675375725
each_other,297,0.7194735025604712,0.683361737405855,0.036111765154616116
each_other,298,0.713038277382218,0.6375007978626399,0.07553747951957812
each_other,299,0.7015555307670287,0.6469359339908876,0.054619596776141144
each_other,300,0.7106584643427735,0.6721041005580479,0.03855436378472554
each_other,301,0.7080636973163865,0.6706507142168907,0.03741298309949581
each_other,302,0.6939245577492243,0.6563710701191352,0.037553487630089144
each_other,303,0.7156166491989168,0.6563710701191351,0.059245579079781674
each_other,304,0.7068534197923314,0.6596469571798519,0.047206462612479516
each_other,305,0.7191281429827419,0.6690820933080994,0.050046049674642434
each_other,306,0.7147759287950853,0.6596469571798519,0.055128971615233446
each_other,307,0.716202914534261,0.6642375853385916,0.05196532919566943
each_other,308,0.7153665539629722,0.6612155780886431,0.054150975874329155
each_other,309,0.7009319840990197,0.7039392758142758,-0.003007291715256155
each_other,310,0.714936630036799,0.6815392366862956,0.0333973933505034
each_other,311,0.7166724792506496,0.6960727605948194,0.020599718655830213
each_other,312,0.7087524686581507,0.6658062062473826,0.042946262410768044
each_other,313,0.7059932026341799,0.6739266012776075,0.032066601356572355
each_other,314,0.7063744641372078,0.6596469571798519,0.046727506957355947
each_other,315,0.7035418444168549,0.6785172294363471,0.025024614980507787
each_other,316,0.717245556005807,0.6517804419603954,0.06546511404541155
each_other,317,0.715713260992076,0.6517804419603955,0.06393281903168047
each_other,318,0.709908919356997,0.6736727214668391,0.03623619789015786
each_other,319,0.7063806344120145,0.6721041005580479,0.03427653385396656
each_other,320,0.7206206064670324,0.6863837446558034,0.03423686181122898
each_other,321,0.7142164390468978,0.6739266012776075,0.04028983776929029
each_other,322,0.6983881775077124,0.6563710701191352,0.042017107388577224
each_other,323,0.7176585225326425,0.6769486085275559,0.04070991400508661
each_other,324,0.7072128974256174,0.6912282526253115,0.015984644800305925
each_other,325,0.7081069289825531,0.6706507142168907,0.03745621476566241
each_other,326,0.7118163216732618,0.6739266012776075,0.0378897203956543
each_other,327,0.7124627438636388,0.6469359339908876,0.06552680987275128
each_other,328,0.716166459348804,0.6596469571798519,0.056519502168952074
each_other,329,0.7120009013530691,0.6912282526253115,0.020772648727757637
each_other,330,0.7080698206985393,0.6785172294363471,0.02955259126219223
each_other,331,0.7142541285408541,0.6469359339908876,0.06731819454996657
each_other,332,0.7092586600368075,0.6642375853385916,0.045021074698215924
each_other,333,0.7175668726329414,0.6721041005580479,0.045462772074893465
each_other,334,0.7182953001436679,0.6815392366862956,0.03675606345737237
each_other,335,0.7075907708869411,0.6706507142168907,0.0369400566700504
each_other,336,0.7087283685660296,0.6739266012776075,0.0348017672884221
each_other,337,0.709908919356997,0.6690820933080994,0.040826826048897535
each_other,338,0.7108140725371092,0.6736727214668391,0.03714135107027006
each_other,339,0.7122392846032903,0.6469359339908876,0.06530335061240278
each_other,340,0.716166459348804,0.6612155780886431,0.0549508812601609
each_other,341,0.7077044449399343,0.6596469571798519,0.04805748776008245
each_other,342,0.7083382747325352,0.6817931164970639,0.026545158235471322
each_other,343,0.717960540661635,0.6769486085275559,0.041011932134079054
each_other,344,0.712210129048867,0.6658062062473826,0.04640392280148442
each_other,345,0.712506586432257,0.6785172294363471,0.03398935699590988
each_other,346,0.708388953496517,0.6469359339908876,0.061453019505629425
each_other,347,0.7061137966713823,0.6815392366862956,0.02457455998508673
each_other,348,0.706638426653846,0.6596469571798519,0.04699146947399413
each_other,349,0.7084664213352375,0.6817931164970639,0.02667330483817365
each_other,350,0.7074522237737924,0.6548024492103439,0.05264977456344844
each_other,351,0.7118163216732618,0.6690820933080994,0.042734228365162386
each_other,352,0.716202914534261,0.6596469571798519,0.0565559573544091
each_other,353,0.7080182004695937,0.6863837446558034,0.02163445581379031
each_other,354,0.7034312885363375,0.6469359339908876,0.05649535454544996
each_other,355,0.7130105693660922,0.6863837446558034,0.026626824710288766
each_other,356,0.707083734794123,0.6548024492103439,0.05228128558377909
each_other,357,0.7105438150529434,0.7087837837837838,0.0017600312691595787
each_other,358,0.7140044345559554,0.6785172294363471,0.035487205119608345
each_other,359,0.7027705639539161,0.6690820933080994,0.033688470645816704
each_other,360,0.7049815276946052,0.6596469571798519,0.045334570514753314
each_other,361,0.7035121053833933,0.6990947678447679,0.004417337538625388
each_other,362,0.6974607277176844,0.6469359339908876,0.05052479372679686
each_other,363,0.7157427878357965,0.6721041005580479,0.043638687277748556
each_other,364,0.704158148107115,0.6912282526253115,0.012929895481803455
each_other,365,0.7090971129820943,0.6942502598752599,0.014846853106834423
each_other,366,0.7034601466784259,0.6690820933080994,0.03437805337032651
each_other,367,0.7083769517711141,0.6485045548996787,0.05987239687143542
each_other,368,0.7158319785275203,0.6817931164970639,0.034038862030456474
each_other,369,0.7055487583848834,0.6785172294363471,0.027031528948536332
each_other,370,0.6883810351353128,0.6390694187714312,0.049311616363881594
each_other,371,0.717588295269539,0.6642375853385916,0.05335070993094748
each_other,372,0.7191716617057611,0.6785172294363471,0.04065443226941401
each_other,373,0.706585746094402,0.6596469571798519,0.046938788914550056
each_other,374,0.7101896522127054,0.6563710701191352,0.053818582093570155
each_other,375,0.7211936308207904,0.7087837837837838,0.012409847037006538
each_other,376,0.7225809434969879,0.6469359339908876,0.07564500950610031
each_other,377,0.6963852343275481,0.6736727214668391,0.022712512860708967
each_other,378,0.7111394818571228,0.6390694187714312,0.07207006308569164
each_other,379,0.7159797450610511,0.6375007978626399,0.0784789471984112
each_other,380,0.7095558448279674,0.6739266012776075,0.0356292435503599
each_other,381,0.7074466934751185,0.6642375853385916,0.0432091081365269
each_other,382,0.7137503894578852,0.6390694187714311,0.07468097068645407
each_other,383,0.7161857842565326,0.6517804419603955,0.06440534229613704
each_other,384,0.7104090514763617,0.6423453058321479,0.0680637456442138
each_other,385,0.7192406991774208,0.6912282526253115,0.028012446552109327
each_other,386,0.7096963442736728,0.6579396910279263,0.05175665324574652
each_other,387,0.7093389867998129,0.6690820933080994,0.040256893491713464
each_other,388,0.7010810216903316,0.6942502598752599,0.006830761815071695
each_other,389,0.7047193499473228,0.6690820933080994,0.03563725663922335
each_other,390,0.709053791587253,0.6990947678447679,0.00995902374248514
each_other,391,0.7143292402147041,0.6817931164970639,0.03253612371764025
each_other,392,0.7065824887555427,0.6990947678447679,0.0074877209107748754
each_other,393,0.7066384266538461,0.6517804419603954,0.05485798469345071
each_other,394,0.7148617979413561,0.6785172294363471,0.036344568505009
each_other,395,0.7127124509033692,0.6817931164970639,0.030919334406305343
each_other,396,0.7108734036457941,0.6866376244665718,0.02423577917922226
each_other,397,0.7179955676939611,0.6690820933080994,0.04891347438586169
each_other,398,0.715190016092761,0.6736727214668391,0.04151729462592191
each_other,399,0.7029105267931467,0.6201991465149359,0.08271138027821079
each_other,400,0.7059010197819362,0.6658062062473826,0.040094813534553575
each_other,401,0.7108140725371092,0.6817931164970639,0.029020956040045287
each_other,402,0.7137845638244655,0.6912282526253115,0.022556311199154022
each_other,403,0.7141977947854667,0.6644914651493599,0.04970632963610688
each_other,404,0.7081854684969793,0.6863837446558034,0.021801723841175846
each_other,405,0.7044773661781855,0.6548024492103439,0.04967491696784154
each_other,406,0.7062053015381936,0.6423453058321479,0.06385999570604572
each_other,407,0.7078350132141394,0.6548024492103439,0.053032564003795524
each_other,408,0.7094893083338412,0.6390694187714312,0.07041988956240997
each_other,409,0.7097414313470617,0.6563710701191352,0.05337036122792649
each_other,410,0.7131072352224698,0.6736727214668391,0.039434513755630674
each_other,411,0.7111382803909677,0.6563710701191351,0.05476721027183262
each_other,412,0.7052382273603804,0.6942502598752599,0.010987967485120542
each_other,413,0.71382863110152,0.6912282526253115,0.022600378476208438
each_other,414,0.7070580022633837,0.6642375853385916,0.042820416924792104
each_other,415,0.7181266241808287,0.6596469571798519,0.05847966700097684
each_other,416,0.7071047386756737,0.6658062062473826,0.04129853242829107
each_other,417,0.7131572269959016,0.6644914651493599,0.0486657618465417
each_other,418,0.7130510512446762,0.6769486085275559,0.036102442717120264
each_other,419,0.7099656810433247,0.6736727214668391,0.036292959576485595
each_other,420,0.7072128974256174,0.6960727605948194,0.011140136830798064
each_other,421,0.7137238210617448,0.6690820933080994,0.04464172775364539
each_other,422,0.708388953496517,0.6390694187714311,0.0693195347250859
each_other,423,0.7067173562170047,0.6960727605948194,0.010644595622185338
each_other,424,0.7131177631096195,0.6517804419603955,0.06133732114922397
each_other,425,0.7234596622686783,0.6912282526253115,0.03223140964336679
each_other,426,0.7040706278571659,0.6815392366862956,0.02253139117087033
each_other,427,0.7081974600089166,0.6563710701191352,0.05182638988978139
each_other,428,0.7067159297234613,0.6785172294363471,0.028198700287114242
each_other,429,0.7120269376970916,0.6739266012776075,0.03810033641948407
each_other,430,0.7062053015381938,0.6817931164970639,0.024412185041129963
each_other,431,0.7100970909272979,0.6817931164970639,0.028303974430234025
each_other,432,0.7136613662187413,0.6785172294363471,0.03514413678239425
each_other,433,0.7117125742304489,0.6690820933080995,0.042630480922349334
each_other,434,0.6995716526308295,0.6485045548996787,0.05106709773115081
each_other,435,0.7180312916902752,0.6960727605948194,0.02195853109545587
each_other,436,0.7120628264307299,0.6785172294363471,0.033545596994382865
each_other,437,0.7078812265351734,0.6642375853385916,0.04364364119658182
each_other,438,0.7102439595035505,0.6785172294363471,0.03172673006720339
each_other,439,0.704544466548838,0.6863837446558034,0.018160721893034526
each_other,440,0.711507831053276,0.6469359339908876,0.06457189706238842
each_other,441,0.7130510512446762,0.6960727605948194,0.016978290649856786
each_other,442,0.7102439595035505,0.6912282526253115,0.019015706878238947
each_other,443,0.716879545068075,0.6517804419603955,0.06509910310767952
each_other,444,0.7082153315586419,0.6785172294363471,0.029698102122294845
each_other,445,0.7066384266538461,0.683361737405855,0.02327668924799109
each_other,446,0.7115078310532761,0.6736727214668391,0.03783510958643699
each_other,447,0.7075907708869411,0.6690820933080994,0.03850867757884169
each_other,448,0.7055487583848834,0.6990947678447679,0.006453990540115528
each_other,449,0.7167265799689103,0.6690820933080994,0.04764448666081089
each_other,450,0.7070580022633837,0.6990947678447679,0.007963234418615794
each_other,451,0.7235799732013448,0.6863837446558034,0.03719622854554139
each_other,452,0.7106584643427735,0.6912282526253115,0.019430211717461954
each_other,453,0.7143292402147041,0.6736727214668391,0.04065651874786502
each_other,454,0.7042906518904326,0.6769486085275559,0.02734204336287671
each_other,455,0.7112539800001911,0.6423453058321479,0.06890867416804325
each_other,456,0.7113662131146701,0.6596469571798519,0.05171925593481819
each_other,457,0.7149050996486169,0.6296342826431836,0.08527081700543337
each_other,458,0.7155898533151461,0.7039392758142758,0.011650577500870285
each_other,459,0.7097776526180791,0.6817931164970639,0.027984536121015258
each_other,460,0.7084065103253796,0.6863837446558034,0.022022765669576172
each_other,461,0.7142541285408542,0.6769486085275559,0.03730552001329834
each_other,462,0.7093074773073846,0.6563710701191352,0.052936407188249435
each_other,463,0.7080462951713334,0.6596469571798519,0.04839933799148155
each_other,464,0.7137814147122507,0.6485045548996787,0.06527685981257192
each_other,465,0.7185285871017537,0.6690820933080995,0.04944649379365418
each_other,466,0.702238363331531,0.6658062062473826,0.036432157084148376
each_other,467,0.7120269376970915,0.6912282526253115,0.020798685071779954
each_other,468,0.7077343140442924,0.6863837446558034,0.021350569388489005
each_other,469,0.7055978313848653,0.6644914651493599,0.041106366235505454
each_other,470,0.690180190554467,0.7039392758142758,-0.013759085259808845
each_other,471,0.7120699987146867,0.6690820933080995,0.042987905406587146
each_other,472,0.7162795963484372,0.7039392758142758,0.012340320534161342
each_other,473,0.7105438150529434,0.6563710701191351,0.0541727449338083
each_other,474,0.7175733058796177,0.6769486085275559,0.040624697352061756
each_other,475,0.7085736487944514,0.6863837446558034,0.022189904138647965
each_other,476,0.710860635780477,0.683361737405855,0.02749889837462194
each_other,477,0.7179611907106702,0.683361737405855,0.034599453304815175
each_other,478,0.7086943889632432,0.6644914651493599,0.044202923813883355
each_other,479,0.7063806344120145,0.6517804419603955,0.054600192451618956
each_other,480,0.7038988057380662,0.6390694187714312,0.06482938696663498
each_other,481,0.6991042042250447,0.6894057519057519,0.009698452319292783
each_other,482,0.7102646125516796,0.6644914651493599,0.04577314740231975
each_other,483,0.7023092370363346,0.6690820933080995,0.0332271437282351
each_other,484,0.7070028763445658,0.6690820933080995,0.03792078303646629
each_other,485,0.7094893083338412,0.6912282526253115,0.01826105570852965
each_other,486,0.7083526105894855,0.6769486085275559,0.031404002061929615
each_other,487,0.7015555307670287,0.6866376244665718,0.014917906300456862
each_other,488,0.7031866483892694,0.6721041005580479,0.03108254783122144
each_other,489,0.7144350094683842,0.6912282526253115,0.023206756843072718
each_other,490,0.7234596622686783,0.6817931164970639,0.04166654577161444
each_other,491,0.7080101711347849,0.6690820933080994,0.0389280778266855
each_other,492,0.7043067665152063,0.6721041005580479,0.03220266595715837
each_other,493,0.7108542866445631,0.6817931164970639,0.029061170147499205
each_other,494,0.7088176864984371,0.6563710701191352,0.052446616379301925
each_other,495,0.7087923480149799,0.6942502598752599,0.014542088139720022
each_other,496,0.7077241540927447,0.6769486085275559,0.0307755455651888
each_other,497,0.7070574742281535,0.6912282526253115,0.015829221602841947
each_other,498,0.710613758295085,0.6658062062473826,0.04480755204770237
each_other,499,0.7057312703125884,0.683361737405855,0.02236953290673338
each_other,500,0.7094174271212632,0.6517804419603955,0.05763698516086768
each_other,501,0.7038941312391489,0.6960727605948194,0.007821370644329528
each_other,502,0.7124965024134802,0.6769486085275559,0.035547893885924275
each_other,503,0.7125065864322568,0.6990947678447679,0.013411818587488966
each_other,504,0.7042101583665799,0.6721041005580479,0.03210605780853193
each_other,505,0.7061848121102249,0.7039392758142758,0.0022455362959490355
each_other,506,0.7023009992375273,0.6658062062473826,0.03649479299014469
each_other,507,0.7120939883343304,0.6690820933080995,0.04301189502623082
each_other,508,0.7078357296883807,0.6612155780886431,0.04662015159973765
each_other,509,0.7038857628788457,0.6296342826431836,0.07425148023566219
each_other,510,0.7083540057954111,0.6469359339908876,0.06141807180452352
each_other,511,0.7017016645661822,0.6423453058321479,0.05935635873403433
each_other,512,0.7106584643427735,0.6644914651493599,0.046166999193413605
each_other,513,0.709908919356997,0.6817931164970639,0.028115802859933092
each_other,514,0.7058923738101995,0.6912282526253115,0.014664121184888024
each_other,515,0.7153748904387618,0.6469359339908876,0.06843895644787423
each_other,516,0.7085810660577858,0.6517804419603955,0.056800624097390284
each_other,517,0.7037803760203608,0.6423453058321479,0.061435070188212926
each_other,518,0.7147582141618353,0.6642375853385916,0.05052062882324371
each_other,519,0.7126598719240146,0.6469359339908876,0.06572393793312703
each_other,520,0.7137425592819823,0.6596469571798519,0.05409560210213038
each_other,521,0.7109600055508225,0.6579396910279263,0.05302031452289624
each_other,522,0.7097298559663493,0.6785172294363471,0.03121262653000223
each_other,523,0.7157427878357965,0.6769486085275559,0.038794179308240584
each_other,524,0.7180813382217472,0.6863837446558034,0.031697593565943816
each_other,525,0.7132504970919012,0.6721041005580479,0.041146396533853324
each_other,526,0.7077343140442924,0.6375007978626399,0.07023351618165252
each_other,527,0.7096413347022108,0.6469359339908876,0.06270540071132324
each_other,528,0.71752500865981,0.6548024492103439,0.06272255944946603
each_other,529,0.711730850896981,0.6706507142168907,0.04108013668009025
each_other,530,0.709777652618079,0.6563710701191352,0.05340658249894381
each_other,531,0.7114595827106035,0.6642375853385916,0.04722199737201194
each_other,532,0.7055487583848834,0.6769486085275559,0.028600149857327506
each_other,533,0.7072173016358793,0.6596469571798519,0.04757034445602737
each_other,534,0.6977855333764329,0.6690820933080995,0.028703440068333363
each_other,535,0.7197737185852133,0.6644914651493599,0.05528225343585347
each_other,536,0.7120498570245937,0.7039392758142758,0.008110581210317824
each_other,537,0.713617635065437,0.6642375853385916,0.0493800497268454
each_other,538,0.705732962903518,0.6785172294363471,0.027215733467170877
each_other,539,0.7101891602046643,0.6469359339908876,0.06325322621377671
each_other,540,0.7019615090931812,0.6817931164970639,0.020168392596117357
each_other,541,0.7222587315201325,0.6596469571798519,0.06261177434028065
each_other,542,0.7008220309040936,0.6548024492103439,0.046019581693749645
each_other,543,0.7089094417355528,0.6642375853385916,0.04467185639696125
each_other,544,0.7145004011460392,0.6894057519057519,0.02509464924028726
each_other,545,0.7085628636507475,0.6863837446558034,0.02217911899494407
each_other,546,0.7088030406336907,0.6817931164970639,0.02700992413662684
each_other,547,0.7037927417410228,0.6739266012776075,0.02986614046341529
each_other,548,0.709908919356997,0.6785172294363471,0.03139168992064989
each_other,549,0.7031920020673034,0.6736727214668391,0.02951928060046427
each_other,550,0.7201275635148243,0.6769486085275559,0.043178954987268425
each_other,551,0.7118163216732618,0.6612155780886431,0.050600743584618746
each_other,552,0.7061808941527907,0.6769486085275559,0.029232285625234833
each_other,553,0.7036850450195113,0.6658062062473826,0.03787883877212872
each_other,554,0.71722390793697,0.6642375853385916,0.05298632259837843
each_other,555,0.7106584643427735,0.6785172294363471,0.0321412349064264
each_other,556,0.7183524683854047,0.683361737405855,0.034990730979549634
each_other,557,0.7053375421222696,0.6517804419603955,0.053557100161874094
each_other,558,0.7120269376970915,0.6769486085275559,0.03507832916953557
each_other,559,0.7061808941527907,0.6785172294363471,0.02766366471644366
each_other,560,0.7071574192351179,0.6612155780886431,0.045941841146474816
each_other,561,0.7102966451993509,0.6469359339908876,0.06336071120846332
each_other,562,0.7097019116691512,0.6817931164970639,0.02790879517208733
each_other,563,0.7101774468284241,0.6612155780886431,0.048961868739781034
each_other,564,0.7026989591150952,0.6690820933080994,0.033616865806995744
each_other,565,0.7104993540902246,0.683361737405855,0.027137616684369537
each_other,566,0.7101193224876337,0.6390694187714311,0.07104990371620257
each_other,567,0.7120009013530691,0.6563710701191352,0.055629831233933946
each_other,568,0.7053375421222697,0.6706507142168907,0.034686827905379025
each_other,569,0.7111194433742727,0.6990947678447679,0.012024675529504814
each_other,570,0.7069461372779237,0.6817931164970639,0.02515302078085979
each_other,571,0.7074466934751186,0.6863837446558034,0.02106294881931514
each_other,572,0.7058996168976651,0.6690820933080995,0.03681752358956558
each_other,573,0.7081811294693244,0.6785172294363471,0.029663900032977364
each_other,574,0.709695934500269,0.6866376244665718,0.023058310033697182
each_other,575,0.7124552566563883,0.6563710701191351,0.05608418653725322
each_other,576,0.7184301053780237,0.6644914651493599,0.05393864022866379
each_other,577,0.7160549983712251,0.6375007978626399,0.07855420050858519
each_other,578,0.7043788058310538,0.6863837446558034,0.017995061175250404
each_other,579,0.7080101711347849,0.6469359339908876,0.06107423714389737
each_other,580,0.7122662394448452,0.6785172294363471,0.03374901000849817
each_other,581,0.7090473780796133,0.6785172294363471,0.030530148643266197
each_other,582,0.7051392627226086,0.7039392758142758,0.001199986908332784
each_other,583,0.7101896522127054,0.6769486085275559,0.03324104368514946
each_other,584,0.7033927199266377,0.6769486085275559,0.02644411139908176
each_other,585,0.7119855276198163,0.6769486085275559,0.035036919092260366
each_other,586,0.7140044345559554,0.6739266012776075,0.04007783327834791
each_other,587,0.7100154736591685,0.6739266012776075,0.036088872381561
each_other,588,0.7051933670809567,0.6517804419603955,0.05341292512056117
each_other,589,0.711795036881957,0.6485045548996787,0.06329048198227827
each_other,590,0.7197737185852133,0.6469359339908876,0.07283778459432577
each_other,591,0.6986997217758248,0.6517804419603955,0.046919279815429316
each_other,592,0.7068068648793342,0.6863837446558034,0.020423120223530766
each_other,593,0.7057354726726364,0.6912282526253115,0.014507220047324854
each_other,594,0.7055953132978806,0.6721041005580479,0.03349121273983269
each_other,595,0.7100797430670688,0.6912282526253115,0.018851490441757268
each_other,596,0.7106137582950851,0.6942502598752599,0.016363498419825206
each_other,597,0.7101774468284241,0.6863837446558034,0.023793702172620668
each_other,598,0.7150490270242539,0.6375007978626399,0.07754822916161397
each_other,599,0.708686421891848,0.6469359339908876,0.06175048790096049
each_other,600,0.7105079271565449,0.6517804419603955,0.05872748519614934
each_other,601,0.7073687011923118,0.6563710701191352,0.050997631073176564
each_other,602,0.7074330056695296,0.6721041005580479,0.03532890511148168
each_other,603,0.7060903463165464,0.6942502598752599,0.011840086441286535
each_other,604,0.70136186980475,0.6736727214668391,0.027689148337910918
each_other,605,0.7101193224876337,0.6912282526253115,0.01889106986232214
each_other,606,0.7074330056695297,0.6375007978626399,0.0699322078068898
each_other,607,0.7136406433391485,0.6817931164970639,0.031847526842084584
each_other,608,0.7070574742281535,0.6548024492103439,0.05225502501780954
each_other,609,0.7130105693660922,0.6485045548996787,0.06450601446641346
each_other,610,0.7090348940701275,0.6469359339908876,0.062098960079239984
each_other,611,0.714645889966061,0.6642375853385916,0.05040830462746948
each_other,612,0.7090228140156397,0.6612155780886431,0.04780723592699665
each_other,613,0.7016819957871737,0.6739266012776075,0.02775539450956621
each_other,614,0.714399414569429,0.6736727214668391,0.04072669310258992
each_other,615,0.7124552566563883,0.6296342826431836,0.08282097401320476
each_other,616,0.7044015678109845,0.6423453058321479,0.062056261978836624
each_other,617,0.6986997217758248,0.6423453058321479,0.05635441594367696
each_other,618,0.7104121800483691,0.6817931164970639,0.02861906355130528
each_other,619,0.7132335892097972,0.6548024492103439,0.05843113999945326
each_other,620,0.7176431781737872,0.6785172294363471,0.03912594873744013
each_other,621,0.714930080287295,0.6912282526253115,0.023701827661983477
each_other,622,0.7149366300367992,0.6690820933080995,0.04585453672869966
each_other,623,0.7097776526180791,0.6612155780886431,0.04856207452943606
each_other,624,0.7132380059336332,0.6390694187714312,0.07416858716220198
each_other,625,0.7054668675792252,0.6517804419603955,0.053686425618829636
each_other,626,0.7144471077564338,0.6769486085275559,0.037498499228877935
each_other,627,0.7175233539099222,0.6423453058321479,0.07517804807777428
each_other,628,0.7044447548837202,0.6517804419603955,0.05266431292332463
each_other,629,0.7003989646912271,0.6785172294363471,0.02188173525488002
each_other,630,0.7029912842079689,0.6739266012776075,0.029064682930361352
each_other,631,0.7105624285192162,0.6642375853385916,0.046324843180624686
each_other,632,0.7106584643427735,0.6390694187714312,0.07158904557134227
each_other,633,0.7060235954054622,0.6912282526253115,0.014795342780150711
each_other,634,0.700606942537861,0.6769486085275559,0.02365833401030515
each_other,635,0.7112739780695163,0.6690820933080994,0.04219188476141689
each_other,636,0.7122907082400677,0.6642375853385916,0.04805312290147612
each_other,637,0.70421015836658,0.6769486085275559,0.02726154983902407
each_other,638,0.7070574742281535,0.6563710701191351,0.05068640410901837
each_other,639,0.7118357778310587,0.6690820933080994,0.042753684522959245
each_other,640,0.7120699987146865,0.6548024492103439,0.05726754950434254
each_other,641,0.7057263864887492,0.6596469571798519,0.0460794293088973
each_other,642,0.699882648527732,0.6563710701191351,0.043511578408596874
each_other,643,0.7095348091016025,0.6644914651493599,0.04504334395224263
each_other,644,0.714329240214704,0.7039392758142758,0.010389964400428164
each_other,645,0.7088579692854634,0.6769486085275559,0.03190936075790751
each_other,646,0.7141910511471815,0.6863837446558034,0.02780730649137808
each_other,647,0.7060200635144908,0.6690820933080994,0.036937970206391335
each_other,648,0.712260289201373,0.6690820933080994,0.04317819589327354
each_other,649,0.7131668062066884,0.6942502598752599,0.018916546331428474
each_other,650,0.7055487583848834,0.6612155780886431,0.04433318029624034
each_other,651,0.7090473780796134,0.6390694187714312,0.06997795930818218
each_other,652,0.7047972821327205,0.6912282526253115,0.013569029507409014
each_other,653,0.7103565640481042,0.6739266012776075,0.036429962770496704
each_other,654,0.7022383633315309,0.6785172294363471,0.02372113389518382
each_other,655,0.7069847848038859,0.6990947678447679,0.007890016959118062
each_other,656,0.7217688617568271,0.6912282526253115,0.030540609131515573
each_other,657,0.7112739780695164,0.6817931164970639,0.029480861572452555
each_other,658,0.7104090514763617,0.6739266012776075,0.03648245019875418
each_other,659,0.7063993273238816,0.6739266012776075,0.03247272604627405
each_other,660,0.7091000586390576,0.6817931164970639,0.027306942141993695
each_other,661,0.7085346003246327,0.6690820933080995,0.039452507016533134
each_other,662,0.7093929678829737,0.6469359339908876,0.06245703389208612
each_other,663,0.7061941172793417,0.6736727214668391,0.032521395812502574
each_other,664,0.7062053015381938,0.6817931164970639,0.024412185041129963
each_other,665,0.7054085990101276,0.6596469571798519,0.04576164183027576
each_other,666,0.7143066298577199,0.6736727214668391,0.04063390839088077
each_other,667,0.7061941172793416,0.683361737405855,0.02283237987348652
each_other,668,0.7206574101392822,0.6690820933080994,0.05157531683118277
each_other,669,0.7079733467800946,0.6642375853385916,0.04373576144150304
each_other,670,0.7037312433171355,0.6912282526253115,0.012502990691824034
each_other,671,0.709908919356997,0.6942502598752599,0.01565865948173706
each_other,672,0.7166251039555092,0.6736727214668391,0.04295238248867006
each_other,673,0.7044271506469415,0.6690820933080994,0.03534505733884208
each_other,674,0.7069329894866065,0.6375007978626399,0.06943219162396663
each_other,675,0.7107388762861062,0.6942502598752599,0.016488616410846313
each_other,676,0.7150490270242539,0.6423453058321479,0.072703721192106
each_other,677,0.7038857628788457,0.6596469571798519,0.044238805698993855
each_other,678,0.7005032029189383,0.6517804419603955,0.04872276095854278
each_other,679,0.7074466934751186,0.6642375853385916,0.04320910813652701
each_other,680,0.7059010197819361,0.6863837446558034,0.01951727512613266
each_other,681,0.7188428109136143,0.6517804419603955,0.06706236895321882
each_other,682,0.7118357778310587,0.683361737405855,0.02847404042520363
each_other,683,0.7087524686581506,0.7039392758142758,0.004813192843874714
each_other,684,0.7044015678109846,0.6612155780886431,0.043185989722341556
each_other,685,0.7050530013099348,0.6815392366862956,0.02351376462363919
each_other,686,0.6998178342872517,0.6690820933080994,0.030735740979152326
each_other,687,0.7050048380818911,0.6423453058321479,0.06265953224974319
each_other,688,0.7158856577731013,0.6596469571798519,0.056238700593249424
each_other,689,0.7052324250187731,0.6769486085275559,0.02828381649121725
each_other,690,0.7014650035068122,0.6739266012776075,0.027538402229204673
each_other,691,0.7162029145342609,0.6563710701191352,0.05983184441512568
each_other,692,0.711730850896981,0.6706507142168907,0.04108013668009025
each_other,693,0.7105079271565449,0.6548024492103439,0.055705477946200954
each_other,694,0.697310248742938,0.6690820933080994,0.028228155434838587
each_other,695,0.712288265694064,0.6785172294363471,0.033771036257716935
each_other,696,0.700398964691227,0.6990947678447679,0.0013041968464591047
each_other,697,0.7050901137781782,0.6596469571798519,0.04544315659832632
each_other,698,0.7046603476731641,0.683361737405855,0.02129861026730906
each_other,699,0.7117509763445037,0.6785172294363471,0.033233746908156614
each_other,700,0.7054864013517655,0.6769486085275559,0.02853779282420965
each_other,701,0.7017732203882203,0.6642375853385916,0.03753563504962876
each_other,702,0.7102288746051448,0.6739266012776075,0.03630227332753733
each_other,703,0.7081069289825531,0.6612155780886431,0.046891350893910055
each_other,704,0.709902208744785,0.6739266012776075,0.03597560746717754
each_other,705,0.7150334205538318,0.6866376244665718,0.02839579608725995
each_other,706,0.708376951771114,0.683361737405855,0.025015214365258998
each_other,707,0.7049508173145398,0.6863837446558034,0.01856707265873636
each_other,708,0.7015232486912183,0.6785172294363471,0.023006019254871224
each_other,709,0.7081385963893946,0.6690820933080995,0.039056503081295046
each_other,710,0.7131177631096196,0.6690820933080995,0.04403566980152007
each_other,711,0.7092932104814179,0.6739266012776075,0.035366609203810406
each_other,712,0.7103721229939185,0.6690820933080995,0.04129002968581896
each_other,713,0.7132504970919014,0.7039392758142758,0.009311221277625514
each_other,714,0.70136186980475,0.6596469571798519,0.041714912624898126
each_other,715,0.7094893083338412,0.6785172294363471,0.030972078897494093
each_other,716,0.7106584643427734,0.6390694187714311,0.07158904557134227
each_other,717,0.7050901137781783,0.6736727214668391,0.03141739231133922
each_other,718,0.7156998190603945,0.6548024492103439,0.060897369850050564
each_other,719,0.7064644974416026,0.6469359339908876,0.059528563450715
each_other,720,0.7120628264307299,0.6469359339908876,0.06512689243984238
each_other,721,0.7056722821304011,0.6736727214668391,0.03199956066356202
each_other,722,0.7085652877526052,0.6942502598752599,0.014315027877345288
each_other,723,0.7041496757718959,0.6721041005580479,0.03204557521384799
each_other,724,0.7112893518027691,0.6815392366862956,0.02975011511647352
each_other,725,0.7014650035068122,0.6390694187714312,0.06239558473538098
each_other,726,0.7075907708869411,0.6990947678447679,0.008496003042173239
each_other,727,0.7145522600584089,0.6612155780886431,0.05333668196976582
each_other,728,0.7059081521153804,0.6548024492103439,0.051105702905036465
each_other,729,0.7087283685660296,0.6739266012776075,0.0348017672884221
each_other,730,0.7085119181820302,0.6375007978626399,0.07101112031939028
each_other,731,0.710860635780477,0.683361737405855,0.02749889837462194
each_other,732,0.7006069425378609,0.6736727214668391,0.026934221071021835
each_other,733,0.7085094130251719,0.683361737405855,0.025147675619316856
each_other,734,0.7107054885322486,0.6612155780886431,0.04948991044360551
each_other,735,0.716166459348804,0.6644914651493599,0.0516749941994441
each_other,736,0.7010810216903316,0.6785172294363471,0.022563792253984527
each_other,737,0.7025781853701077,0.6912282526253115,0.011349932744796232
each_other,738,0.7088579692854634,0.6863837446558034,0.022474224629659978
each_other,739,0.7101193224876337,0.6563710701191352,0.05374825236849845
each_other,740,0.7019615090931811,0.6517804419603955,0.050181067132785584
each_other,741,0.7079186637093793,0.6690820933080995,0.038836570401279746
each_other,742,0.7084664213352375,0.7039392758142758,0.004527145520961673
each_other,743,0.715374890438762,0.6563710701191351,0.05900382031962692
each_other,744,0.7114795639814588,0.6517804419603955,0.05969912202106331
each_other,745,0.7070580022633836,0.6612155780886431,0.04584242417474049
each_other,746,0.7053375421222696,0.6390694187714312,0.06626812335083843
each_other,747,0.7026575063531307,0.6912282526253115,0.011429253727819222
each_other,748,0.7140044345559554,0.6658062062473826,0.04819822830857279
each_other,749,0.7195860179325841,0.6469359339908876,0.07265008394169659
each_other,750,0.715507156835814,0.6817931164970639,0.03371404033875014
each_other,751,0.7066538239762129,0.6912282526253115,0.01542557135090139
each_other,752,0.717245556005807,0.6563710701191352,0.06087448588667177
each_other,753,0.7155420699764621,0.6690820933080994,0.04645997666836266
each_other,754,0.7073282289761517,0.6721041005580479,0.03522412841810374
each_other,755,0.7120699987146865,0.6690820933080994,0.042987905406587035
each_other,756,0.7019615090931811,0.6296342826431836,0.07232722644999756
each_other,757,0.7138972804020536,0.6769486085275559,0.036948671874497685
each_other,758,0.7187750990332897,0.6912282526253115,0.02754684640797822
each_other,759,0.7070574742281536,0.6785172294363471,0.0285402447918065
each_other,760,0.7042101583665801,0.6690820933080995,0.03512806505848054
each_other,761,0.6992882716892493,0.6644914651493599,0.03479680653988948
each_other,762,0.7109600055508225,0.6642375853385916,0.04672242021223094
each_other,763,0.7122786763994343,0.6736727214668391,0.03860595493259522
each_other,764,0.7080462951713336,0.6785172294363471,0.02952906573498648
each_other,765,0.7112739780695164,0.6863837446558034,0.024890233413712992
each_other,766,0.7170153414909777,0.6960727605948194,0.020942580896158303
each_other,767,0.7016819957871736,0.6517804419603955,0.04990155382677808
each_other,768,0.7060200635144906,0.6596469571798519,0.04637310633463876
each_other,769,0.7074522237737924,0.6690820933080994,0.03837013046569293
each_other,770,0.7012496273229053,0.6739266012776075,0.027323026045297794
each_other,771,0.7193021432705858,0.6785172294363471,0.04078491383423877
each_other,772,0.7043169406546745,0.6863837446558034,0.01793319599887111
each_other,773,0.6936664159707928,0.7039392758142758,-0.010272859843483029
each_other,774,0.7092932104814179,0.6423453058321479,0.06694790464927003
each_other,775,0.7091324615792578,0.6469359339908876,0.06219652758837024
each_other,776,0.7023533905992557,0.6863837446558034,0.015969645943452293
each_other,777,0.7155211004543458,0.6739266012776075,0.0415944991767383
each_other,778,0.7085119181820303,0.6612155780886431,0.047296340093387235
each_other,779,0.7143994145694291,0.6866376244665718,0.027761790102857287
each_other,780,0.7023681486663822,0.6785172294363471,0.023850919230035128
each_other,781,0.7136196607758482,0.6817931164970639,0.031826544278784286
each_other,782,0.7114138764779767,0.6596469571798519,0.051766919298124825
each_other,783,0.7082395629740242,0.6375007978626399,0.07073876511138433
each_other,784,0.7124534234238178,0.6817931164970639,0.030660306926753922
each_other,785,0.698440730989587,0.6485045548996787,0.0499361760899083
each_other,786,0.7012040976925747,0.6469359339908876,0.05426816370168719
each_other,787,0.7126795027076567,0.6658062062473826,0.04687329646027405
each_other,788,0.7074466934751187,0.683361737405855,0.02408495606926364
each_other,789,0.7021399249681449,0.6612155780886431,0.04092434687950186
each_other,790,0.7068534197923314,0.6990947678447679,0.007758651947563533
each_other,791,0.7007393415769789,0.6423453058321479,0.05839403574483104
each_other,792,0.7001356187558537,0.6912282526253115,0.008907366130542216
each_other,793,0.7141910511471816,0.6642375853385916,0.04995346580859006
each_other,794,0.7083616162330995,0.6690820933080994,0.03927952292500003
each_other,795,0.7106627240911039,0.6423453058321479,0.06831741825895599
each_other,796,0.7078357296883808,0.6960727605948194,0.011762969093561448
each_other,797,0.7150596343438603,0.6706507142168907,0.04440892012696962
each_other,798,0.7037803760203606,0.6612155780886431,0.042564797931717524
each_other,799,0.707676085314358,0.6960727605948194,0.011603324719538621
each_other,800,0.7060340569455856,0.6706507142168907,0.03538334272869492
each_other,801,0.7120628264307299,0.6736727214668391,0.038390104963890836
each_other,802,0.7095348091016025,0.6563710701191351,0.0531637389824674
each_other,803,0.7021399249681449,0.6658062062473826,0.0363337187207623
each_other,804,0.7103487143268731,0.6769486085275559,0.03340010579931718
each_other,805,0.7135934039584327,0.6866376244665718,0.0269557794918609
each_other,806,0.7161479685809977,0.6817931164970639,0.03435485208393385
each_other,807,0.7036771389587874,0.6548024492103439,0.048874689748443445
each_other,808,0.7050875560325179,0.683361737405855,0.021725818626662896
each_other,809,0.7126598719240146,0.6990947678447679,0.013565104079246715
each_other,810,0.721764754306938,0.6517804419603955,0.06998431234654245
each_other,811,0.710944311761588,0.6785172294363471,0.03242708232524094
each_other,812,0.7018994426409979,0.6912282526253115,0.010671190015686394
each_other,813,0.7110681135984042,0.6817931164970639,0.029274997101340294
each_other,814,0.7116503876915307,0.6690820933080994,0.04256829438343124
each_other,815,0.7113662131146701,0.6642375853385916,0.04712862777607851
each_other,816,0.7031920020673033,0.6815392366862956,0.021652765381007688
each_other,817,0.7155420699764621,0.6517804419603954,0.06376162801606666
each_other,818,0.7146052790405413,0.6690820933080995,0.04552318573244174
each_other,819,0.6998398501151711,0.6644914651493599,0.035348384965811275
each_other,820,0.7070383601566309,0.6817931164970639,0.02524524365956704
each_other,821,0.7058110328671644,0.6690820933080994,0.03672893955906498
each_other,822,0.7150334205538318,0.6912282526253115,0.023805167928520277
each_other,823,0.709608586987296,0.6423453058321479,0.06726328115514812
each_other,824,0.7101892551549912,0.6817931164970639,0.02839613865792734
each_other,825,0.7048868170472157,0.6817931164970639,0.023093700550151808
each_other,826,0.7153152945661959,0.6785172294363471,0.036798065129848845
each_other,827,0.7050048380818911,0.6612155780886431,0.04378925999324801
each_other,828,0.710783883254379,0.6863837446558034,0.024400138598575594
each_other,829,0.7122786763994343,0.6817931164970639,0.03048555990237045
each_other,830,0.7192406991774208,0.6517804419603954,0.06746025721702542
each_other,831,0.7043169406546745,0.6739266012776075,0.030390339377067033
each_other,832,0.7036850450195115,0.6817931164970639,0.02189192852244759
each_other,833,0.7090228140156398,0.6690820933080994,0.0399407207075404
each_other,834,0.6950620019931891,0.6423453058321479,0.05271669616104124
each_other,835,0.7105707781621584,0.7087837837837838,0.0017869943783745956
each_other,836,0.715110964119729,0.6817931164970639,0.0333178476226651
each_other,837,0.714262993959895,0.6739266012776075,0.0403363926822875
each_other,838,0.714262993959895,0.6642375853385916,0.05002540862130345
each_other,839,0.7130122715114449,0.6596469571798519,0.05336531433159297
each_other,840,0.7106584643427735,0.6690820933080994,0.04157637103467404
each_other,841,0.7019615090931812,0.6817931164970639,0.020168392596117357
each_other,842,0.7031920020673033,0.6612155780886431,0.04197642397866019
each_other,843,0.7130510512446759,0.6739266012776075,0.03912444996706843
each_other,844,0.7055487583848834,0.6785172294363471,0.027031528948536332
each_other,845,0.7106233089669114,0.6644914651493599,0.04613184381755153
each_other,846,0.7170285637254454,0.6690820933080994,0.04794647041734601
each_other,847,0.7138322271877721,0.6736727214668391,0.040159505720932964
each_other,848,0.717245556005807,0.6612155780886431,0.05602997791716391
each_other,849,0.7036771389587874,0.6817931164970639,0.021884022461723496
each_other,850,0.7131450468402,0.6296342826431836,0.08351076419701642
each_other,851,0.7086943889632432,0.6690820933080994,0.03961229565514379
each_other,852,0.7056193366662961,0.6817931164970639,0.023826220169232193
each_other,853,0.7036850450195115,0.6690820933080994,0.03460295171141203
each_other,854,0.717245556005807,0.6690820933080994,0.04816346269770755
each_other,855,0.7145004011460392,0.6612155780886431,0.053284823057396125
each_other,856,0.7142541285408541,0.6612155780886431,0.053038550452211064
each_other,857,0.6991042042250447,0.6390694187714311,0.060034785453613626
each_other,858,0.7120628264307302,0.6817931164970639,0.03026970993366629
each_other,859,0.7084664213352375,0.6642375853385916,0.044228835996645954
each_other,860,0.7061808941527907,0.6769486085275559,0.029232285625234833
each_other,861,0.7049815276946052,0.6517804419603955,0.053201085734209674
each_other,862,0.7023009992375273,0.6785172294363471,0.023783769801180243
each_other,863,0.7117437071060884,0.6866376244665718,0.025106082639516525
each_other,864,0.7105079271565449,0.6739266012776075,0.036581325878937365
each_other,865,0.7053375421222696,0.6644914651493599,0.04084607697290976
each_other,866,0.7086849741152972,0.6563710701191351,0.05231390399616209
each_other,867,0.7038988057380662,0.6912282526253115,0.012670553112754668
each_other,868,0.7043169406546745,0.6721041005580479,0.032212840096626616
each_other,869,0.7058996168976651,0.6596469571798519,0.04625265971781323
each_other,870,0.7110269197378166,0.6769486085275559,0.034078311210260726
each_other,871,0.7106584643427735,0.6690820933080994,0.04157637103467404
each_other,872,0.7060368413547176,0.6817931164970639,0.024243724857653692
each_other,873,0.7058996168976651,0.6517804419603955,0.05411917493726959
each_other,874,0.7097776526180791,0.6690820933080994,0.0406955593099797
each_other,875,0.7108542866445631,0.6563710701191352,0.05448321652542787
each_other,876,0.7175233539099222,0.6863837446558034,0.03113960925411874
each_other,877,0.7061941172793417,0.6517804419603954,0.05441367531894625
each_other,878,0.7051620992717339,0.7039392758142758,0.0012228234574580554
each_other,879,0.7131177631096195,0.6642375853385916,0.04888017777102793
each_other,880,0.703484327160177,0.6469359339908876,0.05654839316928939
each_other,881,0.7114138764779767,0.6690820933080995,0.04233178316987718
each_other,882,0.708417436990169,0.6769486085275559,0.03146882846261312
each_other,883,0.7088579692854635,0.6690820933080994,0.039775875977364095
each_other,884,0.7080182004695937,0.6690820933080995,0.038936107161494204
each_other,885,0.7114773120574036,0.6739266012776075,0.037550710779796104
each_other,886,0.7063806344120145,0.6642375853385916,0.04214304907342292
each_other,887,0.7178517745179901,0.6960727605948194,0.02177901392317072
each_other,888,0.7066519550629733,0.6517804419603954,0.054871513102577874
each_other,889,0.7066096271547109,0.6690820933080994,0.03752753384661145
each_other,890,0.7051620992717339,0.6817931164970639,0.023368982774670033
each_other,891,0.7088579692854634,0.683361737405855,0.025496231879608366
each_other,892,0.7142541285408542,0.6642375853385916,0.050016543202262675
each_other,893,0.7083889534965171,0.6548024492103439,0.053586504286173176
each_other,894,0.7083695129872026,0.6817931164970639,0.026576396490138765
each_other,895,0.7052324250187731,0.6642375853385916,0.04099483968018158
each_other,896,0.7131177631096195,0.6863837446558034,0.026734018453816066
each_other,897,0.7090842803338767,0.6690820933080994,0.04000218702577729
each_other,898,0.7110390516554409,0.6817931164970639,0.029245935158377034
each_other,899,0.7063806344120145,0.6912282526253115,0.015152381786702973
each_other,900,0.708509413025172,0.6815392366862956,0.02697017633887644
each_other,901,0.70421015836658,0.6690820933080994,0.03512806505848054
each_other,902,0.7157711838941603,0.6423453058321479,0.0734258780620124
each_other,903,0.7120746010603981,0.6612155780886431,0.05085902297175504
each_other,904,0.7135583948685458,0.6517804419603954,0.06177795290815036
each_other,905,0.7067841644236973,0.6423453058321479,0.06443885859154941
each_other,906,0.712123443357289,0.6642375853385916,0.04788585801869749
each_other,907,0.7051620992717339,0.6912282526253115,0.013933846646422388
each_other,908,0.7066096271547109,0.6612155780886431,0.04539404906606781
each_other,909,0.7107054885322487,0.6721041005580479,0.03860138797420076
each_other,910,0.7109600055508225,0.6769486085275559,0.03401139702326661
each_other,911,0.7102966451993509,0.6563710701191352,0.05392557508021567
each_other,912,0.7073120643990367,0.6296342826431836,0.07767778175585316
each_other,913,0.705530552453254,0.6469359339908876,0.058594618462366466
each_other,914,0.7065429395247628,0.6596469571798519,0.04689598234491088
each_other,915,0.714449708247648,0.6690820933080995,0.04536761493954844
each_other,916,0.7091426098288869,0.6596469571798519,0.049495652649034994
each_other,917,0.7147730596678307,0.6469359339908876,0.06783712567694311
each_other,918,0.7100781517036847,0.6785172294363471,0.03156092226733764
each_other,919,0.7052382273603804,0.6517804419603955,0.053457785399984914
each_other,920,0.7126795027076568,0.6612155780886431,0.05146392461901372
each_other,921,0.7138937294902412,0.6690820933080994,0.04481163618214179
each_other,922,0.7073282289761517,0.6960727605948194,0.01125546838133229
each_other,923,0.7086574076495477,0.6736727214668391,0.03498468618270856
each_other,924,0.7158856577731014,0.6612155780886431,0.05467007968445836
each_other,925,0.7112068502178038,0.6912282526253115,0.01997859759249232
each_other,926,0.7120269376970916,0.6390694187714312,0.07295751892566038
each_other,927,0.7130105693660922,0.6642375853385916,0.04877298402750063
each_other,928,0.7120495025285776,0.6815392366862956,0.030510265842282003
each_other,929,0.7040706278571659,0.6690820933080994,0.034988534549066475
each_other,930,0.7060368413547176,0.6517804419603955,0.05425639939432203
each_other,931,0.7132961789845833,0.6296342826431836,0.08366189634139976
each_other,932,0.7137814147122507,0.6642375853385916,0.04954382937365909
each_other,933,0.7058616200145448,0.6642375853385916,0.041624034675953214
each_other,934,0.7041496757718958,0.6375007978626399,0.06664887790925589
each_other,935,0.7054439943892866,0.6990947678447679,0.006349226544518749
each_other,936,0.7105438150529434,0.6548024492103439,0.05574136584259948
each_other,937,0.7045446726233641,0.6612155780886431,0.043329094534721
each_other,938,0.7102168830932075,0.6517804419603955,0.05843644113281199
each_other,939,0.7138972804020537,0.6644914651493599,0.04940581525269383
each_other,940,0.7052324250187731,0.6644914651493599,0.040740959869413285
each_other,941,0.7101193224876337,0.683361737405855,0.026757585081778612
each_other,942,0.6985563787225914,0.6739266012776075,0.024629777444983847
each_other,943,0.7090971129820943,0.6423453058321479,0.06675180714994644
each_other,944,0.7076237312569452,0.6517804419603955,0.05584328929654969
each_other,945,0.7104121800483691,0.6596469571798519,0.05076522286851726
each_other,946,0.7043788058310538,0.6390694187714311,0.06530938705962275
each_other,947,0.7105438150529434,0.6785172294363471,0.032026585616596326
each_other,948,0.7066938892808418,0.6912282526253115,0.015465636655530246
each_other,949,0.7111072477659622,0.6690820933080994,0.04202515445786281
each_other,950,0.7065857460944018,0.6612155780886431,0.04537016800575877
each_other,951,0.7186253034544469,0.6721041005580479,0.04652120289639894
each_other,952,0.7074330056695297,0.6469359339908876,0.060497071678642156
each_other,953,0.7143552662127115,0.6817931164970639,0.03256214971564764
each_other,954,0.7130105693660923,0.6817931164970639,0.03121745286902844
each_other,955,0.7104121800483693,0.6517804419603955,0.05863173808797373
each_other,956,0.7076237312569451,0.6642375853385916,0.04338614591835355
each_other,957,0.7074522237737924,0.6390694187714312,0.06838280500236116
each_other,958,0.7061194340725744,0.6517804419603955,0.05433899211217885
each_other,959,0.7076154764507427,0.6815392366862956,0.026076239764447173
each_other,960,0.7098868350115319,0.6642375853385916,0.04564924967294037
each_other,961,0.7130510512446762,0.6690820933080994,0.043968957936576736
each_other,962,0.7065764567138041,0.6690820933080994,0.03749436340570467
each_other,963,0.7057312703125886,0.683361737405855,0.022369532906733602
each_other,964,0.7043574968455385,0.6563710701191352,0.0479864267264033
each_other,965,0.7029271272706333,0.6815392366862956,0.021387890584337765
each_other,966,0.7080101711347849,0.6706507142168907,0.03735945691789422
each_other,967,0.7210463666546584,0.6390694187714312,0.08197694788322718
each_other,968,0.7111194433742727,0.6579396910279263,0.05317975234634642
each_other,969,0.709701911669151,0.6815392366862956,0.028162674982855407
each_other,970,0.7161525157302722,0.6596469571798519,0.056505558550420276
each_other,971,0.7180813382217472,0.6739266012776075,0.04415473694413974
each_other,972,0.713672491285876,0.6596469571798519,0.054025534106024065
each_other,973,0.7076237312569453,0.6690820933080994,0.03854163794884591
each_other,974,0.7081556130012117,0.6815392366862956,0.02661637631491609
each_other,975,0.704960170054734,0.6596469571798519,0.0453132128748821
each_other,976,0.7097722316923646,0.6612155780886431,0.04855665360372152
each_other,977,0.7085652877526051,0.6990947678447679,0.009470519907837205
each_other,978,0.709874477468556,0.6690820933080995,0.040792384160456496
each_other,979,0.7138972804020537,0.6690820933080994,0.04481518709395427
each_other,980,0.7060368413547178,0.6690820933080994,0.03695474804661836
each_other,981,0.70421015836658,0.6863837446558034,0.017826413710776534
each_other,982,0.7104121800483691,0.6644914651493599,0.045920714899009285
each_other,983,0.7083769517711141,0.6942502598752599,0.014126691895854249
each_other,984,0.7017016645661823,0.6517804419603955,0.0499212226057868
each_other,985,0.6939245577492245,0.6423453058321479,0.051579251917076574
each_other,986,0.6990906351164802,0.6517804419603955,0.047310193156084646
each_other,987,0.7036850450195115,0.6563710701191352,0.047313974900376254
each_other,988,0.7076416304275375,0.6469359339908876,0.060705696436649914
each_other,989,0.7061808941527908,0.6960727605948194,0.010108133557971466
each_other,990,0.7188712970560173,0.6706507142168907,0.04822058283912656
each_other,991,0.7006069425378609,0.6912282526253115,0.00937868991254942
each_other,992,0.7078876937735835,0.6912282526253115,0.016659441148272003
each_other,993,0.7091122901034274,0.6690820933080994,0.04003019679532793
each_other,994,0.7064222938185553,0.6690820933080995,0.03734020051045572
each_other,995,0.7068534197923314,0.6912282526253115,0.015625167167019893
each_other,996,0.7093389867998129,0.6942502598752599,0.015088726924552986
each_other,997,0.7081069289825532,0.6739266012776075,0.03418032770494572
each_other,998,0.7111219490625622,0.6785172294363471,0.03260471962621514
each_other,999,0.7062657326429669,0.6469359339908876,0.059329798652079324
each_other,1000,0.7124980778902374,0.6690820933080994,0.04341598458213802
each_other,1001,0.707038360156631,0.6721041005580479,0.034934259598583095
each_other,1002,0.7060074029915886,0.6817931164970639,0.024214286494524728
each_other,1003,0.6941665704485116,0.6612155780886431,0.032950992359868536
each_other,1004,0.7073120643990367,0.6785172294363471,0.02879483496268964
each_other,1005,0.7067841644236973,0.6517804419603954,0.055003722463301874
each_other,1006,0.7106584643427735,0.6612155780886431,0.0494428862541304
each_other,1007,0.7031982239093428,0.6469359339908876,0.05626228991845528
each_other,1008,0.7003839226941562,0.6690820933080995,0.031301829386056634
each_other,1009,0.7081069289825531,0.6863837446558034,0.02172318432674969
each_other,1010,0.7037803760203608,0.6612155780886431,0.042564797931717746
each_other,1011,0.7073160206328676,0.683361737405855,0.02395428322701254
each_other,1012,0.7093665182933571,0.6739266012776075,0.035439917015749556
each_other,1013,0.7039931660862184,0.6563710701191351,0.04762209596708333
each_other,1014,0.709902208744785,0.6990947678447679,0.010807440900017173
each_other,1015,0.7057312703125885,0.6690820933080994,0.03664917700448911
each_other,1016,0.7102288746051449,0.6296342826431836,0.08059459196196139
each_other,1017,0.7071047386756735,0.6596469571798519,0.04745778149582158
each_other,1018,0.7120269376970915,0.6817931164970639,0.0302338212000276
each_other,1019,0.7131668062066884,0.6739266012776075,0.03924020492908087
each_other,1020,0.7108734036457941,0.6612155780886431,0.049657825557151036
each_other,1021,0.712506586432257,0.6563710701191352,0.05613551631312175
each_other,1022,0.7109640392737874,0.6736727214668391,0.037291317806948276
each_other,1023,0.7165989703776948,0.683361737405855,0.03323723297183978
each_other,1024,0.7074193789514192,0.6596469571798519,0.047772421771567264
each_other,1025,0.7039060715278346,0.6642375853385916,0.03966848618924301
each_other,1026,0.7029255407265947,0.6596469571798519,0.043278583546742855
each_other,1027,0.7138322271877721,0.6863837446558034,0.027448482531968632
each_other,1028,0.7107369857071176,0.6863837446558034,0.0243532410513142
each_other,1029,0.7060340569455856,0.6642375853385916,0.04179647160699407
each_other,1030,0.7107838832543788,0.6485045548996787,0.06227932835470007
each_other,1031,0.7114773120574036,0.6390694187714311,0.07240789328597252
each_other,1032,0.7117796631487041,0.6690820933080994,0.04269756984060469
each_other,1033,0.714262993959895,0.6690820933080994,0.045180900651795586
each_other,1034,0.7036771389587874,0.6485045548996787,0.05517258405910863
each_other,1035,0.6904570427742386,0.6469359339908876,0.043521108783351026
each_other,1036,0.711068113598404,0.6690820933080995,0.041986020290304515
each_other,1037,0.7164955443176529,0.6642375853385916,0.05225795897906138
each_other,1038,0.7080636973163865,0.6815392366862956,0.02652446063009095
each_other,1039,0.7078189484267605,0.6990947678447679,0.008724180581992647
each_other,1040,0.711730850896981,0.6785172294363471,0.03321362146063389
each_other,1041,0.6993359062302871,0.6817931164970639,0.017542789733223207
each_other,1042,0.7149148531232756,0.6942502598752599,0.020664593248015728
each_other,1043,0.7149050996486167,0.6863837446558034,0.028521354992813275
each_other,1044,0.7104223753785143,0.6706507142168907,0.03977166116162356
each_other,1045,0.7152099549624926,0.6863837446558034,0.028826210306689193
each_other,1046,0.7041496757718959,0.6739266012776075,0.030223074494288404
each_other,1047,0.7109573177939826,0.6485045548996787,0.062452762894303904
each_other,1048,0.7171610878467791,0.6563710701191352,0.06079001772764392
each_other,1049,0.7045444665488378,0.6690820933080994,0.03546237324073842
each_other,1050,0.7029271272706334,0.6690820933080994,0.03384503396253402
each_other,1051,0.7137425592819824,0.6642375853385916,0.04950497394339082
each_other,1052,0.7108140725371092,0.6644914651493599,0.04632260738774929
each_other,1053,0.7058656651611567,0.6817931164970639,0.024072548664092808
each_other,1054,0.709902208744785,0.683361737405855,0.026540471338930005
each_other,1055,0.7067841644236973,0.6815392366862956,0.025244927737401723
each_other,1056,0.7090228140156397,0.6390694187714311,0.06995339524420863
each_other,1057,0.6995716526308294,0.6739266012776075,0.025645051353221926
each_other,1058,0.7150334205538318,0.6390694187714312,0.07596400178240059
each_other,1059,0.7126598719240146,0.6390694187714312,0.07359045315258339
each_other,1060,0.7055305524532541,0.6739266012776075,0.03160395117564663
each_other,1061,0.7050048380818911,0.6579396910279263,0.047065147053964806
each_other,1062,0.7104121800483691,0.6739266012776075,0.03648557877076164
each_other,1063,0.712123443357289,0.6866376244665718,0.025485818890717216
each_other,1064,0.7054833223429411,0.6563710701191352,0.049112252223805886
each_other,1065,0.7007393415769789,0.6563710701191352,0.04436827145784372
each_other,1066,0.7099239021282747,0.6469359339908876,0.06298796813738716
each_other,1067,0.7098639884823126,0.6485045548996787,0.06135943358263385
each_other,1068,0.706881628024004,0.6390694187714311,0.06781220925257292
each_other,1069,0.7202453204455741,0.6690820933080995,0.051163227137474565
each_other,1070,0.7038988057380662,0.6390694187714312,0.06482938696663498
each_other,1071,0.7122786763994344,0.6769486085275559,0.035330067871878534
each_other,1072,0.7073687011923118,0.6690820933080995,0.03828660788421223
each_other,1073,0.7143292402147039,0.6815392366862956,0.03279000352840833
each_other,1074,0.7074466934751186,0.6736727214668391,0.033773972008279474
each_other,1075,0.699633985644059,0.6739266012776075,0.02570738436645148
each_other,1076,0.706585746094402,0.6548024492103439,0.05178329688405803
each_other,1077,0.7131357992162225,0.6469359339908876,0.06619986522533494
each_other,1078,0.7040985060593005,0.6785172294363471,0.025581276622953397
each_other,1079,0.7048303008129047,0.6596469571798519,0.045183343633052764
each_other,1080,0.7058996168976651,0.6863837446558034,0.019515872241861687
each_other,1081,0.7113296983078181,0.6658062062473826,0.04552349206043549
each_other,1082,0.7040985060593005,0.6785172294363471,0.025581276622953397
each_other,1083,0.7157711838941603,0.6296342826431836,0.08613690125097673
each_other,1084,0.6972377078739794,0.6912282526253115,0.0060094552486679165
each_other,1085,0.7175882952695392,0.6815392366862956,0.03604905858324359
each_other,1086,0.7118834411943654,0.7087837837837838,0.003099657410581602
each_other,1087,0.7168248083971368,0.7039392758142758,0.012885532582860959
each_other,1088,0.7057037945958755,0.6706507142168907,0.0350530803789848
each_other,1089,0.7135583948685458,0.6690820933080995,0.04447630156044624
each_other,1090,0.7113353041589124,0.683361737405855,0.0279735667530574
each_other,1091,0.7026989591150953,0.683361737405855,0.019337221709240238
each_other,1092,0.7073120643990367,0.6642375853385916,0.04307447906044515
each_other,1093,0.7091747216504005,0.6960727605948194,0.013101961055581146
each_other,1094,0.7105624285192162,0.6863837446558034,0.02417868386341282
each_other,1095,0.7103721229939185,0.6644914651493599,0.04588065784455864
each_other,1096,0.7136406433391485,0.683361737405855,0.03027890593329341
each_other,1097,0.7084725505247751,0.6644914651493599,0.04398108537541523
each_other,1098,0.7046780240844701,0.6612155780886431,0.04346244599582705
each_other,1099,0.7037413799660394,0.6942502598752599,0.009491120090779459
each_other,1100,0.7076416304275372,0.6769486085275559,0.030693021899981354
each_other,1101,0.7151202885987574,0.683361737405855,0.031758551192902384
each_other,1102,0.7057312703125885,0.6563710701191352,0.04936020019345333
each_other,1103,0.699633985644059,0.6642375853385916,0.035396400305467424
each_other,1104,0.6970146880302747,0.6642375853385916,0.0327771026916831
each_other,1105,0.709132228145491,0.6296342826431836,0.07949794550230749
each_other,1106,0.7074466934751185,0.6642375853385916,0.0432091081365269
each_other,1107,0.6989435190949546,0.6769486085275559,0.021994910567398662
each_other,1108,0.7093610774165116,0.6736727214668391,0.03568835594967246
each_other,1109,0.6998360971917027,0.6785172294363471,0.02131886775535563
each_other,1110,0.7087524686581506,0.6517804419603954,0.05697202669775514
each_other,1111,0.7145004011460392,0.6642375853385916,0.050262815807447625
each_other,1112,0.7068616519263639,0.6390694187714312,0.06779223315493266
each_other,1113,0.7037802205145455,0.683361737405855,0.020418483108690433
each_other,1114,0.717995567693961,0.6517804419603955,0.06621512573356547
each_other,1115,0.7024320074753276,0.6815392366862956,0.020892770789032067
each_other,1116,0.702770563953916,0.6485045548996787,0.054266009054237285
each_other,1117,0.713790405734658,0.6769486085275559,0.03684179720710212
each_other,1118,0.7111394818571228,0.6990947678447679,0.012044714012354962
each_other,1119,0.7024982412557608,0.6739266012776075,0.028571639978153263
each_other,1120,0.7109600055508225,0.6642375853385916,0.04672242021223094
each_other,1121,0.7098303331775234,0.6658062062473826,0.044024126930140794
each_other,1122,0.7114083094582198,0.6690820933080994,0.04232621615012033
each_other,1123,0.7111783176161454,0.6390694187714312,0.07210889884471416
each_other,1124,0.6936569339367786,0.6785172294363471,0.015139704500431561
each_other,1125,0.7054439943892867,0.6690820933080994,0.03636190108118731
each_other,1126,0.7065857460944018,0.6817931164970639,0.024792629597337967
each_other,1127,0.714399414569429,0.6690820933080994,0.04531732126132959
each_other,1128,0.7142164390468978,0.6960727605948194,0.018143678452078427
each_other,1129,0.7074330056695297,0.6469359339908876,0.060497071678642156
each_other,1130,0.7192406991774208,0.6866376244665718,0.032603074710849
each_other,1131,0.7029271272706333,0.6739266012776075,0.029000525993025827
each_other,1132,0.7103721229939184,0.6642375853385916,0.046134537655326824
each_other,1133,0.7114138764779766,0.6644914651493599,0.04692241132861674
each_other,1134,0.7057263864887493,0.6863837446558034,0.019342641832945873
each_other,1135,0.7003455351943589,0.6990947678447679,0.0012507673495910643
each_other,1136,0.7027280037825642,0.6296342826431836,0.07309372113938062
each_other,1137,0.6983333588788863,0.6642375853385916,0.034095773540294694
each_other,1138,0.7136403889551084,0.6563710701191352,0.05726931883597319
each_other,1139,0.7170285637254455,0.6563710701191351,0.06065749360631045
each_other,1140,0.7040985060593004,0.6690820933080994,0.03501641275120093
each_other,1141,0.7077044449399342,0.6469359339908876,0.06076851094904667
each_other,1142,0.7113353041589124,0.6642375853385916,0.04709771882032088
each_other,1143,0.7037267159831967,0.6863837446558034,0.017342971327393264
each_other,1144,0.7042497852309341,0.6769486085275559,0.02730117670337817
each_other,1145,0.7159470809099358,0.6912282526253115,0.02471882828462424
each_other,1146,0.7165218351080089,0.6596469571798519,0.05687487792815704
each_other,1147,0.7129609417355761,0.6690820933080994,0.04387884842747669
each_other,1148,0.7034905773251563,0.6769486085275559,0.0265419687976004
each_other,1149,0.7172704628499673,0.6942502598752599,0.023020202974707415
each_other,1150,0.7067841644236973,0.683361737405855,0.02342242701784225
each_other,1151,0.7147759287950853,0.6644914651493599,0.050284463645725475
each_other,1152,0.7081811294693245,0.7039392758142758,0.0042418536550487
each_other,1153,0.696727903672326,0.6863837446558034,0.010344159016522525
each_other,1154,0.7033546796113663,0.6642375853385916,0.039117094272774766
each_other,1155,0.7018994426409978,0.6201991465149359,0.08170029612606189
each_other,1156,0.7118357778310587,0.6658062062473826,0.04602957158367604
each_other,1157,0.6963852343275482,0.6548024492103439,0.04158278511720426
each_other,1158,0.7137503894578852,0.6785172294363471,0.03523316002153809
each_other,1159,0.7085810660577858,0.6785172294363471,0.030063836621438744
each_other,1160,0.6943143245397227,0.6390694187714312,0.05524490576829155
each_other,1161,0.7106829347278893,0.6658062062473826,0.04487672848050672
each_other,1162,0.7050375095010459,0.6817931164970639,0.023244393003982067
each_other,1163,0.7108203438595623,0.6296342826431836,0.08118606121637872
each_other,1164,0.7111344402208303,0.6912282526253115,0.019906187595518765
each_other,1165,0.7088579692854634,0.6690820933080995,0.03977587597736387
each_other,1166,0.6971319144822138,0.6596469571798519,0.0374849573023619
each_other,1167,0.7172455560058071,0.6769486085275559,0.04029694747825119
each_other,1168,0.7051889146637115,0.6596469571798519,0.045541957483859585
each_other,1169,0.7098508789689164,0.6912282526253115,0.018622626343604898
each_other,1170,0.6998178342872517,0.6706507142168907,0.02916712007036104
each_other,1171,0.7067173562170048,0.683361737405855,0.02335561881114978
each_other,1172,0.7072655094860395,0.6785172294363471,0.028748280049692432
each_other,1173,0.7042642627249281,0.6817931164970639,0.02247114622786428
each_other,1174,0.7099239021282747,0.6721041005580479,0.037819801570226796
each_other,1175,0.7137238210617448,0.6863837446558034,0.027340076405941383
each_other,1176,0.7043067665152063,0.6990947678447679,0.0052119986704384225
each_other,1177,0.7112539800001912,0.6596469571798519,0.051607022820339354
each_other,1178,0.7067924253043342,0.683361737405855,0.02343068789847913
each_other,1179,0.7105438150529434,0.6817931164970639,0.028750698555879528
each_other,1180,0.7016633039829574,0.6612155780886431,0.040447725894314335
each_other,1181,0.7143137757642826,0.6612155780886431,0.0530981976756395
each_other,1182,0.700606942537861,0.6690820933080994,0.03152484922976162
each_other,1183,0.7111783176161454,0.6563710701191351,0.05480724749701027
each_other,1184,0.698252175087869,0.6690820933080994,0.02917008177976954
each_other,1185,0.7098303331775233,0.6517804419603954,0.05804989121712789
each_other,1186,0.7126795027076567,0.6563710701191352,0.05630843258852147
each_other,1187,0.7104993540902246,0.6785172294363471,0.03198212465387751
each_other,1188,0.7132335892097972,0.6960727605948194,0.017160828614977808
each_other,1189,0.711730850896981,0.7039392758142758,0.0077915750827051156
each_other,1190,0.7106584643427734,0.6642375853385916,0.04642087900418179
each_other,1191,0.709190659194485,0.6863837446558034,0.022806914538681555
each_other,1192,0.71722390793697,0.6644914651493599,0.052732442787610134
each_other,1193,0.7106584643427735,0.6485045548996787,0.062153909443094735
each_other,1194,0.7155211004543458,0.6596469571798519,0.055874143274493915
each_other,1195,0.7008220309040937,0.6612155780886431,0.03960645281545061
each_other,1196,0.699128300564871,0.6563710701191351,0.04275723044573587
each_other,1197,0.7076416304275376,0.6769486085275559,0.030693021899981687
each_other,1198,0.7019615090931812,0.6644914651493599,0.03747004394382136
each_other,1199,0.7151900160927609,0.6517804419603955,0.06340957413236536
each_other,1200,0.7122526225537764,0.6690820933080995,0.04317052924567688
each_other,1201,0.7024921591035601,0.6736727214668391,0.028819437636721013
each_other,1202,0.7081385963893946,0.6736727214668391,0.034465874922555484
each_other,1203,0.6994130838113433,0.6960727605948194,0.0033403232165238883
each_other,1204,0.7080636973163865,0.6469359339908876,0.06112776332549896
each_other,1205,0.7117308508969808,0.683361737405855,0.028369113491125808
each_other,1206,0.7042186364223235,0.6469359339908876,0.05728270243143596
each_other,1207,0.7150490270242539,0.6658062062473826,0.049242820776871254
each_other,1208,0.7120269376970915,0.6817931164970639,0.0302338212000276
each_other,1209,0.7103487143268731,0.6769486085275559,0.03340010579931718
each_other,1210,0.703512105383393,0.6596469571798519,0.04386514820354115
each_other,1211,0.7068616519263637,0.6469359339908876,0.059925717935476186
each_other,1212,0.7074396846173697,0.6815392366862956,0.025900447931074155
each_other,1213,0.7165989703776948,0.6690820933080995,0.04751687706959529
each_other,1214,0.6991283005648712,0.6739266012776075,0.02520169928726368
each_other,1215,0.7125039649515632,0.6690820933080995,0.04342187164346367
each_other,1216,0.7060996260332012,0.6642375853385916,0.04186204069460964
each_other,1217,0.7111219490625622,0.6769486085275559,0.034173340535006314
each_other,1218,0.7075283573895211,0.6469359339908876,0.06059242339863358
each_other,1219,0.7143066298577199,0.6815392366862956,0.0327673931714243
each_other,1220,0.7042186364223236,0.6690820933080994,0.035136543114224206
each_other,1221,0.7093113405962514,0.6548024492103439,0.05450889138590753
each_other,1222,0.7105624285192162,0.7039392758142758,0.006623152704940405
each_other,1223,0.715190016092761,0.6769486085275559,0.03824140756520511
each_other,1224,0.7066538239762128,0.6785172294363471,0.028136594539865722
each_other,1225,0.7072128974256173,0.6960727605948194,0.011140136830797953
each_other,1226,0.7029912842079689,0.6706507142168907,0.03234056999107815
each_other,1227,0.7031866483892694,0.7039392758142758,-0.0007526274250064802
each_other,1228,0.7089504563979613,0.6736727214668391,0.035277734931122184
each_other,1229,0.699882648527732,0.6612155780886431,0.0386670704390889
each_other,1230,0.7055487583848834,0.6942502598752599,0.0112984985096235
each_other,1231,0.7163138516565377,0.6785172294363471,0.037796622220190645
each_other,1232,0.7153748904387618,0.6739266012776075,0.041448289161154284
each_other,1233,0.7113353041589124,0.6642375853385916,0.04709771882032088
each_other,1234,0.7097414313470616,0.6548024492103439,0.05493898213671766
each_other,1235,0.7073677510432363,0.6375007978626399,0.06986695318059644
each_other,1236,0.7036850450195115,0.6912282526253115,0.012456792394199945
each_other,1237,0.7117552462862715,0.6390694187714312,0.07268582751484032
each_other,1238,0.708686421891848,0.6942502598752599,0.01443616201658815
each_other,1239,0.7081069289825531,0.6390694187714311,0.06903751021112203
each_other,1240,0.7072128974256173,0.6517804419603955,0.0554324554652218
each_other,1241,0.7079108683804975,0.6990947678447679,0.008816100535729676
each_other,1242,0.6998398501151711,0.6596469571798519,0.04019289293531925
each_other,1243,0.7127019378889621,0.6942502598752599,0.018451678013702177
each_other,1244,0.7072173016358793,0.6469359339908876,0.0602813676449917
each_other,1245,0.7022150151949663,0.6817931164970639,0.020421898697902452
each_other,1246,0.7199907108655749,0.6579396910279263,0.0620510198376486
each_other,1247,0.702139924968145,0.6644914651493599,0.037648459818785174
each_other,1248,0.7093755225204418,0.6563710701191352,0.05300445240130658
each_other,1249,0.7073687011923118,0.6863837446558034,0.020984956536508337
each_other,1250,0.7039728348090645,0.6612155780886431,0.04275725672042141
each_other,1251,0.7120009013530693,0.6739266012776075,0.03807430007546175
each_other,1252,0.7047278097815147,0.6563710701191352,0.04835673966237952
each_other,1253,0.7093184846237693,0.6721041005580479,0.03721438406572142
each_other,1254,0.7017172061447937,0.6690820933080995,0.03263511283669418
each_other,1255,0.7117308508969808,0.6423453058321479,0.06938554506483297
each_other,1256,0.71160163615895,0.6912282526253115,0.02037338353363849
each_other,1257,0.7111344402208303,0.6817931164970639,0.02934132372376641
each_other,1258,0.7073282289761518,0.6563710701191352,0.05095715885701657
each_other,1259,0.7044318247332683,0.6658062062473826,0.03862561848588564
each_other,1260,0.7069461372779237,0.6769486085275559,0.029997528750367763
each_other,1261,0.708010171134785,0.6785172294363471,0.02949294169843797
each_other,1262,0.7102164447162507,0.6690820933080994,0.04113435140815125
each_other,1263,0.7019615090931812,0.6863837446558034,0.015577764437377795
each_other,1264,0.7085918943706833,0.6690820933080995,0.03950980106258373
each_other,1265,0.6956512652143324,0.6817931164970639,0.013858148717268537
each_other,1266,0.7143199537598725,0.6690820933080995,0.045237860451772915
each_other,1267,0.705037509501046,0.6736727214668391,0.03136478803420695
each_other,1268,0.715190016092761,0.6721041005580479,0.04308591553471308
each_other,1269,0.7181266241808287,0.6817931164970639,0.036333507683764865
each_other,1270,0.7131450468402,0.7087837837837838,0.004361263056416154
each_other,1271,0.7107838832543787,0.6423453058321479,0.0684385774222308
each_other,1272,0.7102288746051448,0.6517804419603955,0.058448432644749304
each_other,1273,0.7131984331552823,0.6863837446558034,0.026814688499478878
each_other,1274,0.7049508173145398,0.6375007978626399,0.06745001945189988
each_other,1275,0.7078812265351734,0.6863837446558034,0.02149748187936995
each_other,1276,0.7135934039584327,0.6563710701191352,0.057222333839297534
each_other,1277,0.7082461680975997,0.6863837446558034,0.02186242344179623
each_other,1278,0.7119460019980783,0.6739266012776075,0.03801940072047083
each_other,1279,0.697137972318276,0.6863837446558034,0.010754227662472582
each_other,1280,0.7120699987146865,0.6548024492103439,0.05726754950434254
each_other,1281,0.712074601060398,0.6769486085275559,0.0351259925328421
each_other,1282,0.7062594058965419,0.7087837837837838,-0.002524377887241913
each_other,1283,0.6935347909587262,0.6817931164970639,0.0117416744616623
each_other,1284,0.7012118806471447,0.6517804419603954,0.04943143868674926
each_other,1285,0.7072655094860395,0.6690820933080994,0.03818341617794008
each_other,1286,0.7120939883343304,0.6769486085275559,0.03514537980677446
each_other,1287,0.7024320074753275,0.6739266012776075,0.028505406197720018
each_other,1288,0.7072655094860395,0.6721041005580479,0.03516140892799158
each_other,1289,0.717588295269539,0.6612155780886431,0.05637271718089598
each_other,1290,0.7131715026053508,0.6863837446558034,0.026787757949547353
each_other,1291,0.7053126012356008,0.6817931164970639,0.023519484738536933
each_other,1292,0.710141363115073,0.6690820933080995,0.0410592698069735
each_other,1293,0.7050048380818911,0.6866376244665718,0.018367213615319233
each_other,1294,0.712654781701873,0.6785172294363471,0.03413755226552595
each_other,1295,0.6990906351164801,0.6563710701191352,0.04271956499734486
each_other,1296,0.7026123813854936,0.6863837446558034,0.016228636729690216
each_other,1297,0.7006069425378609,0.6469359339908876,0.053671008546973376
each_other,1298,0.7169273808389516,0.6706507142168907,0.04627666662206087
each_other,1299,0.7086943889632432,0.6912282526253115,0.017466136337931704
each_other,1300,0.7043228146398312,0.6642375853385916,0.04008522930123959
each_other,1301,0.7086696003820443,0.6485045548996787,0.060165045482365564
each_other,1302,0.7036771389587875,0.6739266012776075,0.029750537681179967
each_other,1303,0.7057312703125885,0.6912282526253115,0.01450301768727702
each_other,1304,0.7105438150529434,0.6960727605948194,0.014471054458124022
each_other,1305,0.7157834322419857,0.6563710701191352,0.059412362122850504
each_other,1306,0.7049360107848908,0.6863837446558034,0.018552266129087336
each_other,1307,0.7091324615792578,0.6485045548996787,0.06062790667957907
each_other,1308,0.7014650035068123,0.6739266012776075,0.027538402229204784
each_other,1309,0.7075393093109515,0.6736727214668391,0.03386658784411245
each_other,1310,0.7037267159831968,0.6990947678447679,0.004631948138428932
each_other,1311,0.7082395629740242,0.6736727214668391,0.03456684150718514
each_other,1312,0.7084174369901689,0.6690820933080995,0.03933534368206937
each_other,1313,0.7076764118163895,0.6817931164970639,0.02588329531932565
each_other,1314,0.7111830253945274,0.6517804419603955,0.05940258343413185
each_other,1315,0.7074466934751186,0.6563710701191351,0.05107562335598348
each_other,1316,0.709908919356997,0.6815392366862956,0.02836968267070139
each_other,1317,0.6954414815032146,0.6390694187714312,0.05637206273178341
each_other,1318,0.7109600055508226,0.6563710701191351,0.054588935431687524
each_other,1319,0.715507156835814,0.6375007978626399,0.0780063589731741
each_other,1320,0.7102966451993508,0.6769486085275559,0.03334803667179487
each_other,1321,0.6998360971917026,0.6912282526253115,0.008607844566391076
each_other,1322,0.7041780879717195,0.6990947678447679,0.005083320126951674
each_other,1323,0.7132035195905113,0.6769486085275559,0.03625491106295542
each_other,1324,0.7111830253945274,0.683361737405855,0.02782128798867234
each_other,1325,0.7076416304275376,0.6469359339908876,0.060705696436650025
each_other,1326,0.7013193921089883,0.6563710701191352,0.0449483219898531
each_other,1327,0.7150334205538318,0.6912282526253115,0.023805167928520277
each_other,1328,0.7048868170472158,0.6548024492103439,0.05008436783687187
each_other,1329,0.6993982232640961,0.6642375853385916,0.0351606379255045
each_other,1330,0.7025781853701077,0.6960727605948194,0.006505424775288371
each_other,1331,0.7036850450195115,0.683361737405855,0.020323307613656416
each_other,1332,0.7089094417355528,0.6863837446558034,0.022525697079749385
each_other,1333,0.713891973440485,0.6739266012776075,0.039965372162877544
each_other,1334,0.7118163216732618,0.6785172294363471,0.03329909223691474
each_other,1335,0.6975625135327281,0.6563710701191351,0.04119144341359304
each_other,1336,0.7184783496417199,0.6894057519057519,0.02907259773596793
each_other,1337,0.7084174369901689,0.6375007978626399,0.07091663912752899
each_other,1338,0.7126543070285825,0.6563710701191351,0.056283236909447365
each_other,1339,0.7070574742281536,0.6642375853385916,0.04281988888956201
each_other,1340,0.7071047386756737,0.6866376244665718,0.020467114209101855
each_other,1341,0.7072128974256171,0.6990947678447679,0.008118129580849232
each_other,1342,0.6972901400591702,0.6817931164970639,0.01549702356210636
each_other,1343,0.7031866483892693,0.6563710701191352,0.04681557827013405
each_other,1344,0.7132335892097972,0.6563710701191352,0.05686251909066198
each_other,1345,0.7120746010603981,0.6690820933080994,0.04299250775229868
each_other,1346,0.7087283685660297,0.6912282526253115,0.01750011594071821
each_other,1347,0.7194735025604712,0.6642375853385916,0.055235917221879594
each_other,1348,0.7077044449399343,0.6548024492103439,0.05290199572959042
each_other,1349,0.7143480847935603,0.6912282526253115,0.023119832168248755
each_other,1350,0.7106828001473002,0.6423453058321479,0.06833749431515235
each_other,1351,0.7116690518345201,0.6469359339908876,0.06473311784363256
each_other,1352,0.7143840408361761,0.6612155780886431,0.05316846274753306
each_other,1353,0.6959954675370497,0.6942502598752599,0.0017452076617897605
each_other,1354,0.7080636973163865,0.6423453058321479,0.06571839148423864
each_other,1355,0.7175882952695393,0.6863837446558034,0.031204550613735837
each_other,1356,0.7080462951713334,0.6739266012776075,0.03411969389372593
each_other,1357,0.7080698206985393,0.6690820933080994,0.038987727390439875
each_other,1358,0.7120009013530691,0.6942502598752599,0.017750641477809248
each_other,1359,0.7060200635144906,0.6642375853385916,0.041782478175899085
each_other,1360,0.7063806344120145,0.6517804419603954,0.05460019245161907
each_other,1361,0.7053620440971304,0.6912282526253115,0.014133791471818924
each_other,1362,0.7164308133083133,0.6658062062473826,0.05062460706093064
each_other,1363,0.7114756696462058,0.6815392366862956,0.02993643295991022
each_other,1364,0.7205237302733675,0.6912282526253115,0.029295477648055956
each_other,1365,0.703894131239149,0.6739266012776075,0.029967529961541506
each_other,1366,0.7089414663933556,0.6642375853385916,0.04470388105476408
each_other,1367,0.7126598719240146,0.6785172294363471,0.03414264248766752
each_other,1368,0.7036850450195115,0.6375007978626399,0.06618424715687155
each_other,1369,0.7142395002283601,0.6785172294363471,0.03572227079201307
each_other,1370,0.7108140725371092,0.6612155780886431,0.04959849444846609
each_other,1371,0.7012040976925747,0.6739266012776075,0.02727749641496724
each_other,1372,0.7029812316289815,0.6912282526253115,0.011752979003670005
each_other,1373,0.712506586432257,0.6990947678447679,0.013411818587489077
each_other,1374,0.7015555307670288,0.6866376244665718,0.014917906300456973
each_other,1375,0.7011547680403144,0.6469359339908876,0.054218834049426845
each_other,1376,0.7118543290512837,0.6863837446558034,0.025470584395480222
each_other,1377,0.7104090514763617,0.6815392366862956,0.028869814790066117
each_other,1378,0.7081811294693244,0.6863837446558034,0.021797384813521004
each_other,1379,0.7144350094683842,0.6690820933080994,0.045352916160284806
each_other,1380,0.7153748904387618,0.6642375853385916,0.05113730510017023
each_other,1381,0.7229031333852058,0.6517804419603955,0.07112269142481031
each_other,1382,0.7107054885322486,0.6912282526253115,0.019477235906937063
each_other,1383,0.7117426463795301,0.6706507142168907,0.0410919321626394
each_other,1384,0.7194735025604712,0.6596469571798519,0.05982654538061927
each_other,1385,0.7146904021313848,0.6579396910279263,0.05675071110345853
each_other,1386,0.7060996260332012,0.6517804419603955,0.05431918407280567
each_other,1387,0.7155898533151462,0.6739266012776075,0.041663252037538734
each_other,1388,0.7161479685809979,0.6375007978626399,0.07864717071835803
each_other,1389,0.7131715026053508,0.6296342826431836,0.08353721996216723
each_other,1390,0.7063806344120146,0.6817931164970639,0.02458751791495073
each_other,1391,0.7109573177939826,0.6912282526253115,0.019729065168671123
each_other,1392,0.718528569344418,0.6644914651493599,0.05403710419505814
each_other,1393,0.7136465160112474,0.6990947678447679,0.014551748166479528
each_other,1394,0.6986096176021308,0.6596469571798519,0.038962660422278916
each_other,1395,0.7098900150300679,0.6690820933080994,0.040807921721968454
each_other,1396,0.7097414313470617,0.6690820933080994,0.04065933803896227
each_other,1397,0.7017326782523432,0.6375007978626399,0.06423188038970329
each_other,1398,0.7142541285408542,0.6690820933080994,0.045172035232754815
each_other,1399,0.7060074029915886,0.6690820933080994,0.03692530968348917
each_other,1400,0.7050048380818911,0.6596469571798519,0.04535788090203918
each_other,1401,0.7142164390468978,0.6612155780886431,0.053000860958254736
each_other,1402,0.7098639884823126,0.6375007978626399,0.07236319061967267
each_other,1403,0.7109600055508225,0.6866376244665718,0.024322381084250666
each_other,1404,0.709608586987296,0.6863837446558034,0.02322484233149258
each_other,1405,0.715110964119729,0.6863837446558034,0.028727219463925535
each_other,1406,0.7042186364223235,0.6739266012776075,0.030292035144716012
each_other,1407,0.705530552453254,0.6296342826431836,0.07589626981007047
each_other,1408,0.7096802870817112,0.6815392366862956,0.02814105039541559
each_other,1409,0.6961322827286818,0.6785172294363471,0.017615053292334704
each_other,1410,0.7247036284425158,0.6960727605948194,0.028630867847696417
each_other,1411,0.7083769517711141,0.6690820933080994,0.039294858463014726
each_other,1412,0.7073322334137215,0.6375007978626399,0.06983143555108162
each_other,1413,0.7070028763445657,0.6296342826431836,0.07736859370138216
each_other,1414,0.7018994426409979,0.6423453058321479,0.05955413680885002
each_other,1415,0.7175094773360887,0.6990947678447679,0.018414709491320846
each_other,1416,0.6958624622107611,0.683361737405855,0.01250072480490605
each_other,1417,0.7121073122364829,0.6990947678447679,0.013012544391715064
each_other,1418,0.7086621469836738,0.6642375853385916,0.04442456164508224
each_other,1419,0.7157834322419857,0.6769486085275559,0.03883482371442981
each_other,1420,0.7037518031244585,0.6517804419603955,0.05197136116406298
each_other,1421,0.7062243132647966,0.6596469571798519,0.04657735608494473
each_other,1422,0.7027480346027587,0.6296342826431836,0.07311375195957515
each_other,1423,0.704264262724928,0.6469359339908876,0.05732832873404048
each_other,1424,0.7093965236655971,0.6296342826431836,0.07976224102241358
each_other,1425,0.7104223753785143,0.6769486085275559,0.033473766850958375
each_other,1426,0.7101774468284242,0.6563710701191352,0.053806376709289006
each_other,1427,0.7086943889632432,0.6579396910279263,0.05075469793531695
each_other,1428,0.7125097587789687,0.6942502598752599,0.018259498903708815
each_other,1429,0.7083695129872027,0.6596469571798519,0.048722555807350854
each_other,1430,0.7102835871791667,0.6912282526253115,0.01905533455385522
each_other,1431,0.7125016962431392,0.6990947678447679,0.01340692839837132
each_other,1432,0.7036771389587874,0.6769486085275559,0.026728530431231468
each_other,1433,0.7060235954054622,0.6769486085275559,0.029074986877906328
each_other,1434,0.7009319840990197,0.6690820933080994,0.031849890790920266
each_other,1435,0.7125039649515632,0.6596469571798519,0.05285700777171132
each_other,1436,0.717388056921246,0.6596469571798519,0.057741099741394075
each_other,1437,0.7070580022633837,0.6817931164970639,0.0252648857663198
each_other,1438,0.7036771389587873,0.6658062062473826,0.037870932711404626
each_other,1439,0.7057097747920618,0.6769486085275559,0.028761166264505866
each_other,1440,0.6982529734941944,0.6596469571798519,0.03860601631434246
each_other,1441,0.7094893083338412,0.6612155780886431,0.0482737302451981
each_other,1442,0.7131984331552822,0.6642375853385916,0.048960847816690634
each_other,1443,0.7081556130012117,0.6548024492103439,0.05335316379086774
each_other,1444,0.7211512365911464,0.6706507142168907,0.05050052237425573
each_other,1445,0.7074466934751186,0.6942502598752599,0.01319643359985867
each_other,1446,0.7095348091016024,0.6769486085275559,0.03258620057404649
each_other,1447,0.7027440484107188,0.6912282526253115,0.01151579578540729
each_other,1448,0.7155653194230481,0.6548024492103439,0.06076287021270421
each_other,1449,0.7091068657947396,0.6721041005580479,0.03700276523669166
each_other,1450,0.7162358307880046,0.7039392758142758,0.012296554973728724
each_other,1451,0.7022383633315309,0.6690820933080994,0.03315627002343147
each_other,1452,0.7074193789514192,0.6642375853385916,0.04318179361282759
each_other,1453,0.7125016962431392,0.6863837446558034,0.026117951587335764
each_other,1454,0.7076237312569452,0.6485045548996787,0.05911917635726649
each_other,1455,0.7110681135984042,0.6736727214668391,0.037395392131565064
each_other,1456,0.7091000586390576,0.6817931164970639,0.027306942141993695
each_other,1457,0.711039051655441,0.683361737405855,0.02767731424958597
each_other,1458,0.7107838832543788,0.6469359339908876,0.06384794926349124
each_other,1459,0.7142067243114696,0.6296342826431836,0.08457244166828604
each_other,1460,0.7078350132141393,0.6596469571798519,0.04818805603428744
each_other,1461,0.7120746010603982,0.6642375853385916,0.04783701572180665
each_other,1462,0.7162768689733482,0.6769486085275559,0.039328260445792296
each_other,1463,0.7101896522127054,0.6960727605948194,0.014116891617885985
each_other,1464,0.7129527551997048,0.6596469571798519,0.05330579801985291
each_other,1465,0.7121968993222463,0.6912282526253115,0.020968646696934767
each_other,1466,0.7125441657767867,0.6785172294363471,0.03402693634043963
each_other,1467,0.7098303331775232,0.6690820933080994,0.040748239869423775
each_other,1468,0.7017172061447937,0.6517804419603954,0.0499367641843983
each_other,1469,0.7155420699764621,0.6990947678447679,0.016447302131694208
each_other,1470,0.7066096271547109,0.6817931164970639,0.024816510657647006
each_other,1471,0.7065857460944018,0.6642375853385916,0.04234816075581027
each_other,1472,0.7080182004695937,0.6517804419603955,0.05623775850919821
each_other,1473,0.7072173016358793,0.6817931164970639,0.02542418513881539
each_other,1474,0.7114795639814588,0.6863837446558034,0.02509581932565541
each_other,1475,0.7060235954054622,0.6815392366862956,0.024484358719166655
each_other,1476,0.715330404633009,0.6612155780886431,0.054114826544365946
each_other,1477,0.7171381396310212,0.6769486085275559,0.04018953110346535
each_other,1478,0.7059081521153804,0.6736727214668391,0.032235430648541286
each_other,1479,0.6993438789464403,0.6817931164970639,0.017550762449376478
each_other,1480,0.7187750990332897,0.6815392366862956,0.037235862346994164
each_other,1481,0.7137845638244655,0.6469359339908876,0.06684862983357798
each_other,1482,0.7162358307880046,0.6642375853385916,0.051998245449413005
each_other,1483,0.7093184846237695,0.6390694187714311,0.07024906585233837
each_other,1484,0.7110681135984042,0.6596469571798519,0.05142115641855227
each_other,1485,0.7164365486473387,0.6863837446558034,0.030052803991535315
each_other,1486,0.7088176864984371,0.6612155780886431,0.047602108409794064
each_other,1487,0.700345535194359,0.6706507142168907,0.02969482097746834
each_other,1488,0.7071047386756736,0.6690820933080995,0.03802264536757405
each_other,1489,0.7005032029189384,0.683361737405855,0.017141465513083376
each_other,1490,0.7061848121102249,0.6596469571798519,0.04653785493037299
each_other,1491,0.7062243132647966,0.6863837446558034,0.019840568608993192
each_other,1492,0.7095319011265832,0.6485045548996787,0.06102734622690442
each_other,1493,0.7112893518027692,0.6596469571798519,0.05164239462291731
each_other,1494,0.7129609417355761,0.6769486085275559,0.03601233320802022
each_other,1495,0.7019761969310316,0.6517804419603955,0.05019575497063611
each_other,1496,0.7155211004543458,0.6863837446558034,0.029137355798542375
each_other,1497,0.7003455351943588,0.6739266012776075,0.02641893391675132
each_other,1498,0.7177785754135996,0.6736727214668391,0.044105853946760476
each_other,1499,0.711059952958303,0.6817931164970639,0.029266836461239176
each_other,1500,0.7131668062066883,0.6644914651493599,0.0486753410573284
each_other,1501,0.7026989591150952,0.6817931164970639,0.0209058426180313
each_other,1502,0.7100781517036847,0.6612155780886431,0.04886257361504165
each_other,1503,0.6986096176021308,0.6990947678447679,-0.00048515024263706685
each_other,1504,0.7075283573895211,0.6990947678447679,0.008433589544753262
each_other,1505,0.6927688524906994,0.6785172294363471,0.014251623054352347
each_other,1506,0.7060200635144908,0.6469359339908876,0.0590841295236032
each_other,1507,0.7089094417355528,0.6817931164970639,0.027116325238488947
each_other,1508,0.7142834088656776,0.6739266012776075,0.04035680758807014
each_other,1509,0.706737794242924,0.6863837446558034,0.020354049587120615
each_other,1510,0.6966898823715261,0.6548024492103439,0.04188743316118215
each_other,1511,0.7089094417355529,0.6690820933080995,0.03982734842745339
each_other,1512,0.7050048380818911,0.6390694187714312,0.06593541931045988
each_other,1513,0.7169129036353215,0.6785172294363471,0.03839567419897438
each_other,1514,0.7146052790405413,0.6612155780886431,0.05338970095189821
each_other,1515,0.7023533905992557,0.6690820933080995,0.03327129729115619
each_other,1516,0.7049508173145399,0.6912282526253115,0.01372256468922839
each_other,1517,0.7062657326429669,0.6642375853385916,0.04202814730437532
each_other,1518,0.7066096271547109,0.6739266012776075,0.03268302587710337
each_other,1519,0.7049033994904254,0.6375007978626399,0.06740260162778544
each_other,1520,0.7078189484267606,0.6739266012776075,0.033892347149153124
each_other,1521,0.7076018497326321,0.6517804419603955,0.05582140777223654
each_other,1522,0.7104993540902246,0.6485045548996787,0.061994799190545846
each_other,1523,0.7152511986584342,0.6375007978626399,0.07775040079579432
each_other,1524,0.7064779517313741,0.6912282526253115,0.015249699106062553
each_other,1525,0.7115078310532759,0.6596469571798519,0.051860873873423974
each_other,1526,0.7106828001473002,0.6912282526253115,0.01945454752198872
each_other,1527,0.7063993273238816,0.6769486085275559,0.02945071879632566
each_other,1528,0.7067173562170047,0.6548024492103439,0.05191490700666079
each_other,1529,0.7101774468284241,0.6769486085275559,0.0332288383008682
each_other,1530,0.7108140725371092,0.6485045548996787,0.06230951763743042
each_other,1531,0.7035418444168549,0.6690820933080994,0.03445975110875543
each_other,1532,0.7131572269959016,0.6563710701191352,0.05678615687676636
each_other,1533,0.713123839242044,0.6469359339908876,0.06618790525115648
each_other,1534,0.7148483091649196,0.6785172294363471,0.036331079728572524
each_other,1535,0.7099239021282747,0.6912282526253115,0.018695649502963207
each_other,1536,0.7104993540902247,0.6612155780886431,0.049283776001581625
each_other,1537,0.7122493921852762,0.6596469571798519,0.052602435005424275
each_other,1538,0.7079108683804978,0.6423453058321479,0.06556556254834989
each_other,1539,0.7087109728680366,0.6739266012776075,0.03478437159042913
each_other,1540,0.7100781517036846,0.6690820933080994,0.04099605839558518
each_other,1541,0.7077361716337331,0.6469359339908876,0.06080023764284559
each_other,1542,0.7068534197923314,0.6817931164970639,0.02506030329526754
each_other,1543,0.7074330056695296,0.6563710701191352,0.0510619355503944
each_other,1544,0.7072173016358793,0.6612155780886431,0.046001723547236195
each_other,1545,0.712506586432257,0.6563710701191351,0.05613551631312186
each_other,1546,0.7136724912858761,0.6612155780886431,0.052456913197233
each_other,1547,0.6998178342872517,0.6423453058321479,0.057472528455103866
each_other,1548,0.7038857628788457,0.6863837446558034,0.017502018223042315
each_other,1549,0.718528569344418,0.6815392366862956,0.03698933265812243
each_other,1550,0.7074466934751185,0.6469359339908876,0.0605107594842309
each_other,1551,0.695022763129365,0.6548024492103439,0.040220313919021033
each_other,1552,0.7109573177939826,0.6642375853385916,0.04671973245539107
each_other,1553,0.708509098442607,0.6563710701191352,0.05213802832347181
each_other,1554,0.6977855333764329,0.683361737405855,0.014423795970577857
each_other,1555,0.7096276194816535,0.6866376244665718,0.0229899950150817
each_other,1556,0.7102439595035505,0.6642375853385916,0.046006374164958896
each_other,1557,0.7132335892097972,0.6642375853385916,0.04899600387120562
each_other,1558,0.7106584643427735,0.6960727605948194,0.014585703747954093
each_other,1559,0.7124965024134801,0.6769486085275559,0.035547893885924164
each_other,1560,0.7105832717417339,0.6642375853385916,0.046345686403142294
each_other,1561,0.7080101711347849,0.6866376244665718,0.021372546668213088
each_other,1562,0.7108734036457939,0.6817931164970639,0.02908028714873001
each_other,1563,0.7054931894625266,0.6769486085275559,0.028544580934970698
each_other,1564,0.7081556130012117,0.6736727214668391,0.03448289153437256
each_other,1565,0.7081811294693244,0.6423453058321479,0.06583582363717655
each_other,1566,0.7084333817161128,0.6817931164970639,0.026640265219048942
each_other,1567,0.7060235954054622,0.6912282526253115,0.014795342780150711
each_other,1568,0.712850984982156,0.6517804419603955,0.061070543021760515
each_other,1569,0.7067159297234613,0.6548024492103439,0.051913480513117394
each_other,1570,0.7092464195003572,0.6548024492103439,0.054443970290013244
each_other,1571,0.7145522600584089,0.6785172294363471,0.036035030622061814
each_other,1572,0.7124965024134801,0.6815392366862956,0.03095726572718449
each_other,1573,0.7130105693660923,0.6596469571798519,0.05336361218624042
each_other,1574,0.7073282289761518,0.6644914651493599,0.04283676382679191
each_other,1575,0.7105079271565449,0.6548024492103439,0.055705477946200954
each_other,1576,0.7033421156183981,0.6942502598752599,0.0090918557431382
each_other,1577,0.7143137757642827,0.6990947678447679,0.015219007919514804
each_other,1578,0.709619051220329,0.6736727214668391,0.03594632975348988
each_other,1579,0.7142834088656775,0.6817931164970639,0.03249029236861367
each_other,1580,0.7083540057954112,0.6942502598752599,0.01410374592015129
each_other,1581,0.7142541285408541,0.6942502598752599,0.020003868665594227
each_other,1582,0.7083616162330995,0.6517804419603955,0.05658117427270393
each_other,1583,0.7112539800001914,0.6990947678447679,0.012159212155423482
each_other,1584,0.7070574742281536,0.6990947678447679,0.007962706383385698
each_other,1585,0.7082461680975997,0.6815392366862956,0.02670693141130409
each_other,1586,0.71752500865981,0.6375007978626399,0.08002421079717004
each_other,1587,0.7142834088656778,0.6612155780886431,0.0530678307770347
each_other,1588,0.7069847848038859,0.6517804419603955,0.055204342843490406
each_other,1589,0.7185285871017537,0.6736727214668391,0.044855865634914616
each_other,1590,0.6985563787225911,0.6690820933080994,0.029474285414491708
each_other,1591,0.7110390516554409,0.6563710701191351,0.05466798153630581
each_other,1592,0.6986250299488261,0.6375007978626399,0.061124232086186225
each_other,1593,0.7108542866445631,0.6706507142168907,0.04020357242767236
each_other,1594,0.7006069425378609,0.6863837446558034,0.014223197882057503
each_other,1595,0.7077521863606321,0.6517804419603955,0.055971744400236556
each_other,1596,0.7114595827106035,0.6596469571798519,0.05181262553075161
each_other,1597,0.7100154736591688,0.6785172294363471,0.03149824422282177
each_other,1598,0.7088176864984371,0.6612155780886431,0.047602108409794064
each_other,1599,0.7142541285408541,0.6596469571798519,0.05460717136100224
each_other,1600,0.7078189484267605,0.6769486085275559,0.030870339899204624
each_other,1601,0.7136724912858761,0.6706507142168907,0.043021777068985356
each_other,1602,0.7164955443176529,0.6596469571798519,0.056848587137801054
each_other,1603,0.7019615090931812,0.6690820933080994,0.0328794157850818
each_other,1604,0.7106233089669114,0.6817931164970639,0.028830192469847526
each_other,1605,0.7015232486912184,0.6644914651493599,0.03703178354185854
each_other,1606,0.7058996168976651,0.6612155780886431,0.04468403880902205
each_other,1607,0.71722390793697,0.6596469571798519,0.057576950757118106
each_other,1608,0.7055305524532541,0.6517804419603955,0.053750110492858605
each_other,1609,0.7038320072837274,0.6563710701191352,0.04746093716459221
each_other,1610,0.7113692068530579,0.6863837446558034,0.024985462197254504
each_other,1611,0.709908919356997,0.6390694187714312,0.07083950058556576
each_other,1612,0.7112012994407472,0.6517804419603955,0.05942085748035164
each_other,1613,0.7040706278571659,0.6942502598752599,0.009820367981905997
each_other,1614,0.7017172061447936,0.6690820933080994,0.03263511283669418
each_other,1615,0.713250497091901,0.6690820933080994,0.0441684037838016
each_other,1616,0.7097414313470617,0.6390694187714312,0.0706720125756305
each_other,1617,0.7036771389587875,0.6817931164970639,0.021884022461723607
each_other,1618,0.7131984331552823,0.683361737405855,0.029836695749427267
each_other,1619,0.713218135982557,0.6390694187714312,0.07414871721112581
each_other,1620,0.7137344393865461,0.6644914651493599,0.049242974237186266
each_other,1621,0.7191716617057611,0.6596469571798519,0.05952470452590919
each_other,1622,0.7131177631096195,0.6769486085275559,0.0361691545820636
each_other,1623,0.7108140725371092,0.6644914651493599,0.04632260738774929
each_other,1624,0.7140044345559554,0.683361737405855,0.030642697150100373
each_other,1625,0.7033279375182158,0.6596469571798519,0.04368098033836387
each_other,1626,0.7186253034544469,0.6390694187714312,0.07955588468301567
each_other,1627,0.6960999871557325,0.6642375853385916,0.03186240181714095
each_other,1628,0.7029812316289814,0.6612155780886431,0.04176565354033834
each_other,1629,0.7026575063531306,0.6563710701191352,0.04628643623399542
each_other,1630,0.7056722821304011,0.6517804419603955,0.05389184017000559
each_other,1631,0.7074330056695296,0.6739266012776075,0.033506404391922096
each_other,1632,0.7086943889632433,0.6612155780886431,0.047478810874600264
each_other,1633,0.699882648527732,0.6423453058321479,0.05753734269558408
each_other,1634,0.7076237312569453,0.6642375853385916,0.04338614591835377
each_other,1635,0.7092586600368074,0.6548024492103439,0.05445621082646346
each_other,1636,0.710613758295085,0.6863837446558034,0.024230013639281567
each_other,1637,0.7018314345211387,0.6658062062473826,0.036025228273756094
each_other,1638,0.7132210323159925,0.7087837837837838,0.004437248532208726
each_other,1639,0.7043788058310538,0.6690820933080994,0.03529671252295441
each_other,1640,0.7201275635148243,0.6563710701191351,0.06375649339568923
each_other,1641,0.7077001119549752,0.6960727605948194,0.011627351360155802
each_other,1642,0.707038360156631,0.6785172294363471,0.02852113072028395
each_other,1643,0.7080698206985392,0.6423453058321479,0.0657245148663913
each_other,1644,0.7142541285408541,0.6517804419603955,0.0624736865804586
each_other,1645,0.7120817379143957,0.6563710701191352,0.05571066779526046
each_other,1646,0.7013193921089883,0.6690820933080994,0.03223729880088888
each_other,1647,0.7089414663933556,0.6485045548996787,0.060436911493676915
each_other,1648,0.7036452929959744,0.6390694187714312,0.06457587422454325
each_other,1649,0.7090473780796134,0.6721041005580479,0.036943277521565454
each_other,1650,0.7149083528543531,0.6785172294363471,0.03639112341800599
each_other,1651,0.7122662394448451,0.6644914651493599,0.04777477429548527
each_other,1652,0.7046161213285129,0.6690820933080994,0.0355340280204135
each_other,1653,0.7052223182969912,0.6548024492103439,0.050419869086647306
each_other,1654,0.7094893083338413,0.6644914651493599,0.04499784318448141
each_other,1655,0.7054439943892867,0.6563710701191352,0.04907292427015153
each_other,1656,0.7107054885322486,0.6785172294363471,0.032188259095901506
each_other,1657,0.7031466654511871,0.6721041005580479,0.03104256489313917
each_other,1658,0.712457865679722,0.6612155780886431,0.05124228759107896
each_other,1659,0.7043169406546745,0.6390694187714312,0.06524752188324334
each_other,1660,0.7031982239093428,0.6690820933080995,0.0341161306012433
each_other,1661,0.7062053015381937,0.6469359339908876,0.05926936754730616
each_other,1662,0.7089094417355528,0.6612155780886431,0.04769386364690975
each_other,1663,0.7120699987146865,0.6517804419603955,0.06028955675429093
each_other,1664,0.7080636973163865,0.6990947678447679,0.008968929471618647
each_other,1665,0.7101896522127054,0.6517804419603955,0.05840921025230983
each_other,1666,0.6986096176021308,0.6644914651493599,0.034118152452770945
each_other,1667,0.7165770810890149,0.6912282526253115,0.025348828463703343
each_other,1668,0.7194188133133602,0.6863837446558034,0.03303506865755679
each_other,1669,0.7074466934751186,0.6423453058321479,0.06510138764297069
each_other,1670,0.7026575063531306,0.6817931164970639,0.020864389856066756
each_other,1671,0.6984407309895871,0.6644914651493599,0.03394926584022728
each_other,1672,0.7102288746051448,0.6548024492103439,0.055426425394800916
each_other,1673,0.7099515121497392,0.6912282526253115,0.01872325952442766
each_other,1674,0.7048303008129047,0.6739266012776075,0.030903699535297147
each_other,1675,0.7142164390468978,0.6785172294363471,0.03569920961055073
each_other,1676,0.7118163216732618,0.6990947678447679,0.012721553828493937
each_other,1677,0.7155421899518396,0.6644914651493599,0.05105072480247974
each_other,1678,0.7107054885322486,0.6990947678447679,0.011610720687480702
each_other,1679,0.7013193921089883,0.6690820933080994,0.03223729880088888
each_other,1680,0.7046431066904623,0.6596469571798519,0.04499614951061037
each_other,1681,0.7080182004695937,0.6596469571798519,0.04837124328974185
each_other,1682,0.7062243132647966,0.6485045548996787,0.05771975836511789
each_other,1683,0.7129695591417562,0.6690820933080994,0.04388746583365677
each_other,1684,0.7049815276946052,0.6690820933080995,0.03589943438650567
each_other,1685,0.7070383601566309,0.6690820933080994,0.037956266848531484
each_other,1686,0.7052382273603804,0.6563710701191352,0.04886715724124524
each_other,1687,0.7142541285408541,0.6469359339908876,0.06731819454996657
each_other,1688,0.7088579692854635,0.6517804419603955,0.05707752732506799
each_other,1689,0.7142541285408541,0.6390694187714312,0.07518470976942293
each_other,1690,0.7050375095010459,0.6990947678447679,0.005942741656278061
each_other,1691,0.6966528581399939,0.6390694187714312,0.057583439368562694
each_other,1692,0.7063744641372078,0.6296342826431836,0.07674018149402428
each_other,1693,0.6970943177573805,0.6596469571798519,0.03744736057752862
each_other,1694,0.7096190512203291,0.6642375853385916,0.045381465881737526
each_other,1695,0.7156166491989168,0.6690820933080994,0.04653455589081734
each_other,1696,0.7152099549624926,0.6912282526253115,0.02398170233718111
each_other,1697,0.7155898533151461,0.6517804419603955,0.0638094113547506
each_other,1698,0.7157427878357965,0.6563710701191352,0.059371717716661276
each_other,1699,0.7212358423490345,0.6469359339908876,0.07429990835814693
each_other,1700,0.7026575063531306,0.6739266012776075,0.028730905075523117
each_other,1701,0.7055953132978806,0.6817931164970639,0.023802196800816744
each_other,1702,0.7102966451993508,0.683361737405855,0.02693490779349572
each_other,1703,0.7122662394448451,0.6706507142168907,0.04161552522795442
each_other,1704,0.6993982232640961,0.6563710701191352,0.04302715314496086
each_other,1705,0.7017172061447937,0.6612155780886431,0.04050162805615065
each_other,1706,0.7106584643427735,0.6866376244665718,0.024020839876201627
each_other,1707,0.7143199537598723,0.6596469571798519,0.05467299658002045
each_other,1708,0.7014420360219065,0.6990947678447679,0.002347268177138595
each_other,1709,0.7113353041589124,0.6721041005580479,0.03923120360086452
each_other,1710,0.7062243132647966,0.6736727214668391,0.032551591797957524
each_other,1711,0.7166028238736787,0.6469359339908876,0.06966688988279113
each_other,1712,0.7073749812145071,0.6644914651493599,0.04288351606514729
each_other,1713,0.7083540057954111,0.6721041005580479,0.036249905237363156
each_other,1714,0.7049033994904255,0.6642375853385916,0.0406658141518339
each_other,1715,0.7036850450195115,0.6866376244665718,0.01704742055293962
each_other,1716,0.7150334205538318,0.6736727214668391,0.04136069908699269
each_other,1717,0.7049815276946052,0.6658062062473826,0.03917532144722258
each_other,1718,0.7068497086110401,0.6863837446558034,0.0204659639552367
each_other,1719,0.7229031333852058,0.6548024492103439,0.06810068417486193
each_other,1720,0.7105624285192162,0.6612155780886431,0.049346850430573186
each_other,1721,0.7093113405962516,0.6785172294363471,0.03079411115990449
each_other,1722,0.7169200836390158,0.6721041005580479,0.0448159830809679
each_other,1723,0.7125097587789687,0.6296342826431836,0.08287547613578516
each_other,1724,0.7168945344579967,0.6596469571798519,0.05724757727814478
each_other,1725,0.7116016361589499,0.6739266012776075,0.037675034881342384
each_other,1726,0.7136613662187413,0.6690820933080994,0.0445792729106419
each_other,1727,0.71653344393014,0.6596469571798519,0.05688648675028807
each_other,1728,0.7079733467800947,0.6644914651493599,0.04348188163073485
each_other,1729,0.7106584643427735,0.6596469571798519,0.05101150716292158
each_other,1730,0.7103721229939185,0.6690820933080995,0.04129002968581896
each_other,1731,0.7184906874892667,0.6863837446558034,0.03210694283346327
each_other,1732,0.7147582141618353,0.6721041005580479,0.04265411360378735
each_other,1733,0.7081385963893945,0.6785172294363471,0.0296213669530474
each_other,1734,0.7062053015381936,0.6690820933080994,0.037123208230094185
each_other,1735,0.704960170054734,0.6375007978626399,0.06745937219209408
each_other,1736,0.7050048380818908,0.6469359339908876,0.05806890409100329
each_other,1737,0.7051081502830304,0.6960727605948194,0.009035389688211048
each_other,1738,0.7114055386596262,0.6739266012776075,0.037478937382018684
each_other,1739,0.7036850450195115,0.6485045548996787,0.055180490119832726
each_other,1740,0.7058656651611567,0.6769486085275559,0.02891705663360078
each_other,1741,0.711039051655441,0.6469359339908876,0.06410311766455346
each_other,1742,0.7140044345559555,0.6817931164970639,0.03221131805889166
each_other,1743,0.7031920020673033,0.6642375853385916,0.038954416728711694
each_other,1744,0.6978986400482868,0.6485045548996787,0.0493940851486081
each_other,1745,0.7112739780695163,0.6642375853385916,0.04703639273092475
each_other,1746,0.7024982412557608,0.6690820933080994,0.033416147947661345
each_other,1747,0.7072128974256174,0.6642375853385916,0.042975312087025874
each_other,1748,0.7177785754135996,0.683361737405855,0.03441683800774453
each_other,1749,0.7080182004695937,0.6739266012776075,0.03409159919198623
each_other,1750,0.7050901137781782,0.6612155780886431,0.043874535689535143
each_other,1751,0.7161289521480522,0.6642375853385916,0.051891366809460604
each_other,1752,0.7056081083527976,0.6469359339908876,0.05867217436191008
each_other,1753,0.7081069289825531,0.6706507142168907,0.03745621476566241
each_other,1754,0.7133626624713835,0.6912282526253115,0.022134409846071956
each_other,1755,0.7170285637254455,0.6785172294363471,0.038511334289098476
each_other,1756,0.7081974600089167,0.6563710701191352,0.0518263898897815
each_other,1757,0.7159331901480539,0.6817931164970639,0.03414007365099003
each_other,1758,0.7047431777743725,0.6563710701191352,0.04837210765523725
each_other,1759,0.710226272712787,0.6863837446558034,0.023842528056983614
each_other,1760,0.7143402768227899,0.6612155780886431,0.053124698734146825
each_other,1761,0.7120628264307299,0.6596469571798519,0.052415869250878044
each_other,1762,0.7107054885322487,0.6612155780886431,0.04948991044360562
each_other,1763,0.7195935690907701,0.6866376244665718,0.03295594462419826
each_other,1764,0.7210463666546585,0.6739266012776075,0.04711976537705098
each_other,1765,0.7114476350621664,0.6596469571798519,0.05180067788231446
each_other,1766,0.7143199537598725,0.6739266012776075,0.040393352482264944
each_other,1767,0.7129609417355761,0.6517804419603955,0.061180499775180586
each_other,1768,0.7137845638244654,0.6517804419603955,0.062004121864069894
each_other,1769,0.712501086832693,0.6423453058321479,0.07015578100054509
each_other,1770,0.7091000586390575,0.6642375853385916,0.04486247330046589
each_other,1771,0.7034843271601771,0.6912282526253115,0.012256074534865546
each_other,1772,0.717795768529796,0.6596469571798519,0.058148811349944096
each_other,1773,0.7111783176161453,0.6960727605948194,0.015105557021325877
each_other,1774,0.7126547235631395,0.6912282526253115,0.021426470937828013
each_other,1775,0.7084065103253796,0.6563710701191352,0.0520354402062444
each_other,1776,0.7132035195905113,0.6690820933080995,0.04412142628241178
each_other,1777,0.7029999341015164,0.6563710701191352,0.0466288639823812
each_other,1778,0.7142164390468978,0.6642375853385916,0.04997885370830624
each_other,1779,0.7104134869544196,0.6817931164970639,0.02862037045735577
each_other,1780,0.7142164390468978,0.6739266012776075,0.04028983776929029
each_other,1781,0.7118163216732618,0.6739266012776075,0.0378897203956543
each_other,1782,0.7093074773073846,0.6423453058321479,0.06696217147523675
each_other,1783,0.7039728348090645,0.6390694187714311,0.06490341603763339
each_other,1784,0.7034980462909128,0.6612155780886431,0.042282468202269774
each_other,1785,0.7108542866445631,0.6563710701191351,0.05448321652542798
each_other,1786,0.7049815276946052,0.6423453058321479,0.06263622186245732
each_other,1787,0.7189406590381261,0.6390694187714312,0.0798712402666949
each_other,1788,0.7136406433391485,0.6596469571798519,0.05399368615929656
each_other,1789,0.709608586987296,0.6469359339908876,0.06267265299640845
each_other,1790,0.7068534197923314,0.6469359339908876,0.05991748580144385
each_other,1791,0.7125052579744255,0.6375007978626399,0.07500446011178563
each_other,1792,0.7130105693660922,0.6596469571798519,0.053363612186240306
each_other,1793,0.7093389867998128,0.6548024492103439,0.05453653758946886
each_other,1794,0.7051793753508775,0.6739266012776075,0.031252774073269984
each_other,1795,0.7067159297234613,0.6769486085275559,0.029767321195905416
each_other,1796,0.7066384266538461,0.6517804419603955,0.0548579846934506
each_other,1797,0.710860635780477,0.6721041005580479,0.038756535222429056
each_other,1798,0.7042906518904326,0.6612155780886431,0.04307507380178954
each_other,1799,0.7085119181820302,0.6690820933080994,0.03942982487393076
each_other,1800,0.6998360971917027,0.6596469571798519,0.04018914001185081
each_other,1801,0.706984784803886,0.6912282526253115,0.015756532178574534
each_other,1802,0.7076760853143578,0.6658062062473826,0.041869879066975146
each_other,1803,0.7085810660577859,0.6563710701191352,0.05220999593865072
each_other,1804,0.7205205449442896,0.6739266012776075,0.046593943666682125
each_other,1805,0.7137845638244654,0.6642375853385916,0.04954697848587386
each_other,1806,0.717150649376132,0.6706507142168907,0.046499935159241335
each_other,1807,0.7023533905992558,0.6612155780886431,0.04113781251061277
each_other,1808,0.7055487583848834,0.6817931164970639,0.023755641887819534
each_other,1809,0.7067841644236973,0.6612155780886431,0.04556858633505423
each_other,1810,0.7047740644626034,0.6863837446558034,0.01839031980679995
each_other,1811,0.7172455560058071,0.6817931164970639,0.035452439508743216
each_other,1812,0.6986997217758248,0.6817931164970639,0.016906605278760978
each_other,1813,0.7043788058310538,0.6690820933080994,0.03529671252295441
each_other,1814,0.709902208744785,0.6548024492103439,0.05509975953444113
each_other,1815,0.71816969711052,0.6894057519057519,0.028763945204768104
each_other,1816,0.7106584643427735,0.683361737405855,0.027296726936918425
each_other,1817,0.7075767777463312,0.6517804419603955,0.05579633578593568
each_other,1818,0.7101774468284242,0.6769486085275559,0.03322883830086831
each_other,1819,0.7033733626770221,0.6769486085275559,0.026424754149466212
each_other,1820,0.7031920020673033,0.6769486085275559,0.02624339353974736
each_other,1821,0.7144452884068869,0.6912282526253115,0.023217035781575412
each_other,1822,0.7079186637093793,0.6690820933080995,0.038836570401279746
each_other,1823,0.7077001119549752,0.6866376244665718,0.021062487488403336
each_other,1824,0.7058996168976652,0.683361737405855,0.022537879491810187
each_other,1825,0.7138494799355757,0.6863837446558034,0.027465735279772252
each_other,1826,0.7145004011460393,0.6644914651493599,0.05000893599667944
each_other,1827,0.7149148531232756,0.6390694187714311,0.07584543435184454
each_other,1828,0.6970943177573805,0.6912282526253115,0.005866065132068998
each_other,1829,0.7068616519263639,0.6548024492103439,0.05205920271601994
each_other,1830,0.7077902066351195,0.6612155780886431,0.046574628546476426
each_other,1831,0.711059952958303,0.6815392366862956,0.029520716272007475
each_other,1832,0.7086488921164507,0.6469359339908876,0.0617129581255631
each_other,1833,0.7102164447162507,0.6815392366862956,0.028677208029955104
each_other,1834,0.7120628264307299,0.6866376244665718,0.025425201964158095
each_other,1835,0.7027480346027588,0.6517804419603955,0.05096759264236328
each_other,1836,0.7075384917425029,0.6690820933080994,0.038456398434403516
each_other,1837,0.7102288746051448,0.6863837446558034,0.023845129949341404
each_other,1838,0.7089094417355529,0.6785172294363471,0.030392212299205856
each_other,1839,0.6966189797370042,0.6375007978626399,0.05911818187436424
each_other,1840,0.7077361716337331,0.683361737405855,0.024374434227878106
each_other,1841,0.703894131239149,0.683361737405855,0.02053239383329397
each_other,1842,0.7124534234238178,0.6642375853385916,0.048215838085226226
each_other,1843,0.7112893518027692,0.6785172294363471,0.03277212236642213
each_other,1844,0.7044773661781855,0.6423453058321479,0.062132060346037576
each_other,1845,0.7150334205538318,0.6912282526253115,0.023805167928520277
each_other,1846,0.7178692668314283,0.6785172294363471,0.039352037395081196
each_other,1847,0.7094893083338412,0.6990947678447679,0.01039454048907329
each_other,1848,0.7086488921164505,0.6785172294363471,0.030131662680103477
each_other,1849,0.7121073122364829,0.6817931164970639,0.03031419573941907
each_other,1850,0.7051620992717339,0.6817931164970639,0.023368982774670033
each_other,1851,0.7088579692854634,0.6912282526253115,0.017629716660151895
each_other,1852,0.7175233539099222,0.6785172294363471,0.0390061244735751
each_other,1853,0.703894131239149,0.6517804419603955,0.05211368927875348
each_other,1854,0.6978986400482867,0.6596469571798519,0.03825168286843483
each_other,1855,0.6985140968841901,0.6817931164970639,0.016720980387126216
each_other,1856,0.7120746010603981,0.6739266012776075,0.0381479997827906
each_other,1857,0.7130510512446762,0.6548024492103439,0.05824860203433224
each_other,1858,0.7206206064670324,0.6990947678447679,0.021525838622264537
each_other,1859,0.709902208744785,0.6817931164970639,0.02810909224772118
each_other,1860,0.7147555430183086,0.6785172294363471,0.0362383135819615
each_other,1861,0.7229031333852058,0.6596469571798519,0.06325617620535395
each_other,1862,0.7076237312569453,0.6863837446558034,0.021239986601141903
each_other,1863,0.7123007219611448,0.6375007978626399,0.07479992409850489
each_other,1864,0.7094174271212633,0.6769486085275559,0.03246881859370743
each_other,1865,0.7120269376970915,0.6863837446558034,0.025643193041288037
each_other,1866,0.7014650035068121,0.6817931164970639,0.0196718870097482
each_other,1867,0.7027480346027587,0.683361737405855,0.019386297196903657
each_other,1868,0.7093184846237695,0.6739266012776075,0.035391883346161945
each_other,1869,0.7132961789845832,0.6423453058321479,0.07095087315243531
each_other,1870,0.7074466934751185,0.6690820933080994,0.038364600167019036
each_other,1871,0.7066096271547108,0.6690820933080994,0.03752753384661134
each_other,1872,0.7050375095010459,0.6563710701191352,0.04866643938191073
each_other,1873,0.7109121919865394,0.6863837446558034,0.024528447330736003
each_other,1874,0.7103266261471257,0.6863837446558034,0.023942881491322288
each_other,1875,0.7150334205538318,0.683361737405855,0.03167168314797675
each_other,1876,0.7068816280240041,0.6785172294363471,0.028364398587657047
each_other,1877,0.7071574052660798,0.6990947678447679,0.008062637421311969
each_other,1878,0.7019615090931812,0.6912282526253115,0.010733256467869712
each_other,1879,0.7105079271565449,0.6469359339908876,0.06357199316565731
each_other,1880,0.700606942537861,0.6912282526253115,0.009378689912549532
each_other,1881,0.7093387073282106,0.6912282526253115,0.01811045470289907
each_other,1882,0.7164308133083133,0.6960727605948194,0.02035805271349389
each_other,1883,0.7010857065271501,0.6785172294363471,0.022568477090803007
each_other,1884,0.70421015836658,0.6912282526253115,0.012981905741268451
each_other,1885,0.7009319840990196,0.6563710701191352,0.044560913979884376
each_other,1886,0.7068832158154522,0.6563710701191352,0.05051214569631701
each_other,1887,0.7019615090931811,0.6642375853385916,0.03772392375458955
each_other,1888,0.7103266261471257,0.683361737405855,0.026964888741270676
each_other,1889,0.7131668062066883,0.6863837446558034,0.026783061550884835
each_other,1890,0.7175233539099222,0.6201991465149359,0.09732420739498626
each_other,1891,0.6970577178524777,0.6736727214668391,0.023384996385638623
each_other,1892,0.715713260992076,0.6296342826431836,0.08607897834889244
each_other,1893,0.717995567693961,0.6612155780886431,0.05677998960531794
each_other,1894,0.695727843724604,0.6596469571798519,0.036080886544752055
each_other,1895,0.7091469030199171,0.6690820933080994,0.040064809711817695
each_other,1896,0.7018790978844454,0.6596469571798519,0.04223214070459347
each_other,1897,0.7023009992375273,0.6469359339908876,0.055365065246639755
each_other,1898,0.7070574742281536,0.6817931164970639,0.025264357731089704
each_other,1899,0.7159470809099358,0.6469359339908876,0.0690111469190482
each_other,1900,0.7018994426409979,0.6485045548996787,0.053394887741319175
each_other,1901,0.7142541285408542,0.6769486085275559,0.03730552001329834
each_other,1902,0.7034623216048383,0.6817931164970639,0.02166920510777448
each_other,1903,0.7122786763994343,0.6517804419603955,0.06049823443903879
each_other,1904,0.7126543070285825,0.6690820933080994,0.04357221372048303
each_other,1905,0.7118357778310587,0.6596469571798519,0.05218882065120678
each_other,1906,0.7100781517036847,0.6469359339908876,0.06314221771279716
each_other,1907,0.7102689118303224,0.6690820933080995,0.041186818522222834
each_other,1908,0.7072465012814444,0.6642375853385916,0.04300891594285283
each_other,1909,0.7079733467800947,0.6690820933080994,0.03889125347199529
each_other,1910,0.706895249437924,0.6912282526253115,0.01566699681261252
each_other,1911,0.7175882952695392,0.6563710701191352,0.06121722515040395
each_other,1912,0.7080620734765142,0.6485045548996787,0.059557518576835444
each_other,1913,0.7092586600368075,0.6739266012776075,0.03533205875919998
each_other,1914,0.7182953001436679,0.6563710701191352,0.061924230024532734
each_other,1915,0.7164308133083134,0.6563710701191352,0.06005974318917817
each_other,1916,0.7031866483892693,0.6644914651493599,0.03869518323990939
each_other,1917,0.7070754511985115,0.6517804419603954,0.05529500923811603
each_other,1918,0.7033733626770221,0.6785172294363471,0.024856133240675038
each_other,1919,0.7183524683854047,0.6612155780886431,0.05713689029676161
each_other,1920,0.7037388066450557,0.6690820933080994,0.0346567133369563
each_other,1921,0.7132961789845833,0.6690820933080994,0.04421408567648388
each_other,1922,0.714329240214704,0.6690820933080995,0.045247146906604474
each_other,1923,0.7112739780695163,0.6817931164970639,0.029480861572452444
each_other,1924,0.6981286000877814,0.6563710701191352,0.041757529968646234
each_other,1925,0.7098303331775233,0.6736727214668391,0.03615761171068421
each_other,1926,0.6938958078100321,0.6563710701191352,0.037524737690896925
each_other,1927,0.7005433731101532,0.6894057519057519,0.011137621204401316
each_other,1928,0.7036850450195115,0.6423453058321479,0.06133973918736357
each_other,1929,0.6921943986396791,0.6642375853385916,0.02795681330108757
each_other,1930,0.70421015836658,0.683361737405855,0.020848420960724923
each_other,1931,0.7104993540902246,0.6563710701191351,0.054128283971089486
each_other,1932,0.703205331855584,0.6863837446558034,0.016821587199780552
each_other,1933,0.7101891602046643,0.6942502598752599,0.01593890032940437
each_other,1934,0.7060368413547178,0.6739266012776075,0.032110240077110275
each_other,1935,0.7091469030199171,0.6690820933080994,0.040064809711817695
each_other,1936,0.71160163615895,0.6942502598752599,0.0173513762836901
each_other,1937,0.7091469030199172,0.6485045548996787,0.0606423481202385
each_other,1938,0.7007393415769787,0.6469359339908876,0.053803407586091145
each_other,1939,0.7132380059336331,0.6721041005580479,0.041133905375585145
each_other,1940,0.7066096271547109,0.6485045548996787,0.05810507225503214
each_other,1941,0.7131072352224698,0.6739266012776075,0.039180633944862264
each_other,1942,0.7136196607758482,0.6658062062473826,0.04781345452846553
each_other,1943,0.7076237312569453,0.6690820933080995,0.0385416379488458
each_other,1944,0.7157834322419859,0.6960727605948194,0.019710671647166556
each_other,1945,0.7102288746051448,0.6785172294363471,0.031711645168797764
each_other,1946,0.7082153315586419,0.6612155780886431,0.04699975346999885
each_other,1947,0.7098262175151638,0.6596469571798519,0.05017926033531195
each_other,1948,0.717995567693961,0.6563710701191351,0.06162449757482591
each_other,1949,0.7062053015381937,0.6469359339908876,0.05926936754730616
each_other,1950,0.7005032029189384,0.6769486085275559,0.023554594391382522
each_other,1951,0.7067387967600451,0.6375007978626399,0.06923799889740523
each_other,1952,0.7027480346027587,0.6596469571798519,0.04310107742290681
each_other,1953,0.7103487143268731,0.6863837446558034,0.023964969671069647
each_other,1954,0.7069553132263476,0.6785172294363471,0.028438083790000568
each_other,1955,0.7061979082593279,0.6817931164970639,0.024404791762264066
each_other,1956,0.7125010868326928,0.6642375853385916,0.04826350149410119
each_other,1957,0.7038857628788457,0.6563710701191352,0.04751469275971054
each_other,1958,0.7010290046113026,0.6990947678447679,0.0019342367665347027
each_other,1959,0.7066938892808419,0.6769486085275559,0.029745280753285974
each_other,1960,0.7112739780695162,0.6863837446558034,0.02489023341371277
each_other,1961,0.7019980229146047,0.6563710701191352,0.045626952795469466
each_other,1962,0.7054085990101276,0.6815392366862956,0.023869362323832077
each_other,1963,0.7055953132978807,0.6690820933080994,0.0365132199897813
each_other,1964,0.7104511324278695,0.6375007978626399,0.07295033456522959
each_other,1965,0.7125065864322571,0.6990947678447679,0.013411818587489188
each_other,1966,0.7142541285408542,0.6596469571798519,0.05460717136100235
each_other,1967,0.7075767777463312,0.6960727605948194,0.011504017151511836
each_other,1968,0.7101774468284242,0.6579396910279263,0.05223775580049794
each_other,1969,0.7175668726329414,0.6485045548996787,0.06906231773326266
each_other,1970,0.7170285637254455,0.6596469571798519,0.057381606545593655
each_other,1971,0.7161664593488039,0.6469359339908876,0.0692305253579163
each_other,1972,0.7040326651900122,0.6960727605948194,0.007959904595192802
each_other,1973,0.7117950368819571,0.6690820933080994,0.04271294357385769
each_other,1974,0.7055953132978807,0.6769486085275559,0.028646704770324827
each_other,1975,0.7126547235631395,0.6785172294363471,0.034137494126792456
each_other,1976,0.7072532965299431,0.683361737405855,0.023891559124088024
each_other,1977,0.6992882716892492,0.6863837446558034,0.0129045270334458
each_other,1978,0.7112012994407472,0.6866376244665718,0.02456367497417533
each_other,1979,0.7100797430670688,0.6563710701191352,0.05370867294793358
each_other,1980,0.7076237312569452,0.6736727214668391,0.033951009790106124
each_other,1981,0.7090869452585448,0.6658062062473826,0.04328073901116214
each_other,1982,0.7118357778310587,0.6739266012776075,0.03790917655345116
each_other,1983,0.7153152945661959,0.6423453058321479,0.07296998873404803
each_other,1984,0.7051933670809567,0.6690820933080994,0.03611127377285728
each_other,1985,0.7046780240844702,0.6485045548996787,0.05617346918479149
each_other,1986,0.7088176864984371,0.6612155780886431,0.047602108409794064
each_other,1987,0.7033927199266377,0.6866376244665718,0.016755095460065816
each_other,1988,0.7060200635144908,0.6785172294363471,0.02750283407814369
each_other,1989,0.7031441195509949,0.683361737405855,0.019782382145139832
each_other,1990,0.7103721229939185,0.6736727214668391,0.0366994015270794
each_other,1991,0.7126876622795129,0.683361737405855,0.029325924873657816
each_other,1992,0.7060340569455856,0.6390694187714311,0.06696463817415454
each_other,1993,0.7117552462862715,0.6690820933080994,0.04267315297817209
each_other,1994,0.7116125012280088,0.6658062062473826,0.04580629498062616
each_other,1995,0.7019615090931812,0.6769486085275559,0.02501290056562533
each_other,1996,0.7131668062066884,0.6942502598752599,0.018916546331428474
each_other,1997,0.7055953132978806,0.6642375853385916,0.04135772795928905
each_other,1998,0.7161289521480522,0.6375007978626399,0.07862815428541226
each_other,1999,0.711039051655441,0.7087837837837838,0.002255267871657196
each_other,2000,0.7101994736977976,0.6517804419603954,0.05841903173740215
one_another,1,0.7147781265349394,0.6772670296559096,0.03751109687902987
one_another,2,0.7208128931950083,0.6937563136656526,0.027056579529355695
one_another,3,0.7213175321007383,0.6937563136656526,0.027561218435085744
one_another,4,0.723081778444761,0.6772670296559097,0.04581474878885128
one_another,5,0.7283819859381293,0.6726985611111895,0.055683424826939776
one_another,6,0.7206363547485277,0.6846452949329234,0.035991059815604354
one_another,7,0.7147685615351096,0.7102715160321066,0.004497045503003005
one_another,8,0.7183705133280571,0.6983247822103728,0.020045731117684373
one_another,9,0.7210971999556277,0.6681560109231803,0.05294118903244738
one_another,10,0.7241084842278591,0.6892137634776434,0.03489472075021571
one_another,11,0.7221119128157059,0.6892137634776434,0.032898149338062455
one_another,12,0.7206646081005362,0.6818095798439188,0.03885502825661746
one_another,13,0.7278465745081142,0.6607777456461668,0.06706882886194743
one_another,14,0.720493331009715,0.6772670296559096,0.04322630135380545
one_another,15,0.7234030283585042,0.6818354982006298,0.0415675301578744
one_another,16,0.7205776440292215,0.7028932507550929,0.01768439327412863
one_another,17,0.7237276198053725,0.6800768263882031,0.043650793417169376
one_another,18,0.7292710147458266,0.6726985611111895,0.05657245363463703
one_another,19,0.7210416279931432,0.6892137634776434,0.03182786451549979
one_another,20,0.7199651900884966,0.7102715160321066,0.00969367405638999
one_another,21,0.7229943965464494,0.6772670296559096,0.0457273668905398
one_another,22,0.7267103344976539,0.6579420305571622,0.06876830394049172
one_another,23,0.7235110332154406,0.6983247822103728,0.025186251005067883
one_another,24,0.7152698848370584,0.6516667269134375,0.06360315792362092
one_another,25,0.7370424480830288,0.6726985611111895,0.06434388697183924
one_another,26,0.7258549303695695,0.6846452949329234,0.04120963543664613
one_another,27,0.7298219584936214,0.669888764378896,0.05993319411472542
one_another,28,0.7302198131470553,0.6846452949329234,0.04557451821413194
one_another,29,0.7224686588770757,0.6726985611111895,0.049770097765886145
one_another,30,0.7194023793336718,0.6727244794679005,0.04667789986577131
one_another,31,0.7288909056055187,0.6789997831116252,0.04989112249389349
one_another,32,0.7192350259280843,0.6863780483886389,0.03285697753944539
one_another,33,0.7234887917754694,0.6470982583687173,0.07639053340675217
one_another,34,0.7173478973186429,0.6653202958341758,0.052027601484467056
one_another,35,0.7245257460755188,0.6937563136656526,0.030769432409866182
one_another,36,0.7218524409953777,0.6726985611111895,0.04915387988418818
one_another,37,0.7198414680962023,0.6772670296559097,0.04257443844029263
one_another,38,0.7321235204390245,0.6983247822103728,0.03379873822865176
one_another,39,0.7247579679571603,0.6863780483886389,0.03837991956852138
one_another,40,0.7249529275465592,0.669888764378896,0.05506416316766316
one_another,41,0.7210416279931432,0.6727244794679005,0.048317148525242715
one_another,42,0.7281169739725118,0.6937563136656526,0.03436066030685925
one_another,43,0.7139936550731694,0.6607777456461668,0.053215909427002606
one_another,44,0.723109586971232,0.6772670296559096,0.045842557315322385
one_another,45,0.7218491646433597,0.6727244794679006,0.04912468517545909
one_another,46,0.7233471201069754,0.6727244794679005,0.050622640639074956
one_another,47,0.7327503381019239,0.6397199930917037,0.09303034501022023
one_another,48,0.7307264316535435,0.6846452949329234,0.046081136720620086
one_another,49,0.7223685098197099,0.6818354982006298,0.04053301161908007
one_another,50,0.717653464123193,0.6846452949329234,0.03300816919026961
one_another,51,0.7215746529912411,0.6892137634776434,0.032360889513597724
one_another,52,0.7172093430955034,0.6635875423784602,0.053621800717043255
one_another,53,0.7291295727498864,0.6818095798439188,0.04731999290596767
one_another,54,0.7171975497356681,0.6635875423784602,0.05361000735720789
one_another,55,0.7221203204204251,0.6772670296559097,0.044853290764515386
one_another,56,0.7172353595702462,0.6772670296559097,0.03996832991433652
one_another,57,0.7230203727332227,0.6470982583687173,0.07592211436450547
one_another,58,0.7231095869712318,0.6846452949329234,0.03846429203830848
one_another,59,0.7288566759413436,0.6892137634776434,0.03964291246370022
one_another,60,0.7165524555656135,0.6607777456461668,0.055774709919446774
one_another,61,0.7263772741653904,0.6863780483886389,0.039999225776751524
one_another,62,0.7165524555656136,0.7057030474873864,0.010849408078227207
one_another,63,0.7255700124740442,0.6983247822103728,0.027245230263671427
one_another,64,0.7238091471710992,0.6892137634776434,0.03459538369345583
one_another,65,0.7212119137275477,0.6772670296559096,0.0439448840716381
one_another,66,0.7172353595702461,0.7057030474873864,0.011532312082859653
one_another,67,0.7159065980701492,0.6579420305571622,0.057964567512987064
one_another,68,0.7286230401998668,0.6772670296559096,0.05135601054395722
one_another,69,0.7168833170274144,0.6846452949329234,0.032238022094491
one_another,70,0.7310567741449492,0.6983247822103728,0.03273199193457643
one_another,71,0.7272376932909904,0.7057030474873864,0.02153464580360398
one_another,72,0.7289285010353819,0.6772670296559097,0.05166147137947219
one_another,73,0.7206363547485277,0.6818354982006298,0.03880085654789789
one_another,74,0.7331837965334391,0.6965661103979461,0.03661768613549299
one_another,75,0.7292609265141691,0.6516667269134375,0.07759419960073155
one_another,76,0.7206957537114189,0.6488310118244329,0.071864741886986
one_another,77,0.7201488436504366,0.6772670296559096,0.04288181399452706
one_another,78,0.7308350044199248,0.6653202958341758,0.06551470858574893
one_another,79,0.7198220764099512,0.6818354982006298,0.03798657820932139
one_another,80,0.7234637680419451,0.7102715160321066,0.013192252009838534
one_another,81,0.7220688500952076,0.6516667269134375,0.07040212318177008
one_another,82,0.7173208957641384,0.6937563136656526,0.023564582098485776
one_another,83,0.7290778745334805,0.6562092771014465,0.072868597432034
one_another,84,0.7239612466184224,0.6726985611111895,0.0512626855072329
one_another,85,0.7222479398640315,0.6863780483886389,0.035869891475392546
one_another,86,0.7302561437156231,0.6818354982006298,0.048420645514993255
one_another,87,0.72025439624284,0.6516667269134375,0.06858766932940252
one_another,88,0.728288090044578,0.669888764378896,0.058399325665681956
one_another,89,0.7216650607493125,0.6726985611111895,0.04896649963812294
one_another,90,0.728842252356666,0.7011345789426663,0.02770767341399971
one_another,91,0.7291199037051628,0.6846452949329234,0.04447460877223941
one_another,92,0.7214961619178268,0.6516667269134375,0.06982943500438932
one_another,93,0.7232146264438583,0.6818354982006298,0.041379128243228425
one_another,94,0.7195773742982972,0.6488310118244329,0.07074636247386423
one_another,95,0.7222479398640316,0.6983247822103728,0.023923157653658822
one_another,96,0.7288544415805237,0.6470982583687173,0.08175618321180644
one_another,97,0.7276067976085466,0.6937563136656526,0.03385048394289403
one_another,98,0.717958344420557,0.6772670296559096,0.04069131476464738
one_another,99,0.7191509060260587,0.6892137634776434,0.029937142548415285
one_another,100,0.7192765547266143,0.6607777456461668,0.05849880908044758
one_another,101,0.7225658328455395,0.6635875423784603,0.05897829046707925
one_another,102,0.7247579679571604,0.6892137634776434,0.035544204479517005
one_another,103,0.7272764551171409,0.6965661103979461,0.03071034471919476
one_another,104,0.7240179537395622,0.6892137634776434,0.03480419026191883
one_another,105,0.7200217276187375,0.6863780483886389,0.03364367923009859
one_another,106,0.7191462724260075,0.6488310118244329,0.07031526060157456
one_another,107,0.717653464123193,0.6818354982006298,0.035817965922563144
one_another,108,0.7168848600483613,0.669888764378896,0.046996095669465277
one_another,109,0.7254516940923942,0.6772670296559096,0.048184664436484614
one_another,110,0.7181229475362283,0.6937563136656526,0.024366633870575694
one_another,111,0.7233503872995221,0.6727244794679005,0.050625907831621575
one_another,112,0.723559190899325,0.6772670296559097,0.046292161243415286
one_another,113,0.7245739812871902,0.6744313145669051,0.05014266672028511
one_another,114,0.7242435804121682,0.6681560109231803,0.056087569488987854
one_another,115,0.7119638207172928,0.6863780483886389,0.02558577232865389
one_another,116,0.7157611438590721,0.6818095798439188,0.03395156401515331
one_another,117,0.7314564979228719,0.7057030474873864,0.025753450435485492
one_another,118,0.7227201243538718,0.7057030474873864,0.017017076866485348
one_another,119,0.7282194971585918,0.6397199930917037,0.08849950406688811
one_another,120,0.7283863049772827,0.6470982583687173,0.08128804660856548
one_another,121,0.7278660568134868,0.6892137634776434,0.03865229333584341
one_another,122,0.7209268632344218,0.6653202958341757,0.055606567400246054
one_another,123,0.7156099878303657,0.6488310118244329,0.06677897600593274
one_another,124,0.7246251414415028,0.6681560109231803,0.056469130518322475
one_another,125,0.7215326662546079,0.6562092771014466,0.06532338915316127
one_another,126,0.7330254009766177,0.7028932507550929,0.030132150221524823
one_another,127,0.7184399423904725,0.6772670296559096,0.041172912734562916
one_another,128,0.7248770094733368,0.6772670296559096,0.047609979817427206
one_another,129,0.7168841478848473,0.6470982583687173,0.06978588951613007
one_another,130,0.7212257543824456,0.6516667269134375,0.0695590274690081
one_another,131,0.7299481982096776,0.6772670296559096,0.05268116855376803
one_another,132,0.7191366690688455,0.6607777456461668,0.05835892342267879
one_another,133,0.7231215229278098,0.6726985611111895,0.050422961816620315
one_another,134,0.7245739812871902,0.6937822320223637,0.03079174926482653
one_another,135,0.7203976397557602,0.669888764378896,0.050508875376864215
one_another,136,0.7171031834482079,0.6562092771014465,0.060893906346761395
one_another,137,0.7200874188035303,0.6772670296559096,0.04282038914762076
one_another,138,0.7234030283585042,0.6635875423784603,0.059815485980043936
one_another,139,0.714878998530905,0.6909465169333591,0.023932481597545907
one_another,140,0.7211451939232277,0.6653202958341757,0.055824898089052
one_another,141,0.7221543107692031,0.6772670296559096,0.04488728111329354
one_another,142,0.7311560035259268,0.6397199930917037,0.09143601043422311
one_another,143,0.7232804482719382,0.6983247822103728,0.024955666061565407
one_another,144,0.721705172943941,0.6818354982006298,0.039869674743311156
one_another,145,0.7203976397557602,0.6727244794679005,0.04767316028785973
one_another,146,0.7246169526184005,0.6818354982006298,0.0427814544177707
one_another,147,0.7260645139058751,0.6818354982006298,0.04422901570524529
one_another,148,0.7296057566206082,0.6846452949329234,0.04496046168768486
one_another,149,0.723754496481631,0.6937563136656526,0.029998182815978436
one_another,150,0.7236002818762731,0.6818354982006298,0.04176478367564329
one_another,151,0.7157879264186633,0.6726985611111895,0.04308936530747376
one_another,152,0.7148031877792346,0.6818095798439188,0.032993607935315805
one_another,153,0.7163657557956633,0.6681560109231804,0.04820974487248286
one_another,154,0.7228114730155731,0.6681560109231804,0.05465546209239269
one_another,155,0.7218524409953777,0.6892137634776434,0.032638677517734305
one_another,156,0.7227713251403085,0.6681560109231804,0.054615314217128064
one_another,157,0.7225043039088904,0.6818095798439188,0.040694724064971655
one_another,158,0.7281169739725118,0.6726985611111895,0.05541841286132232
one_another,159,0.7206646081005362,0.6937563136656526,0.02690829443488363
one_another,160,0.7229651616012877,0.6607777456461668,0.062187415955120895
one_another,161,0.7221119128157059,0.6744313145669051,0.047680598248800776
one_another,162,0.7139360063910863,0.6726985611111895,0.04123744527989681
one_another,163,0.7184329674267742,0.6772670296559097,0.041165937770864525
one_another,164,0.7260504054021789,0.6726985611111895,0.05335184429098938
one_another,165,0.7283819859381293,0.6635875423784603,0.06479444355966901
one_another,166,0.7283608253286165,0.6863780483886389,0.04198277693997754
one_another,167,0.7263514106346362,0.6892137634776434,0.03713764715699275
one_another,168,0.728643295846852,0.6772670296559096,0.05137626619094238
one_another,169,0.7191366690688455,0.6653202958341758,0.0538163732346697
one_another,170,0.7129173039998213,0.6846452949329234,0.028272009066897974
one_another,171,0.7199013928504764,0.6846452949329234,0.03525609791755302
one_another,172,0.7247771011253107,0.6800768263882031,0.04470027473710758
one_another,173,0.7193999656002341,0.6488310118244329,0.07056895377580119
one_another,174,0.7227194761407335,0.6727244794679005,0.049994996672833025
one_another,175,0.7188709588040194,0.7028932507550929,0.01597770804892651
one_another,176,0.7139971399615945,0.6562092771014465,0.05778786286014803
one_another,177,0.7183822813572465,0.6726985611111895,0.045683720246056936
one_another,178,0.7161457753278332,0.6863780483886389,0.029767726939194272
one_another,179,0.7192765547266142,0.6516667269134375,0.0676098278131767
one_another,180,0.7253675013975465,0.6909465169333591,0.0344209844641874
one_another,181,0.7261922130418583,0.6892137634776434,0.03697844956421492
one_another,182,0.7258537060592778,0.6772670296559096,0.04858667640336822
one_another,183,0.7160496704654712,0.6562092771014465,0.05984039336402469
one_another,184,0.7176005293668932,0.6863780483886389,0.031222480978254308
one_another,185,0.7154610305395719,0.6516667269134375,0.06379430362613436
one_another,186,0.714878998530905,0.6726985611111895,0.042180437419715444
one_another,187,0.7205286450047289,0.6800768263882031,0.0404518186165258
one_another,188,0.7288544415805236,0.6892137634776434,0.03964067810288019
one_another,189,0.7228160681799346,0.6818095798439188,0.041006488336015834
one_another,190,0.7146767744021171,0.669888764378896,0.04478801002322108
one_another,191,0.7234893389851768,0.6937563136656526,0.029733025319524153
one_another,192,0.7299512433239607,0.7102715160321066,0.019679727291854077
one_another,193,0.7218524409953776,0.6891878451209325,0.032664595874445146
one_another,194,0.7236002818762731,0.6909465169333591,0.032653764942914054
one_another,195,0.7194105940096371,0.6846452949329234,0.034765299076713774
one_another,196,0.7307264316535435,0.669888764378896,0.060837667274647456
one_another,197,0.7194686483912573,0.6772670296559097,0.04220161873534767
one_another,198,0.729919158471429,0.6772670296559096,0.052652128815519395
one_another,199,0.7283819859381293,0.6516667269134375,0.07671525902469178
one_another,200,0.7179590309277432,0.6562092771014465,0.06174975382629666
one_another,201,0.7261675534780977,0.6681560109231803,0.05801154255491736
one_another,202,0.7274328464325541,0.6863780483886389,0.04105479804391521
one_another,203,0.7163028280396941,0.6653202958341758,0.050982532205518294
one_another,204,0.7192765547266143,0.6772670296559097,0.042009525070704656
one_another,205,0.7233445943339505,0.6983247822103728,0.025019812123577734
one_another,206,0.7274328464325541,0.6470982583687173,0.08033458806383686
one_another,207,0.7310901759089038,0.6983247822103728,0.03276539369853104
one_another,208,0.7282880900445778,0.6562092771014465,0.07207881294313134
one_another,209,0.7186665295475256,0.6818354982006298,0.036831031346895804
one_another,210,0.7162614395612801,0.6818354982006298,0.03442594136065025
one_another,211,0.7236460270366255,0.6653202958341757,0.05832573120244977
one_another,212,0.7253675013975465,0.669888764378896,0.05547873701865047
one_another,213,0.7220027822212483,0.6892137634776434,0.03278901874360485
one_another,214,0.7225112682853722,0.6937563136656526,0.028754954619719553
one_another,215,0.7180992299872121,0.6892137634776434,0.02888546650956869
one_another,216,0.7244480021501224,0.6579420305571622,0.06650597159296023
one_another,217,0.7221302289995143,0.6863780483886389,0.03575218061087537
one_another,218,0.7189088166049549,0.6744313145669051,0.04447750203804979
one_another,219,0.7189761680700065,0.6681560109231803,0.050820157146826195
one_another,220,0.7175263755745797,0.6892137634776434,0.02831261209693625
one_another,221,0.7274328464325541,0.6892137634776434,0.03821908295491072
one_another,222,0.7185131480211377,0.6863780483886389,0.03213509963249883
one_another,223,0.7239877643705124,0.6562092771014465,0.06777848726906588
one_another,224,0.7278465745081141,0.6983247822103728,0.029521792297741323
one_another,225,0.7258432473975045,0.6727244794679005,0.053118767929604016
one_another,226,0.7269923261233203,0.6937563136656526,0.03323601245766772
one_another,227,0.7265821297288405,0.6744313145669051,0.05215081516193543
one_another,228,0.7254956374434091,0.6681560109231804,0.057339626520228615
one_another,229,0.7297474361902824,0.6772670296559096,0.0524804065343728
one_another,230,0.7262151543449396,0.6937822320223637,0.032432922322575886
one_another,231,0.7193704478178132,0.6516667269134375,0.06770372090437571
one_another,232,0.7228114730155732,0.6681560109231803,0.054655462092392915
one_another,233,0.7305988780225254,0.6863780483886389,0.044220829633886516
one_another,234,0.7215792062963953,0.7057030474873864,0.015876158809008833
one_another,235,0.723874362786231,0.7028932507550929,0.02098111203113806
one_another,236,0.7239548489763881,0.7011345789426663,0.02282027003372178
one_another,237,0.7246767197809197,0.6772670296559097,0.04740969012501006
one_another,238,0.718227083059326,0.6892137634776434,0.02901331958168263
one_another,239,0.7240859323631366,0.6653202958341758,0.05876563652896072
one_another,240,0.7247771011253107,0.6983247822103728,0.026452318914937933
one_another,241,0.726815863294235,0.6892137634776434,0.03760209981659157
one_another,242,0.7225036670271323,0.6653202958341757,0.05718337119295658
one_another,243,0.7224508086008953,0.6818354982006298,0.04061531040026545
one_another,244,0.7194812485174642,0.6653202958341757,0.054160952683288466
one_another,245,0.7183757176964758,0.7102715160321066,0.008104201664369204
one_another,246,0.7213941829361892,0.6653202958341758,0.05607388710201333
one_another,247,0.7214989668558583,0.7028932507550929,0.018605716100765446
one_another,248,0.7179428348690468,0.6607777456461668,0.057165089222879995
one_another,249,0.731140571224475,0.6653202958341758,0.06582027539029911
one_another,250,0.7252253062753862,0.6607777456461668,0.06444756062921941
one_another,251,0.7150819633859302,0.7057030474873864,0.009378915898543783
one_another,252,0.7301179552150606,0.6726985611111895,0.05741939410387109
one_another,253,0.7153953652367507,0.6681560109231804,0.04723935431357029
one_another,254,0.7249232004923902,0.6937563136656526,0.031166886826737628
one_another,255,0.7177139867101856,0.6863780483886389,0.031335938321546686
one_another,256,0.7258537060592777,0.6937563136656526,0.03209739239362508
one_another,257,0.7189103517821445,0.6488310118244329,0.07007933995771154
one_another,258,0.7198616224885764,0.6846452949329234,0.03521632755565307
one_another,259,0.7247032785727274,0.6726985611111895,0.0520047174615379
one_another,260,0.7264398439711108,0.6635875423784602,0.06285230159265065
one_another,261,0.7228912383999265,0.7028932507550929,0.019997987644833626
one_another,262,0.7312806645478901,0.6726985611111895,0.05858210343670056
one_another,263,0.7282880900445781,0.7057030474873864,0.022585042557191626
one_another,264,0.7267993073964816,0.6772670296559097,0.049532277740571895
one_another,265,0.7199651900884967,0.7057030474873864,0.01426214260111025
one_another,266,0.7215538394130704,0.6800768263882031,0.04147701302486728
one_another,267,0.723109586971232,0.6397199930917037,0.08338959387952827
one_another,268,0.7148359190786023,0.6562092771014466,0.058626641977155725
one_another,269,0.7309581893455067,0.6726985611111895,0.058259628234317185
one_another,270,0.7231671425075217,0.6635875423784602,0.059579600129061494
one_another,271,0.7264586496112756,0.7011345789426663,0.02532407066860931
one_another,272,0.7218950195131845,0.6892137634776434,0.03268125603554106
one_another,273,0.7180224881995625,0.6562092771014465,0.061813211098115994
one_another,274,0.719467921693955,0.7057030474873864,0.013764874206568578
one_another,275,0.7297949237383445,0.6635875423784602,0.06620738135988435
one_another,276,0.7265840154085353,0.6772670296559096,0.049316985752625775
one_another,277,0.7175475485274292,0.6653202958341758,0.052227252693253345
one_another,278,0.7221685816841577,0.6818354982006298,0.04033308348352782
one_another,279,0.7238091471710993,0.6772670296559096,0.046542117515189774
one_another,280,0.7265263301877032,0.6818354982006298,0.044690831987073354
one_another,281,0.7285656599370101,0.6772670296559096,0.05129863028110049
one_another,282,0.7193335520636782,0.6772670296559096,0.04206652240776865
one_another,283,0.7221302289995142,0.7028932507550929,0.019236978244421277
one_another,284,0.7189103517821446,0.6846452949329234,0.03426505684922121
one_another,285,0.7328977011109191,0.669888764378896,0.06300893673202312
one_another,286,0.7189816469371575,0.7028932507550929,0.01608839618206459
one_another,287,0.7187060601878814,0.6726985611111895,0.04600749907669188
one_another,288,0.717653464123193,0.6744313145669051,0.04322214955628789
one_another,289,0.7269092622467225,0.6846452949329234,0.04226396731379911
one_another,290,0.7230180216881068,0.669888764378896,0.05312925730921081
one_another,291,0.7146767744021171,0.6579420305571622,0.056734743844954916
one_another,292,0.7148132664916278,0.6681560109231803,0.046657255568447464
one_another,293,0.7277238624368877,0.6937563136656526,0.03396754877123509
one_another,294,0.7194105940096371,0.6681560109231803,0.051254583086456806
one_another,295,0.7243399755349444,0.6727244794679006,0.05161549606704385
one_another,296,0.7264586496112754,0.6562092771014466,0.07024937250982877
one_another,297,0.723449831801236,0.6818095798439188,0.04164025195731724
one_another,298,0.7206646081005362,0.669888764378896,0.050775843721640235
one_another,299,0.7262151543449394,0.6562092771014466,0.07000587724349283
one_another,300,0.7186098573851993,0.6846452949329234,0.03396456245227597
one_another,301,0.7220470192550003,0.6983247822103728,0.023722237044627503
one_another,302,0.7181114863748949,0.6789997831116252,0.039111703263269626
one_another,303,0.7157879264186633,0.6653202958341758,0.050467630584487444
one_another,304,0.7179428348690466,0.6818354982006298,0.03610733666841681
one_another,305,0.7212760824396218,0.6818354982006298,0.039440584238991994
one_another,306,0.7168064603106444,0.6607777456461668,0.056028714664477675
one_another,307,0.7164761178192389,0.6983247822103728,0.01815133560886617
one_another,308,0.716177958667738,0.6937822320223637,0.02239572664537437
one_another,309,0.7192614283847723,0.6983247822103728,0.020936646174399498
one_another,310,0.7157273761901383,0.6772670296559096,0.038460346534228695
one_another,311,0.718227083059326,0.6818354982006298,0.0363915848586962
one_another,312,0.7210416279931432,0.6818354982006298,0.03920612979251337
one_another,313,0.7302561437156232,0.7102715160321066,0.01998462768351661
one_another,314,0.7213971288347804,0.6635875423784602,0.05780958645632017
one_another,315,0.7279663894441141,0.6562092771014465,0.07175711234266757
one_another,316,0.7243399755349447,0.6983247822103728,0.026015193324571917
one_another,317,0.7271587652944965,0.669888764378896,0.05727000091560053
one_another,318,0.7231095869712318,0.6579420305571622,0.06516755641406968
one_another,319,0.7245305174589504,0.6863780483886389,0.038152469070311446
one_another,320,0.7271675371646693,0.669888764378896,0.05727877278577331
one_another,321,0.723109586971232,0.6846452949329234,0.03846429203830859
one_another,322,0.7143776539771058,0.6937563136656526,0.02062134031145324
one_another,323,0.7245305174589504,0.6863780483886389,0.038152469070311446
one_another,324,0.7245305174589504,0.6892137634776434,0.03531675398130696
one_another,325,0.7196854349102197,0.7011345789426663,0.01855085596755346
one_another,326,0.7248238600311775,0.6937822320223637,0.031041628008813826
one_another,327,0.7228160681799348,0.6607777456461668,0.062038322533768064
one_another,328,0.7193335520636782,0.6909465169333591,0.02838703513031915
one_another,329,0.7301146020456667,0.6727244794679005,0.05739012257776621
one_another,330,0.7227194761407336,0.6772670296559096,0.04545244648482405
one_another,331,0.7283608253286165,0.6909465169333591,0.03741430839525739
one_another,332,0.7194944798517272,0.6772670296559096,0.04222745019581764
one_another,333,0.7247032785727274,0.6726985611111895,0.0520047174615379
one_another,334,0.725937366340803,0.6937822320223637,0.032155134318439305
one_another,335,0.7168434715699471,0.669888764378896,0.046954707191051104
one_another,336,0.7211507077489201,0.7028932507550929,0.018257456993827192
one_another,337,0.7296455502402461,0.6863780483886389,0.043267501851607215
one_another,338,0.7231710920730886,0.6772670296559096,0.04590406241717904
one_another,339,0.7251297420697387,0.6607777456461668,0.06435199642357192
one_another,340,0.7351928376762454,0.6983247822103728,0.036868055465872684
one_another,341,0.7270409584322552,0.6863780483886389,0.04066291004361633
one_another,342,0.7358352847858318,0.6937563136656526,0.04207897112017922
one_another,343,0.7283819859381293,0.6891878451209325,0.039194140817196854
one_another,344,0.728047390414556,0.6800768263882031,0.04797056402635291
one_another,345,0.7231710920730886,0.6681560109231803,0.055015081149908274
one_another,346,0.7230422982409672,0.6863780483886389,0.0366642498523283
one_another,347,0.7278465745081141,0.6726985611111895,0.055148013396924545
one_another,348,0.7184329674267742,0.6846452949329234,0.03378767249385084
one_another,349,0.7244923649987485,0.6863780483886389,0.038114316610109555
one_another,350,0.7257593893978453,0.6306089743589745,0.0951504150388709
one_another,351,0.725771541551004,0.6818095798439188,0.04396196170708522
one_another,352,0.7248967563788805,0.6607777456461668,0.06411901073271375
one_another,353,0.7168434715699471,0.669888764378896,0.046954707191051104
one_another,354,0.7314626645066041,0.6846452949329234,0.04681736957368077
one_another,355,0.7214986461998364,0.6727244794679005,0.04877416673193591
one_another,356,0.7252253062753862,0.6937822320223637,0.03144307425302251
one_another,357,0.7286579199146606,0.6892137634776434,0.03944415643701715
one_another,358,0.7308350044199248,0.669888764378896,0.060946240041028776
one_another,359,0.7151700145352384,0.6800768263882031,0.035093188147035326
one_another,360,0.7160312719810618,0.6397199930917037,0.07631127888935807
one_another,361,0.7219457592476229,0.6607777456461668,0.061168013601456184
one_another,362,0.7222576430577531,0.7028932507550929,0.019364392302660183
one_another,363,0.7261675534780977,0.6772670296559096,0.048900523822188124
one_another,364,0.7351928376762454,0.669888764378896,0.06530407329734944
one_another,365,0.7233445943339506,0.6983247822103728,0.025019812123577845
one_another,366,0.7214989668558586,0.6772670296559096,0.044231937199949
one_another,367,0.7183757176964758,0.6789997831116252,0.03937593458485056
one_another,368,0.7236646756644586,0.6772670296559096,0.04639764600854901
one_another,369,0.7232129192597818,0.6653202958341758,0.05789262342560597
one_another,370,0.7235262527337406,0.6470982583687173,0.07642799436502334
one_another,371,0.7224686588770757,0.6892137634776434,0.03325489539943227
one_another,372,0.7216391813686859,0.6726985611111895,0.04894062025749635
one_another,373,0.7132004186228565,0.6727244794679005,0.040475939154956064
one_another,374,0.7163657557956633,0.6772670296559097,0.039098726139753626
one_another,375,0.7240859323631367,0.6846452949329234,0.03944063743021331
one_another,376,0.7271587652944964,0.6937822320223637,0.03337653327213275
one_another,377,0.7292126363621814,0.6891878451209325,0.040024791241248914
one_another,378,0.714878998530905,0.6937563136656526,0.021122684865252372
one_another,379,0.7265612242904432,0.6681560109231803,0.0584052133672629
one_another,380,0.7185941677253846,0.6846452949329234,0.03394887279246128
one_another,381,0.7137158670690329,0.6607777456461668,0.052938121422866136
one_another,382,0.7207990859999689,0.6726985611111895,0.04810052488877936
one_another,383,0.7115175122468613,0.6891878451209325,0.022329667125928876
one_another,384,0.7250969493850729,0.6863780483886389,0.038718900996433936
one_another,385,0.7248967563788805,0.6744313145669051,0.05046544181197543
one_another,386,0.7220723207374373,0.6681560109231803,0.05391630981425699
one_another,387,0.7198414680962022,0.6635875423784603,0.056253925717741904
one_another,388,0.7255700124740443,0.6800768263882031,0.045493186085841186
one_another,389,0.7354330502528104,0.6653202958341757,0.07011275441863463
one_another,390,0.7180992299872121,0.6562092771014466,0.06188995288576549
one_another,391,0.7210971999556276,0.6846452949329234,0.036451905022704234
one_another,392,0.7161308720206204,0.6562092771014465,0.059921594919173926
one_another,393,0.7227194761407335,0.6744313145669051,0.048288161573828425
one_another,394,0.7246837210467438,0.6726985611111895,0.051985159935554304
one_another,395,0.7223483987496513,0.6892137634776434,0.033134635272007884
one_another,396,0.7234887917754692,0.6607777456461668,0.06271104612930245
one_another,397,0.7221631844339794,0.6789997831116252,0.04316340132235419
one_another,398,0.7191366690688455,0.6579420305571622,0.061194638511683386
one_another,399,0.7236460270366257,0.6562092771014466,0.06743674993517912
one_another,400,0.7288544415805238,0.6653202958341757,0.06353414574634808
one_another,401,0.7201192561003388,0.6607777456461668,0.05934151045417202
one_another,402,0.7128608999511342,0.6800768263882031,0.032784073562931115
one_another,403,0.7175109515864888,0.6772670296559096,0.04024392193057924
one_another,404,0.7248400240245412,0.6772670296559096,0.047572994368631605
one_another,405,0.7180579838847848,0.6892137634776434,0.028844220407141408
one_another,406,0.7297551116873724,0.6653202958341758,0.06443481585319655
one_another,407,0.7118667314520616,0.6726985611111895,0.039168170340872055
one_another,408,0.7184226879764842,0.6818095798439188,0.036613108132565464
one_another,409,0.7274134042982884,0.6863780483886389,0.04103535590964946
one_another,410,0.7255972668759556,0.6562092771014465,0.0693879897745091
one_another,411,0.7234498318012359,0.6653202958341757,0.058129535967060164
one_another,412,0.7163977653316987,0.6772670296559096,0.039130735675789174
one_another,413,0.721774377472275,0.6863780483886389,0.0353963290836361
one_another,414,0.7300817869135319,0.669888764378896,0.060193022534635876
one_another,415,0.7247579679571603,0.6772670296559097,0.04749093830125062
one_another,416,0.7302451587751553,0.6562092771014465,0.07403588167370878
one_another,417,0.7196435408205492,0.6937822320223637,0.02586130879818549
one_another,418,0.7242435804121684,0.6772670296559096,0.04697655075625884
one_another,419,0.7104429843455223,0.7011345789426663,0.009308405402856046
one_another,420,0.7270832694266497,0.6727244794679005,0.05435878995874921
one_another,421,0.7163036181354643,0.6681560109231804,0.04814760721228384
one_another,422,0.7262151543449394,0.6653202958341757,0.060894858510763705
one_another,423,0.7250764853932129,0.7102715160321066,0.014804969361106313
one_another,424,0.7304889810097741,0.6818354982006298,0.04865348280914428
one_another,425,0.7224660827449443,0.6726985611111895,0.04976752163375475
one_another,426,0.7283863049772827,0.6789997831116252,0.04938652186565751
one_another,427,0.7257103355219151,0.6818354982006298,0.043874837321285276
one_another,428,0.7247771011253107,0.6846452949329234,0.04013180619238732
one_another,429,0.7228912383999266,0.6681560109231803,0.054735227476746307
one_another,430,0.7227539279738426,0.6800768263882031,0.04267710158563953
one_another,431,0.717653464123193,0.6470982583687173,0.07055520575447571
one_another,432,0.7178443087334526,0.6516667269134375,0.0661775818200151
one_another,433,0.7184484491924122,0.6670530492898914,0.051395399902520844
one_another,434,0.7174993914773699,0.6937822320223637,0.023717159455006187
one_another,435,0.7185694955875709,0.6800768263882031,0.03849266919936778
one_another,436,0.7326239560694032,0.6306089743589745,0.10201498171042878
one_another,437,0.7290961032888381,0.6607777456461668,0.06831835764267136
one_another,438,0.7255341334498709,0.7028932507550929,0.02264088269477804
one_another,439,0.7147685615351096,0.6607777456461668,0.053990815888942834
one_another,440,0.7275070558363917,0.6726985611111895,0.05480849472520222
one_another,441,0.7257071977313097,0.6516667269134375,0.07404047081787213
one_another,442,0.7232867516846071,0.7102715160321066,0.013015235652500512
one_another,443,0.7228271093741364,0.6772670296559097,0.04556007971822673
one_another,444,0.725376855239904,0.6726985611111895,0.0526782941287145
one_another,445,0.7140331264531976,0.6726985611111895,0.04133456534200808
one_another,446,0.7300802234762289,0.6863780483886389,0.04370217508759
one_another,447,0.7254498922830566,0.6892137634776434,0.03623612880541316
one_another,448,0.7314564979228719,0.6744313145669051,0.057025183355966846
one_another,449,0.716708903700401,0.6772670296559096,0.0394418740444914
one_another,450,0.7163616144724673,0.7102715160321066,0.006090098440360681
one_another,451,0.7156099878303654,0.6818354982006298,0.033774489629735616
one_another,452,0.7179590309277432,0.6983247822103728,0.019634248717370406
one_another,453,0.7212005780818648,0.6488310118244329,0.07236956625743185
one_another,454,0.7299166250439008,0.6653202958341757,0.06459632920972502
one_another,455,0.7216391813686859,0.6937563136656526,0.027882867703033276
one_another,456,0.7221808106357386,0.6892137634776434,0.032967047158095175
one_another,457,0.722844242438343,0.6607777456461668,0.06206649679217624
one_another,458,0.7180579838847848,0.6983247822103728,0.01973320167441206
one_another,459,0.7305286931496211,0.6800768263882031,0.050451866761417996
one_another,460,0.7263327019578674,0.6516667269134375,0.07466597504442984
one_another,461,0.7279435968297523,0.6846452949329234,0.04329830189682893
one_another,462,0.7301179552150607,0.6562092771014465,0.07390867811361423
one_another,463,0.7264422934024779,0.6727244794679005,0.05371781393457742
one_another,464,0.725699085520607,0.6937822320223637,0.03191685349824336
one_another,465,0.7176366951526093,0.6516667269134375,0.06596996823917178
one_another,466,0.7118667314520616,0.6818354982006298,0.030031233251431755
one_another,467,0.7246924555937625,0.6488310118244329,0.07586144376932957
one_another,468,0.7299481982096775,0.6653202958341757,0.06462790237550176
one_another,469,0.7253137611583512,0.6579420305571622,0.06737173060118906
one_another,470,0.7211507077489202,0.6681560109231803,0.05299469682573987
one_another,471,0.7234498318012359,0.6635875423784602,0.059862289422775716
one_another,472,0.7271675371646693,0.6653202958341757,0.061847241330493574
one_another,473,0.7250764853932129,0.6818095798439188,0.04326690554929413
one_another,474,0.7271127092473022,0.6579420305571622,0.06917067869014004
one_another,475,0.7203983294572481,0.7057030474873864,0.014695281969861695
one_another,476,0.7125213812794118,0.6470982583687173,0.06542312291069452
one_another,477,0.7227258974304416,0.7028932507550929,0.019832646675348675
one_another,478,0.7276318283834677,0.6727244794679005,0.054907348915567256
one_another,479,0.7230027285007306,0.6800768263882031,0.04292590211252745
one_another,480,0.7317213429703461,0.6681560109231804,0.06356533204716563
one_another,481,0.7180923567211079,0.6892137634776434,0.028878593243464534
one_another,482,0.7288909056055186,0.6607777456461668,0.06811315995935185
one_another,483,0.7276263114515864,0.6892137634776434,0.038412547973943
one_another,484,0.7228912383999266,0.6863780483886389,0.03651319001128772
one_another,485,0.7257071977313095,0.6846452949329234,0.041061902798386174
one_another,486,0.7141825157063327,0.6937563136656526,0.02042620204068013
one_another,487,0.7125213812794118,0.6635875423784602,0.0489338389009516
one_another,488,0.7209268632344217,0.6789997831116252,0.041927080122796445
one_another,489,0.7187060601878814,0.6635875423784603,0.05511851780942112
one_another,490,0.7258432473975045,0.6635875423784602,0.062255705019044316
one_another,491,0.7307264316535436,0.6607777456461668,0.0699486860073768
one_another,492,0.7151700145352384,0.6562092771014465,0.05896073743379193
one_another,493,0.7209774989673531,0.669888764378896,0.051088734588457085
one_another,494,0.7175436308843924,0.6306089743589745,0.08693465652541799
one_another,495,0.7214989668558583,0.6772670296559097,0.04423193719994867
one_another,496,0.729960910584876,0.7102715160321066,0.019689394552769413
one_another,497,0.7221903399054957,0.6846452949329234,0.03754504497257238
one_another,498,0.7093143664133141,0.6653202958341757,0.0439940705791384
one_another,499,0.725885857118968,0.6909465169333591,0.03493934018560896
one_another,500,0.7322085102561169,0.6726985611111895,0.059509949144927354
one_another,501,0.7266461038086882,0.6579420305571622,0.06870407325152605
one_another,502,0.7224180239735865,0.6818354982006298,0.040582525772956624
one_another,503,0.7271127092473023,0.6772670296559096,0.049845679591392744
one_another,504,0.7187090273789482,0.6818095798439188,0.036899447535029384
one_another,505,0.7207341899401216,0.7057030474873864,0.01503114245273518
one_another,506,0.7274134042982884,0.6937563136656526,0.03365709063263578
one_another,507,0.7203988978357101,0.669888764378896,0.0505101334568141
one_another,508,0.7255546892958981,0.7028932507550929,0.022661438540805157
one_another,509,0.7218524409953776,0.6397199930917037,0.08213244790367391
one_another,510,0.7252151706241757,0.6937822320223637,0.031432938601812066
one_another,511,0.7177139867101856,0.6727244794679005,0.04498950724228512
one_another,512,0.7235110332154406,0.6653202958341758,0.05819073738126479
one_another,513,0.7204332100190515,0.6635875423784602,0.05684566764059129
one_another,514,0.7306725060376136,0.6937563136656526,0.036916192371960976
one_another,515,0.7270960266822657,0.6635875423784603,0.0635084843038054
one_another,516,0.7227258974304417,0.6863780483886389,0.03634784904180277
one_another,517,0.7191484851074219,0.6635875423784602,0.055560942728961726
one_another,518,0.7219546152333696,0.6863780483886389,0.03557656684473065
one_another,519,0.7286268655525707,0.6607777456461668,0.06784911990640397
one_another,520,0.721639181368686,0.6726985611111895,0.04894062025749646
one_another,521,0.7155529272655323,0.6562092771014465,0.059343650164085826
one_another,522,0.7258537060592778,0.6470982583687173,0.07875544769056053
one_another,523,0.7217463480399806,0.6983247822103728,0.02342156582960786
one_another,524,0.7218847731009455,0.6726985611111895,0.049186211989755924
one_another,525,0.7172093430955034,0.7057030474873864,0.011506295608117001
one_another,526,0.7171616723787048,0.669888764378896,0.047272907999808766
one_another,527,0.7195773742982973,0.6789997831116252,0.040577591186672035
one_another,528,0.7194909682505675,0.6726985611111895,0.046792407139377934
one_another,529,0.721192560703716,0.6488310118244329,0.07236154887928303
one_another,530,0.728343485810831,0.6937563136656526,0.03458717214517837
one_another,531,0.7276318283834678,0.6488310118244329,0.07880081655903493
one_another,532,0.7212389100009221,0.6965661103979461,0.02467279960297597
one_another,533,0.7268479794556506,0.6772670296559096,0.049580949799741036
one_another,534,0.7233243777686781,0.6909465169333591,0.03237786083531902
one_another,535,0.7251000808794776,0.6818095798439188,0.04329050103555887
one_another,536,0.722251211430436,0.6892137634776434,0.03303744795279262
one_another,537,0.7165524555656136,0.6607777456461668,0.055774709919446885
one_another,538,0.7231671425075217,0.6909465169333591,0.03222062557416261
one_another,539,0.7304889810097742,0.6772670296559096,0.05322195135386465
one_another,540,0.7277238624368877,0.6653202958341758,0.062403566602711846
one_another,541,0.7191366690688455,0.6891878451209325,0.029948823947913095
one_another,542,0.7213175321007382,0.6516667269134375,0.06965080518730071
one_another,543,0.7222166136403393,0.6607777456461668,0.06143886799417253
one_another,544,0.7174974631960145,0.6681560109231803,0.04934145227283415
one_another,545,0.7280516434467237,0.6516667269134375,0.07638491653328616
one_another,546,0.7227201243538717,0.6892137634776434,0.03350636087622827
one_another,547,0.730695318258205,0.6772670296559096,0.053428288602295426
one_another,548,0.7186665295475256,0.6772670296559096,0.041399499891616065
one_another,549,0.7208843927319869,0.6562092771014465,0.0646751156305404
one_another,550,0.7147685615351096,0.6488310118244329,0.06593754971067667
one_another,551,0.7140473595829889,0.6726985611111895,0.0413487984717994
one_another,552,0.7259768735247437,0.6726985611111895,0.053278312413554185
one_another,553,0.7283863049772825,0.6892137634776434,0.03917254149963911
one_another,554,0.7214961619178267,0.6607777456461668,0.06071841627165997
one_another,555,0.7203976397557603,0.6470982583687173,0.07329938138704306
one_another,556,0.7167089037004012,0.6681560109231803,0.04855289277722086
one_another,557,0.7261675534780977,0.6653202958341758,0.06084725764392185
one_another,558,0.7322305646287975,0.6891878451209325,0.04304271950786509
one_another,559,0.7193335520636782,0.6562092771014465,0.06312427496223172
one_another,560,0.7266916353021335,0.7102715160321066,0.016420119270026956
one_another,561,0.7318336499960639,0.6772670296559097,0.05456662034015425
one_another,562,0.7115635569759139,0.7148399845768267,-0.0032764276009128457
one_another,563,0.7152560836514789,0.6607777456461668,0.0544783380053121
one_another,564,0.7200874188035304,0.6846452949329234,0.03544212387060708
one_another,565,0.7225054601061888,0.6789997831116252,0.043505676994563536
one_another,566,0.7212760824396218,0.6846452949329234,0.03663078750669846
one_another,567,0.723954848976388,0.6653202958341758,0.05863455314221211
one_another,568,0.7212881291482441,0.6892137634776434,0.032074365670600735
one_another,569,0.7241188162298713,0.6744313145669051,0.049687501662966205
one_another,570,0.7152704691586433,0.6607777456461668,0.05449272351247658
one_another,571,0.723874362786231,0.6726985611111895,0.05117580167504143
one_another,572,0.7328977011109191,0.6772670296559096,0.05563067145500955
one_another,573,0.7332576790696449,0.6516667269134375,0.08159095215620737
one_another,574,0.7197601901165536,0.6772670296559097,0.042493160460643886
one_another,575,0.7275429999591444,0.6937822320223637,0.03376076793678073
one_another,576,0.7185694955875709,0.6892137634776434,0.02935573210992748
one_another,577,0.7201276432145013,0.6470982583687173,0.07302938484578403
one_another,578,0.7194812485174642,0.6772670296559097,0.04221421886155452
one_another,579,0.7275203965482184,0.6937563136656526,0.03376408288256583
one_another,580,0.7228114730155731,0.6983247822103728,0.024486690805200384
one_another,581,0.7259584863601961,0.6397199930917037,0.08623849326849242
one_another,582,0.7164761178192389,0.6607777456461668,0.055698372173072164
one_another,583,0.7221119128157059,0.6891878451209325,0.03292406769477341
one_another,584,0.7232128876678742,0.6846452949329234,0.038567592734950806
one_another,585,0.7184484491924124,0.6909465169333591,0.027501932259053286
one_another,586,0.7179119911316331,0.6818354982006298,0.036076492931003235
one_another,587,0.7218524409953776,0.6635875423784603,0.058264898616917304
one_another,588,0.7231671425075217,0.6681560109231804,0.05501113158434123
one_another,589,0.7226614896316431,0.6818095798439188,0.04085190978772435
one_another,590,0.7234498318012359,0.7028932507550929,0.020556581046142997
one_another,591,0.7288703215386965,0.6965661103979461,0.03230421114075033
one_another,592,0.7217463480399806,0.6892137634776434,0.03253258456233721
one_another,593,0.7191945999724237,0.6892137634776434,0.02998083649478034
one_another,594,0.7224100267713646,0.6892137634776434,0.03319626329372116
one_another,595,0.7276067976085465,0.6818354982006298,0.04577129940791669
one_another,596,0.7212760824396218,0.6562092771014465,0.06506680533817533
one_another,597,0.7167780697023892,0.6937563136656526,0.023021756036736618
one_another,598,0.7202707811999048,0.6772670296559096,0.04300375154399527
one_another,599,0.7198414680962022,0.6607777456461668,0.05906372245003544
one_another,600,0.7238743627862312,0.6772670296559096,0.046607333130321615
one_another,601,0.7193889803931299,0.6562092771014465,0.06317970329168343
one_another,602,0.7225503579151085,0.6846452949329234,0.0379050629821851
one_another,603,0.721705172943941,0.6562092771014465,0.06549589584249449
one_another,604,0.7199348771996487,0.6397199930917037,0.08021488410794497
one_another,605,0.7205627434640394,0.6909465169333591,0.0296162265306803
one_another,606,0.7322429662095667,0.7057030474873864,0.02653991872218031
one_another,607,0.7221302289995143,0.6727244794679005,0.04940574953161381
one_another,608,0.723954848976388,0.6892137634776434,0.03474108549874455
one_another,609,0.7097375366152525,0.6670530492898914,0.04268448732536112
one_another,610,0.7220688500952077,0.669888764378896,0.05218008571631172
one_another,611,0.7283608253286165,0.6818354982006298,0.046525327127986627
one_another,612,0.7270827819543703,0.6579420305571622,0.0691407513972081
one_another,613,0.7283037771751295,0.6800768263882031,0.048226950786926404
one_another,614,0.7232867516846071,0.6306089743589745,0.09267777732563265
one_another,615,0.723954848976388,0.6983247822103728,0.025630066766015203
one_another,616,0.7314936168626787,0.6846452949329234,0.0468483219297553
one_another,617,0.7246767197809199,0.6937563136656526,0.03092040611526725
one_another,618,0.7224100267713645,0.6789997831116252,0.04341024365973922
one_another,619,0.7291476919456771,0.6488310118244329,0.08031668012124416
one_another,620,0.7300817869135319,0.6726985611111895,0.05738322580234234
one_another,621,0.7297949237383446,0.6772670296559096,0.05252789408243508
one_another,622,0.7151527851633502,0.6800768263882031,0.03507595877514713
one_another,623,0.7340980159061611,0.6846452949329234,0.04945272097323772
one_another,624,0.7296455502402461,0.6681560109231803,0.0614895393170658
one_another,625,0.7246924555937626,0.6892137634776434,0.035478692116119204
one_another,626,0.7279642585034072,0.6670530492898914,0.06091120921351578
one_another,627,0.7221808106357386,0.6937563136656526,0.028424496970085977
one_another,628,0.7307388282259797,0.6891878451209325,0.041550983105047234
one_another,629,0.7189507777378049,0.6772670296559096,0.041683748081895344
one_another,630,0.7188709588040194,0.6892137634776434,0.029657195326376007
one_another,631,0.727205765212506,0.6635875423784602,0.06361822283404583
one_another,632,0.7205286450047291,0.6818354982006298,0.0386931468040993
one_another,633,0.7270409584322552,0.669888764378896,0.05715219405335925
one_another,634,0.7312126756882531,0.7028932507550929,0.028319424933160198
one_another,635,0.7208887122134211,0.6937563136656526,0.0271323985477685
one_another,636,0.7214989668558586,0.6607777456461668,0.06072122120969181
one_another,637,0.728187419064371,0.6562092771014465,0.07197814196292451
one_another,638,0.7235110332154405,0.669888764378896,0.05362226883654453
one_another,639,0.7236940443628377,0.6818095798439188,0.04188446451891892
one_another,640,0.7270827819543704,0.6892137634776434,0.03786901847672697
one_another,641,0.7203867907375447,0.6800768263882031,0.04030996434934164
one_another,642,0.7151527851633502,0.6818354982006298,0.033317286962720405
one_another,643,0.7255700124740443,0.6607777456461668,0.06479226682787753
one_another,644,0.7249918384484573,0.6653202958341757,0.059671542614281536
one_another,645,0.7304889810097742,0.6744313145669051,0.056057666442869136
one_another,646,0.7208291722615509,0.6846452949329234,0.03618387732862749
one_another,647,0.7247540473848112,0.6488310118244329,0.07592303556037827
one_another,648,0.7232129192597818,0.6726985611111895,0.05051435814859229
one_another,649,0.7288268317763065,0.6818354982006298,0.04699133357567664
one_another,650,0.7183757176964759,0.6846452949329234,0.03373042276355254
one_another,651,0.7293973194715965,0.6681560109231804,0.06124130854841603
one_another,652,0.7259106687267762,0.6726985611111895,0.0532121076155867
one_another,653,0.7339572392695123,0.7057030474873864,0.028254191782125848
one_another,654,0.7188709588040194,0.6607777456461668,0.05809321315785265
one_another,655,0.7272376932909904,0.6516667269134375,0.0755709663775529
one_another,656,0.7243399755349446,0.6937563136656526,0.030583661869291956
one_another,657,0.7205202234893334,0.6397199930917037,0.08080023039762974
one_another,658,0.7230422982409672,0.6846452949329234,0.03839700330804385
one_another,659,0.7265892292543157,0.6983247822103728,0.02826444704394293
one_another,660,0.714878998530905,0.6772670296559096,0.037611968874995405
one_another,661,0.7257593893978453,0.6562092771014465,0.06955011229639885
one_another,662,0.7156099878303657,0.6635875423784603,0.052022445451905375
one_another,663,0.72326427125594,0.6937563136656526,0.029507957590287348
one_another,664,0.7220470192550003,0.669888764378896,0.05215825487610426
one_another,665,0.7253284372326578,0.6653202958341758,0.060008141398481984
one_another,666,0.7163146239525944,0.6937563136656526,0.022558310286941774
one_another,667,0.722782091913027,0.6983247822103728,0.02445730970265425
one_another,668,0.723754496481631,0.6635875423784603,0.060166954103170744
one_another,669,0.7187060601878815,0.6772670296559096,0.041439030531971954
one_another,670,0.7292609265141691,0.7028932507550929,0.02636767575907617
one_another,671,0.7209717332666078,0.6818354982006298,0.039136235065977965
one_another,672,0.7260007254565813,0.6562092771014465,0.06979144835513484
one_another,673,0.7215538394130704,0.6607777456461668,0.06077609376690363
one_another,674,0.7288703215386965,0.6863780483886389,0.04249227315005755
one_another,675,0.7178930622897154,0.6562092771014465,0.06168378518826889
one_another,676,0.7231095869712321,0.6909465169333591,0.032163070037873
one_another,677,0.7185131480211377,0.6818354982006298,0.03667764982050792
one_another,678,0.7120671530058428,0.6772670296559097,0.0348001233499331
one_another,679,0.7326659106183233,0.6772670296559096,0.055398880962413743
one_another,680,0.7145879825265713,0.6818354982006298,0.03275248432594147
one_another,681,0.7240837769952087,0.6772670296559097,0.04681674733929897
one_another,682,0.7207687492432324,0.6937822320223637,0.026986517220868755
one_another,683,0.7257715415510041,0.6772670296559096,0.048504511895094526
one_another,684,0.7239877643705124,0.6909465169333591,0.03304124743715331
one_another,685,0.7143049740459392,0.6516667269134375,0.06263824713250166
one_another,686,0.7236646756644588,0.6726985611111895,0.05096611455326927
one_another,687,0.7142319464995474,0.6983247822103728,0.015907164289174602
one_another,688,0.7261312904673577,0.6562092771014465,0.0699220133659112
one_another,689,0.7235110332154405,0.7102715160321066,0.013239517183333938
one_another,690,0.7207042640516356,0.6846452949329234,0.0360589691187122
one_another,691,0.7232146264438584,0.6562092771014466,0.06700534934241176
one_another,692,0.7261922130418583,0.6891878451209325,0.037004367920925874
one_another,693,0.7260638723145697,0.6818354982006298,0.04422837411393987
one_another,694,0.7249271923197274,0.6562092771014465,0.06871791521828086
one_another,695,0.7216292343243047,0.6983247822103728,0.02330445211393195
one_another,696,0.7163657557956633,0.669888764378896,0.04647699141676731
one_another,697,0.7120671530058428,0.6727244794679005,0.039342673537942296
one_another,698,0.7241016947147488,0.6772670296559096,0.046834665058839264
one_another,699,0.7257071977313095,0.6818354982006298,0.04387169953067971
one_another,700,0.7232628040836822,0.6772670296559096,0.045995774427772584
one_another,701,0.7154610305395719,0.6772670296559097,0.038194000883662205
one_another,702,0.724617763539081,0.6818354982006298,0.0427822653384512
one_another,703,0.7181114863748949,0.6772670296559097,0.04084445671898518
one_another,704,0.7161457753278333,0.6892137634776434,0.026932011850189896
one_another,705,0.7284474179431271,0.6909465169333591,0.037500901009767995
one_another,706,0.7258212725402852,0.6772670296559096,0.0485542428843756
one_another,707,0.7242593793078904,0.6892137634776434,0.03504561583024701
one_another,708,0.7167089037004011,0.6727244794679006,0.043984424232500485
one_another,709,0.7200425445620015,0.6818354982006298,0.03820704636137162
one_another,710,0.7177139867101855,0.6744313145669051,0.04328267214328041
one_another,711,0.7157836789199312,0.669888764378896,0.045894914541035225
one_another,712,0.7295830203676967,0.6937822320223637,0.03580078834533307
one_another,713,0.7118852797559074,0.6772670296559096,0.03461825009999786
one_another,714,0.7349719521295904,0.6863780483886389,0.048593903740951516
one_another,715,0.7228114730155732,0.6727244794679005,0.050086993547672765
one_another,716,0.7240859323631368,0.6562092771014466,0.06787665526169018
one_another,717,0.7205941208734352,0.6635875423784602,0.057006578494975035
one_another,718,0.732956374022186,0.6909465169333591,0.042009857088826985
one_another,719,0.72422763211986,0.6772670296559096,0.046960602463950396
one_another,720,0.7221808106357387,0.6516667269134375,0.07051408372230117
one_another,721,0.7156099878303657,0.6983247822103728,0.017285205619992916
one_another,722,0.7253515883888649,0.6772670296559096,0.04808455873295536
one_another,723,0.7339572392695123,0.6653202958341757,0.06863694343533655
one_another,724,0.7307264316535435,0.6579420305571622,0.07278440109638129
one_another,725,0.7236881126214317,0.6983247822103728,0.025363330411058982
one_another,726,0.7265003149020023,0.6772670296559096,0.04923328524609272
one_another,727,0.7237276198053725,0.6772670296559097,0.0464605901494628
one_another,728,0.7221092214982961,0.6772670296559097,0.04484219184238647
one_another,729,0.7218137988600472,0.6579420305571622,0.06387176830288499
one_another,730,0.7276318283834678,0.6681560109231803,0.05947581746028752
one_another,731,0.7180734770684798,0.6772670296559096,0.040806447412570224
one_another,732,0.7180923567211079,0.6726985611111895,0.04539379560991841
one_another,733,0.724617763539081,0.6937563136656526,0.030861449873428426
one_another,734,0.7263708158259314,0.6681560109231804,0.058214804902750994
one_another,735,0.7248967563788806,0.6818354982006298,0.043061258178250794
one_another,736,0.7207687492432324,0.6937563136656526,0.02701243557757982
one_another,737,0.7243550705129721,0.6397199930917037,0.08463507742126841
one_another,738,0.7145953986686677,0.6909465169333591,0.023648881735308658
one_another,739,0.7235262527337407,0.6726985611111895,0.050827691622551185
one_another,740,0.7271832189066347,0.6846452949329234,0.04253792397371137
one_another,741,0.7220088800779288,0.6653202958341758,0.056688584243753004
one_another,742,0.7305956623873455,0.6727244794679005,0.05787118291944504
one_another,743,0.7196616141069393,0.6653202958341758,0.05434131827276345
one_another,744,0.7306953182582052,0.6937563136656526,0.036939004592552616
one_another,745,0.7298219584936216,0.6846452949329234,0.04517666356069827
one_another,746,0.7266909293063584,0.6846452949329234,0.042045634373435004
one_another,747,0.7183757176964758,0.6937563136656526,0.02461940403082319
one_another,748,0.7274328464325541,0.6681560109231804,0.05927683550937368
one_another,749,0.7221119128157059,0.669888764378896,0.05222314843680986
one_another,750,0.7241037156868313,0.6789997831116252,0.04510393257520606
one_another,751,0.724156821072144,0.6579420305571622,0.0662147905149818
one_another,752,0.7144416393307956,0.6744313145669051,0.04001032476389055
one_another,753,0.7221119128157059,0.6562092771014465,0.06590263571425936
one_another,754,0.7167089037004011,0.6607777456461668,0.05593115805423432
one_another,755,0.720528645004729,0.6516667269134375,0.0688619180912915
one_another,756,0.7191998326092884,0.6635875423784603,0.05561229023082814
one_another,757,0.7244184492854379,0.6562092771014465,0.06820917218399136
one_another,758,0.7289115243875323,0.6653202958341758,0.06359122855335642
one_another,759,0.7166308481137789,0.6727244794679005,0.04390636864587838
one_another,760,0.7243568957634642,0.6562092771014465,0.06814761866201768
one_another,761,0.7199013928504764,0.7011345789426663,0.018766813907810098
one_another,762,0.7242434316130555,0.6607777456461668,0.06346568596688873
one_another,763,0.7257671191407291,0.6892137634776434,0.03655335566308571
one_another,764,0.7246924555937625,0.6863780483886389,0.03831440720512358
one_another,765,0.7257593893978453,0.6607777456461668,0.06498164375167859
one_another,766,0.717676025379097,0.7057030474873864,0.01197297789171059
one_another,767,0.72321285088292,0.7057030474873864,0.01750980339553354
one_another,768,0.7182474377563115,0.6909465169333591,0.027300920822952435
one_another,769,0.7210971999556277,0.6579420305571622,0.06315516939846555
one_another,770,0.731857620429339,0.6818354982006298,0.050022122228709165
one_another,771,0.7209268632344217,0.6579420305571622,0.06298483267725952
one_another,772,0.7214961619178268,0.669888764378896,0.051607397538930844
one_another,773,0.7200995258001015,0.6983247822103728,0.02177474358972875
one_another,774,0.7168833170274144,0.6470982583687173,0.06978505865869711
one_another,775,0.7199919565983448,0.6607777456461668,0.05921421095217805
one_another,776,0.7304235220196109,0.6772670296559096,0.053156492363701346
one_another,777,0.7215580828578858,0.6681560109231803,0.053402071934705475
one_another,778,0.7212881291482443,0.7148399845768267,0.006448144571417513
one_another,779,0.7277238624368876,0.6726985611111895,0.05502530132569805
one_another,780,0.7235110332154406,0.6562092771014465,0.06730175611399414
one_another,781,0.722734339691513,0.6909465169333591,0.03178782275815395
one_another,782,0.722349160078597,0.6607777456461668,0.061571414432430194
one_another,783,0.7256944903891264,0.6488310118244329,0.07686347856469344
one_another,784,0.7272765743135996,0.6909465169333591,0.03633005738024053
one_another,785,0.7139106942981325,0.6772670296559097,0.036643664642222795
one_another,786,0.7136576212898721,0.6772670296559096,0.03639059163396252
one_another,787,0.7169364149183289,0.6726985611111895,0.044237853807139405
one_another,788,0.7315520536247888,0.7102715160321066,0.021280537592682225
one_another,789,0.7288703215386965,0.7011345789426663,0.027735742596030177
one_another,790,0.723449831801236,0.6983247822103728,0.025125049590863258
one_another,791,0.7193999656002342,0.6772670296559096,0.042132935944324656
one_another,792,0.7260638723145697,0.6891878451209325,0.03687602719363725
one_another,793,0.7207341899401216,0.6726985611111895,0.048035628828932087
one_another,794,0.7241016947147488,0.6562092771014466,0.06789241761330223
one_another,795,0.7232129192597818,0.6863780483886389,0.0368348708711429
one_another,796,0.7200259003813798,0.6772670296559096,0.042758870725470244
one_another,797,0.7122159506572618,0.6579420305571622,0.05427392010009968
one_another,798,0.7194812485174642,0.6863780483886389,0.03310320012882528
one_another,799,0.7136530798351822,0.6846452949329234,0.02900778490225886
one_another,800,0.7252253062753862,0.6516667269134375,0.07355857936194865
one_another,801,0.7194105940096371,0.669888764378896,0.04952182963074114
one_another,802,0.7271127092473023,0.7028932507550929,0.02421945849220941
one_another,803,0.7219546152333697,0.6891878451209325,0.03276677011243723
one_another,804,0.7250974866288826,0.6772670296559097,0.047830456972972946
one_another,805,0.7058931790732831,0.6983247822103728,0.0075683968629103315
one_another,806,0.7204366380087305,0.6863780483886389,0.03405858962009156
one_another,807,0.7187788582859639,0.7102715160321066,0.008507342253857297
one_another,808,0.7215365878734872,0.6772670296559097,0.0442695582175775
one_another,809,0.7239482859648317,0.6818354982006298,0.04211278776420191
one_another,810,0.7283819859381293,0.6818354982006298,0.046546487737499476
one_another,811,0.730978736018643,0.6818095798439188,0.04916915617472428
one_another,812,0.7242435804121683,0.6818095798439188,0.04243400056824953
one_another,813,0.726351410634636,0.6653202958341757,0.06103111480046031
one_another,814,0.7271587652944965,0.6562092771014466,0.07094948819304991
one_another,815,0.7241439538626611,0.6818095798439188,0.04233437401874229
one_another,816,0.7244480021501224,0.6891878451209325,0.03526015702918994
one_another,817,0.7242276321198601,0.6653202958341758,0.05890733628568423
one_another,818,0.7228114730155731,0.6846452949329234,0.03816617808264977
one_another,819,0.723449831801236,0.6863780483886389,0.03707178341259709
one_another,820,0.7340980159061611,0.6653202958341758,0.06877772007198524
one_another,821,0.7232642712559401,0.6863780483886389,0.036886222867301144
one_another,822,0.7196178002539575,0.6772670296559097,0.042350770598047816
one_another,823,0.7237276198053725,0.6516667269134375,0.07206089289193496
one_another,824,0.7214662499596175,0.6397199930917037,0.08174625686791381
one_another,825,0.7175816486402272,0.6937563136656526,0.02382533497457462
one_another,826,0.7297949237383448,0.6846452949329234,0.04514962880542139
one_another,827,0.7276067976085466,0.6863780483886389,0.04122874921990771
one_another,828,0.721252339683208,0.6562092771014465,0.06504306258176151
one_another,829,0.727205765212506,0.7148399845768267,0.01236578063567928
one_another,830,0.7207711190138515,0.6892137634776434,0.03155735553620809
one_another,831,0.7237950823770384,0.6681560109231804,0.055639071453857936
one_another,832,0.7175605560030013,0.6635875423784602,0.0539730136245411
one_another,833,0.7254502786669786,0.6607777456461668,0.06467253302081188
one_another,834,0.7148132664916278,0.6397199930917037,0.07509327339992411
one_another,835,0.7233445943339503,0.6863780483886389,0.036966545945311347
one_another,836,0.7235110332154405,0.7148399845768267,0.008671048638613787
one_another,837,0.7292609265141691,0.6726985611111895,0.05656236540297954
one_another,838,0.7230203727332228,0.6681560109231804,0.054864361810042395
one_another,839,0.7326260315307804,0.6937563136656526,0.03886971786512783
one_another,840,0.7292609265141691,0.6789997831116252,0.05026114340254384
one_another,841,0.7299481982096775,0.6909465169333591,0.03900168127631842
one_another,842,0.7232804482719383,0.7028932507550929,0.020387197516845368
one_another,843,0.7213953139112864,0.6516667269134375,0.0697285869978489
one_another,844,0.7196171532031714,0.6983247822103728,0.02129237099279868
one_another,845,0.7187530417039192,0.669888764378896,0.04886427732502319
one_another,846,0.7264422934024778,0.6818354982006298,0.04460679520184796
one_another,847,0.7150819633859303,0.6681560109231803,0.04692595246275
one_another,848,0.7175263755745795,0.6863780483886389,0.031148327185940627
one_another,849,0.7223939700053849,0.6681560109231804,0.05423795908220441
one_another,850,0.7224508086008953,0.6562092771014466,0.06624153149944867
one_another,851,0.7288909056055186,0.6653202958341758,0.06357060977134277
one_another,852,0.720277595950117,0.6470982583687173,0.07317933758139972
one_another,853,0.7251297420697387,0.669888764378896,0.055240977690842685
one_another,854,0.72367380216204,0.6937822320223637,0.02989157013967636
one_another,855,0.7119638207172928,0.6772670296559096,0.034696791061383236
one_another,856,0.7284614105140568,0.7011345789426663,0.027326831571390486
one_another,857,0.7241016947147488,0.6818354982006298,0.042266196514119
one_another,858,0.7129854695176627,0.6653202958341757,0.047665173683486994
one_another,859,0.7262329105236404,0.7011345789426663,0.025098331580974076
one_another,860,0.7183757176964758,0.6607777456461668,0.05759797205030903
one_another,861,0.7243550705129722,0.7028932507550929,0.021461819757879308
one_another,862,0.7284614105140568,0.6892137634776434,0.03924764703641337
one_another,863,0.716006265437369,0.6562092771014465,0.05979698833592251
one_another,864,0.7242700300733573,0.669888764378896,0.054381265694461334
one_another,865,0.7264586496112756,0.6892137634776434,0.037244886133632193
one_another,866,0.7176475108829307,0.6635875423784602,0.05405996850447048
one_another,867,0.7253675013975465,0.6562092771014466,0.06915822429609986
one_another,868,0.7247032785727274,0.6488310118244329,0.0758722667482945
one_another,869,0.7291837233895172,0.7028932507550929,0.0262904726344243
one_another,870,0.7213953139112864,0.6983247822103728,0.023070531700913666
one_another,871,0.7263078466246902,0.6635875423784602,0.06272030424622999
one_another,872,0.7228114730155732,0.6516667269134375,0.07114474610213573
one_another,873,0.7163657557956633,0.6909465169333591,0.02541923886230424
one_another,874,0.7273207446470363,0.6653202958341758,0.06200044881286049
one_another,875,0.7257504704637489,0.7011345789426663,0.024615891521082567
one_another,876,0.7209303183653625,0.6744313145669051,0.046499003798457395
one_another,877,0.7264586496112754,0.669888764378896,0.05656988523237938
one_another,878,0.7228114730155731,0.6470982583687173,0.07571321464685588
one_another,879,0.7143465283040185,0.6891878451209325,0.025158683183086006
one_another,880,0.7355767095492742,0.6726985611111895,0.0628781484380847
one_another,881,0.7270409584322552,0.7148399845768267,0.01220097385542851
one_another,882,0.7189035653696946,0.6818354982006298,0.037068067169064745
one_another,883,0.7206084886243918,0.6681560109231803,0.05245247770121142
one_another,884,0.7259491293929182,0.6818354982006298,0.044113631192288394
one_another,885,0.7236002818762731,0.6772670296559096,0.04633325222036355
one_another,886,0.7262959578637285,0.7057030474873864,0.020592910376342033
one_another,887,0.7159874330450747,0.6937563136656526,0.022231119379422126
one_another,888,0.7266036954421723,0.6562092771014466,0.07039441834072568
one_another,889,0.7233243777686781,0.6846452949329234,0.03867908283575472
one_another,890,0.7257051283392423,0.6846452949329234,0.04105983340631891
one_another,891,0.7197601901165535,0.6772670296559096,0.042493160460643886
one_another,892,0.7187788582859639,0.6818354982006298,0.036943360085334054
one_another,893,0.7290778745334806,0.6965661103979461,0.03251176413553447
one_another,894,0.7165707460340266,0.6681560109231803,0.04841473511084626
one_another,895,0.7179428348690468,0.6772670296559097,0.04067580521313707
one_another,896,0.7203976397557602,0.6863780483886389,0.034019591367121294
one_another,897,0.7234030283585041,0.6892137634776434,0.034189264880860715
one_another,898,0.7242434316130555,0.6846452949329234,0.03959813668013212
one_another,899,0.7210971999556277,0.6818354982006298,0.03926170175499788
one_another,900,0.7168833170274144,0.6846452949329234,0.032238022094491
one_another,901,0.7237133929896934,0.6772670296559096,0.046446363333783824
one_another,902,0.7179428348690468,0.6726985611111895,0.04524427375785722
one_another,903,0.7333432272694621,0.6909465169333591,0.04239671033610304
one_another,904,0.7148132664916278,0.6397199930917037,0.07509327339992411
one_another,905,0.7253444808516695,0.669888764378896,0.055455716472773475
one_another,906,0.7261675534780977,0.6653202958341758,0.06084725764392185
one_another,907,0.7242276321198601,0.6653202958341758,0.05890733628568423
one_another,908,0.7265003149020023,0.7028932507550929,0.023607064146909384
one_another,909,0.7227201243538717,0.7011345789426663,0.021585545411205387
one_another,910,0.7239877643705124,0.6470982583687173,0.07688950600179512
one_another,911,0.7212561228142894,0.6909465169333591,0.030309605880930346
one_another,912,0.7241016947147488,0.6983247822103728,0.02577691250437608
one_another,913,0.7191366690688455,0.6653202958341758,0.0538163732346697
one_another,914,0.7198616224885763,0.669888764378896,0.04997285810968033
one_another,915,0.7278660568134868,0.6789997831116252,0.048866273701861584
one_another,916,0.7185028884388495,0.6772670296559097,0.04123585878293978
one_another,917,0.7248400240245412,0.6800768263882031,0.04476319763633807
one_another,918,0.7286676692931996,0.6607777456461668,0.06788992364703283
one_another,919,0.7169409952064547,0.6892137634776434,0.027727231728811308
one_another,920,0.7194944798517274,0.6892137634776434,0.030280716374084027
one_another,921,0.7212561228142894,0.6607777456461668,0.060478377168122655
one_another,922,0.7199348771996487,0.6909465169333591,0.028988360266289592
one_another,923,0.7198616224885764,0.6983247822103728,0.021536840278203684
one_another,924,0.7207696657787623,0.6937563136656526,0.027013352113109734
one_another,925,0.7326659106183234,0.6892137634776434,0.04345214714068002
one_another,926,0.7248400240245413,0.6846452949329234,0.04019472909161792
one_another,927,0.7238614731073678,0.7057030474873864,0.018158425619981378
one_another,928,0.7163657557956633,0.6653202958341758,0.05104545996148746
one_another,929,0.7232973976218109,0.6488310118244329,0.07446638579737797
one_another,930,0.7322341707622128,0.6635875423784603,0.06864662838375246
one_another,931,0.7293834413380307,0.6818095798439188,0.04757386149411191
one_another,932,0.7242435804121684,0.7028932507550929,0.021350329657075506
one_another,933,0.723449831801236,0.6818354982006298,0.04161433360060618
one_another,934,0.716779713873017,0.6846452949329234,0.03213441894009361
one_another,935,0.7113675928059755,0.6681560109231804,0.04321158188279506
one_another,936,0.7151700145352384,0.6488310118244329,0.0663390027108055
one_another,937,0.7148132664916278,0.7011345789426663,0.01367868754896151
one_another,938,0.7136576212898722,0.6846452949329234,0.029012326356948837
one_another,939,0.7177620142297023,0.7011345789426663,0.01662743528703603
one_another,940,0.7151700145352384,0.6983247822103728,0.016845232324865678
one_another,941,0.7229304717663537,0.6818354982006298,0.04109497356572389
one_another,942,0.7236940443628378,0.6800768263882031,0.04361721797463469
one_another,943,0.7267333094068114,0.6681560109231803,0.058577298483631024
one_another,944,0.7223685098197098,0.6909465169333591,0.031421992886350725
one_another,945,0.7208128931950083,0.6937563136656526,0.027056579529355695
one_another,946,0.7203988978357101,0.6607777456461668,0.059621152189543336
one_another,947,0.7283819859381293,0.6653202958341758,0.06306169010395346
one_another,948,0.728697589862434,0.6983247822103728,0.030372807652061296
one_another,949,0.7102078022156113,0.6488310118244329,0.06137679039117838
one_another,950,0.7183914837893083,0.6681560109231804,0.05023547286612784
one_another,951,0.7255972668759555,0.6863780483886389,0.039219218487316576
one_another,952,0.7235110332154405,0.6653202958341758,0.05819073738126468
one_another,953,0.7218847731009455,0.6892137634776434,0.03267100962330205
one_another,954,0.7229651616012877,0.6789997831116252,0.04396537848966242
one_another,955,0.7233445943339506,0.6607777456461668,0.06256684868778384
one_another,956,0.7200874188035303,0.6681560109231803,0.05193140788035
one_another,957,0.723604651188887,0.6846452949329234,0.038959356255963584
one_another,958,0.7234030283585041,0.6892137634776434,0.034189264880860715
one_another,959,0.724454161000724,0.669888764378896,0.05456539662182802
one_another,960,0.7238396545845615,0.6937822320223637,0.03005742256219779
one_another,961,0.7230180216881068,0.6937563136656526,0.029261708022454203
one_another,962,0.7186665295475256,0.6818095798439188,0.03685694970360687
one_another,963,0.7200259003813797,0.669888764378896,0.050137136002483706
one_another,964,0.723394447642599,0.669888764378896,0.053505683263702974
one_another,965,0.7172228356991367,0.6800768263882031,0.03714600931093359
one_another,966,0.7212599689022271,0.6818095798439188,0.03945038905830833
one_another,967,0.7260504054021789,0.6397199930917037,0.08633041231047522
one_another,968,0.7208128931950083,0.6772670296559096,0.04354586353909873
one_another,969,0.723297397621811,0.6937563136656526,0.029541083956158398
one_another,970,0.7172419817228791,0.6562092771014465,0.06103270462143262
one_another,971,0.7228114730155732,0.6818095798439188,0.04100189317165448
one_another,972,0.7190347823252036,0.6983247822103728,0.020710000114830818
one_another,973,0.7239219311442208,0.6727244794679006,0.05119745167632017
one_another,974,0.7261870346738977,0.6863780483886389,0.03980898628525875
one_another,975,0.7179018730425817,0.6772670296559096,0.040634843386672115
one_another,976,0.7232867516846073,0.6772670296559096,0.04601972202869775
one_another,977,0.7270409584322552,0.6726985611111895,0.054342397321065716
one_another,978,0.720277595950117,0.6892137634776434,0.031063832472473574
one_another,979,0.7252151706241757,0.6818095798439188,0.043405590780256964
one_another,980,0.7297892074718954,0.6772670296559096,0.05252217781598578
one_another,981,0.7228114730155732,0.6800768263882031,0.04273464662737014
one_another,982,0.7255546892958982,0.6772670296559096,0.0482876596399886
one_another,983,0.718918714792771,0.7102715160321066,0.008647198760664443
one_another,984,0.7207711190138516,0.6726985611111895,0.04807255790266207
one_another,985,0.7239612466184224,0.6653202958341758,0.05864095078424658
one_another,986,0.7255546892958981,0.6681560109231803,0.057398678372717726
one_another,987,0.7137418898006,0.6846452949329234,0.029096594867676684
one_another,988,0.7177620142297022,0.7102715160321066,0.007490498197595619
one_another,989,0.7245257460755188,0.6818354982006298,0.042690247874888954
one_another,990,0.7204332100190515,0.6983247822103728,0.02210842780867872
one_another,991,0.7291199037051628,0.7057030474873864,0.02341685621777634
one_another,992,0.728187419064371,0.6727244794679005,0.05546293959647053
one_another,993,0.7147685615351096,0.6653202958341757,0.04944826570093386
one_another,994,0.7236220022369001,0.6653202958341757,0.05830170640272436
one_another,995,0.7287138698163464,0.7057030474873864,0.023010822328960012
one_another,996,0.7279731018053157,0.6516667269134375,0.07630637489187819
one_another,997,0.7296944600385428,0.6635875423784603,0.06610691766008248
one_another,998,0.7270960266822657,0.6937563136656526,0.03333971301661309
one_another,999,0.7159874330450747,0.6397199930917037,0.07626743995337104
one_another,1000,0.7209303183653625,0.6983247822103728,0.022605536154989725
one_another,1001,0.7243007652901449,0.6772670296559096,0.047033735634235296
one_another,1002,0.7075930954492837,0.6727244794679005,0.034868615981383244
one_another,1003,0.7273207446470363,0.6789997831116252,0.0483209615354111
one_another,1004,0.7257103355219152,0.6800768263882031,0.045633509133712113
one_another,1005,0.7176341284808708,0.6983247822103728,0.019309346270498073
one_another,1006,0.7246251414415028,0.669888764378896,0.05473637706260681
one_another,1007,0.7264422934024779,0.6818354982006298,0.04460679520184807
one_another,1008,0.726641465379673,0.6681560109231804,0.05848545445649256
one_another,1009,0.7289115243875323,0.6937563136656526,0.03515521072187966
one_another,1010,0.7242616878156526,0.7057030474873864,0.01855864032826615
one_another,1011,0.7206957537114189,0.6470982583687173,0.07359749534270166
one_another,1012,0.7310796486499742,0.669888764378896,0.061190884271078216
one_another,1013,0.7251297420697387,0.6892137634776434,0.03591597859209528
one_another,1014,0.7233445943339505,0.6516667269134375,0.07167786742051296
one_another,1015,0.7314424001847651,0.6772670296559097,0.05417537052885546
one_another,1016,0.7242247620819898,0.6937563136656526,0.030468448416337224
one_another,1017,0.7263772741653903,0.7011345789426663,0.025242695222724043
one_another,1018,0.7291837233895172,0.6653202958341758,0.06386342755534136
one_another,1019,0.7224686588770757,0.6562092771014465,0.06625938177562918
one_another,1020,0.7334434408749622,0.6488310118244329,0.08461242905052924
one_another,1021,0.728643295846852,0.6846452949329234,0.04399800091392858
one_another,1022,0.7207687492432325,0.6892137634776434,0.03155498576558913
one_another,1023,0.7245739812871901,0.6607777456461668,0.06379623564102332
one_another,1024,0.726351410634636,0.6653202958341757,0.06103111480046031
one_another,1025,0.7270827819543703,0.6772670296559096,0.04981575229846069
one_another,1026,0.7288544415805237,0.6772670296559096,0.051587411924614135
one_another,1027,0.715162678137529,0.6772670296559096,0.037895648481619415
one_another,1028,0.7220470192550003,0.6562092771014465,0.06583774215355376
one_another,1029,0.715700929489656,0.6789997831116252,0.03670114637803079
one_another,1030,0.7283759405944865,0.6607777456461668,0.06759819494831976
one_another,1031,0.7275070558363917,0.6681560109231803,0.059351044913211415
one_another,1032,0.7177139867101856,0.6937563136656526,0.023957673044533
one_another,1033,0.7204366873160011,0.6562092771014466,0.06422741021455447
one_another,1034,0.723449831801236,0.6772670296559096,0.04618280214532644
one_another,1035,0.7192679339979713,0.6863780483886389,0.03288988560933237
one_another,1036,0.7249271923197275,0.6607777456461668,0.0641494466735607
one_another,1037,0.7243399755349446,0.669888764378896,0.05445121115604856
one_another,1038,0.7137158670690329,0.6681560109231804,0.04555985614585245
one_another,1039,0.7297114029080165,0.6562092771014466,0.0735021258065699
one_another,1040,0.7194788481627031,0.6681560109231803,0.0513228372395228
one_another,1041,0.7248439193097709,0.6772670296559096,0.04757688965386131
one_another,1042,0.7191366690688455,0.6983247822103728,0.020811886858472795
one_another,1043,0.7169364149183289,0.6937563136656526,0.023180101252676333
one_another,1044,0.7299890149217223,0.6772670296559096,0.05272198526581273
one_another,1045,0.7262959578637285,0.7102715160321066,0.016024441831621883
one_another,1046,0.7223491600785968,0.6772670296559097,0.04508213042268716
one_another,1047,0.7155221684958233,0.6846452949329234,0.03087687356289992
one_another,1048,0.7163925724657328,0.6772670296559096,0.03912554280982328
one_another,1049,0.7220907218155734,0.6937563136656526,0.02833440814992083
one_another,1050,0.7347331222494341,0.6772670296559096,0.05746609259352453
one_another,1051,0.7332576790696448,0.6653202958341758,0.06793738323546894
one_another,1052,0.719105027205087,0.6726985611111895,0.046406466093897425
one_another,1053,0.7207990859999689,0.6937563136656526,0.02704277233431629
one_another,1054,0.7290778745334805,0.6681560109231803,0.060921863610300164
one_another,1055,0.7163925724657328,0.6965661103979461,0.01982646206778671
one_another,1056,0.7271675371646693,0.6653202958341758,0.06184724133049346
one_another,1057,0.7206526415811562,0.7028932507550929,0.01775939082606326
one_another,1058,0.7257593893978453,0.6772670296559097,0.048492359741935664
one_another,1059,0.7204366380087305,0.669888764378896,0.05054787362983448
one_another,1060,0.7168064603106444,0.6818095798439188,0.034996880466725666
one_another,1061,0.7312223990702335,0.7028932507550929,0.02832914831514055
one_another,1062,0.7220955672451808,0.6891878451209325,0.032907722124248306
one_another,1063,0.7166472114695247,0.6846452949329234,0.03200191653660134
one_another,1064,0.7172327338335034,0.6653202958341758,0.05191243799932754
one_another,1065,0.7258212725402852,0.6965661103979461,0.02925516214233903
one_another,1066,0.721639181368686,0.7102715160321066,0.011367665336579402
one_another,1067,0.7234030283585042,0.6800768263882031,0.043326201970301126
one_another,1068,0.7255097618719261,0.6909465169333591,0.034563244938566995
one_another,1069,0.7178930622897154,0.669888764378896,0.04800429791081939
one_another,1070,0.7220723207374373,0.6772670296559096,0.044805291081527754
one_another,1071,0.7239548489763881,0.6681560109231803,0.05579883805320773
one_another,1072,0.7239719161176987,0.6579420305571622,0.06602988556053657
one_another,1073,0.7228271093741364,0.6562092771014466,0.0666178322726898
one_another,1074,0.7210971999556275,0.6562092771014466,0.06488792285418088
one_another,1075,0.7250974866288828,0.6909465169333591,0.03415096969552378
one_another,1076,0.7218524409953777,0.7011345789426663,0.020717862052711422
one_another,1077,0.7182270830593259,0.6818354982006298,0.03639158485869609
one_another,1078,0.72025439624284,0.6470982583687173,0.07315613787412278
one_another,1079,0.7272199021512733,0.6846452949329234,0.042574607218349936
one_another,1080,0.7215689785192354,0.6818354982006298,0.039733480318605574
one_another,1081,0.7292938880687233,0.669888764378896,0.05940512368982731
one_another,1082,0.7299323625972949,0.6726985611111895,0.05723380148610535
one_another,1083,0.7261312904673576,0.6863780483886389,0.039753242078718665
one_another,1084,0.7229165220865984,0.6397199930917037,0.08319652899489471
one_another,1085,0.7260542582311432,0.6891878451209325,0.03686641311021077
one_another,1086,0.7223685098197099,0.6818354982006298,0.04053301161908007
one_another,1087,0.7289115243875325,0.6863780483886389,0.042533475998893566
one_another,1088,0.7163925724657328,0.6863780483886389,0.03001452407709393
one_another,1089,0.7276067976085465,0.6846452949329234,0.04296150267562315
one_another,1090,0.7212881291482441,0.6488310118244329,0.07245711732381122
one_another,1091,0.726765094482151,0.6846452949329234,0.04211979954922762
one_another,1092,0.7120641786123963,0.6726985611111895,0.03936561750120682
one_another,1093,0.7219546152333696,0.6789997831116252,0.042954832121744335
one_another,1094,0.7258942079676206,0.6937563136656526,0.032137894301968006
one_another,1095,0.7278465745081142,0.6846452949329234,0.04320127957519082
one_another,1096,0.720936002556524,0.6965661103979461,0.024369892158577877
one_another,1097,0.7194679216939549,0.6607777456461668,0.058690176047788145
one_another,1098,0.7301146020456668,0.6562092771014465,0.07390532494422031
one_another,1099,0.7228114730155731,0.6800768263882031,0.04273464662737003
one_another,1100,0.7273815388906001,0.6772670296559096,0.05011450923469052
one_another,1101,0.7241037156868314,0.669888764378896,0.05421495130793541
one_another,1102,0.7288422523566661,0.6681560109231803,0.06068624143348578
one_another,1103,0.7180453752050702,0.6983247822103728,0.019720592994697417
one_another,1104,0.7263327019578675,0.6516667269134375,0.07466597504442996
one_another,1105,0.7173208957641384,0.6983247822103728,0.018996113553765626
one_another,1106,0.723449831801236,0.6892137634776434,0.034236068323592606
one_another,1107,0.7279642585034072,0.7057030474873864,0.022261211016020743
one_another,1108,0.72025439624284,0.6607777456461668,0.059476650596673286
one_another,1109,0.7235110332154405,0.6983247822103728,0.025186251005067772
one_another,1110,0.7197161608141874,0.6818354982006298,0.0378806626135576
one_another,1111,0.7172228356991368,0.7057030474873864,0.01151978821175037
one_another,1112,0.7186760801326072,0.7028932507550929,0.015782829377514296
one_another,1113,0.7124185374539863,0.6863780483886389,0.026040489065347394
one_another,1114,0.7277238624368876,0.6470982583687173,0.08062560406817032
one_another,1115,0.7236046511888866,0.6772670296559096,0.04633762153297705
one_another,1116,0.7213953139112863,0.6863780483886389,0.03501726552264739
one_another,1117,0.7238529378583276,0.6744313145669051,0.04942162329142252
one_another,1118,0.7262329105236404,0.6818095798439188,0.044423330679721595
one_another,1119,0.7331598100131345,0.7102715160321066,0.022888293981027874
one_another,1120,0.7221119128157059,0.6846452949329234,0.037466617882782494
one_another,1121,0.7184484491924122,0.6727244794679005,0.04572396972451176
one_another,1122,0.7241439538626611,0.669888764378896,0.054255189483765065
one_another,1123,0.7210224188834179,0.6846452949329234,0.03637712395049453
one_another,1124,0.7322085102561169,0.6863780483886389,0.04583046186747797
one_another,1125,0.7221686572200818,0.6727244794679006,0.04944417775218124
one_another,1126,0.7218137988600472,0.6681560109231804,0.05365778793686671
one_another,1127,0.7151527851633502,0.6744313145669051,0.04072147059644515
one_another,1128,0.7241188162298713,0.6891878451209325,0.034930971108938835
one_another,1129,0.7218491646433599,0.6681560109231803,0.053693153720179576
one_another,1130,0.7239219311442207,0.6772670296559097,0.046654901488310974
one_another,1131,0.7315520536247888,0.669888764378896,0.061663289245892816
one_another,1132,0.7243769483674701,0.6772670296559096,0.04710991871156056
one_another,1133,0.7218137988600472,0.6892137634776434,0.03260003538240375
one_another,1134,0.7196178002539575,0.6983247822103728,0.021293018043584744
one_another,1135,0.7156099878303657,0.6744313145669051,0.041178673263460586
one_another,1136,0.7222479398640315,0.6516667269134375,0.07058121295059394
one_another,1137,0.7224508086008953,0.6562092771014465,0.06624153149944878
one_another,1138,0.7212257543824456,0.6937563136656526,0.027469440716793025
one_another,1139,0.7244349698669946,0.6727244794679005,0.051710490399094144
one_another,1140,0.7231042195026495,0.6800768263882031,0.043027393114446366
one_another,1141,0.720977498967353,0.669888764378896,0.051088734588456974
one_another,1142,0.7163036181354643,0.6653202958341758,0.050983322301288436
one_another,1143,0.7155529272655323,0.6818354982006298,0.03371742906490249
one_another,1144,0.7245257460755188,0.6772670296559096,0.047258716419609215
one_another,1145,0.7157603882607085,0.6818354982006298,0.033924890060078705
one_another,1146,0.7230203727332227,0.6653202958341758,0.05770007689904688
one_another,1147,0.7213941829361892,0.6772670296559096,0.04412715328027961
one_another,1148,0.7220027822212484,0.6470982583687173,0.0749045238525311
one_another,1149,0.7194788481627031,0.6726985611111895,0.0467802870515136
one_another,1150,0.7196178002539576,0.6846452949329234,0.03497250532103424
one_another,1151,0.716304309469263,0.6727244794679005,0.04357983000136256
one_another,1152,0.7194105940096371,0.6846452949329234,0.034765299076713774
one_another,1153,0.7228230731387479,0.6818095798439188,0.04101349329482917
one_another,1154,0.7249232004923902,0.6772670296559096,0.04765617083648066
one_another,1155,0.7110694788503166,0.6909465169333591,0.020122961916957505
one_another,1156,0.7207687492432324,0.6562092771014465,0.06455947214178592
one_another,1157,0.7233445943339506,0.6562092771014465,0.0671353172325041
one_another,1158,0.721192560703716,0.6789997831116252,0.042192777592090724
one_another,1159,0.7253284372326578,0.6983247822103728,0.027003655022285078
one_another,1160,0.7296057566206082,0.6863780483886389,0.04322770823196931
one_another,1161,0.7260638723145697,0.6937563136656526,0.0323075586489171
one_another,1162,0.7203976397557602,0.6789997831116252,0.04139785664413498
one_another,1163,0.7257593893978453,0.6744313145669051,0.05132807483094026
one_another,1164,0.7152560836514789,0.6846452949329234,0.030610788718555493
one_another,1165,0.7253515883888649,0.7057030474873864,0.019648540901478495
one_another,1166,0.7243399755349446,0.6846452949329234,0.03969468060202119
one_another,1167,0.7208843927319868,0.6892137634776434,0.031670629254343385
one_another,1168,0.7221394729568245,0.6653202958341758,0.05681917712264861
one_another,1169,0.7218789362437001,0.6818354982006298,0.04004343804307031
one_another,1170,0.7210416279931433,0.6818095798439188,0.03923204814922454
one_another,1171,0.727280568139241,0.6607777456461668,0.06650282249307427
one_another,1172,0.7245803452727889,0.6983247822103728,0.026255563062416165
one_another,1173,0.7212523396832079,0.6983247822103728,0.022927557472835147
one_another,1174,0.725376855239904,0.6727244794679005,0.052652375772003546
one_another,1175,0.7208887122134211,0.6562092771014465,0.0646794351119746
one_another,1176,0.718370513328057,0.6892137634776434,0.02915674985041361
one_another,1177,0.7218491646433599,0.6800768263882031,0.041772338255156805
one_another,1178,0.7278660568134868,0.6653202958341757,0.06254576097931108
one_another,1179,0.723109586971232,0.6937563136656526,0.029353273305579353
one_another,1180,0.7124036972841188,0.6681560109231803,0.044247686360938454
one_another,1181,0.7238239067106123,0.6681560109231803,0.05566789578743192
one_another,1182,0.7236002818762731,0.6653202958341758,0.058279986042097276
one_another,1183,0.7262959578637285,0.7057030474873864,0.020592910376342033
one_another,1184,0.7251571381567413,0.6635875423784602,0.06156959577828114
one_another,1185,0.7233445943339505,0.6397199930917037,0.0836246012422468
one_another,1186,0.7244541610007241,0.6772670296559096,0.04718713134481456
one_another,1187,0.7134380790648963,0.6516667269134375,0.06177135215145879
one_another,1188,0.7153084738218922,0.6681560109231803,0.04715246289871189
one_another,1189,0.7166087898367415,0.6635875423784603,0.053021247458281184
one_another,1190,0.7218847731009455,0.6562092771014465,0.06567549599949896
one_another,1191,0.7228114730155731,0.6892137634776434,0.03359770953792973
one_another,1192,0.7204332100190515,0.6681560109231803,0.05227719909587114
one_another,1193,0.7215746529912411,0.6892137634776434,0.032360889513597724
one_another,1194,0.730843845809832,0.669888764378896,0.060955081430935976
one_another,1195,0.7215835385818823,0.7057030474873864,0.015880491094495852
one_another,1196,0.7289148937462193,0.6635875423784602,0.06532735136775913
one_another,1197,0.7210224188834179,0.669888764378896,0.0511336545045219
one_another,1198,0.7255546892958981,0.6744313145669051,0.051123374728992976
one_another,1199,0.7241037156868313,0.6892137634776434,0.03488995220918789
one_another,1200,0.7147685615351096,0.6818354982006298,0.03293306333447976
one_another,1201,0.7198552134523831,0.6681560109231804,0.05169920252920268
one_another,1202,0.7265821297288405,0.6726985611111895,0.05388356861765098
one_another,1203,0.7325884386327631,0.6892137634776434,0.043374675155119724
one_another,1204,0.7213953139112864,0.6579420305571622,0.06345328335412426
one_another,1205,0.7163925724657328,0.6818095798439188,0.03458299262181408
one_another,1206,0.723874362786231,0.6607777456461668,0.0630966171400642
one_another,1207,0.726765094482151,0.6772670296559096,0.04949806482624142
one_another,1208,0.7160320031980864,0.6818095798439188,0.034222423354167586
one_another,1209,0.7205684511080979,0.6488310118244329,0.07173743928366494
one_another,1210,0.7277489279062924,0.6772670296559096,0.05048189825038285
one_another,1211,0.7242247620819899,0.6818354982006298,0.042389263881360106
one_another,1212,0.7326659106183233,0.7011345789426663,0.031531331675657026
one_another,1213,0.721796760155495,0.6863780483886389,0.03541871176685607
one_another,1214,0.7205941208734353,0.6909465169333591,0.02964760394007626
one_another,1215,0.7243935813885805,0.6726985611111895,0.051695020277390924
one_another,1216,0.718954295390865,0.669888764378896,0.04906553101196898
one_another,1217,0.7211925607037158,0.6681560109231803,0.053036549780535513
one_another,1218,0.7328367785364185,0.6562092771014465,0.07662750143497199
one_another,1219,0.7200217276187375,0.6846452949329234,0.03537643268581414
one_another,1220,0.7157087670875717,0.6983247822103728,0.017383984877198944
one_another,1221,0.7152708865312039,0.6892137634776434,0.02605712305356045
one_another,1222,0.7220688500952076,0.6891878451209325,0.03288100497427515
one_another,1223,0.717750010782012,0.6937563136656526,0.023993697116359347
one_another,1224,0.7302815858153662,0.6653202958341758,0.06496128998119033
one_another,1225,0.7290709389908349,0.6488310118244329,0.08023992716640194
one_another,1226,0.7194105940096371,0.6772670296559096,0.04214356435372757
one_another,1227,0.7255972668759555,0.6562092771014465,0.069387989774509
one_another,1228,0.7155619025355373,0.669888764378896,0.04567313815664131
one_another,1229,0.7186760801326073,0.6727244794679005,0.045951600664706826
one_another,1230,0.7180992299872121,0.6909465169333591,0.027152713053853028
one_another,1231,0.7182474377563115,0.6744313145669051,0.04381612318940642
one_another,1232,0.7315434060096992,0.6579420305571622,0.07360137545253709
one_another,1233,0.7209069036090892,0.669888764378896,0.05101813923019316
one_another,1234,0.7211507077489201,0.7011345789426663,0.020016128806253808
one_another,1235,0.7249021427155347,0.6772670296559097,0.04763511305962498
one_another,1236,0.7305956623873457,0.6772670296559096,0.053328632731436176
one_another,1237,0.7225503579151085,0.6892137634776434,0.03333659443746506
one_another,1238,0.7302815858153662,0.6892137634776434,0.04106782233772277
one_another,1239,0.718918714792771,0.6653202958341758,0.053598418958595184
one_another,1240,0.7231215229278096,0.6635875423784602,0.05953398054934944
one_another,1241,0.7231710920730887,0.6846452949329234,0.03852579714016535
one_another,1242,0.7225695891319791,0.6772670296559096,0.04530255947606954
one_another,1243,0.7166693802690767,0.6726985611111895,0.04397081915788714
one_another,1244,0.7229337629769037,0.6772670296559097,0.045666733320994024
one_another,1245,0.7253284372326578,0.7102715160321066,0.015056921200551243
one_another,1246,0.717676025379097,0.6653202958341757,0.05235572954492129
one_another,1247,0.7164903623789148,0.7028932507550929,0.013597111623821934
one_another,1248,0.7244541610007241,0.6937563136656526,0.030697847335071526
one_another,1249,0.7278990189808301,0.6818095798439188,0.046089439136911325
one_another,1250,0.734855973899423,0.6892137634776434,0.04564221042177963
one_another,1251,0.714659930154839,0.6516667269134375,0.06299320324140145
one_another,1252,0.7225832030956,0.6727244794679006,0.049858723627699386
one_another,1253,0.7226780636744067,0.6863780483886389,0.03630001528576776
one_another,1254,0.7246177635390811,0.6635875423784602,0.06103022116062096
one_another,1255,0.7166693802690768,0.6607777456461668,0.055891634622910025
one_another,1256,0.7251427368060158,0.6892137634776434,0.035928973328372416
one_another,1257,0.7176005293668931,0.6937822320223637,0.02381829734452945
one_another,1258,0.7205627434640394,0.7028932507550929,0.017669492708946466
one_another,1259,0.7183661253786866,0.7057030474873864,0.012663077891300167
one_another,1260,0.7272764551171409,0.6800768263882031,0.04719962872893779
one_another,1261,0.7243007652901449,0.6863780483886389,0.03792271690150595
one_another,1262,0.7245750896664732,0.6846452949329234,0.03992979473354985
one_another,1263,0.722428977760688,0.6863780483886389,0.03605092937204912
one_another,1264,0.7228327671065831,0.6772670296559097,0.04556573745067338
one_another,1265,0.7243399755349446,0.6937563136656526,0.030583661869291956
one_another,1266,0.7225112682853722,0.6653202958341758,0.05719097245119631
one_another,1267,0.7201733022843184,0.6681560109231803,0.052017291361138085
one_another,1268,0.7239877643705124,0.669888764378896,0.05409899999161638
one_another,1269,0.7254956374434091,0.669888764378896,0.05560687306451306
one_another,1270,0.7317536805109376,0.6562092771014465,0.07554440340949109
one_another,1271,0.7180224881995623,0.669888764378896,0.048133723820666274
one_another,1272,0.7183705133280571,0.6579420305571622,0.060428482770894965
one_another,1273,0.7241439538626611,0.6863780483886389,0.03776590547402214
one_another,1274,0.7217032567160195,0.6772670296559097,0.044436227060109856
one_another,1275,0.7140331264531977,0.6818095798439188,0.03222354660927895
one_another,1276,0.715162678137529,0.6863780483886389,0.028784629748890067
one_another,1277,0.723954848976388,0.6772670296559096,0.046687819320478385
one_another,1278,0.7309581893455068,0.6818354982006298,0.049122691144876995
one_another,1279,0.7219750918869925,0.6727244794679005,0.04925061241909201
one_another,1280,0.7139971399615944,0.6818354982006298,0.03216164176096459
one_another,1281,0.7221685816841575,0.6744313145669051,0.04773726711725246
one_another,1282,0.725937366340803,0.6397199930917037,0.08621737324909928
one_another,1283,0.7194944798517272,0.6772670296559097,0.04222745019581753
one_another,1284,0.7313322070858173,0.6726985611111895,0.058633645974627724
one_another,1285,0.7215792062963953,0.6727244794679005,0.04885472682849479
one_another,1286,0.7183757176964758,0.6397199930917037,0.0786557246047721
one_another,1287,0.719036402679287,0.6727244794679006,0.04631192321138644
one_another,1288,0.7256990855206072,0.7057030474873864,0.01999603803322081
one_another,1289,0.7226643742611155,0.6772670296559096,0.04539734460520595
one_another,1290,0.7300802234762288,0.6681560109231804,0.06192421255304836
one_another,1291,0.7169868259001195,0.6909465169333591,0.02604030896676046
one_another,1292,0.7300817869135319,0.7057030474873864,0.024378739426145435
one_another,1293,0.7149309504869208,0.6891878451209325,0.02574310536598834
one_another,1294,0.7197161608141874,0.6892137634776434,0.03050239733654403
one_another,1295,0.720295672598283,0.6818354982006298,0.038460174397653146
one_another,1296,0.7198616224885764,0.6983247822103728,0.021536840278203684
one_another,1297,0.7220907218155734,0.6846452949329234,0.03744542688265007
one_another,1298,0.7274134042982882,0.6772670296559096,0.05014637464237859
one_another,1299,0.7125213812794118,0.6892137634776434,0.023307617801768377
one_another,1300,0.716779713873017,0.6562092771014466,0.06057043677157037
one_another,1301,0.7298219584936214,0.6891878451209325,0.04063411337268896
one_another,1302,0.7187131330572559,0.6681560109231803,0.050557122134075594
one_another,1303,0.7250764853932129,0.6818095798439188,0.04326690554929413
one_another,1304,0.7264586496112754,0.6863780483886389,0.04008060122263646
one_another,1305,0.7334434408749622,0.7011345789426663,0.032308861932295874
one_another,1306,0.7209717332666078,0.6607777456461668,0.060193987620441036
one_another,1307,0.7246251414415028,0.6516667269134375,0.07295841452806529
one_another,1308,0.7156467750790747,0.7057030474873864,0.009943727591688267
one_another,1309,0.7236023227554047,0.6726985611111895,0.05090376164421517
one_another,1310,0.7200425445620013,0.7057030474873864,0.014339497074614904
one_another,1311,0.7157087670875717,0.6772670296559096,0.038441737431662126
one_another,1312,0.7191366690688455,0.6818354982006298,0.037301170868215716
one_another,1313,0.7275070558363916,0.6470982583687173,0.08040879746767438
one_another,1314,0.717653464123193,0.6607777456461668,0.056875718477026216
one_another,1315,0.7228271093741363,0.6562092771014465,0.0666178322726898
one_another,1316,0.7251000808794777,0.7057030474873864,0.019397033392091312
one_another,1317,0.7152708865312037,0.6306089743589745,0.08466191217222929
one_another,1318,0.7241037156868313,0.6863780483886389,0.03772566729819238
one_another,1319,0.7277489279062923,0.6818354982006298,0.04591342970566248
one_another,1320,0.718918714792771,0.6892137634776434,0.029704951315127626
one_another,1321,0.717600529366893,0.669888764378896,0.04771176498799701
one_another,1322,0.7243935813885805,0.6983247822103728,0.026068799178207702
one_another,1323,0.7239612466184224,0.6727244794679005,0.051236767150521945
one_another,1324,0.7257103355219152,0.6681560109231804,0.057554324598734774
one_another,1325,0.723109586971232,0.669888764378896,0.05322082259233596
one_another,1326,0.729096103288838,0.6892137634776434,0.0398823398111946
one_another,1327,0.7227908176518287,0.669888764378896,0.052902053272932736
one_another,1328,0.7220723207374374,0.6726985611111895,0.049373759626247904
one_another,1329,0.7209069036090892,0.6772670296559097,0.043639873953179475
one_another,1330,0.7216693614062065,0.6744313145669051,0.04723804683930144
one_another,1331,0.7142319464995474,0.6863780483886389,0.027853898110908437
one_another,1332,0.7138817487120463,0.6681560109231803,0.04572573778886602
one_another,1333,0.7102078022156114,0.6818354982006298,0.028372304014981586
one_another,1334,0.730843845809832,0.6562092771014465,0.07463456870838547
one_another,1335,0.726064513905875,0.6937563136656526,0.03230820024022241
one_another,1336,0.7255700124740443,0.6516667269134375,0.07390328556060677
one_another,1337,0.7210416279931432,0.6579420305571622,0.06309959743598104
one_another,1338,0.7247579679571603,0.6635875423784602,0.061170425578700116
one_another,1339,0.7199013928504764,0.6653202958341757,0.05458109701630065
one_another,1340,0.7261922130418583,0.6562092771014466,0.06998293594041172
one_another,1341,0.7185113312496052,0.6653202958341757,0.053191035415429466
one_another,1342,0.7211507077489201,0.6863780483886389,0.03477265936028118
one_another,1343,0.7253137611583514,0.6607777456461668,0.06453601551218469
one_another,1344,0.7283037771751297,0.6818354982006298,0.0464682789744999
one_another,1345,0.7224660827449443,0.6744313145669051,0.0480347681780392
one_another,1346,0.7298219584936214,0.6726985611111895,0.057123397382431884
one_another,1347,0.7207199787251956,0.6818354982006298,0.03888448052456572
one_another,1348,0.7275070558363917,0.6863780483886389,0.04112900744775283
one_another,1349,0.7243550705129722,0.6846452949329234,0.039709775580048845
one_another,1350,0.7153705869982505,0.6681560109231804,0.04721457607507007
one_another,1351,0.726815863294235,0.6726985611111895,0.054117302183045446
one_another,1352,0.7233445943339505,0.669888764378896,0.05345582995505449
one_another,1353,0.7179590309277432,0.669888764378896,0.04807026654884716
one_another,1354,0.7148615530497777,0.6892137634776434,0.025647789572134316
one_another,1355,0.7057470885963677,0.6983247822103728,0.007422306385994948
one_another,1356,0.7286579199146606,0.6681560109231804,0.06050190899148011
one_another,1357,0.7315954500141264,0.6772670296559096,0.05432842035821683
one_another,1358,0.7267499424279218,0.6562092771014465,0.0705406653264753
one_another,1359,0.7244480021501224,0.6744313145669051,0.05001668758321731
one_another,1360,0.7273815388906001,0.6818095798439188,0.04557195904668132
one_another,1361,0.7300802234762289,0.6818095798439188,0.04827064363231015
one_another,1362,0.7314564979228719,0.7057030474873864,0.025753450435485492
one_another,1363,0.7228912383999265,0.6562092771014465,0.06668196129848003
one_another,1364,0.7194105940096371,0.6818354982006298,0.03757509580900731
one_another,1365,0.7300802234762289,0.6818095798439188,0.04827064363231015
one_another,1366,0.7228056014166666,0.6891878451209325,0.03361775629573416
one_another,1367,0.7231487586420839,0.6726985611111895,0.050450197530894414
one_another,1368,0.7202443968144498,0.6846452949329234,0.035599101881526485
one_another,1369,0.7180453752050703,0.6653202958341758,0.052725079370894434
one_another,1370,0.7197381995983302,0.669888764378896,0.04984943521943419
one_another,1371,0.7318223233184833,0.6772670296559097,0.05455529366257361
one_another,1372,0.720493331009715,0.6772670296559096,0.04322630135380545
one_another,1373,0.7211507077489202,0.6846452949329234,0.03650541281599684
one_another,1374,0.7245257460755187,0.6800768263882031,0.04444891968731557
one_another,1375,0.7207199787251957,0.669888764378896,0.05083121434629967
one_another,1376,0.7147685615351095,0.6726985611111895,0.04207000042391995
one_another,1377,0.7251615739593429,0.6983247822103728,0.026836791748970135
one_another,1378,0.7203976397557602,0.6726985611111895,0.04769907864457068
one_another,1379,0.7174316717382968,0.6562092771014465,0.06122239463685031
one_another,1380,0.7209842759994308,0.7057030474873864,0.015281228512044387
one_another,1381,0.709008799608764,0.6635875423784603,0.04542125723030366
one_another,1382,0.7187090273789482,0.6983247822103728,0.0203842451685754
one_another,1383,0.7169868259001195,0.6470982583687173,0.06988856753140227
one_another,1384,0.7277489279062924,0.6681560109231803,0.05959291698311209
one_another,1385,0.7248967563788806,0.6470982583687173,0.07779849801016336
one_another,1386,0.7255546892958982,0.6909465169333591,0.0346081723625391
one_another,1387,0.7266461038086881,0.6726985611111895,0.053947542697498574
one_another,1388,0.7199651900884966,0.6772670296559097,0.042698160432586896
one_another,1389,0.7200425445620013,0.6818095798439188,0.038232964718082574
one_another,1390,0.7163616144724674,0.6562092771014465,0.06015233737102088
one_another,1391,0.7225036670271323,0.6818354982006298,0.04066816882650248
one_another,1392,0.7249529275465592,0.6607777456461668,0.0641751819003924
one_another,1393,0.7238239067106123,0.7028932507550929,0.02093065595551935
one_another,1394,0.7229106555605673,0.7057030474873864,0.01720760807318089
one_another,1395,0.7260504054021789,0.6818095798439188,0.044240825558260144
one_another,1396,0.7187060601878815,0.6818354982006298,0.03687056198725169
one_another,1397,0.7216868915895199,0.6818354982006298,0.0398513933888901
one_another,1398,0.7252253062753862,0.6818095798439188,0.043415726431467405
one_another,1399,0.7194105940096372,0.6937822320223637,0.025628361987273585
one_another,1400,0.7280773540260077,0.6863780483886389,0.04169930563736879
one_another,1401,0.7163036181354643,0.6891878451209325,0.02711577301453183
one_another,1402,0.7237977238632298,0.6772670296559096,0.046530694207320256
one_another,1403,0.7255435324650307,0.6937822320223637,0.031761300442667006
one_another,1404,0.7281157504371867,0.6726985611111895,0.05541718932599715
one_another,1405,0.714878998530905,0.6863780483886389,0.028500950142266057
one_another,1406,0.7267103344976538,0.7057030474873864,0.021007287010267328
one_another,1407,0.7265003149020023,0.669888764378896,0.05661155052310629
one_another,1408,0.7131221348025192,0.6488310118244329,0.06429112297808626
one_another,1409,0.7246924555937625,0.669888764378896,0.0548036912148665
one_another,1410,0.7229150520507396,0.6562092771014465,0.06670577494929308
one_another,1411,0.7221394729568246,0.6818354982006298,0.04030397475619474
one_another,1412,0.7268244117448878,0.6562092771014466,0.07061513464344116
one_another,1413,0.7304889810097742,0.6579420305571622,0.07254695045261206
one_another,1414,0.7233471201069754,0.6653202958341757,0.058026824272799704
one_another,1415,0.7175623543708594,0.6635875423784602,0.053974811992399174
one_another,1416,0.7246177635390811,0.6846452949329234,0.039972468606157774
one_another,1417,0.7202753175737129,0.6607777456461668,0.05949757192754612
one_another,1418,0.7265892292543157,0.6909465169333591,0.035642712320956615
one_another,1419,0.7155619025355373,0.6892137634776434,0.026348139057893905
one_another,1420,0.7220723207374374,0.6937822320223637,0.02829008871507377
one_another,1421,0.7212574627962094,0.6846452949329234,0.03661216786328603
one_another,1422,0.7183661253786867,0.6726985611111895,0.045667564267497185
one_another,1423,0.733835659446952,0.6653202958341758,0.0685153636127761
one_another,1424,0.7270832694266497,0.6891878451209325,0.03789542430571724
one_another,1425,0.7239219311442207,0.6892137634776434,0.03470816766657725
one_another,1426,0.7217111908861069,0.6818354982006298,0.03987569268547708
one_another,1427,0.7261675534780977,0.6892137634776434,0.03695379000045429
one_another,1428,0.7160118120353608,0.6744313145669051,0.04158049746845571
one_another,1429,0.7151348124026669,0.6772670296559097,0.03786778274675717
one_another,1430,0.7200425445620013,0.6607777456461668,0.05926479891583458
one_another,1431,0.7245739812871902,0.6909465169333591,0.03362746435383113
one_another,1432,0.7189507777378049,0.6607777456461668,0.058173032091638155
one_another,1433,0.7204933310097149,0.6937563136656526,0.026737017344062308
one_another,1434,0.7271587652944965,0.6772670296559096,0.049891735638586954
one_another,1435,0.7302815858153663,0.6846452949329234,0.04563629088244292
one_another,1436,0.7154610305395719,0.6891878451209325,0.026273185418639433
one_another,1437,0.7160312719810615,0.6937822320223637,0.02224903995869787
one_another,1438,0.7179308718582986,0.6818354982006298,0.036095373657668794
one_another,1439,0.7268479794556508,0.6726985611111895,0.0541494183444613
one_another,1440,0.7228114730155732,0.6983247822103728,0.024486690805200495
one_another,1441,0.7228114730155731,0.6635875423784602,0.059223930637112954
one_another,1442,0.7243794827188853,0.6937563136656526,0.0306231690532327
one_another,1443,0.7194944798517274,0.6789997831116252,0.0404946967401022
one_another,1444,0.7230203727332227,0.6726985611111895,0.0503218116220332
one_another,1445,0.7175263755745797,0.669888764378896,0.04763761119568366
one_another,1446,0.7179590309277432,0.6488310118244329,0.06912801910331023
one_another,1447,0.7199010610627065,0.6818354982006298,0.03806556286207663
one_another,1448,0.7181114863748949,0.669888764378896,0.04822272199599886
one_another,1449,0.7272443272780563,0.6306089743589745,0.09663535291908187
one_another,1450,0.7252253062753862,0.6983247822103728,0.02690052406501342
one_another,1451,0.7248238600311775,0.6937563136656526,0.03106754636552489
one_another,1452,0.709509363805211,0.7057030474873864,0.0038063163178245762
one_another,1453,0.7253675013975465,0.6983247822103728,0.027042719187173714
one_another,1454,0.7228114730155731,0.6744313145669051,0.048380158448668054
one_another,1455,0.7203976397557602,0.6772670296559096,0.04313061009985064
one_another,1456,0.7312223990702335,0.6818095798439188,0.049412819226314686
one_another,1457,0.7186760801326073,0.6772670296559096,0.04140905047669774
one_another,1458,0.7054765815326876,0.6909465169333591,0.014530064599328485
one_another,1459,0.7139106942981326,0.6681560109231803,0.045754683374952254
one_another,1460,0.7203222990897504,0.6562092771014465,0.06411302198830393
one_another,1461,0.7246924555937625,0.6772670296559097,0.047425425937852816
one_another,1462,0.7245739812871901,0.6607777456461668,0.06379623564102332
one_another,1463,0.728322316511236,0.669888764378896,0.05843355213234003
one_another,1464,0.7230027285007306,0.6579420305571622,0.06506069794356839
one_another,1465,0.7234637680419451,0.6726985611111895,0.05076520693075559
one_another,1466,0.7239659006255683,0.6579420305571622,0.06602387006840615
one_another,1467,0.7240837769952087,0.6562092771014465,0.06787449989376215
one_another,1468,0.7252253062753862,0.6670530492898914,0.058172256985494775
one_another,1469,0.7296455502402461,0.6772670296559097,0.05237852058433645
one_another,1470,0.7177620142297023,0.6607777456461668,0.05698426858353556
one_another,1471,0.7224474326242587,0.6488310118244329,0.07361642079982578
one_another,1472,0.7244480021501224,0.7028932507550929,0.021554751395029492
one_another,1473,0.7172228356991367,0.6772670296559097,0.039955806043227016
one_another,1474,0.7238614731073678,0.6846452949329234,0.03921617817444445
one_another,1475,0.7228056014166667,0.6983247822103728,0.02448081920629397
one_another,1476,0.73508241048608,0.6846452949329234,0.050437115553156664
one_another,1477,0.7192997981960856,0.6726985611111895,0.04660123708489605
one_another,1478,0.7138817487120461,0.6772670296559096,0.03661471905613656
one_another,1479,0.724105737568674,0.6607777456461668,0.06332799192250727
one_another,1480,0.7220955672451808,0.6653202958341757,0.056775271411005024
one_another,1481,0.7188941055754787,0.6863780483886389,0.03251605718683981
one_another,1482,0.7192614283847724,0.6562092771014466,0.06305215128332575
one_another,1483,0.7264859055456608,0.6772670296559096,0.04921887588975127
one_another,1484,0.7201488436504366,0.6846452949329234,0.03550354871751327
one_another,1485,0.7208843927319869,0.669888764378896,0.050995628353090905
one_another,1486,0.7179590309277433,0.6909465169333591,0.027012513994384202
one_another,1487,0.7251000808794776,0.6772670296559096,0.04783305122356807
one_another,1488,0.7139971399615945,0.6681560109231803,0.0458411290384142
one_another,1489,0.7269092622467225,0.6607777456461668,0.06613151660055572
one_another,1490,0.7249918384484574,0.6818354982006298,0.04315634024782755
one_another,1491,0.7186665295475256,0.7057030474873864,0.012963482060139198
one_another,1492,0.7185028884388495,0.6681560109231803,0.05034687751566913
one_another,1493,0.7236002818762731,0.6726985611111895,0.05090172076508359
one_another,1494,0.7245305174589504,0.6607777456461668,0.0637527718127836
one_another,1495,0.7213953139112864,0.6937563136656526,0.027639000245633816
one_another,1496,0.7144416393307956,0.6397199930917037,0.07472164623909194
one_another,1497,0.7247579679571603,0.6937563136656526,0.031001654291507696
one_another,1498,0.7171031834482078,0.6983247822103728,0.01877840123783503
one_another,1499,0.7119419811358495,0.6863780483886389,0.025563932747210583
one_another,1500,0.7279642585034072,0.6653202958341757,0.06264396266923145
one_another,1501,0.7299753569748175,0.6772670296559097,0.052708327318907844
one_another,1502,0.7201709770511748,0.6607777456461668,0.05939323140500807
one_another,1503,0.7255234202310449,0.6653202958341758,0.060203124396869034
one_another,1504,0.7113675928059754,0.6892137634776434,0.022153829328331986
one_another,1505,0.7169409952064547,0.6607777456461668,0.05616324956028795
one_another,1506,0.7213632772610907,0.6727244794679006,0.048638797793190136
one_another,1507,0.7298219584936215,0.6488310118244329,0.0809909466691886
one_another,1508,0.7221119128157059,0.6744313145669051,0.047680598248800776
one_another,1509,0.7238743627862312,0.6937822320223637,0.03009213076386752
one_another,1510,0.7318223233184833,0.6607777456461668,0.07104457767231653
one_another,1511,0.7267499424279217,0.6892137634776434,0.037536178950278276
one_another,1512,0.7313382263769375,0.7057030474873864,0.025635178889551025
one_another,1513,0.7253444808516695,0.6863780483886389,0.038966432463030554
one_another,1514,0.724580345272789,0.6681560109231804,0.056424334349608585
one_another,1515,0.7270498531693763,0.6726985611111895,0.054351292058186784
one_another,1516,0.729846272803854,0.6562092771014465,0.07363699570240745
one_another,1517,0.7242149058313244,0.7011345789426663,0.02308032688865813
one_another,1518,0.7382792225638222,0.6863780483886389,0.05190117417518325
one_another,1519,0.7236002818762731,0.6562092771014465,0.06739100477482662
one_another,1520,0.7248967563788806,0.6937563136656526,0.031140442713228023
one_another,1521,0.7268922029023014,0.6772670296559097,0.04962517324639171
one_another,1522,0.7139971399615946,0.6726985611111895,0.04129857885040511
one_another,1523,0.7248400240245413,0.6909465169333591,0.03389350709118222
one_another,1524,0.7220723207374374,0.6983247822103728,0.023747538527064682
one_another,1525,0.7194679216939549,0.6818354982006298,0.03763242349332507
one_another,1526,0.7230203727332227,0.6818354982006298,0.0411848745325929
one_another,1527,0.724843919309771,0.6937563136656526,0.031087605644118388
one_another,1528,0.7248238600311775,0.6744313145669051,0.05039254546427241
one_another,1529,0.7278660568134868,0.6937563136656526,0.034109743147834215
one_another,1530,0.7271587652944964,0.6607777456461668,0.06638101964832965
one_another,1531,0.7297551116873724,0.6892137634776434,0.04054134820972899
one_another,1532,0.7244480021501225,0.6681560109231803,0.05629199122694217
one_another,1533,0.717676025379097,0.7028932507550929,0.014782774624004125
one_another,1534,0.7271713711489378,0.6772670296559096,0.04990434149302825
one_another,1535,0.7296455502402461,0.6607777456461668,0.06886780459407937
one_another,1536,0.7201276432145013,0.6562092771014465,0.06391836611305479
one_another,1537,0.7137158670690329,0.6726985611111895,0.041017305957843364
one_another,1538,0.7160118120353607,0.6965661103979461,0.019445701637414547
one_another,1539,0.7305988780225255,0.6818095798439188,0.04878929817860678
one_another,1540,0.7254502786669786,0.6937563136656526,0.03169396500132604
one_another,1541,0.7156099878303657,0.6516667269134375,0.06394326091692815
one_another,1542,0.720799085999969,0.6983247822103728,0.02247430378959625
one_another,1543,0.7280205428436703,0.6892137634776434,0.038806779366026944
one_another,1544,0.7210505059032957,0.6846452949329234,0.036405210970372304
one_another,1545,0.7228114730155731,0.6681560109231803,0.054655462092392804
one_another,1546,0.7289285010353821,0.6909465169333591,0.037981984102023025
one_another,1547,0.7225557570134119,0.6863780483886389,0.036177708624772986
one_another,1548,0.7318796982044057,0.6983247822103728,0.03355491599403293
one_another,1549,0.7178002162418642,0.6863780483886389,0.03142216785322527
one_another,1550,0.7194105940096371,0.6562092771014466,0.06320131690819053
one_another,1551,0.7123652669615016,0.6516667269134375,0.060698540048064076
one_another,1552,0.7196178002539575,0.6983247822103728,0.021293018043584744
one_another,1553,0.7314936168626787,0.6744313145669051,0.05706230229577358
one_another,1554,0.7260981595029179,0.6488310118244329,0.07726714767848497
one_another,1555,0.7212881291482441,0.6653202958341758,0.055967833314068294
one_another,1556,0.7259106687267763,0.6892137634776434,0.03669690524913294
one_another,1557,0.712591189769856,0.7102715160321066,0.002319673737749439
one_another,1558,0.7251297420697387,0.6470982583687173,0.07803148370102142
one_another,1559,0.7274328464325541,0.6800768263882031,0.04735602004435102
one_another,1560,0.723109586971232,0.6800768263882031,0.04303276058302885
one_another,1561,0.7301004905428947,0.669888764378896,0.060211726163998724
one_another,1562,0.7271810661329235,0.6681560109231803,0.059025055209743216
one_another,1563,0.7288909056055187,0.6726985611111895,0.056192344494329194
one_another,1564,0.724454161000724,0.669888764378896,0.05456539662182802
one_another,1565,0.7228912383999265,0.6681560109231803,0.054735227476746195
one_another,1566,0.7175600605431735,0.6937822320223637,0.023777828520809785
one_another,1567,0.7220723207374374,0.7028932507550929,0.019179069982344532
one_another,1568,0.7161308720206204,0.6470982583687173,0.06903261365190316
one_another,1569,0.7249971228975645,0.6891878451209325,0.03580927777663201
one_another,1570,0.7205776440292215,0.6818354982006298,0.0387421458285917
one_another,1571,0.7212881291482441,0.6653202958341758,0.055967833314068294
one_another,1572,0.7220907218155733,0.6562092771014466,0.06588144471412671
one_another,1573,0.7235110332154406,0.6892137634776434,0.03429726973779723
one_another,1574,0.7275070558363917,0.6607777456461668,0.06672931019022499
one_another,1575,0.7274531659598856,0.6607777456461668,0.06667542031371887
one_another,1576,0.7233445943339505,0.6744313145669051,0.0489132797670454
one_another,1577,0.7270827819543704,0.6846452949329234,0.04243748702144701
one_another,1578,0.7187131330572559,0.6397199930917037,0.07899313996555224
one_another,1579,0.7192679339979713,0.6772670296559096,0.04200090434206172
one_another,1580,0.7054765815326876,0.6681560109231804,0.03732057060950711
one_another,1581,0.7260118919629135,0.6516667269134375,0.07434516504947597
one_another,1582,0.7269272318990695,0.6863780483886389,0.040549183510430575
one_another,1583,0.7212005780818648,0.6397199930917037,0.08148058499016109
one_another,1584,0.7220907218155733,0.6562092771014465,0.06588144471412682
one_another,1585,0.720222710330654,0.6892137634776434,0.03100894685301059
one_another,1586,0.7116657067616341,0.6772670296559097,0.03439867710572442
one_another,1587,0.7096281395333882,0.6579420305571622,0.05168610897622605
one_another,1588,0.72025439624284,0.6470982583687173,0.07315613787412278
one_another,1589,0.7185723368851772,0.6726985611111895,0.04587377577398766
one_another,1590,0.7233445943339505,0.6562092771014466,0.06713531723250388
one_another,1591,0.7217463480399806,0.6818354982006298,0.03991084983935078
one_another,1592,0.7230422982409671,0.6983247822103728,0.024717516030594355
one_another,1593,0.7219546152333696,0.6891878451209325,0.032766770112437116
one_another,1594,0.7301146020456668,0.6846452949329234,0.04546930711274344
one_another,1595,0.7277238624368876,0.6607777456461668,0.06694611679072082
one_another,1596,0.7224508086008954,0.7102715160321066,0.012179292568788802
one_another,1597,0.7245257460755188,0.6937563136656526,0.030769432409866182
one_another,1598,0.7267103344976538,0.6892137634776434,0.03749657102001036
one_another,1599,0.7228114730155732,0.6800768263882031,0.04273464662737014
one_another,1600,0.7251739881754614,0.6846452949329234,0.04052869324253805
one_another,1601,0.7214986461998364,0.6789997831116252,0.04249886308821116
one_another,1602,0.7265208778934229,0.6818354982006298,0.04468537969279307
one_another,1603,0.7270409584322552,0.669888764378896,0.05715219405335925
one_another,1604,0.7220955672451808,0.6562092771014466,0.06588629014373415
one_another,1605,0.7236220022369,0.6607777456461668,0.06284425659073323
one_another,1606,0.7231451200883892,0.6562092771014466,0.06693584298694255
one_another,1607,0.7322085102561168,0.669888764378896,0.06231974587722078
one_another,1608,0.7304521709190472,0.6488310118244329,0.08162115909461432
one_another,1609,0.7207042640516353,0.6306089743589745,0.0900952896926609
one_another,1610,0.7278723393177906,0.6937822320223637,0.03409010729542694
one_another,1611,0.7149257411600732,0.6892137634776434,0.025711977682429832
one_another,1612,0.7276318283834678,0.7028932507550929,0.024738577628374947
one_another,1613,0.7088109253948105,0.6937563136656526,0.015054611729157896
one_another,1614,0.717856847371103,0.6562092771014466,0.06164757026965639
one_another,1615,0.7235110332154405,0.6818354982006298,0.041675535014810694
one_another,1616,0.715949506502088,0.6562092771014465,0.0597402294006415
one_another,1617,0.723449831801236,0.6772670296559097,0.04618280214532633
one_another,1618,0.7231720437970994,0.6670530492898914,0.05611899450720803
one_another,1619,0.7263602158148758,0.6607777456461668,0.065582470168709
one_another,1620,0.7284482883076051,0.6727244794679005,0.055723808839704625
one_another,1621,0.7209680914929287,0.6579420305571622,0.06302606093576657
one_another,1622,0.7230111403582052,0.6681560109231803,0.05485512943502491
one_another,1623,0.7227283329600332,0.6488310118244329,0.07389732113560032
one_another,1624,0.7202227103306539,0.6653202958341758,0.054902414496478036
one_another,1625,0.7111561345698469,0.6818354982006298,0.029320636369217112
one_another,1626,0.732588438632763,0.6772670296559096,0.05532140897685345
one_another,1627,0.7235262527337406,0.6937563136656526,0.029769939068088003
one_another,1628,0.7207687492432324,0.6516667269134375,0.0691020223297949
one_another,1629,0.7206646081005362,0.6818354982006298,0.0388291098999064
one_another,1630,0.7289148937462194,0.6846452949329234,0.04426959881329606
one_another,1631,0.7200217276187375,0.6965661103979461,0.02345561722079137
one_another,1632,0.7252253062753862,0.6937822320223637,0.03144307425302251
one_another,1633,0.7205202234893336,0.6772670296559097,0.043253193833423964
one_another,1634,0.7144737478199055,0.6937563136656526,0.020717434154252867
one_another,1635,0.7270832694266496,0.6488310118244329,0.07825225760221666
one_another,1636,0.7143465283040183,0.6607777456461668,0.05356878265785159
one_another,1637,0.7302815858153662,0.6653202958341758,0.06496128998119033
one_another,1638,0.7283819859381293,0.6937563136656526,0.034625672272476704
one_another,1639,0.7265003149020024,0.7057030474873864,0.02079726741461596
one_another,1640,0.720695753711419,0.6863780483886389,0.03431770532278011
one_another,1641,0.7232129192597818,0.6635875423784602,0.059625376881321634
one_another,1642,0.731140571224475,0.6562092771014465,0.07493129412302846
one_another,1643,0.7322382686410935,0.6846452949329234,0.04759297370817017
one_another,1644,0.7248967563788806,0.6607777456461668,0.06411901073271387
one_another,1645,0.7326659106183234,0.6846452949329234,0.04802061568540006
one_another,1646,0.725771541551004,0.6562092771014466,0.06956226444955738
one_another,1647,0.724684597392914,0.6772670296559097,0.04741756773700434
one_another,1648,0.7160320031980864,0.6397199930917037,0.07631201010638267
one_another,1649,0.7221808106357386,0.7102715160321066,0.011909294603631992
one_another,1650,0.7261934556286261,0.6397199930917037,0.08647346253692245
one_another,1651,0.723109586971232,0.6726985611111895,0.050411025860042424
one_another,1652,0.724952927546559,0.6909465169333591,0.03400641061319998
one_another,1653,0.7231451200883892,0.6892137634776434,0.033931356610745755
one_another,1654,0.7243935813885805,0.6846452949329234,0.03974828645565709
one_another,1655,0.7181114863748949,0.7102715160321066,0.007839970342788272
one_another,1656,0.7239877643705125,0.6726985611111895,0.05128920325932296
one_another,1657,0.7160320031980864,0.6772670296559097,0.03876497354217667
one_another,1658,0.7150819633859302,0.6653202958341757,0.049761667551754485
one_another,1659,0.718241391714304,0.669888764378896,0.048352627335408016
one_another,1660,0.7234887917754693,0.6681560109231804,0.055332780852288876
one_another,1661,0.7180579838847847,0.6772670296559096,0.04079095422887513
one_another,1662,0.725579354391683,0.6726985611111895,0.05288079328049344
one_another,1663,0.7166693802690767,0.7102715160321066,0.0063978642369700855
one_another,1664,0.7244994083810196,0.6562092771014466,0.06829013127957295
one_another,1665,0.7281874190643711,0.6772670296559097,0.05092038940846144
one_another,1666,0.7166693802690767,0.6891878451209325,0.02748153514814422
one_another,1667,0.7156099878303659,0.6937563136656526,0.021853674164713288
one_another,1668,0.7246251414415028,0.6562092771014465,0.06841586434005631
one_another,1669,0.7325921343063688,0.6562092771014465,0.07638285720492233
one_another,1670,0.7172228356991367,0.6516667269134375,0.06555610878569917
one_another,1671,0.7270681370397792,0.6488310118244329,0.07823712521534631
one_another,1672,0.7176005293668931,0.6488310118244329,0.06876951754246019
one_another,1673,0.7338895349495942,0.6607777456461668,0.07311178930342743
one_another,1674,0.722393970005385,0.6772670296559096,0.0451269403494754
one_another,1675,0.7246924555937625,0.6818354982006298,0.042856957393132666
one_another,1676,0.7143366586333167,0.7057030474873864,0.008633611145930309
one_another,1677,0.728643295846852,0.6470982583687173,0.08154503747813469
one_another,1678,0.7172419817228791,0.6562092771014465,0.06103270462143262
one_another,1679,0.7252659525408622,0.6937822320223637,0.03148372051849857
one_another,1680,0.7278465745081141,0.6726985611111895,0.055148013396924545
one_another,1681,0.7143063903966018,0.6516667269134375,0.0626396634831643
one_another,1682,0.7218137988600472,0.6846452949329234,0.037168503927123786
one_another,1683,0.7234964388063794,0.6892137634776434,0.03428267532873597
one_another,1684,0.7197895709619025,0.6937563136656526,0.026033257296249945
one_another,1685,0.7124185374539864,0.6607777456461668,0.051640791807819664
one_another,1686,0.7199919565983449,0.6846452949329234,0.03534666166542155
one_another,1687,0.7245305174589504,0.6789997831116252,0.04553073434732513
one_another,1688,0.7212881291482441,0.6846452949329234,0.036642834215320774
one_another,1689,0.7161457753278332,0.6909465169333591,0.025199258394474122
one_another,1690,0.7222166136403393,0.7028932507550929,0.019323362885246387
one_another,1691,0.7152704691586431,0.6863780483886389,0.0288924207700042
one_another,1692,0.725750470463749,0.6863780483886389,0.03937242207511005
one_another,1693,0.7241084842278591,0.6892137634776434,0.03489472075021571
one_another,1694,0.7236217279467001,0.6488310118244329,0.07479071612226718
one_another,1695,0.7253675013975465,0.6772670296559096,0.0481004717416369
one_another,1696,0.7245257460755187,0.6846452949329234,0.03988045114259531
one_another,1697,0.7185575740100256,0.6516667269134375,0.0668908470965881
one_another,1698,0.7297551116873724,0.6488310118244329,0.08092409986293947
one_another,1699,0.722734339691513,0.6846452949329234,0.03808904475858965
one_another,1700,0.7189170643683199,0.7057030474873864,0.013214016880933488
one_another,1701,0.7256418390834786,0.6937563136656526,0.031885525417825966
one_another,1702,0.7183757176964758,0.6607777456461668,0.05759797205030903
one_another,1703,0.7283819859381293,0.669888764378896,0.05849322155923331
one_another,1704,0.7236722356467354,0.6846452949329234,0.039026940713812075
one_another,1705,0.722120320420425,0.6846452949329234,0.03747502548750159
one_another,1706,0.7191945999724237,0.6607777456461668,0.058416854326256984
one_another,1707,0.7251000808794774,0.7028932507550929,0.022206830124384513
one_another,1708,0.7234964388063796,0.6653202958341758,0.05817614297220375
one_another,1709,0.7163616144724674,0.6772670296559096,0.03909458481655781
one_another,1710,0.7211507077489201,0.6653202958341757,0.05583041191474436
one_another,1711,0.7255496576029072,0.6892137634776434,0.036335894125263835
one_another,1712,0.7181229475362279,0.6397199930917037,0.07840295444452416
one_another,1713,0.7246767197809196,0.6818354982006298,0.0428412215802898
one_another,1714,0.7262092988976688,0.6983247822103728,0.02788451668729608
one_another,1715,0.725076485393213,0.669888764378896,0.055187721014317015
one_another,1716,0.7228160681799348,0.6983247822103728,0.02449128596956207
one_another,1717,0.7282114518305179,0.6937563136656526,0.03445513816486534
one_another,1718,0.7254502786669789,0.7102715160321066,0.015178762634872278
one_another,1719,0.7240859323631367,0.6653202958341758,0.05876563652896083
one_another,1720,0.7262151543449394,0.6863780483886389,0.03983710595630052
one_another,1721,0.7185028884388495,0.6681560109231803,0.05034687751566913
one_another,1722,0.7201192561003388,0.6516667269134375,0.06845252918690126
one_another,1723,0.7243550705129721,0.6937563136656526,0.030598756847319497
one_another,1724,0.7169209636574161,0.6727244794679005,0.044196484189515606
one_another,1725,0.7227425847290861,0.6727244794679006,0.05001810526118555
one_another,1726,0.7211507077489201,0.6562092771014465,0.0649414306474736
one_another,1727,0.7204332100190515,0.6772670296559096,0.043166180363141904
one_another,1728,0.7274328464325541,0.6772670296559096,0.050165816776644556
one_another,1729,0.7307264316535435,0.6892137634776434,0.04151266817590005
one_another,1730,0.7239091291080989,0.6607777456461668,0.06313138346193214
one_another,1731,0.7145879825265714,0.6937563136656526,0.020831668860918806
one_another,1732,0.7189187147927711,0.6846452949329234,0.034273419859847776
one_another,1733,0.7241439538626612,0.6892137634776434,0.03493019038501777
one_another,1734,0.7187788582859639,0.6516667269134375,0.06711213137252636
one_another,1735,0.7168064603106445,0.6653202958341758,0.0514861644764687
one_another,1736,0.7326659106183234,0.6470982583687173,0.08556765224960616
one_another,1737,0.7117246599406739,0.7102715160321066,0.0014531439085673226
one_another,1738,0.7296936442928915,0.6789997831116252,0.050693861181266286
one_another,1739,0.7206646081005362,0.6909465169333591,0.029718091167177163
one_another,1740,0.7192679339979714,0.7011345789426663,0.01813335505530511
one_another,1741,0.7247579679571605,0.6892137634776434,0.035544204479517116
one_another,1742,0.7255700124740443,0.6727244794679005,0.05284553300614381
one_another,1743,0.7173208957641383,0.6744313145669051,0.042889581197233184
one_another,1744,0.7217463480399805,0.669888764378896,0.051857583661084505
one_another,1745,0.720277595950117,0.7011345789426663,0.01914301700745069
one_another,1746,0.7210971999556277,0.6726985611111895,0.04839863884443818
one_another,1747,0.7257593893978455,0.6818095798439188,0.04394980955392669
one_another,1748,0.7250974866288828,0.6772670296559096,0.04783045697297328
one_another,1749,0.7188709588040194,0.6653202958341758,0.053550662969843565
one_another,1750,0.7203976397557602,0.6744313145669051,0.04596632518885513
one_another,1751,0.7255341334498709,0.6635875423784602,0.06194659107141076
one_another,1752,0.7172419817228791,0.6891878451209325,0.028054136601946666
one_another,1753,0.7171031834482078,0.6635875423784603,0.05351564106974749
one_another,1754,0.722444786450381,0.669888764378896,0.05255602207148502
one_another,1755,0.7228114730155731,0.6846452949329234,0.03816617808264977
one_another,1756,0.7289115243875323,0.6863780483886389,0.042533475998893344
one_another,1757,0.7175605560030014,0.6607777456461668,0.056782810356834634
one_another,1758,0.7225557570134119,0.7102715160321066,0.012284240981305317
one_another,1759,0.7288703215386965,0.6653202958341757,0.06355002570452073
one_another,1760,0.7182645977322932,0.6653202958341757,0.052944301898117496
one_another,1761,0.7251000808794777,0.6726985611111895,0.05240151976828822
one_another,1762,0.731857620429339,0.6818095798439188,0.05004804058542023
one_another,1763,0.7221808106357386,0.6818354982006298,0.04034531243510875
one_another,1764,0.7245257460755188,0.6772670296559096,0.047258716419609215
one_another,1765,0.7283037771751297,0.6727244794679006,0.055579297707229136
one_another,1766,0.7293834413380307,0.669888764378896,0.059494676959134685
one_another,1767,0.7221302289995143,0.6891878451209325,0.03294238387858184
one_another,1768,0.7238396545845613,0.6488310118244329,0.07500864276012842
one_another,1769,0.7172353595702462,0.6772670296559096,0.03996832991433663
one_another,1770,0.7272411884804479,0.669888764378896,0.057352424101551946
one_another,1771,0.7261870346738976,0.6653202958341757,0.06086673883972182
one_another,1772,0.7167089037004011,0.6772670296559096,0.03944187404449151
one_another,1773,0.7202868393564441,0.6562092771014465,0.06407756225499761
one_another,1774,0.7259106687267761,0.669888764378896,0.056021904347880125
one_another,1775,0.7214388589020607,0.6909465169333591,0.030492341968701653
one_another,1776,0.7231720437970994,0.6909465169333591,0.03222552686374036
one_another,1777,0.7224686588770759,0.6818354982006298,0.04063316067644607
one_another,1778,0.7202775959501169,0.6397199930917037,0.08055760285841318
one_another,1779,0.7260578854654232,0.6772670296559096,0.04879085580951359
one_another,1780,0.7284067664415201,0.6562092771014465,0.07219748934007364
one_another,1781,0.7234964388063796,0.6726985611111895,0.05079787769519006
one_another,1782,0.718370513328057,0.7011345789426663,0.017235934385390728
one_another,1783,0.7270960266822658,0.6891878451209325,0.037908181561333354
one_another,1784,0.7187060601878815,0.6397199930917037,0.07898606709617784
one_another,1785,0.7225832030955999,0.7057030474873864,0.016880155608213432
one_another,1786,0.7260504054021789,0.6607777456461668,0.06527265975601215
one_another,1787,0.7154673193352019,0.6772670296559096,0.03820028967929234
one_another,1788,0.7220907218155734,0.6937563136656526,0.02833440814992083
one_another,1789,0.7238239067106123,0.6818354982006298,0.04198840850998242
one_another,1790,0.7211507077489201,0.6726985611111895,0.048452146637730564
one_another,1791,0.7229227994424882,0.6909465169333591,0.031976282509129095
one_another,1792,0.7116657067616341,0.6726985611111895,0.03896714565044457
one_another,1793,0.7297474361902825,0.6772670296559096,0.052480406534372914
one_another,1794,0.7286663921331666,0.6818095798439188,0.04685681228924787
one_another,1795,0.7294594223768853,0.6635875423784602,0.06587187999842514
one_another,1796,0.7194909682505676,0.6846452949329234,0.03484567331764421
one_another,1797,0.7128608999511342,0.7011345789426663,0.011726321008467933
one_another,1798,0.72422763211986,0.6909465169333591,0.0332811151865009
one_another,1799,0.725937366340803,0.6772670296559096,0.0486703366848934
one_another,1800,0.7180649465235069,0.6562092771014465,0.061855669422060444
one_another,1801,0.716247489900011,0.6726985611111895,0.04354892878882144
one_another,1802,0.7282293693875213,0.6789997831116252,0.04922958627589602
one_another,1803,0.7310567741449491,0.6772670296559097,0.05378974448903939
one_another,1804,0.7163657557956632,0.6772670296559096,0.039098726139753626
one_another,1805,0.7242434316130555,0.6818354982006298,0.04240793341242566
one_another,1806,0.7204332100190515,0.6937563136656526,0.02667689635339887
one_another,1807,0.719036402679287,0.6772670296559096,0.041769373023377465
one_another,1808,0.7203982859398654,0.6516667269134375,0.06873155902642791
one_another,1809,0.7248268578672936,0.6846452949329234,0.04018156293437025
one_another,1810,0.7217463480399805,0.6789997831116252,0.04274656492835527
one_another,1811,0.7267499424279217,0.7028932507550929,0.023856691672828778
one_another,1812,0.7165707460340267,0.6727244794679006,0.04384626656612611
one_another,1813,0.7190347823252035,0.6607777456461668,0.0582570366790367
one_another,1814,0.7321235204390245,0.6653202958341758,0.06680322460484867
one_another,1815,0.7216868915895198,0.6681560109231804,0.053530880666339375
one_another,1816,0.7182312735014715,0.6488310118244329,0.06940026167703861
one_another,1817,0.7228271093741364,0.6681560109231803,0.05467109845095608
one_another,1818,0.7315954500141264,0.6516667269134375,0.07992872310068888
one_another,1819,0.7213953139112864,0.6681560109231804,0.053239302988105974
one_another,1820,0.7210505059032956,0.6607777456461668,0.0602727602571288
one_another,1821,0.7260504054021789,0.6983247822103728,0.02772562319180616
one_another,1822,0.7190977201120765,0.6863780483886389,0.03271967172343759
one_another,1823,0.7231215229278096,0.6863780483886389,0.036743474539170706
one_another,1824,0.7243769483674701,0.7057030474873864,0.018673900880083694
one_another,1825,0.7198616224885763,0.6397199930917037,0.08014162939687264
one_another,1826,0.7359476263129444,0.6726985611111895,0.06324906520175488
one_another,1827,0.7264586496112756,0.7057030474873864,0.02075560212388916
one_another,1828,0.7210971999556276,0.6937563136656526,0.027340886289974997
one_another,1829,0.7279731018053156,0.6983247822103728,0.02964831959494285
one_another,1830,0.7331598100131345,0.6818095798439188,0.051350230169215694
one_another,1831,0.7197161608141874,0.6937563136656526,0.02595984714853483
one_another,1832,0.7198115910088698,0.6488310118244329,0.0709805791844369
one_another,1833,0.7167089037004012,0.6653202958341757,0.051388607866225455
one_another,1834,0.7210505059032957,0.6516667269134375,0.06938377898985815
one_another,1835,0.7213632772610908,0.6937563136656526,0.02760696359543824
one_another,1836,0.723604651188887,0.6470982583687173,0.07650639282016969
one_another,1837,0.7236460270366256,0.6397199930917037,0.08392603394492193
one_another,1838,0.714487110530606,0.6800768263882031,0.03441028414240288
one_another,1839,0.7148789985309049,0.6863780483886389,0.028500950142265946
one_another,1840,0.7258220780979096,0.6937822320223637,0.032039846075545886
one_another,1841,0.7152704691586432,0.6744313145669051,0.04083915459173815
one_another,1842,0.7286663921331666,0.6579420305571622,0.07072436157600448
one_another,1843,0.7184543883751564,0.669888764378896,0.04856562399626041
one_another,1844,0.7239877643705124,0.6635875423784602,0.060400221992052194
one_another,1845,0.7224959067100458,0.6863780483886389,0.036117858321406904
one_another,1846,0.7274134042982885,0.6846452949329234,0.042768109365365126
one_another,1847,0.7236217279467,0.6818354982006298,0.04178622974607016
one_another,1848,0.7253284372326578,0.6397199930917037,0.08560844414095414
one_another,1849,0.7245257460755188,0.6653202958341757,0.05920545024134305
one_another,1850,0.7321235204390245,0.6937563136656526,0.03836720677337191
one_another,1851,0.7297949237383448,0.6726985611111895,0.05709636262715523
one_another,1852,0.7207143880305317,0.6681560109231804,0.05255837710735123
one_another,1853,0.7286579199146606,0.6607777456461668,0.0678801742684938
one_another,1854,0.7191509060260586,0.6744313145669051,0.044719591459153496
one_another,1855,0.7051170911743931,0.6681560109231803,0.03696108025121281
one_another,1856,0.7230417348108539,0.6892137634776434,0.03382797133321047
one_another,1857,0.7178443087334526,0.669888764378896,0.04795554435455662
one_another,1858,0.7314564979228719,0.6909465169333591,0.04050998098951286
one_another,1859,0.7249021427155349,0.669888764378896,0.055013378336638885
one_another,1860,0.7257103355219152,0.6818354982006298,0.04387483732128539
one_another,1861,0.7228056014166666,0.7102715160321066,0.012534085384560023
one_another,1862,0.7155960453151954,0.6397199930917037,0.0758760522234917
one_another,1863,0.716304309469263,0.6863780483886389,0.029926261080624128
one_another,1864,0.7237950823770385,0.669888764378896,0.053906317998142494
one_another,1865,0.7179583444205568,0.6800768263882031,0.037881518032353734
one_another,1866,0.7214961619178268,0.6983247822103728,0.023171379707454087
one_another,1867,0.7282121714842673,0.7011345789426663,0.027077592541601025
one_another,1868,0.7269194789114364,0.6937822320223637,0.03313724688907271
one_another,1869,0.7264586496112756,0.6726985611111895,0.05376008850008607
one_another,1870,0.7212119137275476,0.6846452949329234,0.036566618794624195
one_another,1871,0.7217463480399805,0.6562092771014466,0.06553707093853389
one_another,1872,0.719478848162703,0.6863780483886389,0.033100799774064105
one_another,1873,0.7311560035259268,0.6579420305571622,0.07321397296876464
one_another,1874,0.7275203965482184,0.6516667269134375,0.07585366963478091
one_another,1875,0.725096949385073,0.6727244794679005,0.05237246991717248
one_another,1876,0.7178832872973652,0.6818354982006298,0.03604778909673534
one_another,1877,0.7198616224885763,0.7057030474873864,0.014158575001189888
one_another,1878,0.7255234202310449,0.6681560109231803,0.05736740930786455
one_another,1879,0.7155864261428845,0.6562092771014465,0.05937714904143798
one_another,1880,0.7228114730155731,0.6488310118244329,0.07398046119114021
one_another,1881,0.7217967601554951,0.6727244794679005,0.049072280687594616
one_another,1882,0.7157836789199313,0.6653202958341758,0.05046338308575549
one_another,1883,0.729960910584876,0.6818354982006298,0.04812541238424617
one_another,1884,0.723954848976388,0.6818095798439188,0.04214526913246919
one_another,1885,0.7179590309277432,0.7028932507550929,0.015065780172650256
one_another,1886,0.7166308481137789,0.6800768263882031,0.03655402172557576
one_another,1887,0.7288776792036584,0.669888764378896,0.05898891482476243
one_another,1888,0.7194105940096371,0.6983247822103728,0.021085811799264387
one_another,1889,0.7201709770511748,0.6909465169333591,0.029224460117815765
one_another,1890,0.7237771698927659,0.6892137634776434,0.034563406415122455
one_another,1891,0.7234030283585042,0.6516667269134375,0.07173630144506671
one_another,1892,0.7237276198053725,0.6607777456461668,0.06294987415920572
one_another,1893,0.7199010610627063,0.6772670296559096,0.04263403140679678
one_another,1894,0.7153084738218922,0.6516667269134375,0.0636417469084547
one_another,1895,0.7192679339979713,0.6937563136656526,0.025511620332318685
one_another,1896,0.7267499424279217,0.6846452949329234,0.042104647494998315
one_another,1897,0.7214961619178268,0.6892137634776434,0.032282398440183435
one_another,1898,0.7213175321007385,0.7102715160321066,0.01104601606863187
one_another,1899,0.7233445943339505,0.6789997831116252,0.04434481122232525
one_another,1900,0.7257593893978455,0.6772670296559096,0.048492359741935886
one_another,1901,0.7273815388906001,0.6607777456461668,0.06660379324443333
one_another,1902,0.7239219311442208,0.6579420305571622,0.0659799005870586
one_another,1903,0.7236220022369,0.6516667269134375,0.07195527532346246
one_another,1904,0.720493331009715,0.6892137634776434,0.03127956753207162
one_another,1905,0.7344875223604647,0.6727244794679005,0.06176304289256418
one_another,1906,0.7255700124740443,0.6516667269134375,0.07390328556060677
one_another,1907,0.7245287946062154,0.6983247822103728,0.02620401239584269
one_another,1908,0.7315434060096994,0.6937563136656526,0.03778709234404676
one_another,1909,0.7218491646433596,0.6653202958341758,0.05652886880918373
one_another,1910,0.7288909056055187,0.6892137634776434,0.03967714212787532
one_another,1911,0.7247032785727274,0.6772670296559096,0.04743624891681786
one_another,1912,0.726351410634636,0.6983247822103728,0.02802662842426329
one_another,1913,0.7044826742327117,0.7057030474873864,-0.0012203732546747226
one_another,1914,0.7242149058313242,0.6681560109231803,0.056058894908143864
one_another,1915,0.7259491293929182,0.6892137634776434,0.03673536591527482
one_another,1916,0.7239877643705125,0.6562092771014466,0.06777848726906588
one_another,1917,0.7197161608141874,0.6863780483886389,0.033338112425548516
one_another,1918,0.721780410108106,0.6863780483886389,0.03540236171946709
one_another,1919,0.7224100267713646,0.6983247822103728,0.024085244560991814
one_another,1920,0.7283819859381293,0.6653202958341757,0.06306169010395357
one_another,1921,0.7192614283847723,0.6937563136656526,0.025505114719119648
one_another,1922,0.7235110332154406,0.7057030474873864,0.0178079857280542
one_another,1923,0.7191050272050871,0.669888764378896,0.04921626282619107
one_another,1924,0.7280205428436703,0.6772670296559097,0.05075351318776067
one_another,1925,0.7183757176964758,0.6607777456461668,0.05759797205030903
one_another,1926,0.7112986825999543,0.6818095798439188,0.029489102756035557
one_another,1927,0.722306299728942,0.6726985611111895,0.04960773861775247
one_another,1928,0.7171975497356681,0.6846452949329234,0.03255225480274471
one_another,1929,0.7203988978357101,0.6727244794679005,0.04767441836780961
one_another,1930,0.7297892074718954,0.6891878451209325,0.0406013623509629
one_another,1931,0.7187090273789482,0.6846452949329234,0.034063732446024786
one_another,1932,0.7291476919456771,0.6772670296559096,0.05188066228976751
one_another,1933,0.7083570124606591,0.6772670296559096,0.031089982804749505
one_another,1934,0.7211925607037158,0.6562092771014465,0.06498328360226935
one_another,1935,0.7315016199831263,0.6772670296559096,0.05423459032721678
one_another,1936,0.7196980795558928,0.6892137634776434,0.030484316078249418
one_another,1937,0.7290709389908347,0.6818095798439188,0.04726135914691598
one_another,1938,0.7288776792036584,0.6726985611111895,0.056179118092468894
one_another,1939,0.7161439345442043,0.6892137634776434,0.026930171066560926
one_another,1940,0.7232129192597818,0.6772670296559097,0.045945889603872136
one_another,1941,0.7332576790696449,0.6562092771014466,0.07704840196819829
one_another,1942,0.7221631844339795,0.669888764378896,0.05227442005508354
one_another,1943,0.7250974866288826,0.6726985611111895,0.052398925517693096
one_another,1944,0.7238239067106123,0.6863780483886389,0.037445858321973335
one_another,1945,0.7263327019578675,0.7102715160321066,0.01606118592576089
one_another,1946,0.7143776539771058,0.6772670296559097,0.03711062432119616
one_another,1947,0.719049303873399,0.6562092771014465,0.06284002677195255
one_another,1948,0.723449831801236,0.6863780483886389,0.03707178341259709
one_another,1949,0.722251211430436,0.6863780483886389,0.03587316304179711
one_another,1950,0.7172419817228791,0.6744313145669051,0.042810667155974036
one_another,1951,0.7116657067616341,0.6800768263882031,0.031588880373430994
one_another,1952,0.7238091471710992,0.6937563136656526,0.03005283350544663
one_another,1953,0.7109916275459408,0.6818095798439188,0.02918204770202204
one_another,1954,0.7182312735014715,0.6681560109231803,0.0500752625782912
one_another,1955,0.7331598100131345,0.6516667269134375,0.08149308309969694
one_another,1956,0.7212389100009222,0.6726985611111895,0.04854034888973269
one_another,1957,0.724843919309771,0.6846452949329234,0.040198624376847625
one_another,1958,0.7243794827188854,0.6681560109231803,0.05622347179570508
one_another,1959,0.7227539279738427,0.6818354982006298,0.040918429773212917
one_another,1960,0.7209268632344218,0.7148399845768267,0.006086878657595052
one_another,1961,0.7298219584936215,0.6516667269134375,0.078155231580184
one_another,1962,0.7225695891319791,0.6909465169333591,0.03162307219862004
one_another,1963,0.7285314873561016,0.6726985611111895,0.055832926244912096
one_another,1964,0.7237276198053725,0.6681560109231803,0.05557160888219215
one_another,1965,0.7280205428436701,0.6635875423784603,0.06443300046520983
one_another,1966,0.7183757176964758,0.6653202958341758,0.053055421862299945
one_another,1967,0.7195492404855142,0.6937563136656526,0.02579292681986156
one_another,1968,0.7212881291482441,0.6772670296559097,0.04402109949233446
one_another,1969,0.7166693802690767,0.7057030474873864,0.010966332781690236
one_another,1970,0.7198616224885764,0.6397199930917037,0.08014162939687275
one_another,1971,0.7244923649987485,0.669888764378896,0.05460360061985248
one_another,1972,0.7240837769952088,0.6937563136656526,0.03032746332955616
one_another,1973,0.717958344420557,0.6727244794679005,0.045233864952656466
one_another,1974,0.7187144519064005,0.6579420305571622,0.060772421349238326
one_another,1975,0.7212005780818648,0.6818095798439188,0.03939099823794601
one_another,1976,0.7205220277142975,0.6892137634776434,0.031308264236654115
one_another,1977,0.7185694955875709,0.6726985611111895,0.04587093447638135
one_another,1978,0.7273815388906001,0.6846452949329234,0.04273624395767672
one_another,1979,0.7143465283040183,0.6306089743589745,0.0837375539450439
one_another,1980,0.7198616224885763,0.6772670296559096,0.042594592832666756
one_another,1981,0.7261870346738976,0.6653202958341758,0.06086673883972171
one_another,1982,0.723604651188887,0.6772670296559096,0.04633762153297738
one_another,1983,0.7190364026792871,0.669888764378896,0.04914763830039115
one_another,1984,0.731857620429339,0.6863780483886389,0.04547957204070008
one_another,1985,0.7092207171273214,0.6635875423784603,0.04563317474886108
one_another,1986,0.7315864057275807,0.6772670296559097,0.05431937607167103
one_another,1987,0.7191998326092884,0.6772670296559096,0.04193280295337887
one_another,1988,0.7224660827449443,0.6681560109231804,0.05431007182176384
one_another,1989,0.7179308718582985,0.6846452949329234,0.03328557692537515
one_another,1990,0.7261870346738976,0.6579420305571622,0.0682450041167354
one_another,1991,0.7239482859648317,0.6772670296559096,0.04668125630892217
one_another,1992,0.7245803452727889,0.6681560109231804,0.056424334349608474
one_another,1993,0.728187419064371,0.6744313145669051,0.05375610449746593
one_another,1994,0.7241439538626612,0.6983247822103728,0.02581917165228842
one_another,1995,0.7281794586643076,0.6681560109231803,0.06002344774112722
one_another,1996,0.7262136314030199,0.6891878451209325,0.037025786282087414
one_another,1997,0.7333432272694621,0.669888764378896,0.06345446289056611
one_another,1998,0.7206363547485277,0.7102715160321066,0.010364838716421132
one_another,1999,0.7231215229278098,0.6937822320223637,0.02933929090544618
one_another,2000,0.7284067664415201,0.6863780483886389,0.04202871805288122
