lemma,role,family,pool,holdout,drop,metric,d_pronoun,d_compound,delta,signed_control_margin
anybody,compound_anchor,C:any,full,item,none,jaccard,0.7815811418872559,0.4590281180386543,0.3225530238486016,0.3225530238486016
anybody,compound_anchor,C:any,full,item,none,dice,0.6432312265405868,0.3106954660723741,0.3325357604682127,0.3325357604682127
anybody,compound_anchor,C:any,full,item,none,hamming,0.2416851441241685,0.1073593073593073,0.1343258367648611,0.1343258367648611
anybody,compound_anchor,C:any,full,item,none,idf_jaccard,0.9251021427160832,0.6350805091707427,0.2900216335453405,0.2900216335453405
anybody,compound_anchor,C:any,full,family,none,jaccard,0.7815811418872559,0.5044136489488781,0.2771674929383778,0.2771674929383778
anybody,compound_anchor,C:any,full,family,none,dice,0.6432312265405868,0.3458677081590187,0.2973635183815681,0.2973635183815681
anybody,compound_anchor,C:any,full,family,none,hamming,0.2416851441241685,0.1195887445887445,0.1220963995354239,0.1220963995354239
anybody,compound_anchor,C:any,full,family,none,idf_jaccard,0.9268928752024284,0.7099626827097741,0.2169301924926542,0.2169301924926542
anybody,compound_anchor,C:any,nonlocative,item,none,jaccard,0.7815811418872559,0.4041369243785648,0.377444217508691,0.377444217508691
anybody,compound_anchor,C:any,nonlocative,item,none,dice,0.6432312265405868,0.2615264241646027,0.3817048023759841,0.3817048023759841
anybody,compound_anchor,C:any,nonlocative,item,none,hamming,0.2416851441241685,0.0944510035419126,0.1472341405822558,0.1472341405822558
anybody,compound_anchor,C:any,nonlocative,item,none,idf_jaccard,0.9293076423447348,0.5961879065878937,0.333119735756841,0.333119735756841
anybody,compound_anchor,C:any,nonlocative,family,none,jaccard,0.7815811418872559,0.4500609094412151,0.3315202324460408,0.3315202324460408
anybody,compound_anchor,C:any,nonlocative,family,none,dice,0.6432312265405868,0.294085685848138,0.3491455406924488,0.3491455406924488
anybody,compound_anchor,C:any,nonlocative,family,none,hamming,0.2416851441241685,0.106060606060606,0.1356245380635624,0.1356245380635624
anybody,compound_anchor,C:any,nonlocative,family,none,idf_jaccard,0.929379414091132,0.6669045545725275,0.2624748595186045,0.2624748595186045
anyone,compound_anchor,C:any,full,item,none,jaccard,0.7815811418872559,0.4591554416953897,0.3224257001918661,0.3224257001918661
anyone,compound_anchor,C:any,full,item,none,dice,0.6432312265405868,0.3107403594506008,0.332490867089986,0.332490867089986
anyone,compound_anchor,C:any,full,item,none,hamming,0.2416851441241685,0.1073593073593073,0.1343258367648611,0.1343258367648611
anyone,compound_anchor,C:any,full,item,none,idf_jaccard,0.9251021427160832,0.635755957846751,0.2893461848693321,0.2893461848693321
anyone,compound_anchor,C:any,full,family,none,jaccard,0.7815811418872559,0.5045728035197974,0.2770083383674585,0.2770083383674585
anyone,compound_anchor,C:any,full,family,none,dice,0.6432312265405868,0.3459238248818021,0.2973074016587847,0.2973074016587847
anyone,compound_anchor,C:any,full,family,none,hamming,0.2416851441241685,0.1195887445887445,0.1220963995354239,0.1220963995354239
anyone,compound_anchor,C:any,full,family,none,idf_jaccard,0.9268928752024284,0.7106617451617226,0.2162311300407057,0.2162311300407057
anyone,compound_anchor,C:any,nonlocative,item,none,jaccard,0.7815811418872559,0.4043105475468404,0.3772705943404155,0.3772705943404155
anyone,compound_anchor,C:any,nonlocative,item,none,dice,0.6432312265405868,0.2615876424076391,0.3816435841329477,0.3816435841329477
anyone,compound_anchor,C:any,nonlocative,item,none,hamming,0.2416851441241685,0.0944510035419126,0.1472341405822558,0.1472341405822558
anyone,compound_anchor,C:any,nonlocative,item,none,idf_jaccard,0.9293076423447348,0.5969893391890945,0.3323183031556402,0.3323183031556402
anyone,compound_anchor,C:any,nonlocative,family,none,jaccard,0.7815811418872559,0.4502731155357741,0.3313080263514818,0.3313080263514818
anyone,compound_anchor,C:any,nonlocative,family,none,dice,0.6432312265405868,0.2941605081451824,0.3490707183954044,0.3490707183954044
anyone,compound_anchor,C:any,nonlocative,family,none,hamming,0.2416851441241685,0.106060606060606,0.1356245380635624,0.1356245380635624
anyone,compound_anchor,C:any,nonlocative,family,none,idf_jaccard,0.929379414091132,0.6677758407996522,0.2616035732914797,0.2616035732914797
anything,compound_anchor,C:any,full,item,none,jaccard,0.7810744291535543,0.4709966142375717,0.3100778149159826,0.3100778149159826
anything,compound_anchor,C:any,full,item,none,dice,0.6440816511584071,0.3138943692075377,0.3301872819508694,0.3301872819508694
anything,compound_anchor,C:any,full,item,none,hamming,0.2538802660753879,0.1142857142857142,0.1395945517896736,0.1395945517896736
anything,compound_anchor,C:any,full,item,none,idf_jaccard,0.9161526216469488,0.6349635394772997,0.281189082169649,0.281189082169649
anything,compound_anchor,C:any,full,family,none,jaccard,0.7810744291535543,0.5019959163412309,0.2790785128123234,0.2790785128123234
anything,compound_anchor,C:any,full,family,none,dice,0.6440816511584071,0.3397639672470365,0.3043176839113705,0.3043176839113705
anything,compound_anchor,C:any,full,family,none,hamming,0.2538802660753879,0.1239177489177489,0.129962517157639,0.129962517157639
anything,compound_anchor,C:any,full,family,none,idf_jaccard,0.9190432619363372,0.6931055078514691,0.225937754084868,0.225937754084868
anything,compound_anchor,C:any,nonlocative,item,none,jaccard,0.7810744291535543,0.4430385247307394,0.3380359044228149,0.3380359044228149
anything,compound_anchor,C:any,nonlocative,item,none,dice,0.6440816511584071,0.2888918816553667,0.3551897695030404,0.3551897695030404
anything,compound_anchor,C:any,nonlocative,item,none,hamming,0.2538802660753879,0.1086186540731995,0.1452616120021884,0.1452616120021884
anything,compound_anchor,C:any,nonlocative,item,none,idf_jaccard,0.918938386571074,0.6146863718333982,0.3042520147376757,0.3042520147376757
anything,compound_anchor,C:any,nonlocative,family,none,jaccard,0.7810744291535543,0.4695961053898581,0.3114783237636962,0.3114783237636962
anything,compound_anchor,C:any,nonlocative,family,none,dice,0.6440816511584071,0.3102050873253703,0.3338765638330368,0.3338765638330368
anything,compound_anchor,C:any,nonlocative,family,none,hamming,0.2538802660753879,0.1168831168831168,0.136997149192271,0.136997149192271
anything,compound_anchor,C:any,nonlocative,family,none,idf_jaccard,0.9203043596964796,0.6629727453572258,0.2573316143392539,0.2573316143392539
anywhere,compound_anchor,C:any,full,item,none,jaccard,0.8547436166810498,0.5504100141072689,0.3043336025737809,0.3043336025737809
anywhere,compound_anchor,C:any,full,item,none,dice,0.748614396356783,0.3887230846539551,0.3598913117028278,0.3598913117028278
anywhere,compound_anchor,C:any,full,item,none,hamming,0.2625910674691163,0.1272727272727272,0.135318340196389,0.135318340196389
anywhere,compound_anchor,C:any,full,item,none,idf_jaccard,0.9401441150240794,0.6776070658930401,0.2625370491310392,0.2625370491310392
anywhere,compound_anchor,C:any,full,family,none,jaccard,0.8547436166810498,0.5822675681391365,0.2724760485419133,0.2724760485419133
anywhere,compound_anchor,C:any,full,family,none,dice,0.748614396356783,0.4187969375784502,0.3298174587783327,0.3298174587783327
anywhere,compound_anchor,C:any,full,family,none,hamming,0.2625910674691163,0.1369047619047619,0.1256863055643544,0.1256863055643544
anywhere,compound_anchor,C:any,full,family,none,idf_jaccard,0.9402559958272266,0.7340729001271885,0.2061830957000381,0.2061830957000381
everybody,compound_anchor,C:every,full,item,none,jaccard,0.733660770843567,0.486750788332945,0.2469099825106219,0.2469099825106219
everybody,compound_anchor,C:every,full,item,none,dice,0.5830908793127139,0.3352698400939971,0.2478210392187167,0.2478210392187167
everybody,compound_anchor,C:every,full,item,none,hamming,0.2328159645232816,0.1229437229437229,0.1098722415795586,0.1098722415795586
everybody,compound_anchor,C:every,full,item,none,idf_jaccard,0.8916406141784952,0.6474611268593923,0.2441794873191028,0.2441794873191028
everybody,compound_anchor,C:every,full,family,none,jaccard,0.733660770843567,0.5417937156464114,0.1918670551971555,0.1918670551971555
everybody,compound_anchor,C:every,full,family,none,dice,0.5830908793127139,0.3781044666898412,0.2049864126228726,0.2049864126228726
everybody,compound_anchor,C:every,full,family,none,hamming,0.2328159645232816,0.137987012987013,0.0948289515362686,0.0948289515362686
everybody,compound_anchor,C:every,full,family,none,idf_jaccard,0.8946334789836573,0.7273796097156641,0.1672538692679932,0.1672538692679932
everybody,compound_anchor,C:every,nonlocative,item,none,jaccard,0.733660770843567,0.4332660743925186,0.3003946964510484,0.3003946964510484
everybody,compound_anchor,C:every,nonlocative,item,none,dice,0.5830908793127139,0.2857135915083819,0.297377287804332,0.297377287804332
everybody,compound_anchor,C:every,nonlocative,item,none,hamming,0.2328159645232816,0.1086186540731995,0.1241973104500821,0.1241973104500821
everybody,compound_anchor,C:every,nonlocative,item,none,idf_jaccard,0.8988811607764718,0.6095847601431171,0.2892964006333547,0.2892964006333547
everybody,compound_anchor,C:every,nonlocative,family,none,jaccard,0.733660770843567,0.491738782282214,0.2419219885613529,0.2419219885613529
everybody,compound_anchor,C:every,nonlocative,family,none,dice,0.5830908793127139,0.3277001243883807,0.2553907549243331,0.2553907549243331
everybody,compound_anchor,C:every,nonlocative,family,none,hamming,0.2328159645232816,0.1240981240981241,0.1087178404251575,0.1087178404251575
everybody,compound_anchor,C:every,nonlocative,family,none,idf_jaccard,0.899386422727194,0.6874112940484023,0.2119751286787917,0.2119751286787917
everyone,compound_anchor,C:every,full,item,none,jaccard,0.733660770843567,0.4868468357974134,0.2468139350461535,0.2468139350461535
everyone,compound_anchor,C:every,full,item,none,dice,0.5830908793127139,0.3353088036630601,0.2477820756496537,0.2477820756496537
everyone,compound_anchor,C:every,full,item,none,hamming,0.2328159645232816,0.1229437229437229,0.1098722415795586,0.1098722415795586
everyone,compound_anchor,C:every,full,item,none,idf_jaccard,0.8916406141784952,0.6480325504798081,0.243608063698687,0.243608063698687
everyone,compound_anchor,C:every,full,family,none,jaccard,0.733660770843567,0.541913774976997,0.1917469958665699,0.1917469958665699
everyone,compound_anchor,C:every,full,family,none,dice,0.5830908793127139,0.37815317115117,0.2049377081615438,0.2049377081615438
everyone,compound_anchor,C:every,full,family,none,hamming,0.2328159645232816,0.137987012987013,0.0948289515362686,0.0948289515362686
everyone,compound_anchor,C:every,full,family,none,idf_jaccard,0.8946334789836573,0.7279762693918036,0.1666572095918537,0.1666572095918537
everyone,compound_anchor,C:every,nonlocative,item,none,jaccard,0.733660770843567,0.4333970482077028,0.3002637226358641,0.3002637226358641
everyone,compound_anchor,C:every,nonlocative,item,none,dice,0.5830908793127139,0.2857667236480131,0.2973241556647007,0.2973241556647007
everyone,compound_anchor,C:every,nonlocative,item,none,hamming,0.2328159645232816,0.1086186540731995,0.1241973104500821,0.1241973104500821
everyone,compound_anchor,C:every,nonlocative,item,none,idf_jaccard,0.8988811607764718,0.6102778150908477,0.2886033456856242,0.2886033456856242
everyone,compound_anchor,C:every,nonlocative,family,none,jaccard,0.733660770843567,0.4918988613896615,0.2417619094539054,0.2417619094539054
everyone,compound_anchor,C:every,nonlocative,family,none,dice,0.5830908793127139,0.3277650636701522,0.2553258156425616,0.2553258156425616
everyone,compound_anchor,C:every,nonlocative,family,none,hamming,0.2328159645232816,0.1240981240981241,0.1087178404251575,0.1087178404251575
everyone,compound_anchor,C:every,nonlocative,family,none,idf_jaccard,0.899386422727194,0.6881675480338149,0.2112188746933792,0.2112188746933792
everything,compound_anchor,C:every,full,item,none,jaccard,0.7565489242797919,0.4680903516042834,0.2884585726755084,0.2884585726755084
everything,compound_anchor,C:every,full,item,none,dice,0.6124822194494751,0.312807939103073,0.2996742803464021,0.2996742803464021
everything,compound_anchor,C:every,full,item,none,hamming,0.2454862210959772,0.1151515151515151,0.1303347059444621,0.1303347059444621
everything,compound_anchor,C:every,full,item,none,idf_jaccard,0.9072013254247532,0.6420681510850996,0.2651331743396536,0.2651331743396536
everything,compound_anchor,C:every,full,family,none,jaccard,0.7565489242797919,0.5118558588953325,0.2446930653844594,0.2446930653844594
everything,compound_anchor,C:every,full,family,none,dice,0.6124822194494751,0.3480463321037044,0.2644358873457706,0.2644358873457706
everything,compound_anchor,C:every,full,family,none,hamming,0.2454862210959772,0.1271645021645021,0.1183217189314751,0.1183217189314751
everything,compound_anchor,C:every,full,family,none,idf_jaccard,0.9087838735822008,0.7104795681164426,0.1983043054657581,0.1983043054657581
everything,compound_anchor,C:every,nonlocative,item,none,jaccard,0.7565489242797919,0.4491090741090741,0.3074398501707178,0.3074398501707178
everything,compound_anchor,C:every,nonlocative,item,none,dice,0.6124822194494751,0.2959548007185452,0.3165274187309299,0.3165274187309299
everything,compound_anchor,C:every,nonlocative,item,none,hamming,0.2454862210959772,0.1121605667060212,0.133325654389956,0.133325654389956
everything,compound_anchor,C:every,nonlocative,item,none,idf_jaccard,0.910398764468101,0.6265086169019235,0.2838901475661775,0.2838901475661775
everything,compound_anchor,C:every,nonlocative,family,none,jaccard,0.7565489242797919,0.4871826955160288,0.2693662287637631,0.2693662287637631
everything,compound_anchor,C:every,nonlocative,family,none,dice,0.6124822194494751,0.3258802403047451,0.2866019791447299,0.2866019791447299
everything,compound_anchor,C:every,nonlocative,family,none,hamming,0.2454862210959772,0.1226551226551226,0.1228310984408546,0.1228310984408546
everything,compound_anchor,C:every,nonlocative,family,none,idf_jaccard,0.9107854505887396,0.6844384063004172,0.2263470442883224,0.2263470442883224
everywhere,compound_anchor,C:every,full,item,none,jaccard,0.8135989693675669,0.5318057159475386,0.2817932534200283,0.2817932534200283
everywhere,compound_anchor,C:every,full,item,none,dice,0.6882420971998363,0.3703169267666943,0.317925170433142,0.317925170433142
everywhere,compound_anchor,C:every,full,item,none,hamming,0.2545137789040227,0.1272727272727272,0.1272410516312955,0.1272410516312955
everywhere,compound_anchor,C:every,full,item,none,idf_jaccard,0.9243514862986526,0.6709470844690931,0.2534044018295595,0.2534044018295595
everywhere,compound_anchor,C:every,full,family,none,jaccard,0.8135989693675669,0.5612197840441211,0.2523791853234458,0.2523791853234458
everywhere,compound_anchor,C:every,full,family,none,dice,0.6882420971998363,0.3971066847741573,0.291135412425679,0.291135412425679
everywhere,compound_anchor,C:every,full,family,none,hamming,0.2545137789040227,0.1347402597402597,0.119773519163763,0.119773519163763
everywhere,compound_anchor,C:every,full,family,none,idf_jaccard,0.9251584763583898,0.7282271868557416,0.1969312895026481,0.1969312895026481
nobody,compound_anchor,C:no,full,item,none,jaccard,0.7705789558217474,0.4344618402155974,0.33611711560615,0.33611711560615
nobody,compound_anchor,C:no,full,item,none,dice,0.6284521730263666,0.2879841270557476,0.3404680459706189,0.3404680459706189
nobody,compound_anchor,C:no,full,item,none,hamming,0.2369337979094077,0.0995670995670995,0.1373666983423081,0.1373666983423081
nobody,compound_anchor,C:no,full,item,none,idf_jaccard,0.9321360477337366,0.6319153473623853,0.3002207003713513,0.3002207003713513
nobody,compound_anchor,C:no,full,family,none,jaccard,0.7705789558217474,0.4701415853617991,0.3004373704599483,0.3004373704599483
nobody,compound_anchor,C:no,full,family,none,dice,0.6284521730263666,0.3150435478116449,0.3134086252147217,0.3134086252147217
nobody,compound_anchor,C:no,full,family,none,hamming,0.2369337979094077,0.1093073593073593,0.1276264386020484,0.1276264386020484
nobody,compound_anchor,C:no,full,family,none,idf_jaccard,0.9353121886371266,0.7002667133463182,0.2350454752908084,0.2350454752908084
nobody,compound_anchor,C:no,nonlocative,item,none,jaccard,0.7705789558217474,0.377018815741924,0.3935601400798234,0.3935601400798234
nobody,compound_anchor,C:no,nonlocative,item,none,dice,0.6284521730263666,0.238310574830951,0.3901415981954156,0.3901415981954156
nobody,compound_anchor,C:no,nonlocative,item,none,hamming,0.2369337979094077,0.0861865407319952,0.1507472571774124,0.1507472571774124
nobody,compound_anchor,C:no,nonlocative,item,none,idf_jaccard,0.9362498971266308,0.5913128379440463,0.3449370591825845,0.3449370591825845
nobody,compound_anchor,C:no,nonlocative,family,none,jaccard,0.7705789558217474,0.415636488252088,0.3549424675696594,0.3549424675696594
nobody,compound_anchor,C:no,nonlocative,family,none,dice,0.6284521730263666,0.2653666044470642,0.3630855685793023,0.3630855685793023
nobody,compound_anchor,C:no,nonlocative,family,none,hamming,0.2369337979094077,0.0959595959595959,0.1409742019498117,0.1409742019498117
nobody,compound_anchor,C:no,nonlocative,family,none,idf_jaccard,0.9373425214330352,0.6553877720375239,0.2819547493955112,0.2819547493955112
no_one,compound_anchor,C:no,full,item,none,jaccard,0.7754013003995375,0.4487890650341835,0.3266122353653539,0.3266122353653539
no_one,compound_anchor,C:no,full,item,none,dice,0.634803032549355,0.2998666483706192,0.3349363841787357,0.3349363841787357
no_one,compound_anchor,C:no,full,item,none,hamming,0.2434273044029141,0.1056277056277056,0.1377995987752085,0.1377995987752085
no_one,compound_anchor,C:no,full,item,none,idf_jaccard,0.9371891577335014,0.6602726678221038,0.2769164899113976,0.2769164899113976
no_one,compound_anchor,C:no,full,family,none,jaccard,0.7754013003995375,0.485000816919791,0.2904004834797464,0.2904004834797464
no_one,compound_anchor,C:no,full,family,none,dice,0.634803032549355,0.3275393179061237,0.3072637146432313,0.3072637146432313
no_one,compound_anchor,C:no,full,family,none,hamming,0.2434273044029141,0.1158008658008658,0.1276264386020483,0.1276264386020483
no_one,compound_anchor,C:no,full,family,none,idf_jaccard,0.9397515544162274,0.7235955455051739,0.2161560089110534,0.2161560089110534
no_one,compound_anchor,C:no,nonlocative,item,none,jaccard,0.7754013003995375,0.3924150255722445,0.3829862748272929,0.3829862748272929
no_one,compound_anchor,C:no,nonlocative,item,none,dice,0.634803032549355,0.2503634091414375,0.3844396234079175,0.3844396234079175
no_one,compound_anchor,C:no,nonlocative,item,none,hamming,0.2434273044029141,0.0920897284533648,0.1513375759495493,0.1513375759495493
no_one,compound_anchor,C:no,nonlocative,item,none,idf_jaccard,0.9408804691823404,0.6199286566176176,0.3209518125647228,0.3209518125647228
no_one,compound_anchor,C:no,nonlocative,family,none,jaccard,0.7754013003995375,0.4321763992964349,0.3432249011031025,0.3432249011031025
no_one,compound_anchor,C:no,nonlocative,family,none,dice,0.634803032549355,0.2784966210966674,0.3563064114526875,0.3563064114526875
no_one,compound_anchor,C:no,nonlocative,family,none,hamming,0.2434273044029141,0.1024531024531024,0.1409742019498117,0.1409742019498117
no_one,compound_anchor,C:no,nonlocative,family,none,idf_jaccard,0.9416191596582444,0.6817083354226826,0.2599108242355619,0.2599108242355619
nothing,compound_anchor,C:no,full,item,none,jaccard,0.8067725810655894,0.4710623302535067,0.3357102508120826,0.3357102508120826
nothing,compound_anchor,C:no,full,item,none,dice,0.6786288272424349,0.3155527776695851,0.3630760495728497,0.3630760495728497
nothing,compound_anchor,C:no,full,item,none,hamming,0.2644916059550206,0.1134199134199134,0.1510716925351072,0.1510716925351072
nothing,compound_anchor,C:no,full,item,none,idf_jaccard,0.9306608587106936,0.6352270985287826,0.2954337601819111,0.2954337601819111
nothing,compound_anchor,C:no,full,family,none,jaccard,0.8067725810655894,0.502760436583966,0.3040121444816234,0.3040121444816234
nothing,compound_anchor,C:no,full,family,none,dice,0.6786288272424349,0.3422363182956403,0.3363925089467945,0.3363925089467945
nothing,compound_anchor,C:no,full,family,none,hamming,0.2644916059550206,0.1233766233766233,0.1411149825783972,0.1411149825783972
nothing,compound_anchor,C:no,full,family,none,idf_jaccard,0.9330623577940832,0.6900671277993121,0.2429952299947709,0.2429952299947709
nothing,compound_anchor,C:no,nonlocative,item,none,jaccard,0.8067725810655894,0.4442828613951608,0.3624897196704285,0.3624897196704285
nothing,compound_anchor,C:no,nonlocative,item,none,dice,0.6786288272424349,0.2927694814849141,0.3858593457575207,0.3858593457575207
nothing,compound_anchor,C:no,nonlocative,item,none,hamming,0.2644916059550206,0.1086186540731995,0.1558729518818211,0.1558729518818211
nothing,compound_anchor,C:no,nonlocative,item,none,idf_jaccard,0.931760799575542,0.6059868218100318,0.3257739777655103,0.3257739777655103
nothing,compound_anchor,C:no,nonlocative,family,none,jaccard,0.8067725810655894,0.4733946400613066,0.3333779410042827,0.3333779410042827
nothing,compound_anchor,C:no,nonlocative,family,none,dice,0.6786288272424349,0.316545601291364,0.3620832259510708,0.3620832259510708
nothing,compound_anchor,C:no,nonlocative,family,none,hamming,0.2644916059550206,0.1176046176046176,0.146886988350403,0.146886988350403
nothing,compound_anchor,C:no,nonlocative,family,none,idf_jaccard,0.9330091882637496,0.6533487526890819,0.2796604355746677,0.2796604355746677
nowhere,compound_anchor,C:no,full,item,none,jaccard,0.8584330825097515,0.5444666072252279,0.3139664752845236,0.3139664752845236
nowhere,compound_anchor,C:no,full,item,none,dice,0.75464244524165,0.3846938769100251,0.3699485683316249,0.3699485683316249
nowhere,compound_anchor,C:no,full,item,none,hamming,0.2608489071903706,0.1238095238095238,0.1370393833808468,0.1370393833808468
nowhere,compound_anchor,C:no,full,item,none,idf_jaccard,0.9458828126398,0.6791355947986999,0.2667472178411001,0.2667472178411001
nowhere,compound_anchor,C:no,full,family,none,jaccard,0.8584330825097515,0.5672625519608279,0.2911705305489236,0.2911705305489236
nowhere,compound_anchor,C:no,full,family,none,dice,0.75464244524165,0.4074486453238725,0.3471937999177775,0.3471937999177775
nowhere,compound_anchor,C:no,full,family,none,hamming,0.2608489071903706,0.1309523809523809,0.1298965262379897,0.1298965262379897
nowhere,compound_anchor,C:no,full,family,none,idf_jaccard,0.9463980476825036,0.7248995108123969,0.2214985368701065,0.2214985368701065
somebody,compound_anchor,C:some,full,item,none,jaccard,0.7757050657521307,0.4513469134585433,0.3243581522935874,0.3243581522935874
somebody,compound_anchor,C:some,full,item,none,dice,0.6360575197056739,0.3050082398926,0.3310492798130738,0.3310492798130738
somebody,compound_anchor,C:some,full,item,none,hamming,0.2324992081089641,0.1021645021645021,0.130334705944462,0.130334705944462
somebody,compound_anchor,C:some,full,item,none,idf_jaccard,0.936877114680628,0.6353537515042665,0.3015233631763615,0.3015233631763615
somebody,compound_anchor,C:some,full,family,none,jaccard,0.7757050657521307,0.4864472205383708,0.2892578452137599,0.2892578452137599
somebody,compound_anchor,C:some,full,family,none,dice,0.6360575197056739,0.3315982952037454,0.3044592245019284,0.3044592245019284
somebody,compound_anchor,C:some,full,family,none,hamming,0.2324992081089641,0.1125541125541125,0.1199450955548516,0.1199450955548516
somebody,compound_anchor,C:some,full,family,none,idf_jaccard,0.9390886217333128,0.6902666767468676,0.2488219449864452,0.2488219449864452
somebody,compound_anchor,C:some,nonlocative,item,none,jaccard,0.7757050657521307,0.3868332825357443,0.3888717832163864,0.3888717832163864
somebody,compound_anchor,C:some,nonlocative,item,none,dice,0.6360575197056739,0.2483572231085096,0.3877002965971643,0.3877002965971643
somebody,compound_anchor,C:some,nonlocative,item,none,hamming,0.2324992081089641,0.0873671782762691,0.145132029832695,0.145132029832695
somebody,compound_anchor,C:some,nonlocative,item,none,idf_jaccard,0.9412066352040496,0.5837744506059834,0.357432184598066,0.357432184598066
somebody,compound_anchor,C:some,nonlocative,family,none,jaccard,0.7757050657521307,0.4284069317565355,0.3472981339955951,0.3472981339955951
somebody,compound_anchor,C:some,nonlocative,family,none,dice,0.6360575197056739,0.277735751320657,0.3583217683850169,0.3583217683850169
somebody,compound_anchor,C:some,nonlocative,family,none,hamming,0.2324992081089641,0.0981240981240981,0.134375109984866,0.134375109984866
somebody,compound_anchor,C:some,nonlocative,family,none,idf_jaccard,0.941562031926288,0.6409393771354938,0.3006226547907942,0.3006226547907942
someone,compound_anchor,C:some,full,item,none,jaccard,0.7757050657521307,0.4515126840678622,0.3241923816842685,0.3241923816842685
someone,compound_anchor,C:some,full,item,none,dice,0.6360575197056739,0.3050566191862624,0.3310009005194115,0.3310009005194115
someone,compound_anchor,C:some,full,item,none,hamming,0.2324992081089641,0.1021645021645021,0.130334705944462,0.130334705944462
someone,compound_anchor,C:some,full,item,none,idf_jaccard,0.936877114680628,0.6362976061444928,0.3005795085361352,0.3005795085361352
someone,compound_anchor,C:some,full,family,none,jaccard,0.7757050657521307,0.4866544338000194,0.2890506319521113,0.2890506319521113
someone,compound_anchor,C:some,full,family,none,dice,0.6360575197056739,0.3316587693208233,0.3043987503848506,0.3043987503848506
someone,compound_anchor,C:some,full,family,none,hamming,0.2324992081089641,0.1125541125541125,0.1199450955548516,0.1199450955548516
someone,compound_anchor,C:some,full,family,none,idf_jaccard,0.9390886217333128,0.6912772023893526,0.2478114193439601,0.2478114193439601
someone,compound_anchor,C:some,nonlocative,item,none,jaccard,0.7757050657521307,0.3870593333666339,0.3886457323854968,0.3886457323854968
someone,compound_anchor,C:some,nonlocative,item,none,dice,0.6360575197056739,0.2484231948725945,0.3876343248330793,0.3876343248330793
someone,compound_anchor,C:some,nonlocative,item,none,hamming,0.2324992081089641,0.0873671782762691,0.145132029832695,0.145132029832695
someone,compound_anchor,C:some,nonlocative,item,none,idf_jaccard,0.9412066352040496,0.5848953609995723,0.3563112742044771,0.3563112742044771
someone,compound_anchor,C:some,nonlocative,family,none,jaccard,0.7757050657521307,0.4286832161054006,0.3470218496467301,0.3470218496467301
someone,compound_anchor,C:some,nonlocative,family,none,dice,0.6360575197056739,0.2778163834767608,0.358241136228913,0.358241136228913
someone,compound_anchor,C:some,nonlocative,family,none,hamming,0.2324992081089641,0.0981240981240981,0.134375109984866,0.134375109984866
someone,compound_anchor,C:some,nonlocative,family,none,idf_jaccard,0.941562031926288,0.6421759505840389,0.2993860813422491,0.2993860813422491
something,compound_anchor,C:some,full,item,none,jaccard,0.7901232554010195,0.4746465036050526,0.3154767517959668,0.3154767517959668
something,compound_anchor,C:some,full,item,none,dice,0.656072378939582,0.3185011790059852,0.3375711999335968,0.3375711999335968
something,compound_anchor,C:some,full,item,none,hamming,0.2483370288248337,0.1108225108225108,0.1375145180023229,0.1375145180023229
something,compound_anchor,C:some,full,item,none,idf_jaccard,0.93443991669546,0.6477381980480418,0.2867017186474182,0.2867017186474182
something,compound_anchor,C:some,full,family,none,jaccard,0.7901232554010195,0.5006557997572119,0.2894674556438076,0.2894674556438076
something,compound_anchor,C:some,full,family,none,dice,0.656072378939582,0.3407128728656197,0.3153595060739623,0.3153595060739623
something,compound_anchor,C:some,full,family,none,hamming,0.2483370288248337,0.1201298701298701,0.1282071586949636,0.1282071586949636
something,compound_anchor,C:some,full,family,none,idf_jaccard,0.9366846211806932,0.686824968592449,0.2498596525882442,0.2498596525882442
something,compound_anchor,C:some,nonlocative,item,none,jaccard,0.7901232554010195,0.4396960562184795,0.3504271991825399,0.3504271991825399
something,compound_anchor,C:some,nonlocative,item,none,dice,0.656072378939582,0.2882396514800409,0.3678327274595411,0.3678327274595411
something,compound_anchor,C:some,nonlocative,item,none,hamming,0.2483370288248337,0.1038961038961038,0.1444409249287298,0.1444409249287298
something,compound_anchor,C:some,nonlocative,item,none,idf_jaccard,0.936611756905418,0.6161856207348919,0.320426136170526,0.320426136170526
something,compound_anchor,C:some,nonlocative,family,none,jaccard,0.7901232554010195,0.4657217031200772,0.3244015522809422,0.3244015522809422
something,compound_anchor,C:some,nonlocative,family,none,dice,0.656072378939582,0.3095578646294516,0.3465145143101304,0.3465145143101304
something,compound_anchor,C:some,nonlocative,family,none,hamming,0.2483370288248337,0.1125541125541125,0.1357829162707212,0.1357829162707212
something,compound_anchor,C:some,nonlocative,family,none,idf_jaccard,0.9375848420741892,0.6509959365680883,0.2865889055061009,0.2865889055061009
somewhere,compound_anchor,C:some,full,item,none,jaccard,0.8650968604783404,0.5701490339725636,0.2949478265057769,0.2949478265057769
somewhere,compound_anchor,C:some,full,item,none,dice,0.7663520004404835,0.4094698131698392,0.3568821872706442,0.3568821872706442
somewhere,compound_anchor,C:some,full,item,none,hamming,0.2511878365536902,0.1246753246753246,0.1265125118783656,0.1265125118783656
somewhere,compound_anchor,C:some,full,item,none,idf_jaccard,0.952476418113844,0.6952783078822794,0.2571981102315647,0.2571981102315647
somewhere,compound_anchor,C:some,full,family,none,jaccard,0.8650968604783404,0.5849085146879266,0.2801883457904138,0.2801883457904138
somewhere,compound_anchor,C:some,full,family,none,dice,0.7663520004404835,0.4258688870156588,0.3404831134248246,0.3404831134248246
somewhere,compound_anchor,C:some,full,family,none,hamming,0.2511878365536902,0.1309523809523809,0.1202354556013093,0.1202354556013093
somewhere,compound_anchor,C:some,full,family,none,idf_jaccard,0.9525823140948312,0.7227264291180319,0.2298558849767992,0.2298558849767992
he,pronoun_anchor,P:he,full,item,none,jaccard,0.5636031979318771,0.8092856407451141,-0.245682442813237,0.245682442813237
he,pronoun_anchor,P:he,full,item,none,dice,0.4080228155054432,0.6808276752146064,-0.2728048597091632,0.2728048597091632
he,pronoun_anchor,P:he,full,item,none,hamming,0.1422077922077921,0.211038961038961,-0.0688311688311688,0.0688311688311688
he,pronoun_anchor,P:he,full,item,none,idf_jaccard,0.7865724602714246,0.9599673051959868,-0.1733948449245623,0.1733948449245623
he,pronoun_anchor,P:he,full,family,none,jaccard,0.5719610109312047,0.8092856407451141,-0.2373246298139094,0.2373246298139094
he,pronoun_anchor,P:he,full,family,none,dice,0.4167557455413849,0.6808276752146064,-0.2640719296732214,0.2640719296732214
he,pronoun_anchor,P:he,full,family,none,hamming,0.1454896454896454,0.211038961038961,-0.0655493155493155,0.0655493155493155
he,pronoun_anchor,P:he,full,family,none,idf_jaccard,0.795743329622458,0.959335998523091,-0.163592668900633,0.163592668900633
he,pronoun_anchor,P:he,nonlocative,item,none,jaccard,0.5636031979318771,0.7992006775437007,-0.2355974796118236,0.2355974796118236
he,pronoun_anchor,P:he,nonlocative,item,none,dice,0.4080228155054432,0.6664548032144854,-0.2584319877090421,0.2584319877090421
he,pronoun_anchor,P:he,nonlocative,item,none,hamming,0.1422077922077921,0.2132034632034632,-0.070995670995671,0.070995670995671
he,pronoun_anchor,P:he,nonlocative,item,none,idf_jaccard,0.798777567133521,0.9596293200313712,-0.1608517528978502,0.1608517528978502
he,pronoun_anchor,P:he,nonlocative,family,none,jaccard,0.5719610109312047,0.7992006775437007,-0.227239666612496,0.227239666612496
he,pronoun_anchor,P:he,nonlocative,family,none,dice,0.4167557455413849,0.6664548032144854,-0.2496990576731004,0.2496990576731004
he,pronoun_anchor,P:he,nonlocative,family,none,hamming,0.1454896454896454,0.2132034632034632,-0.0677138177138177,0.0677138177138177
he,pronoun_anchor,P:he,nonlocative,family,none,idf_jaccard,0.8080659846221236,0.9587548314638772,-0.1506888468417535,0.1506888468417535
him,pronoun_anchor,P:he,full,item,none,jaccard,0.5280908865712828,0.8057506137155528,-0.27765972714427,0.27765972714427
him,pronoun_anchor,P:he,full,item,none,dice,0.3676145902122031,0.6772552117569908,-0.3096406215447876,0.3096406215447876
him,pronoun_anchor,P:he,full,item,none,hamming,0.1405844155844156,0.2353896103896104,-0.0948051948051947,0.0948051948051947
him,pronoun_anchor,P:he,full,item,none,idf_jaccard,0.7841115053458745,0.9586760125794918,-0.1745645072336172,0.1745645072336172
him,pronoun_anchor,P:he,full,family,none,jaccard,0.5378988684170525,0.8057506137155528,-0.2678517452985003,0.2678517452985003
him,pronoun_anchor,P:he,full,family,none,dice,0.3766748641114726,0.6772552117569908,-0.3005803476455181,0.3005803476455181
him,pronoun_anchor,P:he,full,family,none,hamming,0.1444366444366444,0.2353896103896104,-0.0909529659529659,0.0909529659529659
him,pronoun_anchor,P:he,full,family,none,idf_jaccard,0.7945091624276697,0.9579329188002702,-0.1634237563726005,0.1634237563726005
him,pronoun_anchor,P:he,nonlocative,item,none,jaccard,0.5280908865712828,0.7805306740147167,-0.2524397874434338,0.2524397874434338
him,pronoun_anchor,P:he,nonlocative,item,none,dice,0.3676145902122031,0.6403309516210304,-0.2727163614088272,0.2727163614088272
him,pronoun_anchor,P:he,nonlocative,item,none,hamming,0.1405844155844156,0.2294372294372294,-0.0888528138528138,0.0888528138528138
him,pronoun_anchor,P:he,nonlocative,item,none,idf_jaccard,0.799369924436074,0.9577121185675884,-0.1583421941315145,0.1583421941315145
him,pronoun_anchor,P:he,nonlocative,family,none,jaccard,0.5378988684170525,0.7805306740147167,-0.2426318055976641,0.2426318055976641
him,pronoun_anchor,P:he,nonlocative,family,none,dice,0.3766748641114726,0.6403309516210304,-0.2636560875095577,0.2636560875095577
him,pronoun_anchor,P:he,nonlocative,family,none,hamming,0.1444366444366444,0.2294372294372294,-0.085000585000585,0.085000585000585
him,pronoun_anchor,P:he,nonlocative,family,none,idf_jaccard,0.8100749036353753,0.9570918980875625,-0.147016994452187,0.147016994452187
himself,pronoun_anchor,P:he,full,item,none,jaccard,0.5544959715593212,0.7604470414613891,-0.2059510699020679,0.2059510699020679
himself,pronoun_anchor,P:he,full,item,none,dice,0.4033811868370573,0.6147574999758934,-0.2113763131388359,0.2113763131388359
himself,pronoun_anchor,P:he,full,item,none,hamming,0.1573051948051947,0.2183441558441558,-0.061038961038961,0.061038961038961
himself,pronoun_anchor,P:he,full,item,none,idf_jaccard,0.7882322923423372,0.9223833178981222,-0.134151025555785,0.134151025555785
himself,pronoun_anchor,P:he,full,family,none,jaccard,0.5614373071794816,0.7604470414613891,-0.1990097342819075,0.1990097342819075
himself,pronoun_anchor,P:he,full,family,none,dice,0.4110309730682076,0.6147574999758934,-0.2037265269076857,0.2037265269076857
himself,pronoun_anchor,P:he,full,family,none,hamming,0.1607581607581607,0.2183441558441558,-0.0575859950859951,0.0575859950859951
himself,pronoun_anchor,P:he,full,family,none,idf_jaccard,0.795891503541188,0.92426177579471,-0.128370272253522,0.128370272253522
himself,pronoun_anchor,P:he,nonlocative,item,none,jaccard,0.5544959715593212,0.745733630884544,-0.1912376593252228,0.1912376593252228
himself,pronoun_anchor,P:he,nonlocative,item,none,dice,0.4033811868370573,0.59530036292155,-0.1919191760844926,0.1919191760844926
himself,pronoun_anchor,P:he,nonlocative,item,none,hamming,0.1573051948051947,0.2175324675324675,-0.0602272727272727,0.0602272727272727
himself,pronoun_anchor,P:he,nonlocative,item,none,idf_jaccard,0.7998276207031223,0.9273432050632778,-0.1275155843601555,0.1275155843601555
himself,pronoun_anchor,P:he,nonlocative,family,none,jaccard,0.5614373071794816,0.745733630884544,-0.1842963237050624,0.1842963237050624
himself,pronoun_anchor,P:he,nonlocative,family,none,dice,0.4110309730682076,0.59530036292155,-0.1842693898533424,0.1842693898533424
himself,pronoun_anchor,P:he,nonlocative,family,none,hamming,0.1607581607581607,0.2175324675324675,-0.0567743067743067,0.0567743067743067
himself,pronoun_anchor,P:he,nonlocative,family,none,idf_jaccard,0.807396435873257,0.9289759801342125,-0.1215795442609553,0.1215795442609553
his,pronoun_anchor,P:he,full,item,none,jaccard,0.4880424328803258,0.742109479495717,-0.2540670466153912,0.2540670466153912
his,pronoun_anchor,P:he,full,item,none,dice,0.3327543990372722,0.5944211138298716,-0.2616667147925994,0.2616667147925994
his,pronoun_anchor,P:he,full,item,none,hamming,0.1435064935064935,0.2443181818181818,-0.1008116883116883,0.1008116883116883
his,pronoun_anchor,P:he,full,item,none,idf_jaccard,0.7029210529846602,0.8930294606490112,-0.190108407664351,0.190108407664351
his,pronoun_anchor,P:he,full,family,none,jaccard,0.4868728880160287,0.742109479495717,-0.2552365914796883,0.2552365914796883
his,pronoun_anchor,P:he,full,family,none,dice,0.3324184592072596,0.5944211138298716,-0.2620026546226119,0.2620026546226119
his,pronoun_anchor,P:he,full,family,none,hamming,0.1440856440856441,0.2443181818181818,-0.1002325377325377,0.1002325377325377
his,pronoun_anchor,P:he,full,family,none,idf_jaccard,0.7047381785691709,0.8961973646806409,-0.19145918611147,0.19145918611147
his,pronoun_anchor,P:he,nonlocative,item,none,jaccard,0.4880424328803258,0.7135315935759886,-0.2254891606956628,0.2254891606956628
his,pronoun_anchor,P:he,nonlocative,item,none,dice,0.3327543990372722,0.556430196432834,-0.2236757973955617,0.2236757973955617
his,pronoun_anchor,P:he,nonlocative,item,none,hamming,0.1435064935064935,0.2348484848484848,-0.0913419913419913,0.0913419913419913
his,pronoun_anchor,P:he,nonlocative,item,none,idf_jaccard,0.7150845316210973,0.8853024869066605,-0.1702179552855631,0.1702179552855631
his,pronoun_anchor,P:he,nonlocative,family,none,jaccard,0.4868728880160287,0.7135315935759886,-0.2266587055599598,0.2266587055599598
his,pronoun_anchor,P:he,nonlocative,family,none,dice,0.3324184592072596,0.556430196432834,-0.2240117372255743,0.2240117372255743
his,pronoun_anchor,P:he,nonlocative,family,none,hamming,0.1440856440856441,0.2348484848484848,-0.0907628407628407,0.0907628407628407
his,pronoun_anchor,P:he,nonlocative,family,none,idf_jaccard,0.7174654275398545,0.8889874734255527,-0.1715220458856982,0.1715220458856982
she,pronoun_anchor,P:she,full,item,none,jaccard,0.5437060085442913,0.8139626829453532,-0.2702566744010619,0.2702566744010619
she,pronoun_anchor,P:she,full,item,none,dice,0.3886110489483605,0.6874002336703141,-0.2987891847219535,0.2987891847219535
she,pronoun_anchor,P:she,full,item,none,hamming,0.1378246753246753,0.2175324675324675,-0.0797077922077921,0.0797077922077921
she,pronoun_anchor,P:she,full,item,none,idf_jaccard,0.7701496372517627,0.9602400348074271,-0.1900903975556644,0.1900903975556644
she,pronoun_anchor,P:she,full,family,none,jaccard,0.54946873262238,0.8139626829453532,-0.2644939503229732,0.2644939503229732
she,pronoun_anchor,P:she,full,family,none,dice,0.3945971312407972,0.6874002336703141,-0.2928031024295169,0.2928031024295169
she,pronoun_anchor,P:she,full,family,none,hamming,0.1396103896103896,0.2175324675324675,-0.0779220779220778,0.0779220779220778
she,pronoun_anchor,P:she,full,family,none,idf_jaccard,0.7810228333905845,0.9603546721570212,-0.1793318387664365,0.1793318387664365
she,pronoun_anchor,P:she,nonlocative,item,none,jaccard,0.5437060085442913,0.8040381618927831,-0.2603321533484918,0.2603321533484918
she,pronoun_anchor,P:she,nonlocative,item,none,dice,0.3886110489483605,0.6731419022642048,-0.2845308533158442,0.2845308533158442
she,pronoun_anchor,P:she,nonlocative,item,none,hamming,0.1378246753246753,0.2196969696969697,-0.0818722943722943,0.0818722943722943
she,pronoun_anchor,P:she,nonlocative,item,none,idf_jaccard,0.7833554208552573,0.9598275535296442,-0.1764721326743868,0.1764721326743868
she,pronoun_anchor,P:she,nonlocative,family,none,jaccard,0.54946873262238,0.8040381618927831,-0.254569429270403,0.254569429270403
she,pronoun_anchor,P:she,nonlocative,family,none,dice,0.3945971312407972,0.6731419022642048,-0.2785447710234076,0.2785447710234076
she,pronoun_anchor,P:she,nonlocative,family,none,hamming,0.1396103896103896,0.2196969696969697,-0.08008658008658,0.08008658008658
she,pronoun_anchor,P:she,nonlocative,family,none,idf_jaccard,0.79474246159479,0.9597708646086172,-0.1650284030138272,0.1650284030138272
her_acc,pronoun_anchor,P:she,full,item,none,jaccard,0.4930180702731975,0.7834820942999944,-0.2904640240267969,0.2904640240267969
her_acc,pronoun_anchor,P:she,full,item,none,dice,0.3355906281806317,0.6464487943128884,-0.3108581661322566,0.3108581661322566
her_acc,pronoun_anchor,P:she,full,item,none,hamming,0.1303571428571428,0.2288961038961039,-0.098538961038961,0.098538961038961
her_acc,pronoun_anchor,P:she,full,item,none,idf_jaccard,0.7542755095997442,0.9487306740385708,-0.1944551644388267,0.1944551644388267
her_acc,pronoun_anchor,P:she,full,family,none,jaccard,0.5025491432190912,0.7834820942999944,-0.2809329510809032,0.2809329510809032
her_acc,pronoun_anchor,P:she,full,family,none,dice,0.34396848771798,0.6464487943128884,-0.3024803065949084,0.3024803065949084
her_acc,pronoun_anchor,P:she,full,family,none,hamming,0.1334776334776334,0.2288961038961039,-0.0954184704184704,0.0954184704184704
her_acc,pronoun_anchor,P:she,full,family,none,idf_jaccard,0.7788082333646611,0.950252758177762,-0.1714445248131009,0.1714445248131009
her_acc,pronoun_anchor,P:she,nonlocative,item,none,jaccard,0.4930180702731975,0.7583906760103569,-0.2653726057371594,0.2653726057371594
her_acc,pronoun_anchor,P:she,nonlocative,item,none,dice,0.3355906281806317,0.6110877695707251,-0.2754971413900933,0.2754971413900933
her_acc,pronoun_anchor,P:she,nonlocative,item,none,hamming,0.1303571428571428,0.2229437229437229,-0.09258658008658,0.09258658008658
her_acc,pronoun_anchor,P:she,nonlocative,item,none,idf_jaccard,0.7704569799884818,0.9470339732021822,-0.1765769932137003,0.1765769932137003
her_acc,pronoun_anchor,P:she,nonlocative,family,none,jaccard,0.5025491432190912,0.7583906760103569,-0.2558415327912657,0.2558415327912657
her_acc,pronoun_anchor,P:she,nonlocative,family,none,dice,0.34396848771798,0.6110877695707251,-0.2671192818527451,0.2671192818527451
her_acc,pronoun_anchor,P:she,nonlocative,family,none,hamming,0.1334776334776334,0.2229437229437229,-0.0894660894660894,0.0894660894660894
her_acc,pronoun_anchor,P:she,nonlocative,family,none,idf_jaccard,0.795614220882664,0.9487540994404292,-0.1531398785577653,0.1531398785577653
her_dep,pronoun_anchor,P:she,full,item,none,jaccard,0.5812561284877116,0.833527924107552,-0.2522717956198405,0.2522717956198405
her_dep,pronoun_anchor,P:she,full,item,none,dice,0.434995070012237,0.7180551938138773,-0.2830601238016402,0.2830601238016402
her_dep,pronoun_anchor,P:she,full,item,none,hamming,0.1891233766233765,0.3003246753246753,-0.1112012987012987,0.1112012987012987
her_dep,pronoun_anchor,P:she,full,item,none,idf_jaccard,0.7438165033525728,0.9323893397081964,-0.1885728363556236,0.1885728363556236
her_dep,pronoun_anchor,P:she,full,family,none,jaccard,0.58168839510854,0.833527924107552,-0.2518395289990121,0.2518395289990121
her_dep,pronoun_anchor,P:she,full,family,none,dice,0.437228669544593,0.7180551938138773,-0.2808265242692842,0.2808265242692842
her_dep,pronoun_anchor,P:she,full,family,none,hamming,0.1904761904761904,0.3003246753246753,-0.1098484848484848,0.1098484848484848
her_dep,pronoun_anchor,P:she,full,family,none,idf_jaccard,0.7532226178764981,0.9348610572043092,-0.1816384393278112,0.1816384393278112
her_dep,pronoun_anchor,P:she,nonlocative,item,none,jaccard,0.5812561284877116,0.8129698920760626,-0.231713763588351,0.231713763588351
her_dep,pronoun_anchor,P:she,nonlocative,item,none,dice,0.434995070012237,0.6865653530882373,-0.2515702830760002,0.2515702830760002
her_dep,pronoun_anchor,P:she,nonlocative,item,none,hamming,0.1891233766233765,0.2943722943722944,-0.1052489177489178,0.1052489177489178
her_dep,pronoun_anchor,P:she,nonlocative,item,none,idf_jaccard,0.7527203178964749,0.9273849726971372,-0.1746646548006623,0.1746646548006623
her_dep,pronoun_anchor,P:she,nonlocative,family,none,jaccard,0.58168839510854,0.8129698920760626,-0.2312814969675226,0.2312814969675226
her_dep,pronoun_anchor,P:she,nonlocative,family,none,dice,0.437228669544593,0.6865653530882373,-0.2493366835436442,0.2493366835436442
her_dep,pronoun_anchor,P:she,nonlocative,family,none,hamming,0.1904761904761904,0.2943722943722944,-0.1038961038961039,0.1038961038961039
her_dep,pronoun_anchor,P:she,nonlocative,family,none,idf_jaccard,0.7627696708407399,0.9302775204626624,-0.1675078496219226,0.1675078496219226
hers,pronoun_anchor,P:she,full,item,none,jaccard,0.4779141001926312,0.7386792842136854,-0.2607651840210542,0.2607651840210542
hers,pronoun_anchor,P:she,full,item,none,dice,0.3259580024686657,0.5895858719061126,-0.2636278694374468,0.2636278694374468
hers,pronoun_anchor,P:she,full,item,none,hamming,0.1384740259740259,0.2386363636363636,-0.1001623376623377,0.1001623376623377
hers,pronoun_anchor,P:she,full,item,none,idf_jaccard,0.7050496613758711,0.8908036414158731,-0.185753980040002,0.185753980040002
hers,pronoun_anchor,P:she,full,family,none,jaccard,0.4823636859739174,0.7386792842136854,-0.256315598239768,0.256315598239768
hers,pronoun_anchor,P:she,full,family,none,dice,0.3307895096172101,0.5895858719061126,-0.2587963622889024,0.2587963622889024
hers,pronoun_anchor,P:she,full,family,none,hamming,0.1406926406926406,0.2386363636363636,-0.097943722943723,0.097943722943723
hers,pronoun_anchor,P:she,full,family,none,idf_jaccard,0.7275949836600141,0.8964349055014924,-0.1688399218414783,0.1688399218414783
hers,pronoun_anchor,P:she,nonlocative,item,none,jaccard,0.4779141001926312,0.7181469254368414,-0.2402328252442102,0.2402328252442102
hers,pronoun_anchor,P:she,nonlocative,item,none,dice,0.3259580024686657,0.5630501768488831,-0.2370921743802174,0.2370921743802174
hers,pronoun_anchor,P:she,nonlocative,item,none,hamming,0.1384740259740259,0.2337662337662337,-0.0952922077922078,0.0952922077922078
hers,pronoun_anchor,P:she,nonlocative,item,none,idf_jaccard,0.7180701044187856,0.8905283527080482,-0.1724582482892626,0.1724582482892626
hers,pronoun_anchor,P:she,nonlocative,family,none,jaccard,0.4823636859739174,0.7181469254368414,-0.235783239462924,0.235783239462924
hers,pronoun_anchor,P:she,nonlocative,family,none,dice,0.3307895096172101,0.5630501768488831,-0.232260667231673,0.232260667231673
hers,pronoun_anchor,P:she,nonlocative,family,none,hamming,0.1406926406926406,0.2337662337662337,-0.0930735930735931,0.0930735930735931
hers,pronoun_anchor,P:she,nonlocative,family,none,idf_jaccard,0.7412099334165569,0.8960079535179591,-0.1547980201014022,0.1547980201014022
herself,pronoun_anchor,P:she,full,item,none,jaccard,0.5354097698147917,0.7657781804126589,-0.2303684105978671,0.2303684105978671
herself,pronoun_anchor,P:she,full,item,none,dice,0.3846430028743705,0.6216802551565955,-0.237037252282225,0.237037252282225
herself,pronoun_anchor,P:she,full,item,none,hamming,0.1522727272727272,0.2248376623376623,-0.072564935064935,0.072564935064935
herself,pronoun_anchor,P:she,full,item,none,idf_jaccard,0.7655747335738821,0.9210308338013032,-0.155456100227421,0.155456100227421
herself,pronoun_anchor,P:she,full,family,none,jaccard,0.5393269489941797,0.7657781804126589,-0.2264512314184792,0.2264512314184792
herself,pronoun_anchor,P:she,full,family,none,dice,0.3893907586027494,0.6216802551565955,-0.232289496553846,0.232289496553846
herself,pronoun_anchor,P:she,full,family,none,hamming,0.154040404040404,0.2248376623376623,-0.0707972582972583,0.0707972582972583
herself,pronoun_anchor,P:she,full,family,none,idf_jaccard,0.78321260836745,0.9267869549633136,-0.1435743465958636,0.1435743465958636
herself,pronoun_anchor,P:she,nonlocative,item,none,jaccard,0.5354097698147917,0.7513306461634729,-0.2159208763486811,0.2159208763486811
herself,pronoun_anchor,P:she,nonlocative,item,none,dice,0.3846430028743705,0.6024089950833312,-0.2177659922089607,0.2177659922089607
herself,pronoun_anchor,P:she,nonlocative,item,none,hamming,0.1522727272727272,0.224025974025974,-0.0717532467532467,0.0717532467532467
herself,pronoun_anchor,P:she,nonlocative,item,none,idf_jaccard,0.7783486529820317,0.9259912308799246,-0.1476425778978929,0.1476425778978929
herself,pronoun_anchor,P:she,nonlocative,family,none,jaccard,0.5393269489941797,0.7513306461634729,-0.2120036971692932,0.2120036971692932
herself,pronoun_anchor,P:she,nonlocative,family,none,dice,0.3893907586027494,0.6024089950833312,-0.2130182364805817,0.2130182364805817
herself,pronoun_anchor,P:she,nonlocative,family,none,hamming,0.154040404040404,0.224025974025974,-0.06998556998557,0.06998556998557
herself,pronoun_anchor,P:she,nonlocative,family,none,idf_jaccard,0.795993651249416,0.9314267201923848,-0.1354330689429689,0.1354330689429689
it_plain,pronoun_anchor,P:it,full,item,none,jaccard,0.5972949366244504,0.8040189737051582,-0.2067240370807077,0.2067240370807077
it_plain,pronoun_anchor,P:it,full,item,none,dice,0.4363944470422455,0.6726835443234588,-0.2362890972812132,0.2362890972812132
it_plain,pronoun_anchor,P:it,full,item,none,hamming,0.1519480519480519,0.2086038961038961,-0.0566558441558442,0.0566558441558442
it_plain,pronoun_anchor,P:it,full,item,none,idf_jaccard,0.8080095184525998,0.942216648597722,-0.1342071301451223,0.1342071301451223
it_plain,pronoun_anchor,P:it,full,family,none,jaccard,0.5998129598989207,0.8040189737051582,-0.2042060138062374,0.2042060138062374
it_plain,pronoun_anchor,P:it,full,family,none,dice,0.4396279837305321,0.6726835443234588,-0.2330555605929266,0.2330555605929266
it_plain,pronoun_anchor,P:it,full,family,none,hamming,0.1549666549666549,0.2086038961038961,-0.0536372411372412,0.0536372411372412
it_plain,pronoun_anchor,P:it,full,family,none,idf_jaccard,0.8227102196110827,0.9417265630161248,-0.1190163434050421,0.1190163434050421
it_plain,pronoun_anchor,P:it,nonlocative,item,none,jaccard,0.5972949366244504,0.8028243481515416,-0.2055294115270911,0.2055294115270911
it_plain,pronoun_anchor,P:it,nonlocative,item,none,dice,0.4363944470422455,0.6709725757638619,-0.2345781287216164,0.2345781287216164
it_plain,pronoun_anchor,P:it,nonlocative,item,none,hamming,0.1519480519480519,0.2142857142857142,-0.0623376623376623,0.0623376623376623
it_plain,pronoun_anchor,P:it,nonlocative,item,none,idf_jaccard,0.8199990115286816,0.946890678399452,-0.1268916668707704,0.1268916668707704
it_plain,pronoun_anchor,P:it,nonlocative,family,none,jaccard,0.5998129598989207,0.8028243481515416,-0.2030113882526208,0.2030113882526208
it_plain,pronoun_anchor,P:it,nonlocative,family,none,dice,0.4396279837305321,0.6709725757638619,-0.2313445920333298,0.2313445920333298
it_plain,pronoun_anchor,P:it,nonlocative,family,none,hamming,0.1549666549666549,0.2142857142857142,-0.0593190593190593,0.0593190593190593
it_plain,pronoun_anchor,P:it,nonlocative,family,none,idf_jaccard,0.837833806016659,0.9461073732045816,-0.1082735671879224,0.1082735671879224
it_dum,pronoun_anchor,P:it,full,item,none,jaccard,0.7647617862771637,0.8077558632194837,-0.0429940769423199,0.0429940769423199
it_dum,pronoun_anchor,P:it,full,item,none,dice,0.6227388623864377,0.6782037465896709,-0.0554648842032331,0.0554648842032331
it_dum,pronoun_anchor,P:it,full,item,none,hamming,0.1896103896103895,0.1834415584415584,0.006168831168831,-0.006168831168831
it_dum,pronoun_anchor,P:it,full,item,none,idf_jaccard,0.9073709895367348,0.928146468631152,-0.0207754790944173,0.0207754790944173
it_dum,pronoun_anchor,P:it,full,family,none,jaccard,0.7722513816598978,0.8077558632194837,-0.0355044815595858,0.0355044815595858
it_dum,pronoun_anchor,P:it,full,family,none,dice,0.6320471613958913,0.6782037465896709,-0.0461565851937795,0.0461565851937795
it_dum,pronoun_anchor,P:it,full,family,none,hamming,0.1939276939276938,0.1834415584415584,0.0104861354861354,-0.0104861354861354
it_dum,pronoun_anchor,P:it,full,family,none,idf_jaccard,0.9202071246411596,0.9271820117685368,-0.0069748871273771,0.0069748871273771
it_dum,pronoun_anchor,P:it,nonlocative,item,none,jaccard,0.7647617862771637,0.7979751106299092,-0.0332133243527454,0.0332133243527454
it_dum,pronoun_anchor,P:it,nonlocative,item,none,dice,0.6227388623864377,0.6642907236941616,-0.0415518613077239,0.0415518613077239
it_dum,pronoun_anchor,P:it,nonlocative,item,none,hamming,0.1896103896103895,0.1861471861471861,0.0034632034632033,-0.0034632034632033
it_dum,pronoun_anchor,P:it,nonlocative,item,none,idf_jaccard,0.9147708768471324,0.930593308838508,-0.0158224319913754,0.0158224319913754
it_dum,pronoun_anchor,P:it,nonlocative,family,none,jaccard,0.7722513816598978,0.7979751106299092,-0.0257237289700114,0.0257237289700114
it_dum,pronoun_anchor,P:it,nonlocative,family,none,dice,0.6320471613958913,0.6642907236941616,-0.0322435622982703,0.0322435622982703
it_dum,pronoun_anchor,P:it,nonlocative,family,none,hamming,0.1939276939276938,0.1861471861471861,0.0077805077805077,-0.0077805077805077
it_dum,pronoun_anchor,P:it,nonlocative,family,none,idf_jaccard,0.9292646761834796,0.9295574499388778,-0.0002927737553981,0.0002927737553981
its,pronoun_anchor,P:it,full,item,none,jaccard,0.6031273246257807,0.7895659837852846,-0.1864386591595039,0.1864386591595039
its,pronoun_anchor,P:it,full,item,none,dice,0.4364685883453957,0.6552586725256425,-0.2187900841802468,0.2187900841802468
its,pronoun_anchor,P:it,full,item,none,hamming,0.1712662337662337,0.2402597402597402,-0.0689935064935064,0.0689935064935064
its,pronoun_anchor,P:it,full,item,none,idf_jaccard,0.801796812532164,0.910212038115715,-0.1084152255835511,0.1084152255835511
its,pronoun_anchor,P:it,full,family,none,jaccard,0.6034452415516806,0.7895659837852846,-0.1861207422336041,0.1861207422336041
its,pronoun_anchor,P:it,full,family,none,dice,0.4367051334876916,0.6552586725256425,-0.2185535390379508,0.2185535390379508
its,pronoun_anchor,P:it,full,family,none,hamming,0.1737451737451737,0.2402597402597402,-0.0665145665145665,0.0665145665145665
its,pronoun_anchor,P:it,full,family,none,idf_jaccard,0.8118637956722827,0.909986524107268,-0.0981227284349853,0.0981227284349853
its,pronoun_anchor,P:it,nonlocative,item,none,jaccard,0.6031273246257807,0.772766421554746,-0.1696390969289652,0.1696390969289652
its,pronoun_anchor,P:it,nonlocative,item,none,dice,0.4364685883453957,0.6318187866922669,-0.1953501983468711,0.1953501983468711
its,pronoun_anchor,P:it,nonlocative,item,none,hamming,0.1712662337662337,0.238095238095238,-0.0668290043290043,0.0668290043290043
its,pronoun_anchor,P:it,nonlocative,item,none,idf_jaccard,0.8133293251606579,0.9129661269481896,-0.0996368017875316,0.0996368017875316
its,pronoun_anchor,P:it,nonlocative,family,none,jaccard,0.6034452415516806,0.772766421554746,-0.1693211800030654,0.1693211800030654
its,pronoun_anchor,P:it,nonlocative,family,none,dice,0.4367051334876916,0.6318187866922669,-0.1951136532045752,0.1951136532045752
its,pronoun_anchor,P:it,nonlocative,family,none,hamming,0.1737451737451737,0.238095238095238,-0.0643500643500643,0.0643500643500643
its,pronoun_anchor,P:it,nonlocative,family,none,idf_jaccard,0.8261409033278684,0.9131391089378438,-0.0869982056099754,0.0869982056099754
itself,pronoun_anchor,P:it,full,item,none,jaccard,0.6077943668553462,0.7395259141501344,-0.1317315472947882,0.1317315472947882
itself,pronoun_anchor,P:it,full,item,none,dice,0.4548043069593698,0.5878668683254781,-0.1330625613661082,0.1330625613661082
itself,pronoun_anchor,P:it,full,item,none,hamming,0.1743506493506493,0.2053571428571428,-0.0310064935064935,0.0310064935064935
itself,pronoun_anchor,P:it,full,item,none,idf_jaccard,0.8209226044783142,0.8953122527612302,-0.0743896482829159,0.0743896482829159
itself,pronoun_anchor,P:it,full,family,none,jaccard,0.6114668830868607,0.7395259141501344,-0.1280590310632736,0.1280590310632736
itself,pronoun_anchor,P:it,full,family,none,dice,0.4595052996729352,0.5878668683254781,-0.1283615686525429,0.1283615686525429
itself,pronoun_anchor,P:it,full,family,none,hamming,0.1784836784836784,0.2053571428571428,-0.0268734643734644,0.0268734643734644
itself,pronoun_anchor,P:it,full,family,none,idf_jaccard,0.8333496373212788,0.8964821201072591,-0.0631324827859803,0.0631324827859803
itself,pronoun_anchor,P:it,nonlocative,item,none,jaccard,0.6077943668553462,0.7398756185412454,-0.1320812516858992,0.1320812516858992
itself,pronoun_anchor,P:it,nonlocative,item,none,dice,0.4548043069593698,0.5886591755693389,-0.1338548686099691,0.1338548686099691
itself,pronoun_anchor,P:it,nonlocative,item,none,hamming,0.1743506493506493,0.211038961038961,-0.0366883116883117,0.0366883116883117
itself,pronoun_anchor,P:it,nonlocative,item,none,idf_jaccard,0.8304232488386658,0.9099724324489517,-0.0795491836102858,0.0795491836102858
itself,pronoun_anchor,P:it,nonlocative,family,none,jaccard,0.6114668830868607,0.7398756185412454,-0.1284087354543847,0.1284087354543847
itself,pronoun_anchor,P:it,nonlocative,family,none,dice,0.4595052996729352,0.5886591755693389,-0.1291538758964037,0.1291538758964037
itself,pronoun_anchor,P:it,nonlocative,family,none,hamming,0.1784836784836784,0.211038961038961,-0.0325552825552825,0.0325552825552825
itself,pronoun_anchor,P:it,nonlocative,family,none,idf_jaccard,0.8449948176235405,0.9107615740627784,-0.065766756439238,0.065766756439238
I,pronoun_anchor,P:I,full,item,none,jaccard,0.5527598492087257,0.8313743634948705,-0.2786145142861448,0.2786145142861448
I,pronoun_anchor,P:I,full,item,none,dice,0.3967014754681943,0.7124249012386085,-0.3157234257704141,0.3157234257704141
I,pronoun_anchor,P:I,full,item,none,hamming,0.1376623376623376,0.2207792207792208,-0.0831168831168831,0.0831168831168831
I,pronoun_anchor,P:I,full,item,none,idf_jaccard,0.756878715677513,0.9633514366585892,-0.2064727209810761,0.2064727209810761
I,pronoun_anchor,P:I,full,family,none,jaccard,0.5567702028245098,0.8313743634948705,-0.2746041606703606,0.2746041606703606
I,pronoun_anchor,P:I,full,family,none,dice,0.401319008502336,0.7124249012386085,-0.3111058927362725,0.3111058927362725
I,pronoun_anchor,P:I,full,family,none,hamming,0.139069264069264,0.2207792207792208,-0.0817099567099567,0.0817099567099567
I,pronoun_anchor,P:I,full,family,none,idf_jaccard,0.7490414375176089,0.9634173994873968,-0.2143759619697878,0.2143759619697878
I,pronoun_anchor,P:I,nonlocative,item,none,jaccard,0.5527598492087257,0.8209143748136044,-0.2681545256048787,0.2681545256048787
I,pronoun_anchor,P:I,nonlocative,item,none,dice,0.3967014754681943,0.6969957029634597,-0.3002942274952653,0.3002942274952653
I,pronoun_anchor,P:I,nonlocative,item,none,hamming,0.1376623376623376,0.2229437229437229,-0.0852813852813852,0.0852813852813852
I,pronoun_anchor,P:I,nonlocative,item,none,idf_jaccard,0.7708431934431982,0.962796714466141,-0.1919535210229428,0.1919535210229428
I,pronoun_anchor,P:I,nonlocative,family,none,jaccard,0.5567702028245098,0.8209143748136044,-0.2641441719890945,0.2641441719890945
I,pronoun_anchor,P:I,nonlocative,family,none,dice,0.401319008502336,0.6969957029634597,-0.2956766944611237,0.2956766944611237
I,pronoun_anchor,P:I,nonlocative,family,none,hamming,0.139069264069264,0.2229437229437229,-0.0838744588744589,0.0838744588744589
I,pronoun_anchor,P:I,nonlocative,family,none,idf_jaccard,0.7629139009211268,0.9627777874537274,-0.1998638865326006,0.1998638865326006
me,pronoun_anchor,P:I,full,item,none,jaccard,0.5251018423694485,0.8254103533032192,-0.3003085109337707,0.3003085109337707
me,pronoun_anchor,P:I,full,item,none,dice,0.3646294250132271,0.7052898233441109,-0.3406603983308838,0.3406603983308838
me,pronoun_anchor,P:I,full,item,none,hamming,0.1389610389610389,0.2451298701298701,-0.1061688311688311,0.1061688311688311
me,pronoun_anchor,P:I,full,item,none,idf_jaccard,0.7872327310563217,0.9630935586272352,-0.1758608275709136,0.1758608275709136
me,pronoun_anchor,P:I,full,family,none,jaccard,0.5304536493886964,0.8254103533032192,-0.2949567039145228,0.2949567039145228
me,pronoun_anchor,P:I,full,family,none,dice,0.3697464290270425,0.7052898233441109,-0.3355433943170684,0.3355433943170684
me,pronoun_anchor,P:I,full,family,none,hamming,0.1408730158730158,0.2451298701298701,-0.1042568542568543,0.1042568542568543
me,pronoun_anchor,P:I,full,family,none,idf_jaccard,0.781567171492115,0.9627020335052894,-0.1811348620131744,0.1811348620131744
me,pronoun_anchor,P:I,nonlocative,item,none,jaccard,0.5251018423694485,0.8004975345630224,-0.2753956921935739,0.2753956921935739
me,pronoun_anchor,P:I,nonlocative,item,none,dice,0.3646294250132271,0.6675412306991255,-0.3029118056858983,0.3029118056858983
me,pronoun_anchor,P:I,nonlocative,item,none,hamming,0.1389610389610389,0.2391774891774891,-0.1002164502164502,0.1002164502164502
me,pronoun_anchor,P:I,nonlocative,item,none,idf_jaccard,0.8041204156457967,0.9620245326402368,-0.1579041169944399,0.1579041169944399
me,pronoun_anchor,P:I,nonlocative,family,none,jaccard,0.5304536493886964,0.8004975345630224,-0.270043885174326,0.270043885174326
me,pronoun_anchor,P:I,nonlocative,family,none,dice,0.3697464290270425,0.6675412306991255,-0.297794801672083,0.297794801672083
me,pronoun_anchor,P:I,nonlocative,family,none,hamming,0.1408730158730158,0.2391774891774891,-0.0983044733044733,0.0983044733044733
me,pronoun_anchor,P:I,nonlocative,family,none,idf_jaccard,0.7988575471198218,0.9618870073030168,-0.1630294601831948,0.1630294601831948
mine,pronoun_anchor,P:I,full,item,none,jaccard,0.4487180376377277,0.7386792842136854,-0.2899612465759577,0.2899612465759577
mine,pronoun_anchor,P:I,full,item,none,dice,0.3004717503948373,0.5895858719061126,-0.2891141215112752,0.2891141215112752
mine,pronoun_anchor,P:I,full,item,none,hamming,0.1274350649350649,0.2386363636363636,-0.1112012987012987,0.1112012987012987
mine,pronoun_anchor,P:I,full,item,none,idf_jaccard,0.6600540853483852,0.8823136016950804,-0.2222595163466952,0.2222595163466952
mine,pronoun_anchor,P:I,full,family,none,jaccard,0.4468875209589157,0.7386792842136854,-0.2917917632547697,0.2917917632547697
mine,pronoun_anchor,P:I,full,family,none,dice,0.3000437579491666,0.5895858719061126,-0.2895421139569459,0.2895421139569459
mine,pronoun_anchor,P:I,full,family,none,hamming,0.1275252525252524,0.2386363636363636,-0.1111111111111111,0.1111111111111111
mine,pronoun_anchor,P:I,full,family,none,idf_jaccard,0.6515640828262624,0.8850338067964414,-0.2334697239701789,0.2334697239701789
mine,pronoun_anchor,P:I,nonlocative,item,none,jaccard,0.4487180376377277,0.7181469254368414,-0.2694288877991137,0.2694288877991137
mine,pronoun_anchor,P:I,nonlocative,item,none,dice,0.3004717503948373,0.5630501768488831,-0.2625784264540458,0.2625784264540458
mine,pronoun_anchor,P:I,nonlocative,item,none,hamming,0.1274350649350649,0.2337662337662337,-0.1063311688311688,0.1063311688311688
mine,pronoun_anchor,P:I,nonlocative,item,none,idf_jaccard,0.6744849720001447,0.8820608567702383,-0.2075758847700936,0.2075758847700936
mine,pronoun_anchor,P:I,nonlocative,family,none,jaccard,0.4468875209589157,0.7181469254368414,-0.2712594044779257,0.2712594044779257
mine,pronoun_anchor,P:I,nonlocative,family,none,dice,0.3000437579491666,0.5630501768488831,-0.2630064188997165,0.2630064188997165
mine,pronoun_anchor,P:I,nonlocative,family,none,hamming,0.1275252525252524,0.2337662337662337,-0.1062409812409812,0.1062409812409812
mine,pronoun_anchor,P:I,nonlocative,family,none,idf_jaccard,0.6662696937724095,0.8846906660578732,-0.2184209722854636,0.2184209722854636
my,pronoun_anchor,P:I,full,item,none,jaccard,0.5871887261817653,0.8462358725204688,-0.2590471463387035,0.2590471463387035
my,pronoun_anchor,P:I,full,item,none,dice,0.4434222105660561,0.7372878426468461,-0.29386563208079,0.29386563208079
my,pronoun_anchor,P:I,full,item,none,hamming,0.1896103896103896,0.3035714285714286,-0.1139610389610389,0.1139610389610389
my,pronoun_anchor,P:I,full,item,none,idf_jaccard,0.7431151923365085,0.9347452114129609,-0.1916300190764522,0.1916300190764522
my,pronoun_anchor,P:I,full,family,none,jaccard,0.5846807544974987,0.8462358725204688,-0.2615551180229701,0.2615551180229701
my,pronoun_anchor,P:I,full,family,none,dice,0.4429213479242949,0.7372878426468461,-0.2943664947225511,0.2943664947225511
my,pronoun_anchor,P:I,full,family,none,hamming,0.1899350649350649,0.3035714285714286,-0.1136363636363636,0.1136363636363636
my,pronoun_anchor,P:I,full,family,none,idf_jaccard,0.7329791444115644,0.9356328004021246,-0.2026536559905601,0.2026536559905601
my,pronoun_anchor,P:I,nonlocative,item,none,jaccard,0.5871887261817653,0.8255086605547888,-0.2383199343730234,0.2383199343730234
my,pronoun_anchor,P:I,nonlocative,item,none,dice,0.4434222105660561,0.7047996273404457,-0.2613774167743895,0.2613774167743895
my,pronoun_anchor,P:I,nonlocative,item,none,hamming,0.1896103896103896,0.2976190476190476,-0.108008658008658,0.108008658008658
my,pronoun_anchor,P:I,nonlocative,item,none,idf_jaccard,0.7525020492648825,0.9296856811771228,-0.1771836319122403,0.1771836319122403
my,pronoun_anchor,P:I,nonlocative,family,none,jaccard,0.5846807544974987,0.8255086605547888,-0.2408279060572901,0.2408279060572901
my,pronoun_anchor,P:I,nonlocative,family,none,dice,0.4429213479242949,0.7047996273404457,-0.2618782794161507,0.2618782794161507
my,pronoun_anchor,P:I,nonlocative,family,none,hamming,0.1899350649350649,0.2976190476190476,-0.1076839826839827,0.1076839826839827
my,pronoun_anchor,P:I,nonlocative,family,none,idf_jaccard,0.7425809368013888,0.9308756333057936,-0.1882946965044046,0.1882946965044046
myself,pronoun_anchor,P:I,full,item,none,jaccard,0.5262177395510541,0.7657781804126589,-0.2395604408616047,0.2395604408616047
myself,pronoun_anchor,P:I,full,item,none,dice,0.3759893787697125,0.6216802551565955,-0.245690876386883,0.245690876386883
myself,pronoun_anchor,P:I,full,item,none,hamming,0.1487012987012986,0.2248376623376623,-0.0761363636363636,0.0761363636363636
myself,pronoun_anchor,P:I,full,item,none,idf_jaccard,0.7616552133586081,0.9204467147810484,-0.1587915014224403,0.1587915014224403
myself,pronoun_anchor,P:I,full,family,none,jaccard,0.524744639641133,0.7657781804126589,-0.2410335407715258,0.2410335407715258
myself,pronoun_anchor,P:I,full,family,none,dice,0.3759600046048199,0.6216802551565955,-0.2457202505517756,0.2457202505517756
myself,pronoun_anchor,P:I,full,family,none,hamming,0.1488095238095237,0.2248376623376623,-0.0760281385281385,0.0760281385281385
myself,pronoun_anchor,P:I,full,family,none,idf_jaccard,0.7534161988861025,0.9237469849800224,-0.17033078609392,0.17033078609392
myself,pronoun_anchor,P:I,nonlocative,item,none,jaccard,0.5262177395510541,0.7513306461634729,-0.2251129066124187,0.2251129066124187
myself,pronoun_anchor,P:I,nonlocative,item,none,dice,0.3759893787697125,0.6024089950833312,-0.2264196163136187,0.2264196163136187
myself,pronoun_anchor,P:I,nonlocative,item,none,hamming,0.1487012987012986,0.224025974025974,-0.0753246753246753,0.0753246753246753
myself,pronoun_anchor,P:I,nonlocative,item,none,idf_jaccard,0.7749213442277938,0.9254548241051088,-0.1505334798773151,0.1505334798773151
myself,pronoun_anchor,P:I,nonlocative,family,none,jaccard,0.524744639641133,0.7513306461634729,-0.2265860065223398,0.2265860065223398
myself,pronoun_anchor,P:I,nonlocative,family,none,dice,0.3759600046048199,0.6024089950833312,-0.2264489904785113,0.2264489904785113
myself,pronoun_anchor,P:I,nonlocative,family,none,hamming,0.1488095238095237,0.224025974025974,-0.0752164502164502,0.0752164502164502
myself,pronoun_anchor,P:I,nonlocative,family,none,idf_jaccard,0.7668289742625531,0.928772968444743,-0.1619439941821898,0.1619439941821898
their_sing,pronoun_anchor,P:they,full,item,none,jaccard,0.5780491743191783,0.8225295474841754,-0.244480373164997,0.244480373164997
their_sing,pronoun_anchor,P:they,full,item,none,dice,0.4319821753034796,0.702800581276656,-0.2708184059731763,0.2708184059731763
their_sing,pronoun_anchor,P:they,full,item,none,hamming,0.1874999999999999,0.2938311688311688,-0.1063311688311688,0.1063311688311688
their_sing,pronoun_anchor,P:they,full,item,none,idf_jaccard,0.7338784899613691,0.9236339141242952,-0.1897554241629262,0.1897554241629262
their_sing,pronoun_anchor,P:they,full,family,none,jaccard,0.5914909422891269,0.8225295474841754,-0.2310386051950484,0.2310386051950484
their_sing,pronoun_anchor,P:they,full,family,none,dice,0.4458626713527442,0.702800581276656,-0.2569379099239118,0.2569379099239118
their_sing,pronoun_anchor,P:they,full,family,none,hamming,0.1933389191453706,0.2938311688311688,-0.1004922496857981,0.1004922496857981
their_sing,pronoun_anchor,P:they,full,family,none,idf_jaccard,0.7549058386557598,0.92851943518211,-0.1736135965263501,0.1736135965263501
their_sing,pronoun_anchor,P:they,nonlocative,item,none,jaccard,0.5780491743191783,0.7983053899115605,-0.2202562155923821,0.2202562155923821
their_sing,pronoun_anchor,P:they,nonlocative,item,none,dice,0.4319821753034796,0.6662258697052758,-0.2342436944017961,0.2342436944017961
their_sing,pronoun_anchor,P:they,nonlocative,item,none,hamming,0.1874999999999999,0.2857142857142857,-0.0982142857142858,0.0982142857142858
their_sing,pronoun_anchor,P:they,nonlocative,item,none,idf_jaccard,0.7427312343038729,0.9169073226910696,-0.1741760883871966,0.1741760883871966
their_sing,pronoun_anchor,P:they,nonlocative,family,none,jaccard,0.5914909422891269,0.7983053899115605,-0.2068144476224336,0.2068144476224336
their_sing,pronoun_anchor,P:they,nonlocative,family,none,dice,0.4458626713527442,0.6662258697052758,-0.2203631983525315,0.2203631983525315
their_sing,pronoun_anchor,P:they,nonlocative,family,none,hamming,0.1933389191453706,0.2857142857142857,-0.0923753665689151,0.0923753665689151
their_sing,pronoun_anchor,P:they,nonlocative,family,none,idf_jaccard,0.7649007578996012,0.9230999934757524,-0.1581992355761511,0.1581992355761511
theirs_sing,pronoun_anchor,P:they,full,item,none,jaccard,0.4881000380130045,0.7363382052546872,-0.2482381672416826,0.2482381672416826
theirs_sing,pronoun_anchor,P:they,full,item,none,dice,0.3355224912774935,0.5869215701364913,-0.2513990788589977,0.2513990788589977
theirs_sing,pronoun_anchor,P:they,full,item,none,hamming,0.146590909090909,0.2451298701298701,-0.098538961038961,0.098538961038961
theirs_sing,pronoun_anchor,P:they,full,item,none,idf_jaccard,0.7146765735089438,0.8914730577872565,-0.1767964842783127,0.1767964842783127
theirs_sing,pronoun_anchor,P:they,full,family,none,jaccard,0.5049553853125748,0.7363382052546872,-0.2313828199421124,0.2313828199421124
theirs_sing,pronoun_anchor,P:they,full,family,none,dice,0.3507518576691802,0.5869215701364913,-0.236169712467311,0.236169712467311
theirs_sing,pronoun_anchor,P:they,full,family,none,hamming,0.1531210724759111,0.2451298701298701,-0.0920087976539589,0.0920087976539589
theirs_sing,pronoun_anchor,P:they,full,family,none,idf_jaccard,0.7471896105873692,0.899565930329858,-0.1523763197424887,0.1523763197424887
theirs_sing,pronoun_anchor,P:they,nonlocative,item,none,jaccard,0.4881000380130045,0.7124051887055957,-0.2243051506925911,0.2243051506925911
theirs_sing,pronoun_anchor,P:they,nonlocative,item,none,dice,0.3355224912774935,0.5558731674775497,-0.2203506762000561,0.2203506762000561
theirs_sing,pronoun_anchor,P:they,nonlocative,item,none,hamming,0.146590909090909,0.2380952380952381,-0.091504329004329,0.091504329004329
theirs_sing,pronoun_anchor,P:they,nonlocative,item,none,idf_jaccard,0.7266905799179837,0.8891299603405288,-0.1624393804225451,0.1624393804225451
theirs_sing,pronoun_anchor,P:they,nonlocative,family,none,jaccard,0.5049553853125748,0.7124051887055957,-0.2074498033930208,0.2074498033930208
theirs_sing,pronoun_anchor,P:they,nonlocative,family,none,dice,0.3507518576691802,0.5558731674775497,-0.2051213098083694,0.2051213098083694
theirs_sing,pronoun_anchor,P:they,nonlocative,family,none,hamming,0.1531210724759111,0.2380952380952381,-0.0849741656193269,0.0849741656193269
theirs_sing,pronoun_anchor,P:they,nonlocative,family,none,idf_jaccard,0.7604829183189014,0.897481719012096,-0.1369988006931946,0.1369988006931946
their_plur,pronoun_anchor,P:they,full,item,none,jaccard,0.596124537672239,0.8383749516119797,-0.2422504139397406,0.2422504139397406
their_plur,pronoun_anchor,P:they,full,item,none,dice,0.4504451959832794,0.7249073489581173,-0.2744621529748378,0.2744621529748378
their_plur,pronoun_anchor,P:they,full,item,none,hamming,0.1900974025974025,0.2938311688311688,-0.1037337662337662,0.1037337662337662
their_plur,pronoun_anchor,P:they,full,item,none,idf_jaccard,0.7435678426409016,0.9328326472450268,-0.1892648046041253,0.1892648046041253
their_plur,pronoun_anchor,P:they,full,family,none,jaccard,0.6125075481454538,0.8383749516119797,-0.2258674034665259,0.2258674034665259
their_plur,pronoun_anchor,P:they,full,family,none,dice,0.4672568631124545,0.7249073489581173,-0.2576504858456627,0.2576504858456627
their_plur,pronoun_anchor,P:they,full,family,none,hamming,0.1971093422706325,0.2938311688311688,-0.0967218265605363,0.0967218265605363
their_plur,pronoun_anchor,P:they,full,family,none,idf_jaccard,0.7634720557990656,0.9367200658725268,-0.173248010073461,0.173248010073461
their_plur,pronoun_anchor,P:they,nonlocative,item,none,jaccard,0.596124537672239,0.8207541686708355,-0.2246296309985964,0.2246296309985964
their_plur,pronoun_anchor,P:they,nonlocative,item,none,dice,0.4504451959832794,0.6978112247231559,-0.2473660287398765,0.2473660287398765
their_plur,pronoun_anchor,P:they,nonlocative,item,none,hamming,0.1900974025974025,0.29004329004329,-0.0999458874458875,0.0999458874458875
their_plur,pronoun_anchor,P:they,nonlocative,item,none,idf_jaccard,0.7514824841985495,0.9280528335526244,-0.1765703493540749,0.1765703493540749
their_plur,pronoun_anchor,P:they,nonlocative,family,none,jaccard,0.6125075481454538,0.8207541686708355,-0.2082466205253816,0.2082466205253816
their_plur,pronoun_anchor,P:they,nonlocative,family,none,dice,0.4672568631124545,0.6978112247231559,-0.2305543616107014,0.2305543616107014
their_plur,pronoun_anchor,P:they,nonlocative,family,none,hamming,0.1971093422706325,0.29004329004329,-0.0929339477726575,0.0929339477726575
their_plur,pronoun_anchor,P:they,nonlocative,family,none,idf_jaccard,0.7721182279511544,0.932688722262902,-0.1605704943117477,0.1605704943117477
theirs_plur,pronoun_anchor,P:they,full,item,none,jaccard,0.5053583753706657,0.7512284962061749,-0.2458701208355092,0.2458701208355092
theirs_plur,pronoun_anchor,P:they,full,item,none,dice,0.3509315843589712,0.6053210817978133,-0.2543894974388421,0.2543894974388421
theirs_plur,pronoun_anchor,P:they,full,item,none,hamming,0.1491883116883116,0.2451298701298701,-0.0959415584415585,0.0959415584415585
theirs_plur,pronoun_anchor,P:they,full,item,none,idf_jaccard,0.725533042287278,0.9016737096418682,-0.1761406673545902,0.1761406673545902
theirs_plur,pronoun_anchor,P:they,full,family,none,jaccard,0.5255562539486075,0.7512284962061749,-0.2256722422575674,0.2256722422575674
theirs_plur,pronoun_anchor,P:they,full,family,none,dice,0.3691251558056549,0.6053210817978133,-0.2361959259921583,0.2361959259921583
theirs_plur,pronoun_anchor,P:they,full,family,none,hamming,0.156891495601173,0.2451298701298701,-0.0882383745286971,0.0882383745286971
theirs_plur,pronoun_anchor,P:they,full,family,none,idf_jaccard,0.7568325527091295,0.90869806808115,-0.1518655153720205,0.1518655153720205
theirs_plur,pronoun_anchor,P:they,nonlocative,item,none,jaccard,0.5053583753706657,0.7348792080934938,-0.229520832722828,0.229520832722828
theirs_plur,pronoun_anchor,P:they,nonlocative,item,none,dice,0.3509315843589712,0.584030456704484,-0.2330988723455127,0.2330988723455127
theirs_plur,pronoun_anchor,P:they,nonlocative,item,none,hamming,0.1491883116883116,0.2424242424242424,-0.0932359307359307,0.0932359307359307
theirs_plur,pronoun_anchor,P:they,nonlocative,item,none,idf_jaccard,0.7364805652664799,0.9016957683448428,-0.165215203078363,0.165215203078363
theirs_plur,pronoun_anchor,P:they,nonlocative,family,none,jaccard,0.5255562539486075,0.7348792080934938,-0.2093229541448863,0.2093229541448863
theirs_plur,pronoun_anchor,P:they,nonlocative,family,none,dice,0.3691251558056549,0.584030456704484,-0.214905300898829,0.214905300898829
theirs_plur,pronoun_anchor,P:they,nonlocative,family,none,hamming,0.156891495601173,0.2424242424242424,-0.0855327468230694,0.0855327468230694
theirs_plur,pronoun_anchor,P:they,nonlocative,family,none,idf_jaccard,0.7685752346352387,0.9082990047177808,-0.1397237700825421,0.1397237700825421
them_sing,pronoun_anchor,P:they,full,item,none,jaccard,0.5097879269274885,0.800691344903457,-0.2909034179759684,0.2909034179759684
them_sing,pronoun_anchor,P:they,full,item,none,dice,0.3497053914006666,0.6710857544785235,-0.3213803630778569,0.3213803630778569
them_sing,pronoun_anchor,P:they,full,item,none,hamming,0.1376623376623376,0.2418831168831169,-0.1042207792207792,0.1042207792207792
them_sing,pronoun_anchor,P:they,full,item,none,idf_jaccard,0.7469684811178399,0.9491078825882788,-0.202139401470439,0.202139401470439
them_sing,pronoun_anchor,P:they,full,family,none,jaccard,0.5226250890017174,0.800691344903457,-0.2780662559017395,0.2780662559017395
them_sing,pronoun_anchor,P:they,full,family,none,dice,0.3608376414266684,0.6710857544785235,-0.310248113051855,0.310248113051855
them_sing,pronoun_anchor,P:they,full,family,none,hamming,0.1416003351487222,0.2418831168831169,-0.1002827817343946,0.1002827817343946
them_sing,pronoun_anchor,P:they,full,family,none,idf_jaccard,0.7759263672927202,0.9532967511738148,-0.1773703838810946,0.1773703838810946
them_sing,pronoun_anchor,P:they,nonlocative,item,none,jaccard,0.5097879269274885,0.7720723498926589,-0.2622844229651704,0.2622844229651704
them_sing,pronoun_anchor,P:they,nonlocative,item,none,dice,0.3497053914006666,0.6293561122376475,-0.2796507208369809,0.2796507208369809
them_sing,pronoun_anchor,P:they,nonlocative,item,none,hamming,0.1376623376623376,0.2337662337662337,-0.0961038961038961,0.0961038961038961
them_sing,pronoun_anchor,P:they,nonlocative,item,none,idf_jaccard,0.7626622554181772,0.9460389183691844,-0.1833766629510071,0.1833766629510071
them_sing,pronoun_anchor,P:they,nonlocative,family,none,jaccard,0.5226250890017174,0.7720723498926589,-0.2494472608909415,0.2494472608909415
them_sing,pronoun_anchor,P:they,nonlocative,family,none,dice,0.3608376414266684,0.6293561122376475,-0.2685184708109791,0.2685184708109791
them_sing,pronoun_anchor,P:they,nonlocative,family,none,hamming,0.1416003351487222,0.2337662337662337,-0.0921658986175115,0.0921658986175115
them_sing,pronoun_anchor,P:they,nonlocative,family,none,idf_jaccard,0.7934786128774273,0.9516687467472322,-0.1581901338698049,0.1581901338698049
them_plur,pronoun_anchor,P:they,full,item,none,jaccard,0.5323823432851988,0.8345124490398997,-0.3021301057547009,0.3021301057547009
them_plur,pronoun_anchor,P:they,full,item,none,dice,0.3697691132095795,0.7199660946720899,-0.3501969814625104,0.3501969814625104
them_plur,pronoun_anchor,P:they,full,item,none,hamming,0.1469155844155843,0.2637987012987013,-0.1168831168831169,0.1168831168831169
them_plur,pronoun_anchor,P:they,full,item,none,idf_jaccard,0.7567846273625738,0.9605468766253508,-0.203762249262777,0.203762249262777
them_plur,pronoun_anchor,P:they,full,family,none,jaccard,0.5540065466251243,0.8345124490398997,-0.2805059024147754,0.2805059024147754
them_plur,pronoun_anchor,P:they,full,family,none,dice,0.3888664446677989,0.7199660946720899,-0.331099650004291,0.331099650004291
them_plur,pronoun_anchor,P:they,full,family,none,hamming,0.1539589442815249,0.2637987012987013,-0.1098397570171764,0.1098397570171764
them_plur,pronoun_anchor,P:they,full,family,none,idf_jaccard,0.780805290849819,0.9609607236026236,-0.1801554327528045,0.1801554327528045
them_plur,pronoun_anchor,P:they,nonlocative,item,none,jaccard,0.5323823432851988,0.8124092668982487,-0.2800269236130498,0.2800269236130498
them_plur,pronoun_anchor,P:they,nonlocative,item,none,dice,0.3697691132095795,0.6864593642457049,-0.3166902510361253,0.3166902510361253
them_plur,pronoun_anchor,P:they,nonlocative,item,none,hamming,0.1469155844155843,0.2586580086580086,-0.1117424242424242,0.1117424242424242
them_plur,pronoun_anchor,P:they,nonlocative,item,none,idf_jaccard,0.7711415298117449,0.9593595049015377,-0.1882179750897926,0.1882179750897926
them_plur,pronoun_anchor,P:they,nonlocative,family,none,jaccard,0.5540065466251243,0.8124092668982487,-0.2584027202731244,0.2584027202731244
them_plur,pronoun_anchor,P:they,nonlocative,family,none,dice,0.3888664446677989,0.6864593642457049,-0.2975929195779059,0.2975929195779059
them_plur,pronoun_anchor,P:they,nonlocative,family,none,hamming,0.1539589442815249,0.2586580086580086,-0.1046990643764837,0.1046990643764837
them_plur,pronoun_anchor,P:they,nonlocative,family,none,idf_jaccard,0.7961694617173815,0.960445665033908,-0.1642762033165264,0.1642762033165264
themself,pronoun_anchor,P:they,full,item,none,jaccard,0.5512927280874897,0.7657781804126589,-0.2144854523251691,0.2144854523251691
themself,pronoun_anchor,P:they,full,item,none,dice,0.3993333161627411,0.6216802551565955,-0.2223469389938543,0.2223469389938543
themself,pronoun_anchor,P:they,full,item,none,hamming,0.1577922077922077,0.2248376623376623,-0.0670454545454545,0.0670454545454545
themself,pronoun_anchor,P:they,full,item,none,idf_jaccard,0.7581917063702234,0.9162924085771366,-0.1581007022069132,0.1581007022069132
themself,pronoun_anchor,P:they,full,family,none,jaccard,0.5622595619389467,0.7657781804126589,-0.2035186184737122,0.2035186184737122
themself,pronoun_anchor,P:they,full,family,none,dice,0.410612040480577,0.6216802551565955,-0.2110682146760185,0.2110682146760185
themself,pronoun_anchor,P:they,full,family,none,hamming,0.161709258483452,0.2248376623376623,-0.0631284038542103,0.0631284038542103
themself,pronoun_anchor,P:they,full,family,none,idf_jaccard,0.7821250436000798,0.9269324077428394,-0.1448073641427595,0.1448073641427595
themself,pronoun_anchor,P:they,nonlocative,item,none,jaccard,0.5512927280874897,0.7513306461634729,-0.2000379180759831,0.2000379180759831
themself,pronoun_anchor,P:they,nonlocative,item,none,dice,0.3993333161627411,0.6024089950833312,-0.20307567892059,0.20307567892059
themself,pronoun_anchor,P:they,nonlocative,item,none,hamming,0.1577922077922077,0.224025974025974,-0.0662337662337662,0.0662337662337662
themself,pronoun_anchor,P:they,nonlocative,item,none,idf_jaccard,0.7695137143756888,0.9196755961499472,-0.1501618817742582,0.1501618817742582
themself,pronoun_anchor,P:they,nonlocative,family,none,jaccard,0.5622595619389467,0.7513306461634729,-0.1890710842245262,0.1890710842245262
themself,pronoun_anchor,P:they,nonlocative,family,none,dice,0.410612040480577,0.6024089950833312,-0.1917969546027542,0.1917969546027542
themself,pronoun_anchor,P:they,nonlocative,family,none,hamming,0.161709258483452,0.224025974025974,-0.062316715542522,0.062316715542522
themself,pronoun_anchor,P:they,nonlocative,family,none,idf_jaccard,0.7939639700711145,0.930361285071732,-0.1363973150006173,0.1363973150006173
themselves,pronoun_anchor,P:they,full,item,none,jaccard,0.5514914373328224,0.7897178855931829,-0.2382264482603605,0.2382264482603605
themselves,pronoun_anchor,P:they,full,item,none,dice,0.3958806491217441,0.6540980126854398,-0.2582173635636957,0.2582173635636957
themselves,pronoun_anchor,P:they,full,item,none,hamming,0.1579545454545454,0.2402597402597402,-0.0823051948051948,0.0823051948051948
themselves,pronoun_anchor,P:they,full,item,none,idf_jaccard,0.7495643946908824,0.9224493314558212,-0.1728849367649388,0.1728849367649388
themselves,pronoun_anchor,P:they,full,family,none,jaccard,0.567990728369311,0.7897178855931829,-0.2217271572238719,0.2217271572238719
themselves,pronoun_anchor,P:they,full,family,none,dice,0.4116313379727244,0.6540980126854398,-0.2424666747127153,0.2424666747127153
themselves,pronoun_anchor,P:they,full,family,none,hamming,0.1635944700460829,0.2402597402597402,-0.0766652702136572,0.0766652702136572
themselves,pronoun_anchor,P:they,full,family,none,idf_jaccard,0.7743300598846914,0.9306333383625124,-0.156303278477821,0.156303278477821
themselves,pronoun_anchor,P:they,nonlocative,item,none,jaccard,0.5514914373328224,0.7772728007587042,-0.2257813634258818,0.2257813634258818
themselves,pronoun_anchor,P:they,nonlocative,item,none,dice,0.3958806491217441,0.6368172548709313,-0.2409366057491872,0.2409366057491872
themselves,pronoun_anchor,P:they,nonlocative,item,none,hamming,0.1579545454545454,0.2402597402597401,-0.0823051948051947,0.0823051948051947
themselves,pronoun_anchor,P:they,nonlocative,item,none,idf_jaccard,0.7615224191409802,0.927019538580565,-0.1654971194395847,0.1654971194395847
themselves,pronoun_anchor,P:they,nonlocative,family,none,jaccard,0.567990728369311,0.7772728007587042,-0.2092820723893932,0.2092820723893932
themselves,pronoun_anchor,P:they,nonlocative,family,none,dice,0.4116313379727244,0.6368172548709313,-0.2251859168982068,0.2251859168982068
themselves,pronoun_anchor,P:they,nonlocative,family,none,hamming,0.1635944700460829,0.2402597402597401,-0.0766652702136572,0.0766652702136572
themselves,pronoun_anchor,P:they,nonlocative,family,none,idf_jaccard,0.786594209646449,0.9351320870926486,-0.1485378774461996,0.1485378774461996
they_sing,pronoun_anchor,P:they,full,item,none,jaccard,0.5569531222211748,0.8083710121210341,-0.2514178898998593,0.2514178898998593
they_sing,pronoun_anchor,P:they,full,item,none,dice,0.3987191978964412,0.6803577087921203,-0.2816385108956791,0.2816385108956791
they_sing,pronoun_anchor,P:they,full,item,none,hamming,0.1459415584415584,0.224025974025974,-0.0780844155844155,0.0780844155844155
they_sing,pronoun_anchor,P:they,full,item,none,idf_jaccard,0.7808457685724861,0.9544680213812696,-0.1736222528087835,0.1736222528087835
they_sing,pronoun_anchor,P:they,full,family,none,jaccard,0.5681837708327379,0.8083710121210341,-0.2401872412882962,0.2401872412882962
they_sing,pronoun_anchor,P:they,full,family,none,dice,0.4099325610154236,0.6803577087921203,-0.2704251477766967,0.2704251477766967
they_sing,pronoun_anchor,P:they,full,family,none,hamming,0.1493506493506493,0.224025974025974,-0.0746753246753246,0.0746753246753246
they_sing,pronoun_anchor,P:they,full,family,none,idf_jaccard,0.801680727157684,0.9586202513839076,-0.1569395242262234,0.1569395242262234
they_sing,pronoun_anchor,P:they,nonlocative,item,none,jaccard,0.5569531222211748,0.793994722735062,-0.2370416005138872,0.2370416005138872
they_sing,pronoun_anchor,P:they,nonlocative,item,none,dice,0.3987191978964412,0.6598690525649988,-0.2611498546685576,0.2611498546685576
they_sing,pronoun_anchor,P:they,nonlocative,item,none,hamming,0.1459415584415584,0.224025974025974,-0.0780844155844155,0.0780844155844155
they_sing,pronoun_anchor,P:they,nonlocative,item,none,idf_jaccard,0.7928688369612666,0.9518907306695962,-0.1590218937083295,0.1590218937083295
they_sing,pronoun_anchor,P:they,nonlocative,family,none,jaccard,0.5681837708327379,0.793994722735062,-0.2258109519023241,0.2258109519023241
they_sing,pronoun_anchor,P:they,nonlocative,family,none,dice,0.4099325610154236,0.6598690525649988,-0.2499364915495752,0.2499364915495752
they_sing,pronoun_anchor,P:they,nonlocative,family,none,hamming,0.1493506493506493,0.224025974025974,-0.0746753246753246,0.0746753246753246
they_sing,pronoun_anchor,P:they,nonlocative,family,none,idf_jaccard,0.8151850168626601,0.9567931715073096,-0.1416081546446495,0.1416081546446495
they_plur,pronoun_anchor,P:they,full,item,none,jaccard,0.5728518715553828,0.8418691732473198,-0.269017301691937,0.269017301691937
they_plur,pronoun_anchor,P:they,full,item,none,dice,0.4115522002139472,0.7287515124307693,-0.317199312216822,0.317199312216822
they_plur,pronoun_anchor,P:they,full,item,none,hamming,0.149512987012987,0.2394480519480519,-0.0899350649350649,0.0899350649350649
they_plur,pronoun_anchor,P:they,full,item,none,idf_jaccard,0.7773237421878922,0.9639834385193556,-0.1866596963314634,0.1866596963314634
they_plur,pronoun_anchor,P:they,full,family,none,jaccard,0.5940404083356736,0.8418691732473198,-0.2478287649116461,0.2478287649116461
they_plur,pronoun_anchor,P:they,full,family,none,dice,0.4318743804661581,0.7287515124307693,-0.2968771319646111,0.2968771319646111
they_plur,pronoun_anchor,P:they,full,family,none,hamming,0.1560536237955592,0.2394480519480519,-0.0833944281524926,0.0833944281524926
they_plur,pronoun_anchor,P:they,full,family,none,idf_jaccard,0.797819570548398,0.9645698830926503,-0.1667503125442524,0.1667503125442524
they_plur,pronoun_anchor,P:they,nonlocative,item,none,jaccard,0.5728518715553828,0.833911365427323,-0.2610594938719403,0.2610594938719403
they_plur,pronoun_anchor,P:they,nonlocative,item,none,dice,0.4115522002139472,0.7166822007277057,-0.3051300005137585,0.3051300005137585
they_plur,pronoun_anchor,P:they,nonlocative,item,none,hamming,0.149512987012987,0.2424242424242423,-0.0929112554112553,0.0929112554112553
they_plur,pronoun_anchor,P:they,nonlocative,item,none,idf_jaccard,0.7888243777234664,0.963376312214006,-0.1745519344905397,0.1745519344905397
they_plur,pronoun_anchor,P:they,nonlocative,family,none,jaccard,0.5940404083356736,0.833911365427323,-0.2398709570916494,0.2398709570916494
they_plur,pronoun_anchor,P:they,nonlocative,family,none,dice,0.4318743804661581,0.7166822007277057,-0.2848078202615475,0.2848078202615475
they_plur,pronoun_anchor,P:they,nonlocative,family,none,hamming,0.1560536237955592,0.2424242424242423,-0.086370618628683,0.086370618628683
they_plur,pronoun_anchor,P:they,nonlocative,family,none,idf_jaccard,0.809968534306514,0.9640127761581024,-0.1540442418515883,0.1540442418515883
we_pron,pronoun_anchor,P:we,full,item,none,jaccard,0.5466761450495666,0.8263087195311104,-0.2796325744815437,0.2796325744815437
we_pron,pronoun_anchor,P:we,full,item,none,dice,0.385676199399309,0.7071655526626275,-0.3214893532633184,0.3214893532633184
we_pron,pronoun_anchor,P:we,full,item,none,hamming,0.147077922077922,0.2459415584415584,-0.0988636363636363,0.0988636363636363
we_pron,pronoun_anchor,P:we,full,item,none,idf_jaccard,0.7716794390549053,0.9530288242196976,-0.1813493851647921,0.1813493851647921
we_pron,pronoun_anchor,P:we,full,family,none,jaccard,0.5513497580938054,0.8263087195311104,-0.274958961437305,0.274958961437305
we_pron,pronoun_anchor,P:we,full,family,none,dice,0.3903930615090796,0.7071655526626275,-0.3167724911535478,0.3167724911535478
we_pron,pronoun_anchor,P:we,full,family,none,hamming,0.148088023088023,0.2459415584415584,-0.0978535353535353,0.0978535353535353
we_pron,pronoun_anchor,P:we,full,family,none,idf_jaccard,0.7692924715890195,0.9517650279037344,-0.1824725563147148,0.1824725563147148
we_pron,pronoun_anchor,P:we,nonlocative,item,none,jaccard,0.5466761450495666,0.8101051162636027,-0.2634289712140361,0.2634289712140361
we_pron,pronoun_anchor,P:we,nonlocative,item,none,dice,0.385676199399309,0.6831673810046467,-0.2974911816053376,0.2974911816053376
we_pron,pronoun_anchor,P:we,nonlocative,item,none,hamming,0.147077922077922,0.2445887445887446,-0.0975108225108225,0.0975108225108225
we_pron,pronoun_anchor,P:we,nonlocative,item,none,idf_jaccard,0.784869131077755,0.9500137229636824,-0.1651445918859274,0.1651445918859274
we_pron,pronoun_anchor,P:we,nonlocative,family,none,jaccard,0.5513497580938054,0.8101051162636027,-0.2587553581697973,0.2587553581697973
we_pron,pronoun_anchor,P:we,nonlocative,family,none,dice,0.3903930615090796,0.6831673810046467,-0.292774319495567,0.292774319495567
we_pron,pronoun_anchor,P:we,nonlocative,family,none,hamming,0.148088023088023,0.2445887445887446,-0.0965007215007215,0.0965007215007215
we_pron,pronoun_anchor,P:we,nonlocative,family,none,idf_jaccard,0.7826989451969839,0.9483475834413452,-0.1656486382443611,0.1656486382443611
us_pron,pronoun_anchor,P:we,full,item,none,jaccard,0.5138091125235924,0.8090524400671463,-0.2952433275435538,0.2952433275435538
us_pron,pronoun_anchor,P:we,full,item,none,dice,0.3520544012625506,0.6852102247052773,-0.3331558234427266,0.3331558234427266
us_pron,pronoun_anchor,P:we,full,item,none,hamming,0.1394480519480519,0.2508116883116882,-0.1113636363636363,0.1113636363636363
us_pron,pronoun_anchor,P:we,full,item,none,idf_jaccard,0.7704701871350491,0.9472700475972068,-0.1767998604621578,0.1767998604621578
us_pron,pronoun_anchor,P:we,full,family,none,jaccard,0.5187523994553652,0.8090524400671463,-0.290300040611781,0.290300040611781
us_pron,pronoun_anchor,P:we,full,family,none,dice,0.3565763364523941,0.6852102247052773,-0.3286338882528831,0.3286338882528831
us_pron,pronoun_anchor,P:we,full,family,none,hamming,0.1405122655122655,0.2508116883116882,-0.1102994227994227,0.1102994227994227
us_pron,pronoun_anchor,P:we,full,family,none,idf_jaccard,0.7685341361027209,0.9456913036074142,-0.1771571675046932,0.1771571675046932
us_pron,pronoun_anchor,P:we,nonlocative,item,none,jaccard,0.5138091125235924,0.7784625882679107,-0.2646534757443183,0.2646534757443183
us_pron,pronoun_anchor,P:we,nonlocative,item,none,dice,0.3520544012625506,0.6401182042899545,-0.2880638030274038,0.2880638030274038
us_pron,pronoun_anchor,P:we,nonlocative,item,none,hamming,0.1394480519480519,0.2413419913419912,-0.1018939393939393,0.1018939393939393
us_pron,pronoun_anchor,P:we,nonlocative,item,none,idf_jaccard,0.7870000948329301,0.9438914376611504,-0.1568913428282202,0.1568913428282202
us_pron,pronoun_anchor,P:we,nonlocative,family,none,jaccard,0.5187523994553652,0.7784625882679107,-0.2597101888125455,0.2597101888125455
us_pron,pronoun_anchor,P:we,nonlocative,family,none,dice,0.3565763364523941,0.6401182042899545,-0.2835418678375603,0.2835418678375603
us_pron,pronoun_anchor,P:we,nonlocative,family,none,hamming,0.1405122655122655,0.2413419913419912,-0.1008297258297257,0.1008297258297257
us_pron,pronoun_anchor,P:we,nonlocative,family,none,idf_jaccard,0.7855486381527096,0.942215599866436,-0.1566669617137265,0.1566669617137265
our,pronoun_anchor,P:we,full,item,none,jaccard,0.5821787750057493,0.8382649350157385,-0.2560861600099892,0.2560861600099892
our,pronoun_anchor,P:we,full,item,none,dice,0.4384905467845037,0.7260388235249636,-0.2875482767404599,0.2875482767404599
our,pronoun_anchor,P:we,full,item,none,hamming,0.1900974025974026,0.3035714285714285,-0.1134740259740259,0.1134740259740259
our,pronoun_anchor,P:we,full,item,none,idf_jaccard,0.7335709510394999,0.9279114656230012,-0.1943405145835012,0.1943405145835012
our,pronoun_anchor,P:we,full,family,none,jaccard,0.5809525804089894,0.8382649350157385,-0.257312354606749,0.257312354606749
our,pronoun_anchor,P:we,full,family,none,dice,0.4395036818076117,0.7260388235249636,-0.2865351417173519,0.2865351417173519
our,pronoun_anchor,P:we,full,family,none,hamming,0.1899350649350649,0.3035714285714285,-0.1136363636363635,0.1136363636363635
our,pronoun_anchor,P:we,full,family,none,idf_jaccard,0.7284591940358902,0.9282660833660042,-0.199806889330114,0.199806889330114
our,pronoun_anchor,P:we,nonlocative,item,none,jaccard,0.5821787750057493,0.8143316016660065,-0.2321528266602571,0.2321528266602571
our,pronoun_anchor,P:we,nonlocative,item,none,dice,0.4384905467845037,0.6889042716503876,-0.2504137248658838,0.2504137248658838
our,pronoun_anchor,P:we,nonlocative,item,none,hamming,0.1900974025974026,0.2954545454545454,-0.1053571428571427,0.1053571428571427
our,pronoun_anchor,P:we,nonlocative,item,none,idf_jaccard,0.7430077709618689,0.9212277354220628,-0.1782199644601939,0.1782199644601939
our,pronoun_anchor,P:we,nonlocative,family,none,jaccard,0.5809525804089894,0.8143316016660065,-0.233379021257017,0.233379021257017
our,pronoun_anchor,P:we,nonlocative,family,none,dice,0.4395036818076117,0.6889042716503876,-0.2494005898427759,0.2494005898427759
our,pronoun_anchor,P:we,nonlocative,family,none,hamming,0.1899350649350649,0.2954545454545454,-0.1055194805194804,0.1055194805194804
our,pronoun_anchor,P:we,nonlocative,family,none,idf_jaccard,0.7382168536762057,0.9216942426946532,-0.1834773890184475,0.1834773890184475
ours,pronoun_anchor,P:we,full,item,none,jaccard,0.4755602459586338,0.7363382052546872,-0.2607779592960533,0.2607779592960533
ours,pronoun_anchor,P:we,full,item,none,dice,0.3239540275550419,0.5869215701364913,-0.2629675425814493,0.2629675425814493
ours,pronoun_anchor,P:we,full,item,none,hamming,0.1413961038961038,0.2451298701298701,-0.1037337662337662,0.1037337662337662
ours,pronoun_anchor,P:we,full,item,none,idf_jaccard,0.7132176379295057,0.8901114819210286,-0.1768938439915229,0.1768938439915229
ours,pronoun_anchor,P:we,full,family,none,jaccard,0.4786694378007214,0.7363382052546872,-0.2576687674539658,0.2576687674539658
ours,pronoun_anchor,P:we,full,family,none,dice,0.3278575715541114,0.5869215701364913,-0.2590639985823798,0.2590639985823798
ours,pronoun_anchor,P:we,full,family,none,hamming,0.1426767676767676,0.2451298701298701,-0.1024531024531024,0.1024531024531024
ours,pronoun_anchor,P:we,full,family,none,idf_jaccard,0.719305560537299,0.8926335874652915,-0.1733280269279925,0.1733280269279925
ours,pronoun_anchor,P:we,nonlocative,item,none,jaccard,0.4755602459586338,0.7124051887055957,-0.2368449427469618,0.2368449427469618
ours,pronoun_anchor,P:we,nonlocative,item,none,dice,0.3239540275550419,0.5558731674775497,-0.2319191399225077,0.2319191399225077
ours,pronoun_anchor,P:we,nonlocative,item,none,hamming,0.1413961038961038,0.2380952380952381,-0.0966991341991342,0.0966991341991342
ours,pronoun_anchor,P:we,nonlocative,item,none,idf_jaccard,0.7263625270935902,0.8877389578811409,-0.1613764307875507,0.1613764307875507
ours,pronoun_anchor,P:we,nonlocative,family,none,jaccard,0.4786694378007214,0.7124051887055957,-0.2337357509048742,0.2337357509048742
ours,pronoun_anchor,P:we,nonlocative,family,none,dice,0.3278575715541114,0.5558731674775497,-0.2280155959234382,0.2280155959234382
ours,pronoun_anchor,P:we,nonlocative,family,none,hamming,0.1426767676767676,0.2380952380952381,-0.0954184704184704,0.0954184704184704
ours,pronoun_anchor,P:we,nonlocative,family,none,idf_jaccard,0.7327419792527824,0.8897832494514097,-0.1570412701986273,0.1570412701986273
ourselves,pronoun_anchor,P:we,full,item,none,jaccard,0.5419898409601941,0.7806054719549765,-0.2386156309947824,0.2386156309947824
ourselves,pronoun_anchor,P:we,full,item,none,dice,0.3884423150992016,0.6423923562015305,-0.2539500411023288,0.2539500411023288
ourselves,pronoun_anchor,P:we,full,item,none,hamming,0.1577922077922078,0.2402597402597402,-0.0824675324675325,0.0824675324675325
ourselves,pronoun_anchor,P:we,full,item,none,idf_jaccard,0.7701800832083026,0.9224032946494376,-0.1522232114411351,0.1522232114411351
ourselves,pronoun_anchor,P:we,full,family,none,jaccard,0.542416479204817,0.7806054719549765,-0.2381889927501596,0.2381889927501596
ourselves,pronoun_anchor,P:we,full,family,none,dice,0.3900224971605604,0.6423923562015305,-0.25236985904097,0.25236985904097
ourselves,pronoun_anchor,P:we,full,family,none,hamming,0.1578282828282828,0.2402597402597402,-0.0824314574314575,0.0824314574314575
ourselves,pronoun_anchor,P:we,full,family,none,idf_jaccard,0.7710195064337303,0.9247944421203432,-0.1537749356866129,0.1537749356866129
ourselves,pronoun_anchor,P:we,nonlocative,item,none,jaccard,0.5419898409601941,0.7597378031943949,-0.2177479622342008,0.2177479622342008
ourselves,pronoun_anchor,P:we,nonlocative,item,none,dice,0.3884423150992016,0.6135324713554947,-0.225090156256293,0.225090156256293
ourselves,pronoun_anchor,P:we,nonlocative,item,none,hamming,0.1577922077922078,0.2359307359307359,-0.0781385281385281,0.0781385281385281
ourselves,pronoun_anchor,P:we,nonlocative,item,none,idf_jaccard,0.7836644888256912,0.9239604325000926,-0.1402959436744014,0.1402959436744014
ourselves,pronoun_anchor,P:we,nonlocative,family,none,jaccard,0.542416479204817,0.7597378031943949,-0.2173213239895779,0.2173213239895779
ourselves,pronoun_anchor,P:we,nonlocative,family,none,dice,0.3900224971605604,0.6135324713554947,-0.2235099741949343,0.2235099741949343
ourselves,pronoun_anchor,P:we,nonlocative,family,none,hamming,0.1578282828282828,0.2359307359307359,-0.0781024531024531,0.0781024531024531
ourselves,pronoun_anchor,P:we,nonlocative,family,none,idf_jaccard,0.7847240613395613,0.9259905834863748,-0.1412665221468135,0.1412665221468135
you_pron_sing,pronoun_anchor,P:you,full,item,none,jaccard,0.5319928755927801,0.7762936940911996,-0.2443008184984195,0.2443008184984195
you_pron_sing,pronoun_anchor,P:you,full,item,none,dice,0.3712604508327793,0.6385151279778972,-0.2672546771451178,0.2672546771451178
you_pron_sing,pronoun_anchor,P:you,full,item,none,hamming,0.1506493506493506,0.2386363636363636,-0.0879870129870129,0.0879870129870129
you_pron_sing,pronoun_anchor,P:you,full,item,none,idf_jaccard,0.7515269911810722,0.9236339138508214,-0.1721069226697491,0.1721069226697491
you_pron_sing,pronoun_anchor,P:you,full,family,none,jaccard,0.54848309427884,0.7762936940911996,-0.2278105998123596,0.2278105998123596
you_pron_sing,pronoun_anchor,P:you,full,family,none,dice,0.3854433527717063,0.6385151279778972,-0.2530717752061909,0.2530717752061909
you_pron_sing,pronoun_anchor,P:you,full,family,none,hamming,0.1538764266036993,0.2386363636363636,-0.0847599370326643,0.0847599370326643
you_pron_sing,pronoun_anchor,P:you,full,family,none,idf_jaccard,0.7768770822558748,0.9235328834118172,-0.1466558011559424,0.1466558011559424
you_pron_sing,pronoun_anchor,P:you,nonlocative,item,none,jaccard,0.5319928755927801,0.747804873875307,-0.2158119982825269,0.2158119982825269
you_pron_sing,pronoun_anchor,P:you,nonlocative,item,none,dice,0.3712604508327793,0.598960869694413,-0.2277004188616336,0.2277004188616336
you_pron_sing,pronoun_anchor,P:you,nonlocative,item,none,hamming,0.1506493506493506,0.2305194805194804,-0.0798701298701298,0.0798701298701298
you_pron_sing,pronoun_anchor,P:you,nonlocative,item,none,idf_jaccard,0.7650597315349882,0.9147211872615246,-0.1496614557265364,0.1496614557265364
you_pron_sing,pronoun_anchor,P:you,nonlocative,family,none,jaccard,0.54848309427884,0.747804873875307,-0.199321779596467,0.199321779596467
you_pron_sing,pronoun_anchor,P:you,nonlocative,family,none,dice,0.3854433527717063,0.598960869694413,-0.2135175169227066,0.2135175169227066
you_pron_sing,pronoun_anchor,P:you,nonlocative,family,none,hamming,0.1538764266036993,0.2305194805194804,-0.0766430539157811,0.0766430539157811
you_pron_sing,pronoun_anchor,P:you,nonlocative,family,none,idf_jaccard,0.79109032085754,0.9133416611551508,-0.1222513402976108,0.1222513402976108
you_pron_plur,pronoun_anchor,P:you,full,item,none,jaccard,0.5346881530272293,0.7941867151051133,-0.259498562077884,0.259498562077884
you_pron_plur,pronoun_anchor,P:you,full,item,none,dice,0.37297563327203,0.6640138095840008,-0.2910381763119708,0.2910381763119708
you_pron_plur,pronoun_anchor,P:you,full,item,none,hamming,0.1573051948051948,0.260551948051948,-0.1032467532467531,0.1032467532467531
you_pron_plur,pronoun_anchor,P:you,full,item,none,idf_jaccard,0.7487515029160463,0.9264095128075822,-0.1776580098915359,0.1776580098915359
you_pron_plur,pronoun_anchor,P:you,full,family,none,jaccard,0.5553135879111757,0.7941867151051133,-0.2388731271939376,0.2388731271939376
you_pron_plur,pronoun_anchor,P:you,full,family,none,dice,0.3908042931406007,0.6640138095840008,-0.2732095164434001,0.2732095164434001
you_pron_plur,pronoun_anchor,P:you,full,family,none,hamming,0.1623376623376623,0.260551948051948,-0.0982142857142856,0.0982142857142856
you_pron_plur,pronoun_anchor,P:you,full,family,none,idf_jaccard,0.77201399037004,0.9245955880675918,-0.1525815976975517,0.1525815976975517
you_pron_plur,pronoun_anchor,P:you,nonlocative,item,none,jaccard,0.5346881530272293,0.7650572113920363,-0.230369058364807,0.230369058364807
you_pron_plur,pronoun_anchor,P:you,nonlocative,item,none,dice,0.37297563327203,0.6223887174712169,-0.2494130841991869,0.2494130841991869
you_pron_plur,pronoun_anchor,P:you,nonlocative,item,none,hamming,0.1573051948051948,0.251082251082251,-0.0937770562770562,0.0937770562770562
you_pron_plur,pronoun_anchor,P:you,nonlocative,item,none,idf_jaccard,0.7620993041345852,0.917682571417993,-0.1555832672834078,0.1555832672834078
you_pron_plur,pronoun_anchor,P:you,nonlocative,family,none,jaccard,0.5553135879111757,0.7650572113920363,-0.2097436234808606,0.2097436234808606
you_pron_plur,pronoun_anchor,P:you,nonlocative,family,none,dice,0.3908042931406007,0.6223887174712169,-0.2315844243306162,0.2315844243306162
you_pron_plur,pronoun_anchor,P:you,nonlocative,family,none,hamming,0.1623376623376623,0.251082251082251,-0.0887445887445887,0.0887445887445887
you_pron_plur,pronoun_anchor,P:you,nonlocative,family,none,idf_jaccard,0.7858614916317325,0.9147061529362353,-0.1288446613045026,0.1288446613045026
your_sing,pronoun_anchor,P:you,full,item,none,jaccard,0.5951276386493799,0.8358343497046228,-0.2407067110552428,0.2407067110552428
your_sing,pronoun_anchor,P:you,full,item,none,dice,0.4524605936962504,0.7230472201657944,-0.2705866264695439,0.2705866264695439
your_sing,pronoun_anchor,P:you,full,item,none,hamming,0.2017857142857143,0.3116883116883117,-0.1099025974025973,0.1099025974025973
your_sing,pronoun_anchor,P:you,full,item,none,idf_jaccard,0.7329983640994933,0.9199067434838998,-0.1869083793844065,0.1869083793844065
your_sing,pronoun_anchor,P:you,full,family,none,jaccard,0.6192616196801294,0.8358343497046228,-0.2165727300244934,0.2165727300244934
your_sing,pronoun_anchor,P:you,full,family,none,dice,0.4762120310292947,0.7230472201657944,-0.2468351891364996,0.2468351891364996
your_sing,pronoun_anchor,P:you,full,family,none,hamming,0.2099567099567099,0.3116883116883117,-0.1017316017316017,0.1017316017316017
your_sing,pronoun_anchor,P:you,full,family,none,idf_jaccard,0.766169504150842,0.9207734032923508,-0.1546038991415087,0.1546038991415087
your_sing,pronoun_anchor,P:you,nonlocative,item,none,jaccard,0.5951276386493799,0.8100497520159237,-0.2149221133665437,0.2149221133665437
your_sing,pronoun_anchor,P:you,nonlocative,item,none,dice,0.4524605936962504,0.6832070686489292,-0.2307464749526788,0.2307464749526788
your_sing,pronoun_anchor,P:you,nonlocative,item,none,hamming,0.2017857142857143,0.3019480519480519,-0.1001623376623375,0.1001623376623375
your_sing,pronoun_anchor,P:you,nonlocative,item,none,idf_jaccard,0.741422557946281,0.910013057572678,-0.1685904996263969,0.1685904996263969
your_sing,pronoun_anchor,P:you,nonlocative,family,none,jaccard,0.6192616196801294,0.8100497520159237,-0.1907881323357942,0.1907881323357942
your_sing,pronoun_anchor,P:you,nonlocative,family,none,dice,0.4762120310292947,0.6832070686489292,-0.2069950376196345,0.2069950376196345
your_sing,pronoun_anchor,P:you,nonlocative,family,none,hamming,0.2099567099567099,0.3019480519480519,-0.0919913419913419,0.0919913419913419
your_sing,pronoun_anchor,P:you,nonlocative,family,none,idf_jaccard,0.7749256921404778,0.9105330639755508,-0.135607371835073,0.135607371835073
yours_sing,pronoun_anchor,P:you,full,item,none,jaccard,0.4861536961119407,0.7413908896012117,-0.255237193489271,0.255237193489271
yours_sing,pronoun_anchor,P:you,full,item,none,dice,0.3343981325481467,0.5931601835023399,-0.2587620509541931,0.2587620509541931
yours_sing,pronoun_anchor,P:you,full,item,none,hamming,0.1477272727272728,0.2516233766233766,-0.1038961038961038,0.1038961038961038
yours_sing,pronoun_anchor,P:you,full,item,none,idf_jaccard,0.7058454456995821,0.8934280266818494,-0.1875825809822673,0.1875825809822673
yours_sing,pronoun_anchor,P:you,full,family,none,jaccard,0.5073646965458557,0.7413908896012117,-0.234026193055356,0.234026193055356
yours_sing,pronoun_anchor,P:you,full,family,none,dice,0.3526545777342907,0.5931601835023399,-0.2405056057680491,0.2405056057680491
yours_sing,pronoun_anchor,P:you,full,family,none,hamming,0.1538764266036993,0.2516233766233766,-0.0977469500196772,0.0977469500196772
yours_sing,pronoun_anchor,P:you,full,family,none,idf_jaccard,0.7479798533313562,0.8998132282964852,-0.151833374965129,0.151833374965129
yours_sing,pronoun_anchor,P:you,nonlocative,item,none,jaccard,0.4861536961119407,0.7179078125803985,-0.2317541164684577,0.2317541164684577
yours_sing,pronoun_anchor,P:you,nonlocative,item,none,dice,0.3343981325481467,0.5624670715630559,-0.2280689390149091,0.2280689390149091
yours_sing,pronoun_anchor,P:you,nonlocative,item,none,hamming,0.1477272727272728,0.2445887445887446,-0.0968614718614718,0.0968614718614718
yours_sing,pronoun_anchor,P:you,nonlocative,item,none,idf_jaccard,0.7178886929448947,0.890977173665108,-0.1730884807202133,0.1730884807202133
yours_sing,pronoun_anchor,P:you,nonlocative,family,none,jaccard,0.5073646965458557,0.7179078125803985,-0.2105431160345428,0.2105431160345428
yours_sing,pronoun_anchor,P:you,nonlocative,family,none,dice,0.3526545777342907,0.5624670715630559,-0.2098124938287651,0.2098124938287651
yours_sing,pronoun_anchor,P:you,nonlocative,family,none,hamming,0.1538764266036993,0.2445887445887446,-0.0907123179850452,0.0907123179850452
yours_sing,pronoun_anchor,P:you,nonlocative,family,none,idf_jaccard,0.7603038636397528,0.8965080975723291,-0.1362042339325763,0.1362042339325763
your_plur,pronoun_anchor,P:you,full,item,none,jaccard,0.5951276386493799,0.8358343497046228,-0.2407067110552428,0.2407067110552428
your_plur,pronoun_anchor,P:you,full,item,none,dice,0.4524605936962504,0.7230472201657944,-0.2705866264695439,0.2705866264695439
your_plur,pronoun_anchor,P:you,full,item,none,hamming,0.2017857142857143,0.3116883116883117,-0.1099025974025973,0.1099025974025973
your_plur,pronoun_anchor,P:you,full,item,none,idf_jaccard,0.7329983640994933,0.9199067434838998,-0.1869083793844065,0.1869083793844065
your_plur,pronoun_anchor,P:you,full,family,none,jaccard,0.6192616196801294,0.8358343497046228,-0.2165727300244934,0.2165727300244934
your_plur,pronoun_anchor,P:you,full,family,none,dice,0.4762120310292947,0.7230472201657944,-0.2468351891364996,0.2468351891364996
your_plur,pronoun_anchor,P:you,full,family,none,hamming,0.2099567099567099,0.3116883116883117,-0.1017316017316017,0.1017316017316017
your_plur,pronoun_anchor,P:you,full,family,none,idf_jaccard,0.766169504150842,0.9207734032923508,-0.1546038991415087,0.1546038991415087
your_plur,pronoun_anchor,P:you,nonlocative,item,none,jaccard,0.5951276386493799,0.8100497520159237,-0.2149221133665437,0.2149221133665437
your_plur,pronoun_anchor,P:you,nonlocative,item,none,dice,0.4524605936962504,0.6832070686489292,-0.2307464749526788,0.2307464749526788
your_plur,pronoun_anchor,P:you,nonlocative,item,none,hamming,0.2017857142857143,0.3019480519480519,-0.1001623376623375,0.1001623376623375
your_plur,pronoun_anchor,P:you,nonlocative,item,none,idf_jaccard,0.741422557946281,0.910013057572678,-0.1685904996263969,0.1685904996263969
your_plur,pronoun_anchor,P:you,nonlocative,family,none,jaccard,0.6192616196801294,0.8100497520159237,-0.1907881323357942,0.1907881323357942
your_plur,pronoun_anchor,P:you,nonlocative,family,none,dice,0.4762120310292947,0.6832070686489292,-0.2069950376196345,0.2069950376196345
your_plur,pronoun_anchor,P:you,nonlocative,family,none,hamming,0.2099567099567099,0.3019480519480519,-0.0919913419913419,0.0919913419913419
your_plur,pronoun_anchor,P:you,nonlocative,family,none,idf_jaccard,0.7749256921404778,0.9105330639755508,-0.135607371835073,0.135607371835073
yours_plur,pronoun_anchor,P:you,full,item,none,jaccard,0.4883090253831584,0.7222448497108598,-0.2339358243277013,0.2339358243277013
yours_plur,pronoun_anchor,P:you,full,item,none,dice,0.335577494906479,0.5691738230245105,-0.2335963281180315,0.2335963281180315
yours_plur,pronoun_anchor,P:you,full,item,none,hamming,0.150487012987013,0.2451298701298701,-0.0946428571428571,0.0946428571428571
yours_plur,pronoun_anchor,P:you,full,item,none,idf_jaccard,0.7050396171605622,0.8799987603804597,-0.1749591432198974,0.1749591432198974
yours_plur,pronoun_anchor,P:you,full,family,none,jaccard,0.5119090013900536,0.7222448497108598,-0.2103358483208062,0.2103358483208062
yours_plur,pronoun_anchor,P:you,full,family,none,dice,0.3557075160534363,0.5691738230245105,-0.2134663069710741,0.2134663069710741
yours_plur,pronoun_anchor,P:you,full,family,none,hamming,0.1576151121605666,0.2451298701298701,-0.0875147579693034,0.0875147579693034
yours_plur,pronoun_anchor,P:you,full,family,none,idf_jaccard,0.7483778469890198,0.8868208813301038,-0.138443034341084,0.138443034341084
yours_plur,pronoun_anchor,P:you,nonlocative,item,none,jaccard,0.4883090253831584,0.6988214386290598,-0.2105124132459013,0.2105124132459013
yours_plur,pronoun_anchor,P:you,nonlocative,item,none,dice,0.335577494906479,0.5394997523066831,-0.2039222574002041,0.2039222574002041
yours_plur,pronoun_anchor,P:you,nonlocative,item,none,hamming,0.150487012987013,0.2380952380952381,-0.0876082251082251,0.0876082251082251
yours_plur,pronoun_anchor,P:you,nonlocative,item,none,idf_jaccard,0.7168534976625993,0.8759587662161882,-0.1591052685535888,0.1591052685535888
yours_plur,pronoun_anchor,P:you,nonlocative,family,none,jaccard,0.5119090013900536,0.6988214386290598,-0.1869124372390062,0.1869124372390062
yours_plur,pronoun_anchor,P:you,nonlocative,family,none,dice,0.3557075160534363,0.5394997523066831,-0.1837922362532468,0.1837922362532468
yours_plur,pronoun_anchor,P:you,nonlocative,family,none,hamming,0.1576151121605666,0.2380952380952381,-0.0804801259346714,0.0804801259346714
yours_plur,pronoun_anchor,P:you,nonlocative,family,none,idf_jaccard,0.76065920842673,0.8816070735789059,-0.1209478651521759,0.1209478651521759
yourself,pronoun_anchor,P:you,full,item,none,jaccard,0.5348508874870339,0.7622075652176948,-0.2273566777306609,0.2273566777306609
yourself,pronoun_anchor,P:you,full,item,none,dice,0.3832141760458281,0.6177221933305967,-0.2345080172847686,0.2345080172847686
yourself,pronoun_anchor,P:you,full,item,none,hamming,0.1555194805194805,0.2313311688311688,-0.0758116883116883,0.0758116883116883
yourself,pronoun_anchor,P:you,full,item,none,idf_jaccard,0.7437766663161685,0.9142687462876748,-0.1704920799715062,0.1704920799715062
yourself,pronoun_anchor,P:you,full,family,none,jaccard,0.547654756312489,0.7622075652176948,-0.2145528089052057,0.2145528089052057
yourself,pronoun_anchor,P:you,full,family,none,dice,0.3949276278584051,0.6177221933305967,-0.2227945654721916,0.2227945654721916
yourself,pronoun_anchor,P:you,full,family,none,hamming,0.157418339236521,0.2313311688311688,-0.0739128295946478,0.0739128295946478
yourself,pronoun_anchor,P:you,full,family,none,idf_jaccard,0.7794062863253649,0.9212424380872934,-0.1418361517619285,0.1418361517619285
yourself,pronoun_anchor,P:you,nonlocative,item,none,jaccard,0.5348508874870339,0.7437490046012788,-0.2088981171142448,0.2088981171142448
yourself,pronoun_anchor,P:you,nonlocative,item,none,dice,0.3832141760458281,0.5931273046435735,-0.2099131285977454,0.2099131285977454
yourself,pronoun_anchor,P:you,nonlocative,item,none,hamming,0.1555194805194805,0.2283549783549784,-0.0728354978354978,0.0728354978354978
yourself,pronoun_anchor,P:you,nonlocative,item,none,idf_jaccard,0.7560369610186753,0.9169581821980368,-0.1609212211793615,0.1609212211793615
yourself,pronoun_anchor,P:you,nonlocative,family,none,jaccard,0.547654756312489,0.7437490046012788,-0.1960942482887897,0.1960942482887897
yourself,pronoun_anchor,P:you,nonlocative,family,none,dice,0.3949276278584051,0.5931273046435735,-0.1981996767851684,0.1981996767851684
yourself,pronoun_anchor,P:you,nonlocative,family,none,hamming,0.157418339236521,0.2283549783549784,-0.0709366391184574,0.0709366391184574
yourself,pronoun_anchor,P:you,nonlocative,family,none,idf_jaccard,0.7920924905136438,0.9226834596419888,-0.1305909691283449,0.1305909691283449
yourselves,pronoun_anchor,P:you,full,item,none,jaccard,0.5314733109040033,0.7772152900318433,-0.24574197912784,0.24574197912784
yourselves,pronoun_anchor,P:you,full,item,none,dice,0.3766219735097597,0.6383854352908356,-0.2617634617810759,0.2617634617810759
yourselves,pronoun_anchor,P:you,full,item,none,hamming,0.1564935064935065,0.2467532467532467,-0.0902597402597402,0.0902597402597402
yourselves,pronoun_anchor,P:you,full,item,none,idf_jaccard,0.7300274968775798,0.912948752856076,-0.182921255978496,0.182921255978496
yourselves,pronoun_anchor,P:you,full,family,none,jaccard,0.5489760791858,0.7772152900318433,-0.2282392108460432,0.2282392108460432
yourselves,pronoun_anchor,P:you,full,family,none,dice,0.3920967193071892,0.6383854352908356,-0.2462887159836463,0.2462887159836463
yourselves,pronoun_anchor,P:you,full,family,none,hamming,0.1601731601731601,0.2467532467532467,-0.0865800865800865,0.0865800865800865
yourselves,pronoun_anchor,P:you,full,family,none,idf_jaccard,0.7669042312248914,0.9183526395646252,-0.1514484083397338,0.1514484083397338
yourselves,pronoun_anchor,P:you,nonlocative,item,none,jaccard,0.5314733109040033,0.7569810254090487,-0.2255077145050453,0.2255077145050453
yourselves,pronoun_anchor,P:you,nonlocative,item,none,dice,0.3766219735097597,0.610577186606421,-0.2339552130966613,0.2339552130966613
yourselves,pronoun_anchor,P:you,nonlocative,item,none,hamming,0.1564935064935065,0.2424242424242424,-0.0859307359307359,0.0859307359307359
yourselves,pronoun_anchor,P:you,nonlocative,item,none,idf_jaccard,0.743015717953383,0.9148252629406768,-0.1718095449872937,0.1718095449872937
yourselves,pronoun_anchor,P:you,nonlocative,family,none,jaccard,0.5489760791858,0.7569810254090487,-0.2080049462232486,0.2080049462232486
yourselves,pronoun_anchor,P:you,nonlocative,family,none,dice,0.3920967193071892,0.610577186606421,-0.2184804672992317,0.2184804672992317
yourselves,pronoun_anchor,P:you,nonlocative,family,none,hamming,0.1601731601731601,0.2424242424242424,-0.0822510822510823,0.0822510822510823
yourselves,pronoun_anchor,P:you,nonlocative,family,none,idf_jaccard,0.7801692897798043,0.9191495456448936,-0.1389802558650894,0.1389802558650894
anybody,compound_anchor,C:any,full,item,morph,jaccard,0.7447352336061434,0.4542870911754856,0.2904481424306577,0.2904481424306577
anybody,compound_anchor,C:any,full,item,morph,dice,0.5961317679723339,0.30944669365722,0.2866850743151139,0.2866850743151139
anybody,compound_anchor,C:any,full,item,morph,hamming,0.2893943546177034,0.1430711610486891,0.1463231935690143,0.1463231935690143
anybody,compound_anchor,C:any,full,item,morph,idf_jaccard,0.9030150063595508,0.6040321866249386,0.2989828197346122,0.2989828197346122
anybody,compound_anchor,C:any,full,family,morph,jaccard,0.7447352336061434,0.5034144195249125,0.2413208140812308,0.2413208140812308
anybody,compound_anchor,C:any,full,family,morph,dice,0.5961317679723339,0.3466374269005848,0.2494943410717491,0.2494943410717491
anybody,compound_anchor,C:any,full,family,morph,hamming,0.2893943546177034,0.1601123595505618,0.1292819950671416,0.1292819950671416
anybody,compound_anchor,C:any,full,family,morph,idf_jaccard,0.906173734475078,0.6893249683062647,0.2168487661688134,0.2168487661688134
anybody,compound_anchor,C:any,nonlocative,item,morph,jaccard,0.7447352336061434,0.3922073477134656,0.3525278858926777,0.3525278858926777
anybody,compound_anchor,C:any,nonlocative,item,morph,dice,0.5961317679723339,0.2536796536796537,0.3424521142926802,0.3424521142926802
anybody,compound_anchor,C:any,nonlocative,item,morph,hamming,0.2893943546177034,0.1235955056179775,0.1657988489997259,0.1657988489997259
anybody,compound_anchor,C:any,nonlocative,item,morph,idf_jaccard,0.9092775930589232,0.5569357535798672,0.3523418394790558,0.3523418394790558
anybody,compound_anchor,C:any,nonlocative,family,morph,jaccard,0.7447352336061434,0.4423274990571987,0.3024077345489446,0.3024077345489446
anybody,compound_anchor,C:any,nonlocative,family,morph,dice,0.5961317679723339,0.2878306878306878,0.3083010801416461,0.3083010801416461
anybody,compound_anchor,C:any,nonlocative,family,morph,hamming,0.2893943546177034,0.1398252184769038,0.1495691361407995,0.1495691361407995
anybody,compound_anchor,C:any,nonlocative,family,morph,idf_jaccard,0.9103197613868702,0.6394915944536207,0.2708281669332495,0.2708281669332495
anyone,compound_anchor,C:any,full,item,morph,jaccard,0.7447352336061434,0.4542870911754856,0.2904481424306577,0.2904481424306577
anyone,compound_anchor,C:any,full,item,morph,dice,0.5961317679723339,0.30944669365722,0.2866850743151139,0.2866850743151139
anyone,compound_anchor,C:any,full,item,morph,hamming,0.2893943546177034,0.1430711610486891,0.1463231935690143,0.1463231935690143
anyone,compound_anchor,C:any,full,item,morph,idf_jaccard,0.9030150063595508,0.6040321866249386,0.2989828197346122,0.2989828197346122
anyone,compound_anchor,C:any,full,family,morph,jaccard,0.7447352336061434,0.5034144195249125,0.2413208140812308,0.2413208140812308
anyone,compound_anchor,C:any,full,family,morph,dice,0.5961317679723339,0.3466374269005848,0.2494943410717491,0.2494943410717491
anyone,compound_anchor,C:any,full,family,morph,hamming,0.2893943546177034,0.1601123595505618,0.1292819950671416,0.1292819950671416
anyone,compound_anchor,C:any,full,family,morph,idf_jaccard,0.906173734475078,0.6893249683062647,0.2168487661688134,0.2168487661688134
anyone,compound_anchor,C:any,nonlocative,item,morph,jaccard,0.7447352336061434,0.3922073477134656,0.3525278858926777,0.3525278858926777
anyone,compound_anchor,C:any,nonlocative,item,morph,dice,0.5961317679723339,0.2536796536796537,0.3424521142926802,0.3424521142926802
anyone,compound_anchor,C:any,nonlocative,item,morph,hamming,0.2893943546177034,0.1235955056179775,0.1657988489997259,0.1657988489997259
anyone,compound_anchor,C:any,nonlocative,item,morph,idf_jaccard,0.9092775930589232,0.5569357535798672,0.3523418394790558,0.3523418394790558
anyone,compound_anchor,C:any,nonlocative,family,morph,jaccard,0.7447352336061434,0.4423274990571987,0.3024077345489446,0.3024077345489446
anyone,compound_anchor,C:any,nonlocative,family,morph,dice,0.5961317679723339,0.2878306878306878,0.3083010801416461,0.3083010801416461
anyone,compound_anchor,C:any,nonlocative,family,morph,hamming,0.2893943546177034,0.1398252184769038,0.1495691361407995,0.1495691361407995
anyone,compound_anchor,C:any,nonlocative,family,morph,idf_jaccard,0.9103197613868702,0.6394915944536207,0.2708281669332495,0.2708281669332495
anything,compound_anchor,C:any,full,item,morph,jaccard,0.7464428269697866,0.4708572270641236,0.2755855999056629,0.2755855999056629
anything,compound_anchor,C:any,full,item,morph,dice,0.6017592986749177,0.3137936367356912,0.2879656619392265,0.2879656619392265
anything,compound_anchor,C:any,full,item,morph,hamming,0.3104960263085777,0.1550561797752809,0.1554398465332968,0.1554398465332968
anything,compound_anchor,C:any,full,item,morph,idf_jaccard,0.8921100320918522,0.6100227813780115,0.2820872507138408,0.2820872507138408
anything,compound_anchor,C:any,full,family,morph,jaccard,0.7464428269697866,0.500964696223317,0.2454781307464696,0.2454781307464696
anything,compound_anchor,C:any,full,family,morph,dice,0.6017592986749177,0.3390674427450108,0.2626918559299069,0.2626918559299069
anything,compound_anchor,C:any,full,family,morph,hamming,0.3104960263085777,0.1676029962546816,0.1428930300538961,0.1428930300538961
anything,compound_anchor,C:any,full,family,morph,idf_jaccard,0.8964850778917417,0.6686169521179944,0.2278681257737472,0.2278681257737472
anything,compound_anchor,C:any,nonlocative,item,morph,jaccard,0.7464428269697866,0.4438647559337214,0.3025780710360651,0.3025780710360651
anything,compound_anchor,C:any,nonlocative,item,morph,dice,0.6017592986749177,0.2895583744420953,0.3122009242328224,0.3122009242328224
anything,compound_anchor,C:any,nonlocative,item,morph,hamming,0.3104960263085777,0.1481103166496425,0.1623857096589352,0.1623857096589352
anything,compound_anchor,C:any,nonlocative,item,morph,idf_jaccard,0.8962394133946758,0.5914778253861223,0.3047615880085536,0.3047615880085536
anything,compound_anchor,C:any,nonlocative,family,morph,jaccard,0.7464428269697866,0.4684272942893633,0.2780155326804233,0.2780155326804233
anything,compound_anchor,C:any,nonlocative,family,morph,dice,0.6017592986749177,0.3094602354292276,0.2922990632456901,0.2922990632456901
anything,compound_anchor,C:any,nonlocative,family,morph,hamming,0.3104960263085777,0.1585518102372035,0.1519442160713742,0.1519442160713742
anything,compound_anchor,C:any,nonlocative,family,morph,idf_jaccard,0.8988321587488629,0.6388591159558885,0.2599730427929744,0.2599730427929744
anywhere,compound_anchor,C:any,full,item,morph,jaccard,0.8162890313059344,0.5510910214223557,0.2651980098835788,0.2651980098835788
anywhere,compound_anchor,C:any,full,item,morph,dice,0.6924087413970132,0.3898006798006798,0.3026080615963334,0.3026080615963334
anywhere,compound_anchor,C:any,full,item,morph,hamming,0.3143326938887366,0.1715355805243445,0.142797113364392,0.142797113364392
anywhere,compound_anchor,C:any,full,item,morph,idf_jaccard,0.9240694248255896,0.670481276219445,0.2535881486061447,0.2535881486061447
anywhere,compound_anchor,C:any,full,family,morph,jaccard,0.8162890313059344,0.5834791613933293,0.2328098699126051,0.2328098699126051
anywhere,compound_anchor,C:any,full,family,morph,dice,0.6924087413970132,0.4204010329010328,0.2720077084959804,0.2720077084959804
anywhere,compound_anchor,C:any,full,family,morph,hamming,0.3143326938887366,0.1844569288389513,0.1298757650497852,0.1298757650497852
anywhere,compound_anchor,C:any,full,family,morph,idf_jaccard,0.924914144003244,0.7273862194768919,0.197527924526352,0.197527924526352
everybody,compound_anchor,C:every,full,item,morph,jaccard,0.6706384188852103,0.484139185033234,0.1864992338519762,0.1864992338519762
everybody,compound_anchor,C:every,full,item,morph,dice,0.5120425098516959,0.3347478776035064,0.1772946322481894,0.1772946322481894
everybody,compound_anchor,C:every,full,item,morph,hamming,0.2628117292408878,0.1640449438202247,0.0987667854206631,0.0987667854206631
everybody,compound_anchor,C:every,full,item,morph,idf_jaccard,0.8373278593289902,0.6150862237109023,0.2222416356180879,0.2222416356180879
everybody,compound_anchor,C:every,full,family,morph,jaccard,0.6706384188852103,0.5382610092061566,0.1323774096790536,0.1323774096790536
everybody,compound_anchor,C:every,full,family,morph,dice,0.5120425098516959,0.3754761906736337,0.1365663191780621,0.1365663191780621
everybody,compound_anchor,C:every,full,family,morph,hamming,0.2628117292408878,0.1835205992509363,0.0792911299899514,0.0792911299899514
everybody,compound_anchor,C:every,full,family,morph,idf_jaccard,0.8402374274990339,0.6885199372660029,0.1517174902330309,0.1517174902330309
everybody,compound_anchor,C:every,nonlocative,item,morph,jaccard,0.6706384188852103,0.4224176098196474,0.2482208090655628,0.2482208090655628
everybody,compound_anchor,C:every,nonlocative,item,morph,dice,0.5120425098516959,0.277948085506225,0.2340944243454708,0.2340944243454708
everybody,compound_anchor,C:every,nonlocative,item,morph,hamming,0.2628117292408878,0.1419816138917262,0.1208301153491615,0.1208301153491615
everybody,compound_anchor,C:every,nonlocative,item,morph,idf_jaccard,0.8477361029755791,0.5628728036685215,0.2848632993070575,0.2848632993070575
everybody,compound_anchor,C:every,nonlocative,family,morph,jaccard,0.6706384188852103,0.4845421580335374,0.1860962608516728,0.1860962608516728
everybody,compound_anchor,C:every,nonlocative,family,morph,dice,0.5120425098516959,0.321195808211312,0.1908467016403838,0.1908467016403838
everybody,compound_anchor,C:every,nonlocative,family,morph,hamming,0.2628117292408878,0.16354556803995,0.0992661612009377,0.0992661612009377
everybody,compound_anchor,C:every,nonlocative,family,morph,idf_jaccard,0.8481153644709043,0.6405924462779842,0.2075229181929201,0.2075229181929201
everyone,compound_anchor,C:every,full,item,morph,jaccard,0.6706384188852103,0.484139185033234,0.1864992338519762,0.1864992338519762
everyone,compound_anchor,C:every,full,item,morph,dice,0.5120425098516959,0.3347478776035064,0.1772946322481894,0.1772946322481894
everyone,compound_anchor,C:every,full,item,morph,hamming,0.2628117292408878,0.1640449438202247,0.0987667854206631,0.0987667854206631
everyone,compound_anchor,C:every,full,item,morph,idf_jaccard,0.8373278593289902,0.6150862237109023,0.2222416356180879,0.2222416356180879
everyone,compound_anchor,C:every,full,family,morph,jaccard,0.6706384188852103,0.5382610092061566,0.1323774096790536,0.1323774096790536
everyone,compound_anchor,C:every,full,family,morph,dice,0.5120425098516959,0.3754761906736337,0.1365663191780621,0.1365663191780621
everyone,compound_anchor,C:every,full,family,morph,hamming,0.2628117292408878,0.1835205992509363,0.0792911299899514,0.0792911299899514
everyone,compound_anchor,C:every,full,family,morph,idf_jaccard,0.8402374274990339,0.6885199372660029,0.1517174902330309,0.1517174902330309
everyone,compound_anchor,C:every,nonlocative,item,morph,jaccard,0.6706384188852103,0.4224176098196474,0.2482208090655628,0.2482208090655628
everyone,compound_anchor,C:every,nonlocative,item,morph,dice,0.5120425098516959,0.277948085506225,0.2340944243454708,0.2340944243454708
everyone,compound_anchor,C:every,nonlocative,item,morph,hamming,0.2628117292408878,0.1419816138917262,0.1208301153491615,0.1208301153491615
everyone,compound_anchor,C:every,nonlocative,item,morph,idf_jaccard,0.8477361029755791,0.5628728036685215,0.2848632993070575,0.2848632993070575
everyone,compound_anchor,C:every,nonlocative,family,morph,jaccard,0.6706384188852103,0.4845421580335374,0.1860962608516728,0.1860962608516728
everyone,compound_anchor,C:every,nonlocative,family,morph,dice,0.5120425098516959,0.321195808211312,0.1908467016403838,0.1908467016403838
everyone,compound_anchor,C:every,nonlocative,family,morph,hamming,0.2628117292408878,0.16354556803995,0.0992661612009377,0.0992661612009377
everyone,compound_anchor,C:every,nonlocative,family,morph,idf_jaccard,0.8481153644709043,0.6405924462779842,0.2075229181929201,0.2075229181929201
everything,compound_anchor,C:every,full,item,morph,jaccard,0.7046289444082938,0.4606822183981991,0.2439467260100947,0.2439467260100947
everything,compound_anchor,C:every,full,item,morph,dice,0.5513872273701824,0.3056350225156387,0.2457522048545437,0.2457522048545437
everything,compound_anchor,C:every,full,item,morph,hamming,0.2847355439846532,0.1505617977528089,0.1341737462318442,0.1341737462318442
everything,compound_anchor,C:every,full,item,morph,idf_jaccard,0.866598649396603,0.6127076948052429,0.2538909545913601,0.2538909545913601
everything,compound_anchor,C:every,full,family,morph,jaccard,0.7046289444082938,0.4993875715325473,0.2052413728757464,0.2052413728757464
everything,compound_anchor,C:every,full,family,morph,dice,0.5513872273701824,0.3368241399016543,0.2145630874685281,0.2145630874685281
everything,compound_anchor,C:every,full,family,morph,hamming,0.2847355439846532,0.1647940074906367,0.1199415364940165,0.1199415364940165
everything,compound_anchor,C:every,full,family,morph,idf_jaccard,0.8673052883201998,0.6657919437427718,0.2015133445774279,0.2015133445774279
everything,compound_anchor,C:every,nonlocative,item,morph,jaccard,0.7046289444082938,0.444004401234657,0.2606245431736367,0.2606245431736367
everything,compound_anchor,C:every,nonlocative,item,morph,dice,0.5513872273701824,0.2915785764622973,0.2598086509078851,0.2598086509078851
everything,compound_anchor,C:every,nonlocative,item,morph,hamming,0.2847355439846532,0.1481103166496425,0.1366252273350107,0.1366252273350107
everything,compound_anchor,C:every,nonlocative,item,morph,idf_jaccard,0.8710208824037233,0.5978707742252513,0.2731501081784721,0.2731501081784721
everything,compound_anchor,C:every,nonlocative,family,morph,jaccard,0.7046289444082938,0.4791799824614063,0.2254489619468875,0.2254489619468875
everything,compound_anchor,C:every,nonlocative,family,morph,dice,0.5513872273701824,0.3193367786391042,0.2320504487310782,0.2320504487310782
everything,compound_anchor,C:every,nonlocative,family,morph,hamming,0.2847355439846532,0.1610486891385767,0.1236868548460764,0.1236868548460764
everything,compound_anchor,C:every,nonlocative,family,morph,idf_jaccard,0.8709340117715193,0.6419616168916595,0.2289723948798597,0.2289723948798597
everywhere,compound_anchor,C:every,full,item,morph,jaccard,0.7829594223278945,0.5410467476884269,0.2419126746394676,0.2419126746394676
everywhere,compound_anchor,C:every,full,item,morph,dice,0.6476685277388226,0.3814891413055427,0.2661793864332798,0.2661793864332798
everywhere,compound_anchor,C:every,full,item,morph,hamming,0.3003562619895862,0.1715355805243446,0.1288206814652416,0.1288206814652416
everywhere,compound_anchor,C:every,full,item,morph,idf_jaccard,0.8937049496586961,0.6558823893932356,0.2378225602654604,0.2378225602654604
everywhere,compound_anchor,C:every,full,family,morph,jaccard,0.7829594223278945,0.5612553842126556,0.2217040381152388,0.2217040381152388
everywhere,compound_anchor,C:every,full,family,morph,dice,0.6476685277388226,0.4012800312830912,0.2463884964557313,0.2463884964557313
everywhere,compound_anchor,C:every,full,family,morph,hamming,0.3003562619895862,0.1779026217228464,0.1224536402667397,0.1224536402667397
everywhere,compound_anchor,C:every,full,family,morph,idf_jaccard,0.8935118991356847,0.6916792375458979,0.2018326615897868,0.2018326615897868
nobody,compound_anchor,C:no,full,item,morph,jaccard,0.729016466588784,0.4207270040193579,0.3082894625694261,0.3082894625694261
nobody,compound_anchor,C:no,full,item,morph,dice,0.5757749464909213,0.2800392005655163,0.2957357459254049,0.2957357459254049
nobody,compound_anchor,C:no,full,item,morph,hamming,0.2811729240887915,0.1295880149812734,0.1515849091075181,0.1515849091075181
nobody,compound_anchor,C:no,full,item,morph,idf_jaccard,0.9133028123461024,0.5926507375198582,0.3206520748262442,0.3206520748262442
nobody,compound_anchor,C:no,full,family,morph,jaccard,0.729016466588784,0.4634728575883,0.265543609000484,0.265543609000484
nobody,compound_anchor,C:no,full,family,morph,dice,0.5757749464909213,0.3107702482702483,0.265004698220673,0.265004698220673
nobody,compound_anchor,C:no,full,family,morph,hamming,0.2811729240887915,0.1441947565543071,0.1369781675344844,0.1369781675344844
nobody,compound_anchor,C:no,full,family,morph,idf_jaccard,0.9180567263127032,0.6780723187378062,0.239984407574897,0.239984407574897
nobody,compound_anchor,C:no,nonlocative,item,morph,jaccard,0.729016466588784,0.3546542579526087,0.3743622086361753,0.3743622086361753
nobody,compound_anchor,C:no,nonlocative,item,morph,dice,0.5757749464909213,0.2238095238095238,0.3519654226813975,0.3519654226813975
nobody,compound_anchor,C:no,nonlocative,item,morph,hamming,0.2811729240887915,0.1092951991828396,0.1718777249059518,0.1718777249059518
nobody,compound_anchor,C:no,nonlocative,item,morph,idf_jaccard,0.9194744990671034,0.5412714495970796,0.3782030494700238,0.3782030494700238
nobody,compound_anchor,C:no,nonlocative,family,morph,jaccard,0.729016466588784,0.4035517853608807,0.3254646812279033,0.3254646812279033
nobody,compound_anchor,C:no,nonlocative,family,morph,dice,0.5757749464909213,0.2562610229276896,0.3195139235632317,0.3195139235632317
nobody,compound_anchor,C:no,nonlocative,family,morph,hamming,0.2811729240887915,0.1248439450686641,0.1563289790201273,0.1563289790201273
nobody,compound_anchor,C:no,nonlocative,family,morph,idf_jaccard,0.9215554091741808,0.6266534761899435,0.2949019329842371,0.2949019329842371
no_one,compound_anchor,C:no,full,item,morph,jaccard,0.729016466588784,0.4207270040193579,0.3082894625694261,0.3082894625694261
no_one,compound_anchor,C:no,full,item,morph,dice,0.5757749464909213,0.2800392005655163,0.2957357459254049,0.2957357459254049
no_one,compound_anchor,C:no,full,item,morph,hamming,0.2811729240887915,0.1295880149812734,0.1515849091075181,0.1515849091075181
no_one,compound_anchor,C:no,full,item,morph,idf_jaccard,0.9133028123461024,0.5926507375198582,0.3206520748262442,0.3206520748262442
no_one,compound_anchor,C:no,full,family,morph,jaccard,0.729016466588784,0.4634728575883,0.265543609000484,0.265543609000484
no_one,compound_anchor,C:no,full,family,morph,dice,0.5757749464909213,0.3107702482702483,0.265004698220673,0.265004698220673
no_one,compound_anchor,C:no,full,family,morph,hamming,0.2811729240887915,0.1441947565543071,0.1369781675344844,0.1369781675344844
no_one,compound_anchor,C:no,full,family,morph,idf_jaccard,0.9180567263127032,0.6780723187378062,0.239984407574897,0.239984407574897
no_one,compound_anchor,C:no,nonlocative,item,morph,jaccard,0.729016466588784,0.3546542579526087,0.3743622086361753,0.3743622086361753
no_one,compound_anchor,C:no,nonlocative,item,morph,dice,0.5757749464909213,0.2238095238095238,0.3519654226813975,0.3519654226813975
no_one,compound_anchor,C:no,nonlocative,item,morph,hamming,0.2811729240887915,0.1092951991828396,0.1718777249059518,0.1718777249059518
no_one,compound_anchor,C:no,nonlocative,item,morph,idf_jaccard,0.9194744990671034,0.5412714495970796,0.3782030494700238,0.3782030494700238
no_one,compound_anchor,C:no,nonlocative,family,morph,jaccard,0.729016466588784,0.4035517853608807,0.3254646812279033,0.3254646812279033
no_one,compound_anchor,C:no,nonlocative,family,morph,dice,0.5757749464909213,0.2562610229276896,0.3195139235632317,0.3195139235632317
no_one,compound_anchor,C:no,nonlocative,family,morph,hamming,0.2811729240887915,0.1248439450686641,0.1563289790201273,0.1563289790201273
no_one,compound_anchor,C:no,nonlocative,family,morph,idf_jaccard,0.9215554091741808,0.6266534761899435,0.2949019329842371,0.2949019329842371
nothing,compound_anchor,C:no,full,item,morph,jaccard,0.7547563739160308,0.4484471737493614,0.3063092001666694,0.3063092001666694
nothing,compound_anchor,C:no,full,item,morph,dice,0.6091662082285395,0.2974907458347766,0.3116754623937628,0.3116754623937628
nothing,compound_anchor,C:no,full,item,morph,hamming,0.3176212661003014,0.147565543071161,0.1700557230291404,0.1700557230291404
nothing,compound_anchor,C:no,full,item,morph,idf_jaccard,0.9124520711687152,0.6070883315398734,0.3053637396288416,0.3053637396288416
nothing,compound_anchor,C:no,full,family,morph,jaccard,0.7547563739160308,0.4804307620584966,0.2743256118575342,0.2743256118575342
nothing,compound_anchor,C:no,full,family,morph,dice,0.6091662082285395,0.3235797827903091,0.2855864254382304,0.2855864254382304
nothing,compound_anchor,C:no,full,family,morph,hamming,0.3176212661003014,0.1610486891385767,0.1565725769617247,0.1565725769617247
nothing,compound_anchor,C:no,full,family,morph,idf_jaccard,0.9165419831858448,0.6673945439091913,0.2491474392766534,0.2491474392766534
nothing,compound_anchor,C:no,nonlocative,item,morph,jaccard,0.7547563739160308,0.4131246749003853,0.3416316990156454,0.3416316990156454
nothing,compound_anchor,C:no,nonlocative,item,morph,dice,0.6091662082285395,0.2680996006577402,0.3410666075707992,0.3410666075707992
nothing,compound_anchor,C:no,nonlocative,item,morph,hamming,0.3176212661003014,0.1378958120531154,0.179725454047186,0.179725454047186
nothing,compound_anchor,C:no,nonlocative,item,morph,idf_jaccard,0.9154464806689324,0.5757660111025672,0.3396804695663652,0.3396804695663652
nothing,compound_anchor,C:no,nonlocative,family,morph,jaccard,0.7547563739160308,0.4451010983825222,0.3096552755335085,0.3096552755335085
nothing,compound_anchor,C:no,nonlocative,family,morph,dice,0.6091662082285395,0.2931093884582256,0.3160568197703138,0.3160568197703138
nothing,compound_anchor,C:no,nonlocative,family,morph,hamming,0.3176212661003014,0.1510611735330836,0.1665600925672178,0.1665600925672178
nothing,compound_anchor,C:no,nonlocative,family,morph,idf_jaccard,0.917859518887182,0.6297196871505301,0.288139831736652,0.288139831736652
nowhere,compound_anchor,C:no,full,item,morph,jaccard,0.8198098162340919,0.5425104038904558,0.2772994123436361,0.2772994123436361
nowhere,compound_anchor,C:no,full,item,morph,dice,0.6981774359691366,0.3842355823994814,0.3139418535696551,0.3139418535696551
nowhere,compound_anchor,C:no,full,item,morph,hamming,0.3113181693614688,0.1655430711610487,0.1457750982004201,0.1457750982004201
nowhere,compound_anchor,C:no,full,item,morph,idf_jaccard,0.9318061779221224,0.668868209514075,0.2629379684080474,0.2629379684080474
nowhere,compound_anchor,C:no,full,family,morph,jaccard,0.8198098162340919,0.5628815946066595,0.2569282216274323,0.2569282216274323
nowhere,compound_anchor,C:no,full,family,morph,dice,0.6981774359691366,0.4053051754747476,0.2928722604943889,0.2928722604943889
nowhere,compound_anchor,C:no,full,family,morph,hamming,0.3113181693614688,0.1741573033707865,0.1371608659906823,0.1371608659906823
nowhere,compound_anchor,C:no,full,family,morph,idf_jaccard,0.9332591451369632,0.7151616918290205,0.2180974533079426,0.2180974533079426
somebody,compound_anchor,C:some,full,item,morph,jaccard,0.7334660380689588,0.4432026843720997,0.2902633536968591,0.2902633536968591
somebody,compound_anchor,C:some,full,item,morph,dice,0.5822764560384008,0.3020962077020828,0.280180248336318,0.280180248336318
somebody,compound_anchor,C:some,full,item,morph,hamming,0.2734995889284735,0.1340823970037453,0.1394171919247282,0.1394171919247282
somebody,compound_anchor,C:some,full,item,morph,idf_jaccard,0.9184365155349602,0.6001684863498434,0.3182680291851167,0.3182680291851167
somebody,compound_anchor,C:some,full,family,morph,jaccard,0.7334660380689588,0.4791241284119845,0.2543419096569743,0.2543419096569743
somebody,compound_anchor,C:some,full,family,morph,dice,0.5822764560384008,0.328125310132654,0.2541511459057468,0.2541511459057468
somebody,compound_anchor,C:some,full,family,morph,hamming,0.2734995889284735,0.147940074906367,0.1255595140221065,0.1255595140221065
somebody,compound_anchor,C:some,full,family,morph,idf_jaccard,0.9219243939710614,0.6566934802103336,0.2652309137607278,0.2652309137607278
somebody,compound_anchor,C:some,nonlocative,item,morph,jaccard,0.7334660380689588,0.3679936006022962,0.3654724374666626,0.3654724374666626
somebody,compound_anchor,C:some,nonlocative,item,morph,dice,0.5822764560384008,0.2361522198731501,0.3461242361652507,0.3461242361652507
somebody,compound_anchor,C:some,nonlocative,item,morph,hamming,0.2734995889284735,0.111338100102145,0.1621614888263285,0.1621614888263285
somebody,compound_anchor,C:some,nonlocative,item,morph,idf_jaccard,0.9248925993983969,0.5326362087194151,0.3922563906789817,0.3922563906789817
somebody,compound_anchor,C:some,nonlocative,family,morph,jaccard,0.7334660380689588,0.4127329192546584,0.3207331188143004,0.3207331188143004
somebody,compound_anchor,C:some,nonlocative,family,morph,dice,0.5822764560384008,0.2664082687338501,0.3158681873045507,0.3158681873045507
somebody,compound_anchor,C:some,nonlocative,family,morph,hamming,0.2734995889284735,0.1260923845193508,0.1474072044091227,0.1474072044091227
somebody,compound_anchor,C:some,nonlocative,family,morph,idf_jaccard,0.9262882924128192,0.5969342641570125,0.3293540282558068,0.3293540282558068
someone,compound_anchor,C:some,full,item,morph,jaccard,0.7334660380689588,0.4432026843720997,0.2902633536968591,0.2902633536968591
someone,compound_anchor,C:some,full,item,morph,dice,0.5822764560384008,0.3020962077020828,0.280180248336318,0.280180248336318
someone,compound_anchor,C:some,full,item,morph,hamming,0.2734995889284735,0.1340823970037453,0.1394171919247282,0.1394171919247282
someone,compound_anchor,C:some,full,item,morph,idf_jaccard,0.9184365155349602,0.6001684863498434,0.3182680291851167,0.3182680291851167
someone,compound_anchor,C:some,full,family,morph,jaccard,0.7334660380689588,0.4791241284119845,0.2543419096569743,0.2543419096569743
someone,compound_anchor,C:some,full,family,morph,dice,0.5822764560384008,0.328125310132654,0.2541511459057468,0.2541511459057468
someone,compound_anchor,C:some,full,family,morph,hamming,0.2734995889284735,0.147940074906367,0.1255595140221065,0.1255595140221065
someone,compound_anchor,C:some,full,family,morph,idf_jaccard,0.9219243939710614,0.6566934802103336,0.2652309137607278,0.2652309137607278
someone,compound_anchor,C:some,nonlocative,item,morph,jaccard,0.7334660380689588,0.3679936006022962,0.3654724374666626,0.3654724374666626
someone,compound_anchor,C:some,nonlocative,item,morph,dice,0.5822764560384008,0.2361522198731501,0.3461242361652507,0.3461242361652507
someone,compound_anchor,C:some,nonlocative,item,morph,hamming,0.2734995889284735,0.111338100102145,0.1621614888263285,0.1621614888263285
someone,compound_anchor,C:some,nonlocative,item,morph,idf_jaccard,0.9248925993983969,0.5326362087194151,0.3922563906789817,0.3922563906789817
someone,compound_anchor,C:some,nonlocative,family,morph,jaccard,0.7334660380689588,0.4127329192546584,0.3207331188143004,0.3207331188143004
someone,compound_anchor,C:some,nonlocative,family,morph,dice,0.5822764560384008,0.2664082687338501,0.3158681873045507,0.3158681873045507
someone,compound_anchor,C:some,nonlocative,family,morph,hamming,0.2734995889284735,0.1260923845193508,0.1474072044091227,0.1474072044091227
someone,compound_anchor,C:some,nonlocative,family,morph,idf_jaccard,0.9262882924128192,0.5969342641570125,0.3293540282558068,0.3293540282558068
something,compound_anchor,C:some,full,item,morph,jaccard,0.7568360111281109,0.4753936061069994,0.2814424050211115,0.2814424050211115
something,compound_anchor,C:some,full,item,morph,dice,0.6122512712590731,0.3199342373026583,0.2923170339564147,0.2923170339564147
something,compound_anchor,C:some,full,item,morph,hamming,0.3009043573581803,0.149063670411985,0.1518406869461952,0.1518406869461952
something,compound_anchor,C:some,full,item,morph,idf_jaccard,0.917624817517241,0.627801202216973,0.289823615300268,0.289823615300268
something,compound_anchor,C:some,full,family,morph,jaccard,0.7568360111281109,0.4988313796144256,0.2580046315136853,0.2580046315136853
something,compound_anchor,C:some,full,family,morph,dice,0.6122512712590731,0.3403939871045134,0.2718572841545597,0.2718572841545597
something,compound_anchor,C:some,full,family,morph,hamming,0.3009043573581803,0.1610486891385767,0.1398556682196035,0.1398556682196035
something,compound_anchor,C:some,full,family,morph,idf_jaccard,0.9207300433136992,0.6585877305127795,0.2621423128009197,0.2621423128009197
something,compound_anchor,C:some,nonlocative,item,morph,jaccard,0.7568360111281109,0.4392925561029008,0.3175434550252101,0.3175434550252101
something,compound_anchor,C:some,nonlocative,item,morph,dice,0.6122512712590731,0.2888888888888889,0.3233623823701841,0.3233623823701841
something,compound_anchor,C:some,nonlocative,item,morph,hamming,0.3009043573581803,0.1399387129724208,0.1609656443857594,0.1609656443857594
something,compound_anchor,C:some,nonlocative,item,morph,idf_jaccard,0.9207234307477687,0.5930217967599386,0.3277016339878301,0.3277016339878301
something,compound_anchor,C:some,nonlocative,family,morph,jaccard,0.7568360111281109,0.4628390500516937,0.2939969610764172,0.2939969610764172
something,compound_anchor,C:some,nonlocative,family,morph,dice,0.6122512712590731,0.3086419753086419,0.3036092959504311,0.3036092959504311
something,compound_anchor,C:some,nonlocative,family,morph,hamming,0.3009043573581803,0.1510611735330836,0.1498431838250966,0.1498431838250966
something,compound_anchor,C:some,nonlocative,family,morph,idf_jaccard,0.9226470370636228,0.6207262116786456,0.3019208253849773,0.3019208253849773
somewhere,compound_anchor,C:some,full,item,morph,jaccard,0.8250351360217459,0.57641880931736,0.2486163267043859,0.2486163267043859
somewhere,compound_anchor,C:some,full,item,morph,dice,0.7078171443168337,0.4170935403023687,0.290723604014465,0.290723604014465
somewhere,compound_anchor,C:some,full,item,morph,hamming,0.2946012606193477,0.1670411985018726,0.1275600621174751,0.1275600621174751
somewhere,compound_anchor,C:some,full,item,morph,idf_jaccard,0.9392294105706044,0.6952060258638139,0.2440233847067904,0.2440233847067904
somewhere,compound_anchor,C:some,full,family,morph,jaccard,0.8250351360217459,0.5864655406322073,0.2385695953895386,0.2385695953895386
somewhere,compound_anchor,C:some,full,family,morph,dice,0.7078171443168337,0.4295198835309191,0.2782972607859146,0.2782972607859146
somewhere,compound_anchor,C:some,full,family,morph,hamming,0.2946012606193477,0.1741573033707865,0.1204439572485612,0.1204439572485612
somewhere,compound_anchor,C:some,full,family,morph,idf_jaccard,0.939734117586068,0.7087670056896003,0.2309671118964678,0.2309671118964678
he,pronoun_anchor,P:he,full,item,morph,jaccard,0.5612544661756249,0.7592334225931491,-0.1979789564175241,0.1979789564175241
he,pronoun_anchor,P:he,full,item,morph,dice,0.4097618804361292,0.6134321029573312,-0.2036702225212019,0.2036702225212019
he,pronoun_anchor,P:he,full,item,morph,hamming,0.1803370786516854,0.2464887640449438,-0.0661516853932584,0.0661516853932584
he,pronoun_anchor,P:he,full,item,morph,idf_jaccard,0.7819272827831119,0.9414704551954066,-0.1595431724122947,0.1595431724122947
he,pronoun_anchor,P:he,full,family,morph,jaccard,0.5702063609995056,0.7592334225931491,-0.1890270615936434,0.1890270615936434
he,pronoun_anchor,P:he,full,family,morph,dice,0.4191009160764638,0.6134321029573312,-0.1943311868808673,0.1943311868808673
he,pronoun_anchor,P:he,full,family,morph,hamming,0.1843303978135439,0.2464887640449438,-0.0621583662313999,0.0621583662313999
he,pronoun_anchor,P:he,full,family,morph,idf_jaccard,0.8016027357683977,0.9413851210062216,-0.1397823852378238,0.1397823852378238
he,pronoun_anchor,P:he,nonlocative,item,morph,jaccard,0.5612544661756249,0.7526858916945125,-0.1914314255188876,0.1914314255188876
he,pronoun_anchor,P:he,nonlocative,item,morph,dice,0.4097618804361292,0.6049731858555388,-0.1952113054194096,0.1952113054194096
he,pronoun_anchor,P:he,nonlocative,item,morph,hamming,0.1803370786516854,0.25187265917603,-0.0715355805243445,0.0715355805243445
he,pronoun_anchor,P:he,nonlocative,item,morph,idf_jaccard,0.7921470292444803,0.9394584136483703,-0.14731138440389,0.14731138440389
he,pronoun_anchor,P:he,nonlocative,family,morph,jaccard,0.5702063609995056,0.7526858916945125,-0.1824795306950069,0.1824795306950069
he,pronoun_anchor,P:he,nonlocative,family,morph,dice,0.4191009160764638,0.6049731858555388,-0.185872269779075,0.185872269779075
he,pronoun_anchor,P:he,nonlocative,family,morph,hamming,0.1843303978135439,0.25187265917603,-0.0675422613624861,0.0675422613624861
he,pronoun_anchor,P:he,nonlocative,family,morph,idf_jaccard,0.8121298337452805,0.9389638558073108,-0.1268340220620302,0.1268340220620302
him,pronoun_anchor,P:he,full,item,morph,jaccard,0.4909325482847638,0.7475335904440905,-0.2566010421593266,0.2566010421593266
him,pronoun_anchor,P:he,full,item,morph,dice,0.3389152030626275,0.6001468013440168,-0.2612315982813892,0.2612315982813892
him,pronoun_anchor,P:he,full,item,morph,hamming,0.1617977528089887,0.2661516853932584,-0.1043539325842696,0.1043539325842696
him,pronoun_anchor,P:he,full,item,morph,idf_jaccard,0.7428791346857102,0.932866376214741,-0.1899872415290308,0.1899872415290308
him,pronoun_anchor,P:he,full,family,morph,jaccard,0.5003919384959788,0.7475335904440905,-0.2471416519481116,0.2471416519481116
him,pronoun_anchor,P:he,full,family,morph,dice,0.3476169412262395,0.6001468013440168,-0.2525298601177773,0.2525298601177773
him,pronoun_anchor,P:he,full,family,morph,hamming,0.166109930154874,0.2661516853932584,-0.1000417552383844,0.1000417552383844
him,pronoun_anchor,P:he,full,family,morph,idf_jaccard,0.7618591471362771,0.9327573782508908,-0.1708982311146135,0.1708982311146135
him,pronoun_anchor,P:he,nonlocative,item,morph,jaccard,0.4909325482847638,0.7173470291477227,-0.2264144808629589,0.2264144808629589
him,pronoun_anchor,P:he,nonlocative,item,morph,dice,0.3389152030626275,0.5597154222766217,-0.2208002192139942,0.2208002192139942
him,pronoun_anchor,P:he,nonlocative,item,morph,hamming,0.1617977528089887,0.2574906367041198,-0.095692883895131,0.095692883895131
him,pronoun_anchor,P:he,nonlocative,item,morph,idf_jaccard,0.7597898922053508,0.929796276112501,-0.1700063839071502,0.1700063839071502
him,pronoun_anchor,P:he,nonlocative,family,morph,jaccard,0.5003919384959788,0.7173470291477227,-0.2169550906517439,0.2169550906517439
him,pronoun_anchor,P:he,nonlocative,family,morph,dice,0.3476169412262395,0.5597154222766217,-0.2120984810503822,0.2120984810503822
him,pronoun_anchor,P:he,nonlocative,family,morph,hamming,0.166109930154874,0.2574906367041198,-0.0913807065492458,0.0913807065492458
him,pronoun_anchor,P:he,nonlocative,family,morph,idf_jaccard,0.7793099045795869,0.9298565020515716,-0.1505465974719846,0.1505465974719846
himself,pronoun_anchor,P:he,full,item,morph,jaccard,0.5155052625218308,0.7613281574345082,-0.2458228949126774,0.2458228949126774
himself,pronoun_anchor,P:he,full,item,morph,dice,0.3716592928093193,0.6162770625600045,-0.2446177697506851,0.2446177697506851
himself,pronoun_anchor,P:he,full,item,morph,hamming,0.1834269662921347,0.2816011235955056,-0.0981741573033708,0.0981741573033708
himself,pronoun_anchor,P:he,full,item,morph,idf_jaccard,0.7387768745578341,0.9335428621619958,-0.1947659876041616,0.1947659876041616
himself,pronoun_anchor,P:he,full,family,morph,jaccard,0.5233490438604925,0.7613281574345082,-0.2379791135740157,0.2379791135740157
himself,pronoun_anchor,P:he,full,family,morph,dice,0.3799241258414836,0.6162770625600045,-0.2363529367185208,0.2363529367185208
himself,pronoun_anchor,P:he,full,family,morph,hamming,0.1876708168842999,0.2816011235955056,-0.0939303067112056,0.0939303067112056
himself,pronoun_anchor,P:he,full,family,morph,idf_jaccard,0.7526836093252125,0.9335301023442796,-0.180846493019067,0.180846493019067
himself,pronoun_anchor,P:he,nonlocative,item,morph,jaccard,0.5155052625218308,0.7465335668460669,-0.231028304324236,0.231028304324236
himself,pronoun_anchor,P:he,nonlocative,item,morph,dice,0.3716592928093193,0.5967650235942918,-0.2251057307849725,0.2251057307849725
himself,pronoun_anchor,P:he,nonlocative,item,morph,hamming,0.1834269662921347,0.2818352059925093,-0.0984082397003744,0.0984082397003744
himself,pronoun_anchor,P:he,nonlocative,item,morph,idf_jaccard,0.7514721574442395,0.945155863324224,-0.1936837058799844,0.1936837058799844
himself,pronoun_anchor,P:he,nonlocative,family,morph,jaccard,0.5233490438604925,0.7465335668460669,-0.2231845229855743,0.2231845229855743
himself,pronoun_anchor,P:he,nonlocative,family,morph,dice,0.3799241258414836,0.5967650235942918,-0.2168408977528081,0.2168408977528081
himself,pronoun_anchor,P:he,nonlocative,family,morph,hamming,0.1876708168842999,0.2818352059925093,-0.0941643891082092,0.0941643891082092
himself,pronoun_anchor,P:he,nonlocative,family,morph,idf_jaccard,0.7653070408228154,0.9444735292096184,-0.1791664883868029,0.1791664883868029
his,pronoun_anchor,P:he,full,item,morph,jaccard,0.475692553351222,0.6864910576158972,-0.2107985042646752,0.2107985042646752
his,pronoun_anchor,P:he,full,item,morph,dice,0.3241859754897172,0.5283257813614957,-0.2041398058717784,0.2041398058717784
his,pronoun_anchor,P:he,full,item,morph,hamming,0.1876404494382022,0.3040730337078652,-0.1164325842696629,0.1164325842696629
his,pronoun_anchor,P:he,full,item,morph,idf_jaccard,0.6800389087271062,0.8576620874458392,-0.177623178718733,0.177623178718733
his,pronoun_anchor,P:he,full,family,morph,jaccard,0.4725633781403172,0.6864910576158972,-0.21392767947558,0.21392767947558
his,pronoun_anchor,P:he,full,family,morph,dice,0.3222590716798583,0.5283257813614957,-0.2060667096816373,0.2060667096816373
his,pronoun_anchor,P:he,full,family,morph,hamming,0.1873671424233221,0.3040730337078652,-0.116705891284543,0.116705891284543
his,pronoun_anchor,P:he,full,family,morph,idf_jaccard,0.6855111296684752,0.8625629169957288,-0.1770517873272536,0.1770517873272536
his,pronoun_anchor,P:he,nonlocative,item,morph,jaccard,0.475692553351222,0.6537295298126492,-0.1780369764614272,0.1780369764614272
his,pronoun_anchor,P:he,nonlocative,item,morph,dice,0.3241859754897172,0.4883799533799533,-0.1641939778902361,0.1641939778902361
his,pronoun_anchor,P:he,nonlocative,item,morph,hamming,0.1876404494382022,0.2893258426966292,-0.1016853932584269,0.1016853932584269
his,pronoun_anchor,P:he,nonlocative,item,morph,idf_jaccard,0.6908795353843663,0.8450038726745638,-0.1541243372901974,0.1541243372901974
his,pronoun_anchor,P:he,nonlocative,family,morph,jaccard,0.4725633781403172,0.6537295298126492,-0.181166151672332,0.181166151672332
his,pronoun_anchor,P:he,nonlocative,family,morph,dice,0.3222590716798583,0.4883799533799533,-0.1661208817000949,0.1661208817000949
his,pronoun_anchor,P:he,nonlocative,family,morph,hamming,0.1873671424233221,0.2893258426966292,-0.101958700273307,0.101958700273307
his,pronoun_anchor,P:he,nonlocative,family,morph,idf_jaccard,0.6970782480191644,0.850609821449114,-0.1535315734299496,0.1535315734299496
she,pronoun_anchor,P:she,full,item,morph,jaccard,0.5602335572010869,0.7592334225931491,-0.1989998653920621,0.1989998653920621
she,pronoun_anchor,P:she,full,item,morph,dice,0.4086181264918638,0.6134321029573312,-0.2048139764654674,0.2048139764654674
she,pronoun_anchor,P:she,full,item,morph,hamming,0.1797752808988764,0.2464887640449438,-0.0667134831460674,0.0667134831460674
she,pronoun_anchor,P:she,full,item,morph,idf_jaccard,0.7768960223393251,0.9408176478165952,-0.16392162547727,0.16392162547727
she,pronoun_anchor,P:she,full,family,morph,jaccard,0.5664090991507988,0.7592334225931491,-0.1928243234423502,0.1928243234423502
she,pronoun_anchor,P:she,full,family,morph,dice,0.414806576332951,0.6134321029573312,-0.1986255266243802,0.1986255266243802
she,pronoun_anchor,P:she,full,family,morph,hamming,0.1816479400749064,0.2464887640449438,-0.0648408239700374,0.0648408239700374
she,pronoun_anchor,P:she,full,family,morph,idf_jaccard,0.8003759542810274,0.9420940702410012,-0.1417181159599739,0.1417181159599739
she,pronoun_anchor,P:she,nonlocative,item,morph,jaccard,0.5602335572010869,0.7526858916945125,-0.1924523344934255,0.1924523344934255
she,pronoun_anchor,P:she,nonlocative,item,morph,dice,0.4086181264918638,0.6049731858555388,-0.196355059363675,0.196355059363675
she,pronoun_anchor,P:she,nonlocative,item,morph,hamming,0.1797752808988764,0.25187265917603,-0.0720973782771535,0.0720973782771535
she,pronoun_anchor,P:she,nonlocative,item,morph,idf_jaccard,0.787117374020135,0.9387894726525244,-0.1516720986323895,0.1516720986323895
she,pronoun_anchor,P:she,nonlocative,family,morph,jaccard,0.5664090991507988,0.7526858916945125,-0.1862767925437136,0.1862767925437136
she,pronoun_anchor,P:she,nonlocative,family,morph,dice,0.414806576332951,0.6049731858555388,-0.1901666095225878,0.1901666095225878
she,pronoun_anchor,P:she,nonlocative,family,morph,hamming,0.1816479400749064,0.25187265917603,-0.0702247191011236,0.0702247191011236
she,pronoun_anchor,P:she,nonlocative,family,morph,idf_jaccard,0.8113866888570392,0.9397472244181758,-0.1283605355611365,0.1283605355611365
her_acc,pronoun_anchor,P:she,full,item,morph,jaccard,0.4780546809352625,0.7158706875661581,-0.2378160066308956,0.2378160066308956
her_acc,pronoun_anchor,P:she,full,item,morph,dice,0.3256499371845535,0.5605319946198145,-0.234882057435261,0.234882057435261
her_acc,pronoun_anchor,P:she,full,item,morph,hamming,0.1587078651685393,0.2549157303370786,-0.0962078651685393,0.0962078651685393
her_acc,pronoun_anchor,P:she,full,item,morph,idf_jaccard,0.7309169226796474,0.9204345766880389,-0.1895176540083915,0.1895176540083915
her_acc,pronoun_anchor,P:she,full,family,morph,jaccard,0.4847212504218965,0.7158706875661581,-0.2311494371442615,0.2311494371442615
her_acc,pronoun_anchor,P:she,full,family,morph,dice,0.331447776010048,0.5605319946198145,-0.2290842186097664,0.2290842186097664
her_acc,pronoun_anchor,P:she,full,family,morph,hamming,0.1610486891385767,0.2549157303370786,-0.0938670411985018,0.0938670411985018
her_acc,pronoun_anchor,P:she,full,family,morph,idf_jaccard,0.7542451974223482,0.922421333050486,-0.1681761356281378,0.1681761356281378
her_acc,pronoun_anchor,P:she,nonlocative,item,morph,jaccard,0.4780546809352625,0.6859236070215999,-0.2078689260863374,0.2078689260863374
her_acc,pronoun_anchor,P:she,nonlocative,item,morph,dice,0.3256499371845535,0.5224382663407053,-0.1967883291561518,0.1967883291561518
her_acc,pronoun_anchor,P:she,nonlocative,item,morph,hamming,0.1587078651685393,0.24625468164794,-0.0875468164794007,0.0875468164794007
her_acc,pronoun_anchor,P:she,nonlocative,item,morph,idf_jaccard,0.7466599067968973,0.916232215453463,-0.1695723086565657,0.1695723086565657
her_acc,pronoun_anchor,P:she,nonlocative,family,morph,jaccard,0.4847212504218965,0.6859236070215999,-0.2012023565997033,0.2012023565997033
her_acc,pronoun_anchor,P:she,nonlocative,family,morph,dice,0.331447776010048,0.5224382663407053,-0.1909904903306573,0.1909904903306573
her_acc,pronoun_anchor,P:she,nonlocative,family,morph,hamming,0.1610486891385767,0.24625468164794,-0.0852059925093632,0.0852059925093632
her_acc,pronoun_anchor,P:she,nonlocative,family,morph,idf_jaccard,0.7710243254573664,0.9184480464588786,-0.1474237210015121,0.1474237210015121
her_dep,pronoun_anchor,P:she,full,item,morph,jaccard,0.6031183618689959,0.793503090370114,-0.1903847285011181,0.1903847285011181
her_dep,pronoun_anchor,P:she,full,item,morph,dice,0.4662158890128945,0.6625090375063745,-0.1962931484934799,0.1962931484934799
her_dep,pronoun_anchor,P:she,full,item,morph,hamming,0.2578651685393258,0.3672752808988764,-0.1094101123595506,0.1094101123595506
her_dep,pronoun_anchor,P:she,full,item,morph,idf_jaccard,0.7376467511299957,0.9067608136308752,-0.1691140625008794,0.1691140625008794
her_dep,pronoun_anchor,P:she,full,family,morph,jaccard,0.599082396305323,0.793503090370114,-0.194420694064791,0.194420694064791
her_dep,pronoun_anchor,P:she,full,family,morph,dice,0.4644622197457015,0.6625090375063745,-0.1980468177606729,0.1980468177606729
her_dep,pronoun_anchor,P:she,full,family,morph,hamming,0.2571785268414482,0.3672752808988764,-0.1100967540574281,0.1100967540574281
her_dep,pronoun_anchor,P:she,full,family,morph,idf_jaccard,0.7398782650460822,0.909257088618807,-0.1693788235727248,0.1693788235727248
her_dep,pronoun_anchor,P:she,nonlocative,item,morph,jaccard,0.6031183618689959,0.7699451774040543,-0.1668268155350584,0.1668268155350584
her_dep,pronoun_anchor,P:she,nonlocative,item,morph,dice,0.4662158890128945,0.6288102725366875,-0.1625943835237929,0.1625943835237929
her_dep,pronoun_anchor,P:she,nonlocative,item,morph,hamming,0.2578651685393258,0.3586142322097378,-0.100749063670412,0.100749063670412
her_dep,pronoun_anchor,P:she,nonlocative,item,morph,idf_jaccard,0.7441552963336773,0.8985726775091102,-0.1544173811754329,0.1544173811754329
her_dep,pronoun_anchor,P:she,nonlocative,family,morph,jaccard,0.599082396305323,0.7699451774040543,-0.1708627810987313,0.1708627810987313
her_dep,pronoun_anchor,P:she,nonlocative,family,morph,dice,0.4644622197457015,0.6288102725366875,-0.1643480527909859,0.1643480527909859
her_dep,pronoun_anchor,P:she,nonlocative,family,morph,hamming,0.2571785268414482,0.3586142322097378,-0.1014357053682896,0.1014357053682896
her_dep,pronoun_anchor,P:she,nonlocative,family,morph,idf_jaccard,0.7469777449632508,0.9015116614856514,-0.1545339165224006,0.1545339165224006
hers,pronoun_anchor,P:she,full,item,morph,jaccard,0.4583822759470511,0.6719237646046856,-0.2135414886576345,0.2135414886576345
hers,pronoun_anchor,P:she,full,item,morph,dice,0.3118208545493006,0.5114448083204016,-0.199623953771101,0.199623953771101
hers,pronoun_anchor,P:she,full,item,morph,hamming,0.1741573033707864,0.2830056179775281,-0.1088483146067416,0.1088483146067416
hers,pronoun_anchor,P:she,full,item,morph,idf_jaccard,0.6560264450564655,0.841289728216965,-0.1852632831604995,0.1852632831604995
hers,pronoun_anchor,P:she,full,family,morph,jaccard,0.4579918636193916,0.6719237646046856,-0.213931900985294,0.213931900985294
hers,pronoun_anchor,P:she,full,family,morph,dice,0.3128307549428214,0.5114448083204016,-0.1986140533775802,0.1986140533775802
hers,pronoun_anchor,P:she,full,family,morph,hamming,0.1747815230961298,0.2830056179775281,-0.1082240948813983,0.1082240948813983
hers,pronoun_anchor,P:she,full,family,morph,idf_jaccard,0.671982118938831,0.8479079864822143,-0.1759258675433833,0.1759258675433833
hers,pronoun_anchor,P:she,nonlocative,item,morph,jaccard,0.4583822759470511,0.6493392937471884,-0.1909570178001372,0.1909570178001372
hers,pronoun_anchor,P:she,nonlocative,item,morph,dice,0.3118208545493006,0.4854612159329139,-0.1736403613836133,0.1736403613836133
hers,pronoun_anchor,P:she,nonlocative,item,morph,hamming,0.1741573033707864,0.2762172284644195,-0.102059925093633,0.102059925093633
hers,pronoun_anchor,P:she,nonlocative,item,morph,idf_jaccard,0.6678081816121627,0.8391899369261585,-0.1713817553139958,0.1713817553139958
hers,pronoun_anchor,P:she,nonlocative,family,morph,jaccard,0.4579918636193916,0.6493392937471884,-0.1913474301277967,0.1913474301277967
hers,pronoun_anchor,P:she,nonlocative,family,morph,dice,0.3128307549428214,0.4854612159329139,-0.1726304609900925,0.1726304609900925
hers,pronoun_anchor,P:she,nonlocative,family,morph,hamming,0.1747815230961298,0.2762172284644195,-0.1014357053682896,0.1014357053682896
hers,pronoun_anchor,P:she,nonlocative,family,morph,idf_jaccard,0.6844576257488643,0.8454978725178459,-0.1610402467689816,0.1610402467689816
herself,pronoun_anchor,P:she,full,item,morph,jaccard,0.5147397481981323,0.7613281574345082,-0.2465884092363759,0.2465884092363759
herself,pronoun_anchor,P:she,full,item,morph,dice,0.3706309199217027,0.6162770625600045,-0.2456461426383017,0.2456461426383017
herself,pronoun_anchor,P:she,full,item,morph,hamming,0.1828651685393257,0.2816011235955056,-0.0987359550561798,0.0987359550561798
herself,pronoun_anchor,P:she,full,item,morph,idf_jaccard,0.7343721810028139,0.932936517972591,-0.1985643369697771,0.1985643369697771
herself,pronoun_anchor,P:she,full,family,morph,jaccard,0.5163451229655496,0.7613281574345082,-0.2449830344689586,0.2449830344689586
herself,pronoun_anchor,P:she,full,family,morph,dice,0.3730366230422548,0.6162770625600045,-0.2432404395177496,0.2432404395177496
herself,pronoun_anchor,P:she,full,family,morph,hamming,0.1835205992509362,0.2816011235955056,-0.0980805243445693,0.0980805243445693
herself,pronoun_anchor,P:she,full,family,morph,idf_jaccard,0.749634676044987,0.9350295788697268,-0.1853949028247399,0.1853949028247399
herself,pronoun_anchor,P:she,nonlocative,item,morph,jaccard,0.5147397481981323,0.7465335668460669,-0.2317938186479345,0.2317938186479345
herself,pronoun_anchor,P:she,nonlocative,item,morph,dice,0.3706309199217027,0.5967650235942918,-0.2261341036725891,0.2261341036725891
herself,pronoun_anchor,P:she,nonlocative,item,morph,hamming,0.1828651685393257,0.2818352059925093,-0.0989700374531835,0.0989700374531835
herself,pronoun_anchor,P:she,nonlocative,item,morph,idf_jaccard,0.7471609108306373,0.9446695761936872,-0.1975086653630499,0.1975086653630499
herself,pronoun_anchor,P:she,nonlocative,family,morph,jaccard,0.5163451229655496,0.7465335668460669,-0.2301884438805173,0.2301884438805173
herself,pronoun_anchor,P:she,nonlocative,family,morph,dice,0.3730366230422548,0.5967650235942918,-0.223728400552037,0.223728400552037
herself,pronoun_anchor,P:she,nonlocative,family,morph,hamming,0.1835205992509362,0.2818352059925093,-0.098314606741573,0.098314606741573
herself,pronoun_anchor,P:she,nonlocative,family,morph,idf_jaccard,0.7627014272096851,0.9460975097685876,-0.1833960825589025,0.1833960825589025
it_plain,pronoun_anchor,P:it,full,item,morph,jaccard,0.5744197650717657,0.7513532329391964,-0.1769334678674307,0.1769334678674307
it_plain,pronoun_anchor,P:it,full,item,morph,dice,0.4177561588618547,0.6027002537762551,-0.1849440949144004,0.1849440949144004
it_plain,pronoun_anchor,P:it,full,item,morph,hamming,0.1837078651685393,0.2422752808988764,-0.058567415730337,0.058567415730337
it_plain,pronoun_anchor,P:it,full,item,morph,idf_jaccard,0.7725744939919753,0.9081273684587756,-0.1355528744668002,0.1355528744668002
it_plain,pronoun_anchor,P:it,full,family,morph,jaccard,0.5761767958005803,0.7513532329391964,-0.175176437138616,0.175176437138616
it_plain,pronoun_anchor,P:it,full,family,morph,dice,0.4204074615090922,0.6027002537762551,-0.1822927922671628,0.1822927922671628
it_plain,pronoun_anchor,P:it,full,family,morph,hamming,0.1873671424233222,0.2422752808988764,-0.0549081384755542,0.0549081384755542
it_plain,pronoun_anchor,P:it,full,family,morph,idf_jaccard,0.7776808522243726,0.905268147647911,-0.1275872954235384,0.1275872954235384
it_plain,pronoun_anchor,P:it,nonlocative,item,morph,jaccard,0.5744197650717657,0.7584429188908702,-0.1840231538191045,0.1840231538191045
it_plain,pronoun_anchor,P:it,nonlocative,item,morph,dice,0.4177561588618547,0.6115719792190379,-0.1938158203571832,0.1938158203571832
it_plain,pronoun_anchor,P:it,nonlocative,item,morph,hamming,0.1837078651685393,0.2537453183520599,-0.0700374531835205,0.0700374531835205
it_plain,pronoun_anchor,P:it,nonlocative,item,morph,idf_jaccard,0.7852443365398188,0.9157185278008306,-0.1304741912610117,0.1304741912610117
it_plain,pronoun_anchor,P:it,nonlocative,family,morph,jaccard,0.5761767958005803,0.7584429188908702,-0.1822661230902899,0.1822661230902899
it_plain,pronoun_anchor,P:it,nonlocative,family,morph,dice,0.4204074615090922,0.6115719792190379,-0.1911645177099457,0.1911645177099457
it_plain,pronoun_anchor,P:it,nonlocative,family,morph,hamming,0.1873671424233222,0.2537453183520599,-0.0663781759287377,0.0663781759287377
it_plain,pronoun_anchor,P:it,nonlocative,family,morph,idf_jaccard,0.7960165796505381,0.9129148538174284,-0.1168982741668904,0.1168982741668904
it_dum,pronoun_anchor,P:it,full,item,morph,jaccard,0.7310723188731152,0.8056508356780095,-0.0745785168048943,0.0745785168048943
it_dum,pronoun_anchor,P:it,full,item,morph,dice,0.5805793948473411,0.6753778665093525,-0.0947984716620113,0.0947984716620113
it_dum,pronoun_anchor,P:it,full,item,morph,hamming,0.2171348314606741,0.232443820224719,-0.0153089887640449,0.0153089887640449
it_dum,pronoun_anchor,P:it,full,item,morph,idf_jaccard,0.9041916465183446,0.938125261766364,-0.0339336152480194,0.0339336152480194
it_dum,pronoun_anchor,P:it,full,family,morph,jaccard,0.7387225412098886,0.8056508356780095,-0.0669282944681209,0.0669282944681209
it_dum,pronoun_anchor,P:it,full,family,morph,dice,0.5897229301803557,0.6753778665093525,-0.0856549363289967,0.0856549363289967
it_dum,pronoun_anchor,P:it,full,family,morph,hamming,0.2222897054357728,0.232443820224719,-0.0101541147889462,0.0101541147889462
it_dum,pronoun_anchor,P:it,full,family,morph,idf_jaccard,0.9114596220306708,0.9324969067573232,-0.0210372847266523,0.0210372847266523
it_dum,pronoun_anchor,P:it,nonlocative,item,morph,jaccard,0.7310723188731152,0.79924942341609,-0.0681771045429747,0.0681771045429747
it_dum,pronoun_anchor,P:it,nonlocative,item,morph,dice,0.5805793948473411,0.666437654038256,-0.0858582591909149,0.0858582591909149
it_dum,pronoun_anchor,P:it,nonlocative,item,morph,hamming,0.2171348314606741,0.2387640449438201,-0.021629213483146,0.021629213483146
it_dum,pronoun_anchor,P:it,nonlocative,item,morph,idf_jaccard,0.912734898845698,0.9475071479757124,-0.0347722491300143,0.0347722491300143
it_dum,pronoun_anchor,P:it,nonlocative,family,morph,jaccard,0.7387225412098886,0.79924942341609,-0.0605268822062013,0.0605268822062013
it_dum,pronoun_anchor,P:it,nonlocative,family,morph,dice,0.5897229301803557,0.666437654038256,-0.0767147238579003,0.0767147238579003
it_dum,pronoun_anchor,P:it,nonlocative,family,morph,hamming,0.2222897054357728,0.2387640449438201,-0.0164743395080473,0.0164743395080473
it_dum,pronoun_anchor,P:it,nonlocative,family,morph,idf_jaccard,0.9229964075974568,0.9420444657566186,-0.0190480581591617,0.0190480581591617
its,pronoun_anchor,P:it,full,item,morph,jaccard,0.5683637516404039,0.7356139163480246,-0.1672501647076207,0.1672501647076207
its,pronoun_anchor,P:it,full,item,morph,dice,0.402663163036675,0.5860833003720263,-0.1834201373353512,0.1834201373353512
its,pronoun_anchor,P:it,full,item,morph,hamming,0.2028089887640449,0.285814606741573,-0.083005617977528,0.083005617977528
its,pronoun_anchor,P:it,full,item,morph,idf_jaccard,0.7474067148702719,0.8551064422565597,-0.1076997273862878,0.1076997273862878
its,pronoun_anchor,P:it,full,family,morph,jaccard,0.566539391162799,0.7356139163480246,-0.1690745251852256,0.1690745251852256
its,pronoun_anchor,P:it,full,family,morph,dice,0.4009997038217081,0.5860833003720263,-0.1850835965503181,0.1850835965503181
its,pronoun_anchor,P:it,full,family,morph,hamming,0.2049802611600364,0.285814606741573,-0.0808343455815365,0.0808343455815365
its,pronoun_anchor,P:it,full,family,morph,idf_jaccard,0.7450072968940922,0.8516795652667158,-0.1066722683726236,0.1066722683726236
its,pronoun_anchor,P:it,nonlocative,item,morph,jaccard,0.5683637516404039,0.7183040087451853,-0.1499402571047814,0.1499402571047814
its,pronoun_anchor,P:it,nonlocative,item,morph,dice,0.402663163036675,0.5644092904731202,-0.1617461274364451,0.1617461274364451
its,pronoun_anchor,P:it,nonlocative,item,morph,hamming,0.2028089887640449,0.2837078651685393,-0.0808988764044943,0.0808988764044943
its,pronoun_anchor,P:it,nonlocative,item,morph,idf_jaccard,0.7612589623749157,0.859316009825284,-0.0980570474503682,0.0980570474503682
its,pronoun_anchor,P:it,nonlocative,family,morph,jaccard,0.566539391162799,0.7183040087451853,-0.1517646175823862,0.1517646175823862
its,pronoun_anchor,P:it,nonlocative,family,morph,dice,0.4009997038217081,0.5644092904731202,-0.163409586651412,0.163409586651412
its,pronoun_anchor,P:it,nonlocative,family,morph,hamming,0.2049802611600364,0.2837078651685393,-0.0787276040085028,0.0787276040085028
its,pronoun_anchor,P:it,nonlocative,family,morph,idf_jaccard,0.7637035914205181,0.8569721451566962,-0.093268553736178,0.093268553736178
itself,pronoun_anchor,P:it,full,item,morph,jaccard,0.5623564281492495,0.7321559876236282,-0.1697995594743787,0.1697995594743787
itself,pronoun_anchor,P:it,full,item,morph,dice,0.4142125204916903,0.5799128197269261,-0.1657002992352357,0.1657002992352357
itself,pronoun_anchor,P:it,full,item,morph,hamming,0.199438202247191,0.2591292134831461,-0.0596910112359551,0.0596910112359551
itself,pronoun_anchor,P:it,full,item,morph,idf_jaccard,0.7609404183083208,0.8838267043480593,-0.1228862860397385,0.1228862860397385
itself,pronoun_anchor,P:it,full,family,morph,jaccard,0.5654233527669433,0.7321559876236282,-0.1667326348566848,0.1667326348566848
itself,pronoun_anchor,P:it,full,family,morph,dice,0.4187236210055808,0.5799128197269261,-0.1611891987213452,0.1611891987213452
itself,pronoun_anchor,P:it,full,family,morph,hamming,0.2043729122380807,0.2591292134831461,-0.0547563012450653,0.0547563012450653
itself,pronoun_anchor,P:it,full,family,morph,idf_jaccard,0.7616734523492162,0.8794010923475415,-0.1177276399983252,0.1177276399983252
itself,pronoun_anchor,P:it,nonlocative,item,morph,jaccard,0.5623564281492495,0.7385615686103769,-0.1762051404611274,0.1762051404611274
itself,pronoun_anchor,P:it,nonlocative,item,morph,dice,0.4142125204916903,0.5884485924112607,-0.1742360719195703,0.1742360719195703
itself,pronoun_anchor,P:it,nonlocative,item,morph,hamming,0.199438202247191,0.2705992509363296,-0.0711610486891385,0.0711610486891385
itself,pronoun_anchor,P:it,nonlocative,item,morph,idf_jaccard,0.7744518279470655,0.913462885589786,-0.1390110576427206,0.1390110576427206
itself,pronoun_anchor,P:it,nonlocative,family,morph,jaccard,0.5654233527669433,0.7385615686103769,-0.1731382158434335,0.1731382158434335
itself,pronoun_anchor,P:it,nonlocative,family,morph,dice,0.4187236210055808,0.5884485924112607,-0.1697249714056798,0.1697249714056798
itself,pronoun_anchor,P:it,nonlocative,family,morph,hamming,0.2043729122380807,0.2705992509363296,-0.0662263386982488,0.0662263386982488
itself,pronoun_anchor,P:it,nonlocative,family,morph,idf_jaccard,0.7799863073046652,0.9091811801841672,-0.129194872879502,0.129194872879502
I,pronoun_anchor,P:I,full,item,morph,jaccard,0.5734120594873672,0.783980393712637,-0.2105683342252697,0.2105683342252697
I,pronoun_anchor,P:I,full,item,morph,dice,0.4208708352130533,0.6459035521814065,-0.2250327169683531,0.2250327169683531
I,pronoun_anchor,P:I,full,item,morph,hamming,0.1794943820224718,0.2521067415730336,-0.0726123595505617,0.0726123595505617
I,pronoun_anchor,P:I,full,item,morph,idf_jaccard,0.7532925277646922,0.9445827863465014,-0.1912902585818091,0.1912902585818091
I,pronoun_anchor,P:I,full,family,morph,jaccard,0.5748894144828935,0.783980393712637,-0.2090909792297434,0.2090909792297434
I,pronoun_anchor,P:I,full,family,morph,dice,0.4231167127263212,0.6459035521814065,-0.2227868394550852,0.2227868394550852
I,pronoun_anchor,P:I,full,family,morph,hamming,0.1797752808988764,0.2521067415730336,-0.0723314606741572,0.0723314606741572
I,pronoun_anchor,P:I,full,family,morph,idf_jaccard,0.7461011687282824,0.9448612054963204,-0.198760036768038,0.198760036768038
I,pronoun_anchor,P:I,nonlocative,item,morph,jaccard,0.5734120594873672,0.776428492484527,-0.2030164329971598,0.2030164329971598
I,pronoun_anchor,P:I,nonlocative,item,morph,dice,0.4208708352130533,0.6358092200197464,-0.214938384806693,0.214938384806693
I,pronoun_anchor,P:I,nonlocative,item,morph,hamming,0.1794943820224718,0.2574906367041198,-0.0779962546816479,0.0779962546816479
I,pronoun_anchor,P:I,nonlocative,item,morph,idf_jaccard,0.7644490167394874,0.9422376368265128,-0.1777886200870254,0.1777886200870254
I,pronoun_anchor,P:I,nonlocative,family,morph,jaccard,0.5748894144828935,0.776428492484527,-0.2015390780016335,0.2015390780016335
I,pronoun_anchor,P:I,nonlocative,family,morph,dice,0.4231167127263212,0.6358092200197464,-0.2126925072934251,0.2126925072934251
I,pronoun_anchor,P:I,nonlocative,family,morph,hamming,0.1797752808988764,0.2574906367041198,-0.0777153558052434,0.0777153558052434
I,pronoun_anchor,P:I,nonlocative,family,morph,idf_jaccard,0.7572449148122034,0.9422290720480508,-0.1849841572358473,0.1849841572358473
me,pronoun_anchor,P:I,full,item,morph,jaccard,0.5349607473583518,0.7834706512125869,-0.2485099038542351,0.2485099038542351
me,pronoun_anchor,P:I,full,item,morph,dice,0.3773282681236497,0.6471203611886425,-0.2697920930649927,0.2697920930649927
me,pronoun_anchor,P:I,full,item,morph,hamming,0.1828651685393258,0.2942415730337079,-0.111376404494382,0.111376404494382
me,pronoun_anchor,P:I,full,item,morph,idf_jaccard,0.798468156282741,0.950087796742435,-0.151619640459694,0.151619640459694
me,pronoun_anchor,P:I,full,family,morph,jaccard,0.5381231038079419,0.7834706512125869,-0.2453475474046449,0.2453475474046449
me,pronoun_anchor,P:I,full,family,morph,dice,0.3805895545066919,0.6471203611886425,-0.2665308066819505,0.2665308066819505
me,pronoun_anchor,P:I,full,family,morph,hamming,0.1841448189762796,0.2942415730337079,-0.1100967540574282,0.1100967540574282
me,pronoun_anchor,P:I,full,family,morph,idf_jaccard,0.7935672241407731,0.949646883039466,-0.156079658898693,0.156079658898693
me,pronoun_anchor,P:I,nonlocative,item,morph,jaccard,0.5349607473583518,0.7546563949789756,-0.2196956476206238,0.2196956476206238
me,pronoun_anchor,P:I,nonlocative,item,morph,dice,0.3773282681236497,0.6061435177288835,-0.2288152496052338,0.2288152496052338
me,pronoun_anchor,P:I,nonlocative,item,morph,hamming,0.1828651685393258,0.2855805243445693,-0.1027153558052434,0.1027153558052434
me,pronoun_anchor,P:I,nonlocative,item,morph,idf_jaccard,0.8141433216409186,0.9472982840633284,-0.1331549624224097,0.1331549624224097
me,pronoun_anchor,P:I,nonlocative,family,morph,jaccard,0.5381231038079419,0.7546563949789756,-0.2165332911710337,0.2165332911710337
me,pronoun_anchor,P:I,nonlocative,family,morph,dice,0.3805895545066919,0.6061435177288835,-0.2255539632221916,0.2255539632221916
me,pronoun_anchor,P:I,nonlocative,family,morph,hamming,0.1841448189762796,0.2855805243445693,-0.1014357053682896,0.1014357053682896
me,pronoun_anchor,P:I,nonlocative,family,morph,idf_jaccard,0.8099270774278715,0.9471142622482652,-0.1371871848203937,0.1371871848203937
mine,pronoun_anchor,P:I,full,item,morph,jaccard,0.4430660445640659,0.6719237646046856,-0.2288577200406197,0.2288577200406197
mine,pronoun_anchor,P:I,full,item,morph,dice,0.2997307897378901,0.5114448083204016,-0.2117140185825115,0.2117140185825115
mine,pronoun_anchor,P:I,full,item,morph,hamming,0.1668539325842697,0.2830056179775281,-0.1161516853932583,0.1161516853932583
mine,pronoun_anchor,P:I,full,item,morph,idf_jaccard,0.6221221096139601,0.8340454013634399,-0.2119232917494797,0.2119232917494797
mine,pronoun_anchor,P:I,full,family,morph,jaccard,0.4364615039245831,0.6719237646046856,-0.2354622606801024,0.2354622606801024
mine,pronoun_anchor,P:I,full,family,morph,dice,0.2956271087161505,0.5114448083204016,-0.215817699604251,0.215817699604251
mine,pronoun_anchor,P:I,full,family,morph,hamming,0.1647940074906368,0.2830056179775281,-0.1182116104868913,0.1182116104868913
mine,pronoun_anchor,P:I,full,family,morph,idf_jaccard,0.6106908989990548,0.8374834359906048,-0.22679253699155,0.22679253699155
mine,pronoun_anchor,P:I,nonlocative,item,morph,jaccard,0.4430660445640659,0.6493392937471884,-0.2062732491831224,0.2062732491831224
mine,pronoun_anchor,P:I,nonlocative,item,morph,dice,0.2997307897378901,0.4854612159329139,-0.1857304261950238,0.1857304261950238
mine,pronoun_anchor,P:I,nonlocative,item,morph,hamming,0.1668539325842697,0.2762172284644195,-0.1093632958801497,0.1093632958801497
mine,pronoun_anchor,P:I,nonlocative,item,morph,idf_jaccard,0.6345229637569579,0.8318493407414609,-0.1973263769845029,0.1973263769845029
mine,pronoun_anchor,P:I,nonlocative,family,morph,jaccard,0.4364615039245831,0.6493392937471884,-0.2128777898226052,0.2128777898226052
mine,pronoun_anchor,P:I,nonlocative,family,morph,dice,0.2956271087161505,0.4854612159329139,-0.1898341072167634,0.1898341072167634
mine,pronoun_anchor,P:I,nonlocative,family,morph,hamming,0.1647940074906368,0.2762172284644195,-0.1114232209737826,0.1114232209737826
mine,pronoun_anchor,P:I,nonlocative,family,morph,idf_jaccard,0.6235406627928609,0.8349884140131691,-0.2114477512203082,0.2114477512203082
my,pronoun_anchor,P:I,full,item,morph,jaccard,0.6083671305179863,0.8104232005350481,-0.2020560700170618,0.2020560700170618
my,pronoun_anchor,P:I,full,item,morph,dice,0.4764883699158954,0.6866555827364271,-0.2101672128205317,0.2101672128205317
my,pronoun_anchor,P:I,full,item,morph,hamming,0.2575842696629212,0.3728932584269663,-0.1153089887640451,0.1153089887640451
my,pronoun_anchor,P:I,full,item,morph,idf_jaccard,0.7225017963072479,0.907592891277546,-0.185091094970298,0.185091094970298
my,pronoun_anchor,P:I,full,family,morph,jaccard,0.6010718446381549,0.8104232005350481,-0.2093513558968932,0.2093513558968932
my,pronoun_anchor,P:I,full,family,morph,dice,0.4715437471357345,0.6866555827364271,-0.2151118356006926,0.2151118356006926
my,pronoun_anchor,P:I,full,family,morph,hamming,0.2553058676654182,0.3728932584269663,-0.1175873907615481,0.1175873907615481
my,pronoun_anchor,P:I,full,family,morph,idf_jaccard,0.7078004339200822,0.9086952930534208,-0.2008948591333385,0.2008948591333385
my,pronoun_anchor,P:I,nonlocative,item,morph,jaccard,0.6083671305179863,0.786611015347544,-0.1782438848295576,0.1782438848295576
my,pronoun_anchor,P:I,nonlocative,item,morph,dice,0.4764883699158954,0.6515205918701359,-0.1750322219542405,0.1750322219542405
my,pronoun_anchor,P:I,nonlocative,item,morph,hamming,0.2575842696629212,0.3642322097378277,-0.1066479400749064,0.1066479400749064
my,pronoun_anchor,P:I,nonlocative,item,morph,idf_jaccard,0.7293937855946735,0.8990664803472813,-0.1696726947526078,0.1696726947526078
my,pronoun_anchor,P:I,nonlocative,family,morph,jaccard,0.6010718446381549,0.786611015347544,-0.185539170709389,0.185539170709389
my,pronoun_anchor,P:I,nonlocative,family,morph,dice,0.4715437471357345,0.6515205918701359,-0.1799768447344014,0.1799768447344014
my,pronoun_anchor,P:I,nonlocative,family,morph,hamming,0.2553058676654182,0.3642322097378277,-0.1089263420724095,0.1089263420724095
my,pronoun_anchor,P:I,nonlocative,family,morph,idf_jaccard,0.7148621981976757,0.9004614153306753,-0.1855992171329995,0.1855992171329995
myself,pronoun_anchor,P:I,full,item,morph,jaccard,0.4981623261398956,0.7613281574345082,-0.2631658312946126,0.2631658312946126
myself,pronoun_anchor,P:I,full,item,morph,dice,0.3560832798647491,0.6162770625600045,-0.2601937826952554,0.2601937826952554
myself,pronoun_anchor,P:I,full,item,morph,hamming,0.1755617977528089,0.2816011235955056,-0.1060393258426966,0.1060393258426966
myself,pronoun_anchor,P:I,full,item,morph,idf_jaccard,0.7012362377615154,0.9297097925891517,-0.2284735548276362,0.2284735548276362
myself,pronoun_anchor,P:I,full,family,morph,jaccard,0.4940990362963357,0.7613281574345082,-0.2672291211381725,0.2672291211381725
myself,pronoun_anchor,P:I,full,family,morph,dice,0.3535354103339149,0.6162770625600045,-0.2627416522260896,0.2627416522260896
myself,pronoun_anchor,P:I,full,family,morph,hamming,0.1741573033707865,0.2816011235955056,-0.107443820224719,0.107443820224719
myself,pronoun_anchor,P:I,full,family,morph,idf_jaccard,0.6889512495319949,0.931033394612626,-0.2420821450806312,0.2420821450806312
myself,pronoun_anchor,P:I,nonlocative,item,morph,jaccard,0.4981623261398956,0.7465335668460669,-0.2483712407061712,0.2483712407061712
myself,pronoun_anchor,P:I,nonlocative,item,morph,dice,0.3560832798647491,0.5967650235942918,-0.2406817437295427,0.2406817437295427
myself,pronoun_anchor,P:I,nonlocative,item,morph,hamming,0.1755617977528089,0.2818352059925093,-0.1062734082397003,0.1062734082397003
myself,pronoun_anchor,P:I,nonlocative,item,morph,idf_jaccard,0.7148363799684438,0.942085930399274,-0.2272495504308301,0.2272495504308301
myself,pronoun_anchor,P:I,nonlocative,family,morph,jaccard,0.4940990362963357,0.7465335668460669,-0.2524345305497311,0.2524345305497311
myself,pronoun_anchor,P:I,nonlocative,family,morph,dice,0.3535354103339149,0.5967650235942918,-0.2432296132603769,0.2432296132603769
myself,pronoun_anchor,P:I,nonlocative,family,morph,hamming,0.1741573033707865,0.2818352059925093,-0.1076779026217227,0.1076779026217227
myself,pronoun_anchor,P:I,nonlocative,family,morph,idf_jaccard,0.7027450478891148,0.943301142985462,-0.2405560950963472,0.2405560950963472
their_sing,pronoun_anchor,P:they,full,item,morph,jaccard,0.6063947636050273,0.7779758076934411,-0.1715810440884138,0.1715810440884138
their_sing,pronoun_anchor,P:they,full,item,morph,dice,0.470142601522488,0.6425837230409656,-0.1724411215184775,0.1724411215184775
their_sing,pronoun_anchor,P:they,full,item,morph,hamming,0.2601123595505618,0.3560393258426966,-0.0959269662921348,0.0959269662921348
their_sing,pronoun_anchor,P:they,full,item,morph,idf_jaccard,0.7315737360180925,0.8949195221067134,-0.1633457860886209,0.1633457860886209
their_sing,pronoun_anchor,P:they,full,family,morph,jaccard,0.6105493215214081,0.7779758076934411,-0.167426486172033,0.167426486172033
their_sing,pronoun_anchor,P:they,full,family,morph,dice,0.4762529076337559,0.6425837230409656,-0.1663308154072096,0.1663308154072096
their_sing,pronoun_anchor,P:they,full,family,morph,hamming,0.2645886190648787,0.3560393258426966,-0.0914507067778179,0.0914507067778179
their_sing,pronoun_anchor,P:they,full,family,morph,idf_jaccard,0.7457585639920653,0.9003803936461038,-0.1546218296540384,0.1546218296540384
their_sing,pronoun_anchor,P:they,nonlocative,item,morph,jaccard,0.6063947636050273,0.749242133835157,-0.1428473702301297,0.1428473702301297
their_sing,pronoun_anchor,P:they,nonlocative,item,morph,dice,0.470142601522488,0.6022431865828092,-0.1321005850603211,0.1321005850603211
their_sing,pronoun_anchor,P:they,nonlocative,item,morph,hamming,0.2601123595505618,0.3436329588014981,-0.0835205992509363,0.0835205992509363
their_sing,pronoun_anchor,P:they,nonlocative,item,morph,idf_jaccard,0.7376878243845797,0.8842441765079122,-0.1465563521233325,0.1465563521233325
their_sing,pronoun_anchor,P:they,nonlocative,family,morph,jaccard,0.6105493215214081,0.749242133835157,-0.1386928123137489,0.1386928123137489
their_sing,pronoun_anchor,P:they,nonlocative,family,morph,dice,0.4762529076337559,0.6022431865828092,-0.1259902789490533,0.1259902789490533
their_sing,pronoun_anchor,P:they,nonlocative,family,morph,hamming,0.2645886190648787,0.3436329588014981,-0.0790443397366194,0.0790443397366194
their_sing,pronoun_anchor,P:they,nonlocative,family,morph,idf_jaccard,0.7531337440831136,0.891300521305835,-0.1381667772227214,0.1381667772227214
theirs_sing,pronoun_anchor,P:they,full,item,morph,jaccard,0.4627736645290667,0.6535079333599072,-0.1907342688308404,0.1907342688308404
theirs_sing,pronoun_anchor,P:they,full,item,morph,dice,0.315747567058894,0.491519493854993,-0.175771926796099,0.175771926796099
theirs_sing,pronoun_anchor,P:they,full,item,morph,hamming,0.1764044943820224,0.2717696629213483,-0.0953651685393258,0.0953651685393258
theirs_sing,pronoun_anchor,P:they,full,item,morph,idf_jaccard,0.6444256942800404,0.8227254271937163,-0.1782997329136759,0.1782997329136759
theirs_sing,pronoun_anchor,P:they,full,family,morph,jaccard,0.4702075670651603,0.6535079333599072,-0.1833003662947468,0.1833003662947468
theirs_sing,pronoun_anchor,P:they,full,family,morph,dice,0.3236251655166283,0.491519493854993,-0.1678943283383647,0.1678943283383647
theirs_sing,pronoun_anchor,P:they,full,family,morph,hamming,0.1812250815512866,0.2717696629213483,-0.0905445813700616,0.0905445813700616
theirs_sing,pronoun_anchor,P:they,full,family,morph,idf_jaccard,0.6786119761833787,0.8349799818081012,-0.1563680056247225,0.1563680056247225
theirs_sing,pronoun_anchor,P:they,nonlocative,item,morph,jaccard,0.4627736645290667,0.6247848520874837,-0.1620111875584169,0.1620111875584169
theirs_sing,pronoun_anchor,P:they,nonlocative,item,morph,dice,0.315747567058894,0.4588941299790357,-0.1431465629201417,0.1431465629201417
theirs_sing,pronoun_anchor,P:they,nonlocative,item,morph,hamming,0.1764044943820224,0.2612359550561797,-0.0848314606741573,0.0848314606741573
theirs_sing,pronoun_anchor,P:they,nonlocative,item,morph,idf_jaccard,0.6557142986904179,0.8174897366712081,-0.1617754379807902,0.1617754379807902
theirs_sing,pronoun_anchor,P:they,nonlocative,family,morph,jaccard,0.4702075670651603,0.6247848520874837,-0.1545772850223233,0.1545772850223233
theirs_sing,pronoun_anchor,P:they,nonlocative,family,morph,dice,0.3236251655166283,0.4588941299790357,-0.1352689644624074,0.1352689644624074
theirs_sing,pronoun_anchor,P:they,nonlocative,family,morph,hamming,0.1812250815512866,0.2612359550561797,-0.080010873504893,0.080010873504893
theirs_sing,pronoun_anchor,P:they,nonlocative,family,morph,idf_jaccard,0.6915608719589765,0.8298094722787215,-0.1382486003197449,0.1382486003197449
their_plur,pronoun_anchor,P:they,full,item,morph,jaccard,0.6310473552520857,0.7986295622969243,-0.1675822070448386,0.1675822070448386
their_plur,pronoun_anchor,P:they,full,item,morph,dice,0.4970421747979411,0.6692681987597894,-0.1722260239618482,0.1722260239618482
their_plur,pronoun_anchor,P:they,full,item,morph,hamming,0.2646067415730337,0.3560393258426965,-0.0914325842696627,0.0914325842696627
their_plur,pronoun_anchor,P:they,full,item,morph,idf_jaccard,0.7451900808592347,0.9075417104931528,-0.1623516296339182,0.1623516296339182
their_plur,pronoun_anchor,P:they,full,family,morph,jaccard,0.6388212299559562,0.7986295622969243,-0.159808332340968,0.159808332340968
their_plur,pronoun_anchor,P:they,full,family,morph,dice,0.5067397260903672,0.6692681987597894,-0.1625284726694221,0.1625284726694221
their_plur,pronoun_anchor,P:they,full,family,morph,hamming,0.2711127220007248,0.3560393258426965,-0.0849266038419717,0.0849266038419717
their_plur,pronoun_anchor,P:they,full,family,morph,idf_jaccard,0.7579550058585589,0.9118233011690032,-0.1538682953104444,0.1538682953104444
their_plur,pronoun_anchor,P:they,nonlocative,item,morph,jaccard,0.6310473552520857,0.7791331635843831,-0.1480858083322974,0.1480858083322974
their_plur,pronoun_anchor,P:they,nonlocative,item,morph,dice,0.4970421747979411,0.6413665103722649,-0.1443243355743237,0.1443243355743237
their_plur,pronoun_anchor,P:they,nonlocative,item,morph,hamming,0.2646067415730337,0.351123595505618,-0.0865168539325842,0.0865168539325842
their_plur,pronoun_anchor,P:they,nonlocative,item,morph,idf_jaccard,0.7499346489776143,0.899722688128826,-0.1497880391512117,0.1497880391512117
their_plur,pronoun_anchor,P:they,nonlocative,family,morph,jaccard,0.6388212299559562,0.7791331635843831,-0.1403119336284268,0.1403119336284268
their_plur,pronoun_anchor,P:they,nonlocative,family,morph,dice,0.5067397260903672,0.6413665103722649,-0.1346267842818976,0.1346267842818976
their_plur,pronoun_anchor,P:they,nonlocative,family,morph,hamming,0.2711127220007248,0.351123595505618,-0.0800108735048931,0.0800108735048931
their_plur,pronoun_anchor,P:they,nonlocative,family,morph,idf_jaccard,0.7633951441032886,0.9048455782585848,-0.1414504341552962,0.1414504341552962
theirs_plur,pronoun_anchor,P:they,full,item,morph,jaccard,0.4858754511470173,0.6720180444154903,-0.186142593268473,0.186142593268473
theirs_plur,pronoun_anchor,P:they,full,item,morph,dice,0.3359313161346251,0.5118361809962264,-0.1759048648616012,0.1759048648616012
theirs_plur,pronoun_anchor,P:they,full,item,morph,hamming,0.1808988764044944,0.2717696629213482,-0.0908707865168537,0.0908707865168537
theirs_plur,pronoun_anchor,P:they,full,item,morph,idf_jaccard,0.6617870071466875,0.8384225587284296,-0.1766355515817421,0.1766355515817421
theirs_plur,pronoun_anchor,P:they,full,family,morph,jaccard,0.4977443614765735,0.6720180444154903,-0.1742736829389167,0.1742736829389167
theirs_plur,pronoun_anchor,P:they,full,family,morph,dice,0.3475182279602045,0.5118361809962264,-0.1643179530360218,0.1643179530360218
theirs_plur,pronoun_anchor,P:they,full,family,morph,hamming,0.187749184487133,0.2717696629213482,-0.0840204784342151,0.0840204784342151
theirs_plur,pronoun_anchor,P:they,full,family,morph,idf_jaccard,0.6943031635943863,0.8492704168562111,-0.1549672532618248,0.1549672532618248
theirs_plur,pronoun_anchor,P:they,nonlocative,item,morph,jaccard,0.4858754511470173,0.654497448576396,-0.1686219974293787,0.1686219974293787
theirs_plur,pronoun_anchor,P:they,nonlocative,item,morph,dice,0.3359313161346251,0.4921763995453254,-0.1562450834107002,0.1562450834107002
theirs_plur,pronoun_anchor,P:they,nonlocative,item,morph,hamming,0.1808988764044944,0.2687265917602996,-0.0878277153558051,0.0878277153558051
theirs_plur,pronoun_anchor,P:they,nonlocative,item,morph,idf_jaccard,0.6713442346187984,0.8375291541647704,-0.1661849195459719,0.1661849195459719
theirs_plur,pronoun_anchor,P:they,nonlocative,family,morph,jaccard,0.4977443614765735,0.654497448576396,-0.1567530870998225,0.1567530870998225
theirs_plur,pronoun_anchor,P:they,nonlocative,family,morph,dice,0.3475182279602045,0.4921763995453254,-0.1446581715851208,0.1446581715851208
theirs_plur,pronoun_anchor,P:they,nonlocative,family,morph,hamming,0.187749184487133,0.2687265917602996,-0.0809774072731665,0.0809774072731665
theirs_plur,pronoun_anchor,P:they,nonlocative,family,morph,idf_jaccard,0.7047173792254975,0.8473034945213985,-0.142586115295901,0.142586115295901
them_sing,pronoun_anchor,P:they,full,item,morph,jaccard,0.4970972183411939,0.7261772079616303,-0.2290799896204363,0.2290799896204363
them_sing,pronoun_anchor,P:they,full,item,morph,dice,0.3427752308357047,0.5752539004872237,-0.2324786696515189,0.2324786696515189
them_sing,pronoun_anchor,P:they,full,item,morph,hamming,0.1634831460674157,0.2549157303370786,-0.0914325842696629,0.0914325842696629
them_sing,pronoun_anchor,P:they,full,item,morph,idf_jaccard,0.7291535368154888,0.9133775931760152,-0.1842240563605264,0.1842240563605264
them_sing,pronoun_anchor,P:they,full,family,morph,jaccard,0.5003830177665487,0.7261772079616303,-0.2257941901950816,0.2257941901950816
them_sing,pronoun_anchor,P:they,full,family,morph,dice,0.3458399472224996,0.5752539004872237,-0.229413953264724,0.229413953264724
them_sing,pronoun_anchor,P:they,full,family,morph,hamming,0.1652772743747734,0.2549157303370786,-0.0896384559623051,0.0896384559623051
them_sing,pronoun_anchor,P:they,full,family,morph,idf_jaccard,0.7640404296862056,0.920302945973375,-0.1562625162871694,0.1562625162871694
them_sing,pronoun_anchor,P:they,nonlocative,item,morph,jaccard,0.4970972183411939,0.6888718525044428,-0.1917746341632488,0.1917746341632488
them_sing,pronoun_anchor,P:they,nonlocative,item,morph,dice,0.3427752308357047,0.5265248878008976,-0.1837496569651928,0.1837496569651928
them_sing,pronoun_anchor,P:they,nonlocative,item,morph,hamming,0.1634831460674157,0.2425093632958801,-0.0790262172284644,0.0790262172284644
them_sing,pronoun_anchor,P:they,nonlocative,item,morph,idf_jaccard,0.745678187823861,0.9066258141556802,-0.1609476263318192,0.1609476263318192
them_sing,pronoun_anchor,P:they,nonlocative,family,morph,jaccard,0.5003830177665487,0.6888718525044428,-0.1884888347378941,0.1884888347378941
them_sing,pronoun_anchor,P:they,nonlocative,family,morph,dice,0.3458399472224996,0.5265248878008976,-0.1806849405783979,0.1806849405783979
them_sing,pronoun_anchor,P:they,nonlocative,family,morph,hamming,0.1652772743747734,0.2425093632958801,-0.0772320889211067,0.0772320889211067
them_sing,pronoun_anchor,P:they,nonlocative,family,morph,idf_jaccard,0.7838046364434453,0.9157969907696256,-0.1319923543261804,0.1319923543261804
them_plur,pronoun_anchor,P:they,full,item,morph,jaccard,0.5322677060962121,0.7802290897419575,-0.2479613836457453,0.2479613836457453
them_plur,pronoun_anchor,P:they,full,item,morph,dice,0.3730770425999914,0.6459752450724094,-0.2728982024724179,0.2728982024724179
them_plur,pronoun_anchor,P:they,full,item,morph,hamming,0.1794943820224719,0.2928370786516854,-0.1133426966292135,0.1133426966292135
them_plur,pronoun_anchor,P:they,full,item,morph,idf_jaccard,0.7496419294156925,0.9362577678860272,-0.1866158384703348,0.1866158384703348
them_plur,pronoun_anchor,P:they,full,family,morph,jaccard,0.5487887889994031,0.7802290897419575,-0.2314403007425544,0.2314403007425544
them_plur,pronoun_anchor,P:they,full,family,morph,dice,0.3879236272923896,0.6459752450724094,-0.2580516177800198,0.2580516177800198
them_plur,pronoun_anchor,P:they,full,family,morph,hamming,0.1866618339978253,0.2928370786516854,-0.1061752446538601,0.1061752446538601
them_plur,pronoun_anchor,P:they,full,family,morph,idf_jaccard,0.7746350967058713,0.936679563179542,-0.1620444664736707,0.1620444664736707
them_plur,pronoun_anchor,P:they,nonlocative,item,morph,jaccard,0.5322677060962121,0.753139677588207,-0.2208719714919949,0.2208719714919949
them_plur,pronoun_anchor,P:they,nonlocative,item,morph,dice,0.3730770425999914,0.6087777398753008,-0.2357006972753093,0.2357006972753093
them_plur,pronoun_anchor,P:they,nonlocative,item,morph,hamming,0.1794943820224719,0.2855805243445692,-0.1060861423220973,0.1060861423220973
them_plur,pronoun_anchor,P:they,nonlocative,item,morph,idf_jaccard,0.7639606328131835,0.9328324648849686,-0.1688718320717851,0.1688718320717851
them_plur,pronoun_anchor,P:they,nonlocative,family,morph,jaccard,0.5487887889994031,0.753139677588207,-0.2043508885888039,0.2043508885888039
them_plur,pronoun_anchor,P:they,nonlocative,family,morph,dice,0.3879236272923896,0.6087777398753008,-0.2208541125829111,0.2208541125829111
them_plur,pronoun_anchor,P:they,nonlocative,family,morph,hamming,0.1866618339978253,0.2855805243445692,-0.0989186903467439,0.0989186903467439
them_plur,pronoun_anchor,P:they,nonlocative,family,morph,idf_jaccard,0.79043887942557,0.9341588602240491,-0.1437199807984792,0.1437199807984792
themself,pronoun_anchor,P:they,full,item,morph,jaccard,0.5431704302221823,0.7537629613163398,-0.2105925310941575,0.2105925310941575
themself,pronoun_anchor,P:they,full,item,morph,dice,0.396295516205391,0.6065676854806293,-0.2102721692752382,0.2102721692752382
themself,pronoun_anchor,P:they,full,item,morph,hamming,0.1910112359550561,0.2703651685393259,-0.0793539325842697,0.0793539325842697
themself,pronoun_anchor,P:they,full,item,morph,idf_jaccard,0.7361536448557294,0.9228590398191174,-0.186705394963388,0.186705394963388
themself,pronoun_anchor,P:they,full,family,morph,jaccard,0.546683245415594,0.7537629613163398,-0.2070797159007458,0.2070797159007458
themself,pronoun_anchor,P:they,full,family,morph,dice,0.400980492163773,0.6065676854806293,-0.2055871933168563,0.2055871933168563
themself,pronoun_anchor,P:they,full,family,morph,hamming,0.1935483870967742,0.2703651685393259,-0.0768167814425517,0.0768167814425517
themself,pronoun_anchor,P:they,full,family,morph,idf_jaccard,0.7589030619418233,0.9280349040474976,-0.1691318421056743,0.1691318421056743
themself,pronoun_anchor,P:they,nonlocative,item,morph,jaccard,0.5431704302221823,0.738623165865036,-0.1954527356428537,0.1954527356428537
themself,pronoun_anchor,P:they,nonlocative,item,morph,dice,0.396295516205391,0.5868472052223582,-0.1905516890169671,0.1905516890169671
themself,pronoun_anchor,P:they,nonlocative,item,morph,hamming,0.1910112359550561,0.2705992509363296,-0.0795880149812734,0.0795880149812734
themself,pronoun_anchor,P:they,nonlocative,item,morph,idf_jaccard,0.7467994528137286,0.9328365287607664,-0.1860370759470377,0.1860370759470377
themself,pronoun_anchor,P:they,nonlocative,family,morph,jaccard,0.546683245415594,0.738623165865036,-0.1919399204494419,0.1919399204494419
themself,pronoun_anchor,P:they,nonlocative,family,morph,dice,0.400980492163773,0.5868472052223582,-0.1858667130585852,0.1858667130585852
themself,pronoun_anchor,P:they,nonlocative,family,morph,hamming,0.1935483870967742,0.2705992509363296,-0.0770508638395554,0.0770508638395554
themself,pronoun_anchor,P:they,nonlocative,family,morph,idf_jaccard,0.7705988619582778,0.937953424827758,-0.1673545628694802,0.1673545628694802
themselves,pronoun_anchor,P:they,full,item,morph,jaccard,0.5457679627805031,0.7877534414985541,-0.2419854787180509,0.2419854787180509
themselves,pronoun_anchor,P:they,full,item,morph,dice,0.3928275871030702,0.6523121578528207,-0.2594845707497504,0.2594845707497504
themselves,pronoun_anchor,P:they,full,item,morph,hamming,0.1912921348314606,0.2970505617977528,-0.1057584269662922,0.1057584269662922
themselves,pronoun_anchor,P:they,full,item,morph,idf_jaccard,0.7254027491679981,0.9311132410223883,-0.2057104918543904,0.2057104918543904
themselves,pronoun_anchor,P:they,full,family,morph,jaccard,0.55769934146162,0.7877534414985541,-0.230054100036934,0.230054100036934
themselves,pronoun_anchor,P:they,full,family,morph,dice,0.4043051033996576,0.6523121578528207,-0.2480070544531631,0.2480070544531631
themselves,pronoun_anchor,P:they,full,family,morph,hamming,0.1968104385646973,0.2970505617977528,-0.1002401232330555,0.1002401232330555
themselves,pronoun_anchor,P:they,full,family,morph,idf_jaccard,0.7499355787079675,0.932958566584352,-0.1830229878763845,0.1830229878763845
themselves,pronoun_anchor,P:they,nonlocative,item,morph,jaccard,0.5457679627805031,0.7752486673829554,-0.2294807046024523,0.2294807046024523
themselves,pronoun_anchor,P:they,nonlocative,item,morph,dice,0.3928275871030702,0.6352928913904524,-0.2424653042873821,0.2424653042873821
themselves,pronoun_anchor,P:they,nonlocative,item,morph,hamming,0.1912921348314606,0.298689138576779,-0.1073970037453184,0.1073970037453184
themselves,pronoun_anchor,P:they,nonlocative,item,morph,idf_jaccard,0.7370848705702151,0.9424566439699222,-0.2053717733997071,0.2053717733997071
themselves,pronoun_anchor,P:they,nonlocative,family,morph,jaccard,0.55769934146162,0.7752486673829554,-0.2175493259213353,0.2175493259213353
themselves,pronoun_anchor,P:they,nonlocative,family,morph,dice,0.4043051033996576,0.6352928913904524,-0.2309877879907948,0.2309877879907948
themselves,pronoun_anchor,P:they,nonlocative,family,morph,hamming,0.1968104385646973,0.298689138576779,-0.1018787000120817,0.1018787000120817
themselves,pronoun_anchor,P:they,nonlocative,family,morph,idf_jaccard,0.7623246606879059,0.94406985557947,-0.1817451948915641,0.1817451948915641
they_sing,pronoun_anchor,P:they,full,item,morph,jaccard,0.5682562607644803,0.7362863936649954,-0.168030132900515,0.168030132900515
they_sing,pronoun_anchor,P:they,full,item,morph,dice,0.4140785153346978,0.5857800164817153,-0.1717015011470175,0.1717015011470175
they_sing,pronoun_anchor,P:they,full,item,morph,hamming,0.1820224719101124,0.235252808988764,-0.0532303370786516,0.0532303370786516
they_sing,pronoun_anchor,P:they,full,item,morph,idf_jaccard,0.7682159271800868,0.92066819068184,-0.1524522635017533,0.1524522635017533
they_sing,pronoun_anchor,P:they,full,family,morph,jaccard,0.5704912511470184,0.7362863936649954,-0.165795142517977,0.165795142517977
they_sing,pronoun_anchor,P:they,full,family,morph,dice,0.4169936271534072,0.5857800164817153,-0.168786389328308,0.168786389328308
they_sing,pronoun_anchor,P:they,full,family,morph,hamming,0.1833997825299021,0.235252808988764,-0.0518530264588619,0.0518530264588619
they_sing,pronoun_anchor,P:they,full,family,morph,idf_jaccard,0.805168290509558,0.9292900015698567,-0.1241217110602987,0.1241217110602987
they_sing,pronoun_anchor,P:they,nonlocative,item,morph,jaccard,0.5682562607644803,0.7220898531236406,-0.1538335923591602,0.1538335923591602
they_sing,pronoun_anchor,P:they,nonlocative,item,morph,dice,0.4140785153346978,0.5681037372213843,-0.1540252218866865,0.1540252218866865
they_sing,pronoun_anchor,P:they,nonlocative,item,morph,hamming,0.1820224719101124,0.2368913857677902,-0.0548689138576778,0.0548689138576778
they_sing,pronoun_anchor,P:they,nonlocative,item,morph,idf_jaccard,0.7776600047871632,0.9147815153262144,-0.137121510539051,0.137121510539051
they_sing,pronoun_anchor,P:they,nonlocative,family,morph,jaccard,0.5704912511470184,0.7220898531236406,-0.1515986019766222,0.1515986019766222
they_sing,pronoun_anchor,P:they,nonlocative,family,morph,dice,0.4169936271534072,0.5681037372213843,-0.1511101100679771,0.1511101100679771
they_sing,pronoun_anchor,P:they,nonlocative,family,morph,hamming,0.1833997825299021,0.2368913857677902,-0.0534916032378881,0.0534916032378881
they_sing,pronoun_anchor,P:they,nonlocative,family,morph,idf_jaccard,0.8172667634397949,0.9245014342808492,-0.1072346708410544,0.1072346708410544
they_plur,pronoun_anchor,P:they,full,item,morph,jaccard,0.5934925308882758,0.789328881791197,-0.1958363509029211,0.1958363509029211
they_plur,pronoun_anchor,P:they,full,item,morph,dice,0.4345446728889449,0.6548954755169891,-0.2203508026280441,0.2203508026280441
they_plur,pronoun_anchor,P:they,full,item,morph,hamming,0.1882022471910112,0.261938202247191,-0.0737359550561798,0.0737359550561798
they_plur,pronoun_anchor,P:they,full,item,morph,idf_jaccard,0.7644574901849241,0.9381008077446724,-0.1736433175597482,0.1736433175597482
they_plur,pronoun_anchor,P:they,full,family,morph,jaccard,0.6102598778672906,0.789328881791197,-0.1790690039239063,0.1790690039239063
they_plur,pronoun_anchor,P:they,full,family,morph,dice,0.451118207425807,0.6548954755169891,-0.203777268091182,0.203777268091182
they_plur,pronoun_anchor,P:they,full,family,morph,hamming,0.1949981877491845,0.261938202247191,-0.0669400144980065,0.0669400144980065
they_plur,pronoun_anchor,P:they,full,family,morph,idf_jaccard,0.7997166397129087,0.9404454136727624,-0.1407287739598536,0.1407287739598536
they_plur,pronoun_anchor,P:they,nonlocative,item,morph,jaccard,0.5934925308882758,0.7849975767433074,-0.1915050458550315,0.1915050458550315
they_plur,pronoun_anchor,P:they,nonlocative,item,morph,dice,0.4345446728889449,0.6491536785654434,-0.2146090056764984,0.2146090056764984
they_plur,pronoun_anchor,P:they,nonlocative,item,morph,hamming,0.1882022471910112,0.2687265917602996,-0.0805243445692884,0.0805243445692884
they_plur,pronoun_anchor,P:they,nonlocative,item,morph,idf_jaccard,0.7731211901546836,0.9355852684095632,-0.1624640782548796,0.1624640782548796
they_plur,pronoun_anchor,P:they,nonlocative,family,morph,jaccard,0.6102598778672906,0.7849975767433074,-0.1747376988760167,0.1747376988760167
they_plur,pronoun_anchor,P:they,nonlocative,family,morph,dice,0.451118207425807,0.6491536785654434,-0.1980354711396363,0.1980354711396363
they_plur,pronoun_anchor,P:they,nonlocative,family,morph,hamming,0.1949981877491845,0.2687265917602996,-0.0737284040111151,0.0737284040111151
they_plur,pronoun_anchor,P:they,nonlocative,family,morph,idf_jaccard,0.8094673850896839,0.9378119650455752,-0.1283445799558914,0.1283445799558914
we_pron,pronoun_anchor,P:we,full,item,morph,jaccard,0.5362748099139368,0.7699023105577263,-0.2336275006437894,0.2336275006437894
we_pron,pronoun_anchor,P:we,full,item,morph,dice,0.3786102704740224,0.6306354001666502,-0.2520251296926277,0.2520251296926277
we_pron,pronoun_anchor,P:we,full,item,morph,hamming,0.175561797752809,0.2731741573033708,-0.0976123595505618,0.0976123595505618
we_pron,pronoun_anchor,P:we,full,item,morph,idf_jaccard,0.7080119940241657,0.916269491191012,-0.2082574971668463,0.2082574971668463
we_pron,pronoun_anchor,P:we,full,family,morph,jaccard,0.542544492098719,0.7699023105577263,-0.2273578184590072,0.2273578184590072
we_pron,pronoun_anchor,P:we,full,family,morph,dice,0.3844104993507202,0.6306354001666502,-0.2462249008159299,0.2462249008159299
we_pron,pronoun_anchor,P:we,full,family,morph,hamming,0.1769662921348314,0.2731741573033708,-0.0962078651685393,0.0962078651685393
we_pron,pronoun_anchor,P:we,full,family,morph,idf_jaccard,0.7115460952884176,0.9142003931246788,-0.2026542978362612,0.2026542978362612
we_pron,pronoun_anchor,P:we,nonlocative,item,morph,jaccard,0.5362748099139368,0.7523851795090671,-0.2161103695951303,0.2161103695951303
we_pron,pronoun_anchor,P:we,nonlocative,item,morph,dice,0.3786102704740224,0.6074151074151074,-0.2288048369410849,0.2288048369410849
we_pron,pronoun_anchor,P:we,nonlocative,item,morph,hamming,0.175561797752809,0.2724719101123595,-0.0969101123595505,0.0969101123595505
we_pron,pronoun_anchor,P:we,nonlocative,item,morph,idf_jaccard,0.7198356694424689,0.90898599099975,-0.1891503215572809,0.1891503215572809
we_pron,pronoun_anchor,P:we,nonlocative,family,morph,jaccard,0.542544492098719,0.7523851795090671,-0.2098406874103481,0.2098406874103481
we_pron,pronoun_anchor,P:we,nonlocative,family,morph,dice,0.3844104993507202,0.6074151074151074,-0.2230046080643871,0.2230046080643871
we_pron,pronoun_anchor,P:we,nonlocative,family,morph,hamming,0.1769662921348314,0.2724719101123595,-0.095505617977528,0.095505617977528
we_pron,pronoun_anchor,P:we,nonlocative,family,morph,idf_jaccard,0.7233798777787692,0.9060261321947344,-0.1826462544159652,0.1826462544159652
us_pron,pronoun_anchor,P:we,full,item,morph,jaccard,0.4725863219819241,0.7556381379306109,-0.2830518159486867,0.2830518159486867
us_pron,pronoun_anchor,P:we,full,item,morph,dice,0.3188948822086954,0.6160703215883369,-0.2971754393796414,0.2971754393796414
us_pron,pronoun_anchor,P:we,full,item,morph,hamming,0.1592696629213483,0.2928370786516854,-0.1335674157303371,0.1335674157303371
us_pron,pronoun_anchor,P:we,full,item,morph,idf_jaccard,0.6981340594323996,0.9120396962179994,-0.2139056367855998,0.2139056367855998
us_pron,pronoun_anchor,P:we,full,family,morph,jaccard,0.4799934286946353,0.7556381379306109,-0.2756447092359755,0.2756447092359755
us_pron,pronoun_anchor,P:we,full,family,morph,dice,0.325089024397274,0.6160703215883369,-0.2909812971910628,0.2909812971910628
us_pron,pronoun_anchor,P:we,full,family,morph,hamming,0.1613607990012484,0.2928370786516854,-0.1314762796504369,0.1314762796504369
us_pron,pronoun_anchor,P:we,full,family,morph,idf_jaccard,0.701618723754599,0.9096017821988192,-0.2079830584442202,0.2079830584442202
us_pron,pronoun_anchor,P:we,nonlocative,item,morph,jaccard,0.4725863219819241,0.7176696336429309,-0.2450833116610067,0.2450833116610067
us_pron,pronoun_anchor,P:we,nonlocative,item,morph,dice,0.3188948822086954,0.5647632082994238,-0.2458683260907284,0.2458683260907284
us_pron,pronoun_anchor,P:we,nonlocative,item,morph,hamming,0.1592696629213483,0.2780898876404494,-0.1188202247191011,0.1188202247191011
us_pron,pronoun_anchor,P:we,nonlocative,item,morph,idf_jaccard,0.7167610091280002,0.9042226663842912,-0.1874616572562909,0.1874616572562909
us_pron,pronoun_anchor,P:we,nonlocative,family,morph,jaccard,0.4799934286946353,0.7176696336429309,-0.2376762049482956,0.2376762049482956
us_pron,pronoun_anchor,P:we,nonlocative,family,morph,dice,0.325089024397274,0.5647632082994238,-0.2396741839021497,0.2396741839021497
us_pron,pronoun_anchor,P:we,nonlocative,family,morph,hamming,0.1613607990012484,0.2780898876404494,-0.116729088639201,0.116729088639201
us_pron,pronoun_anchor,P:we,nonlocative,family,morph,idf_jaccard,0.7206412364094524,0.901448261106835,-0.1808070246973825,0.1808070246973825
our,pronoun_anchor,P:we,full,item,morph,jaccard,0.6019079835114595,0.7999885078603882,-0.1980805243489287,0.1980805243489287
our,pronoun_anchor,P:we,full,item,morph,dice,0.4698255248728834,0.6729545533536505,-0.203129028480767,0.203129028480767
our,pronoun_anchor,P:we,full,item,morph,hamming,0.2589887640449437,0.3728932584269662,-0.1139044943820224,0.1139044943820224
our,pronoun_anchor,P:we,full,item,morph,idf_jaccard,0.7160335317805223,0.8990365224306727,-0.1830029906501503,0.1830029906501503
our,pronoun_anchor,P:we,full,family,morph,jaccard,0.5989690237038802,0.7999885078603882,-0.201019484156508,0.201019484156508
our,pronoun_anchor,P:we,full,family,morph,dice,0.4700552809978087,0.6729545533536505,-0.2028992723558418,0.2028992723558418
our,pronoun_anchor,P:we,full,family,morph,hamming,0.2581148564294631,0.3728932584269662,-0.114778401997503,0.114778401997503
our,pronoun_anchor,P:we,full,family,morph,idf_jaccard,0.7051014618082995,0.898569851278942,-0.1934683894706425,0.1934683894706425
our,pronoun_anchor,P:we,nonlocative,item,morph,jaccard,0.6019079835114595,0.7717423232950743,-0.1698343397836148,0.1698343397836148
our,pronoun_anchor,P:we,nonlocative,item,morph,dice,0.4698255248728834,0.6317662473794549,-0.1619407225065714,0.1619407225065714
our,pronoun_anchor,P:we,nonlocative,item,morph,hamming,0.2589887640449437,0.3604868913857678,-0.101498127340824,0.101498127340824
our,pronoun_anchor,P:we,nonlocative,item,morph,idf_jaccard,0.723165921757956,0.8881946871578016,-0.1650287653998455,0.1650287653998455
our,pronoun_anchor,P:we,nonlocative,family,morph,jaccard,0.5989690237038802,0.7717423232950743,-0.1727732995911941,0.1727732995911941
our,pronoun_anchor,P:we,nonlocative,family,morph,dice,0.4700552809978087,0.6317662473794549,-0.1617109663816461,0.1617109663816461
our,pronoun_anchor,P:we,nonlocative,family,morph,hamming,0.2581148564294631,0.3604868913857678,-0.1023720349563046,0.1023720349563046
our,pronoun_anchor,P:we,nonlocative,family,morph,idf_jaccard,0.7122337932562001,0.8876722406349676,-0.1754384473787675,0.1754384473787675
ours,pronoun_anchor,P:we,full,item,morph,jaccard,0.4390412680849643,0.6626856281642065,-0.2236443600792421,0.2236443600792421
ours,pronoun_anchor,P:we,full,item,morph,dice,0.2967933044390851,0.5014893409007704,-0.2046960364616852,0.2046960364616852
ours,pronoun_anchor,P:we,full,item,morph,hamming,0.1682584269662921,0.2830056179775281,-0.114747191011236,0.114747191011236
ours,pronoun_anchor,P:we,full,item,morph,idf_jaccard,0.614581980174748,0.8234516179117249,-0.2088696377369769,0.2088696377369769
ours,pronoun_anchor,P:we,full,family,morph,jaccard,0.4400024653877458,0.6626856281642065,-0.2226831627764606,0.2226831627764606
ours,pronoun_anchor,P:we,full,family,morph,dice,0.2990635803343159,0.5014893409007704,-0.2024257605664544,0.2024257605664544
ours,pronoun_anchor,P:we,full,family,morph,hamming,0.1688514357053682,0.2830056179775281,-0.1141541822721598,0.1141541822721598
ours,pronoun_anchor,P:we,full,family,morph,idf_jaccard,0.6143178860540421,0.8260334782023321,-0.2117155921482899,0.2117155921482899
ours,pronoun_anchor,P:we,nonlocative,item,morph,jaccard,0.4390412680849643,0.6347069636784014,-0.195665695593437,0.195665695593437
ours,pronoun_anchor,P:we,nonlocative,item,morph,dice,0.2967933044390851,0.4692877150860343,-0.1724944106469492,0.1724944106469492
ours,pronoun_anchor,P:we,nonlocative,item,morph,hamming,0.1682584269662921,0.2724719101123595,-0.1042134831460674,0.1042134831460674
ours,pronoun_anchor,P:we,nonlocative,item,morph,idf_jaccard,0.6271708703976963,0.8178168665897293,-0.190645996192033,0.190645996192033
ours,pronoun_anchor,P:we,nonlocative,family,morph,jaccard,0.4400024653877458,0.6347069636784014,-0.1947044982906555,0.1947044982906555
ours,pronoun_anchor,P:we,nonlocative,family,morph,dice,0.2990635803343159,0.4692877150860343,-0.1702241347517184,0.1702241347517184
ours,pronoun_anchor,P:we,nonlocative,family,morph,hamming,0.1688514357053682,0.2724719101123595,-0.1036204744069912,0.1036204744069912
ours,pronoun_anchor,P:we,nonlocative,family,morph,idf_jaccard,0.6266716734475519,0.8192969145384041,-0.1926252410908522,0.1926252410908522
ourselves,pronoun_anchor,P:we,full,item,morph,jaccard,0.5086038233308713,0.7751383123774015,-0.2665344890465302,0.2665344890465302
ourselves,pronoun_anchor,P:we,full,item,morph,dice,0.3626208714284972,0.6361281810294968,-0.2735073096009995,0.2735073096009995
ourselves,pronoun_anchor,P:we,full,item,morph,hamming,0.1814606741573033,0.2970505617977528,-0.1155898876404495,0.1155898876404495
ourselves,pronoun_anchor,P:we,full,item,morph,idf_jaccard,0.6936400610799259,0.9236346212533414,-0.2299945601734154,0.2299945601734154
ourselves,pronoun_anchor,P:we,full,family,morph,jaccard,0.5085555301966946,0.7751383123774015,-0.2665827821807068,0.2665827821807068
ourselves,pronoun_anchor,P:we,full,family,morph,dice,0.363337442115941,0.6361281810294968,-0.2727907389135557,0.2727907389135557
ourselves,pronoun_anchor,P:we,full,family,morph,hamming,0.1807116104868913,0.2970505617977528,-0.1163389513108615,0.1163389513108615
ourselves,pronoun_anchor,P:we,full,family,morph,idf_jaccard,0.6876780961841056,0.9223531670286867,-0.2346750708445812,0.2346750708445812
ourselves,pronoun_anchor,P:we,nonlocative,item,morph,jaccard,0.5086038233308713,0.7508592318838998,-0.2422554085530285,0.2422554085530285
ourselves,pronoun_anchor,P:we,nonlocative,item,morph,dice,0.3626208714284972,0.6027777777777777,-0.2401569063492805,0.2401569063492805
ourselves,pronoun_anchor,P:we,nonlocative,item,morph,hamming,0.1814606741573033,0.2911985018726591,-0.1097378277153558,0.1097378277153558
ourselves,pronoun_anchor,P:we,nonlocative,item,morph,idf_jaccard,0.7086507316672137,0.9307045370696976,-0.2220538054024838,0.2220538054024838
ourselves,pronoun_anchor,P:we,nonlocative,family,morph,jaccard,0.5085555301966946,0.7508592318838998,-0.2423037016872051,0.2423037016872051
ourselves,pronoun_anchor,P:we,nonlocative,family,morph,dice,0.363337442115941,0.6027777777777777,-0.2394403356618367,0.2394403356618367
ourselves,pronoun_anchor,P:we,nonlocative,family,morph,hamming,0.1807116104868913,0.2911985018726591,-0.1104868913857678,0.1104868913857678
ourselves,pronoun_anchor,P:we,nonlocative,family,morph,idf_jaccard,0.7026054543836101,0.9286222164051432,-0.2260167620215329,0.2260167620215329
you_pron_sing,pronoun_anchor,P:you,full,item,morph,jaccard,0.5094683594762832,0.7311912109077464,-0.2217228514314632,0.2217228514314632
you_pron_sing,pronoun_anchor,P:you,full,item,morph,dice,0.3539948824207594,0.5827246401259559,-0.2287297577051965,0.2287297577051965
you_pron_sing,pronoun_anchor,P:you,full,item,morph,hamming,0.1764044943820225,0.2717696629213483,-0.0953651685393258,0.0953651685393258
you_pron_sing,pronoun_anchor,P:you,full,item,morph,idf_jaccard,0.720318753068282,0.8987912058666884,-0.1784724527984064,0.1784724527984064
you_pron_sing,pronoun_anchor,P:you,full,family,morph,jaccard,0.5177721209385204,0.7311912109077464,-0.2134190899692259,0.2134190899692259
you_pron_sing,pronoun_anchor,P:you,full,family,morph,dice,0.3613266569230853,0.5827246401259559,-0.2213979832028706,0.2213979832028706
you_pron_sing,pronoun_anchor,P:you,full,family,morph,hamming,0.1767109295199183,0.2717696629213483,-0.09505873340143,0.09505873340143
you_pron_sing,pronoun_anchor,P:you,full,family,morph,idf_jaccard,0.727951960034088,0.8944999528802897,-0.1665479928462017,0.1665479928462017
you_pron_sing,pronoun_anchor,P:you,nonlocative,item,morph,jaccard,0.5094683594762832,0.6951597097817572,-0.185691350305474,0.185691350305474
you_pron_sing,pronoun_anchor,P:you,nonlocative,item,morph,dice,0.3539948824207594,0.5358465608465609,-0.1818516784258015,0.1818516784258015
you_pron_sing,pronoun_anchor,P:you,nonlocative,item,morph,hamming,0.1764044943820225,0.2593632958801498,-0.0829588014981272,0.0829588014981272
you_pron_sing,pronoun_anchor,P:you,nonlocative,item,morph,idf_jaccard,0.7345155276244343,0.8850718588898326,-0.1505563312653983,0.1505563312653983
you_pron_sing,pronoun_anchor,P:you,nonlocative,family,morph,jaccard,0.5177721209385204,0.6951597097817572,-0.1773875888432368,0.1773875888432368
you_pron_sing,pronoun_anchor,P:you,nonlocative,family,morph,dice,0.3613266569230853,0.5358465608465609,-0.1745199039234756,0.1745199039234756
you_pron_sing,pronoun_anchor,P:you,nonlocative,family,morph,hamming,0.1767109295199183,0.2593632958801498,-0.0826523663602314,0.0826523663602314
you_pron_sing,pronoun_anchor,P:you,nonlocative,family,morph,idf_jaccard,0.7424641768629134,0.8784341169060549,-0.1359699400431414,0.1359699400431414
you_pron_plur,pronoun_anchor,P:you,full,item,morph,jaccard,0.5176405848100957,0.7598643011342173,-0.2422237163241216,0.2422237163241216
you_pron_plur,pronoun_anchor,P:you,full,item,morph,dice,0.3586764988919149,0.6211638022488153,-0.2624873033569004,0.2624873033569004
you_pron_plur,pronoun_anchor,P:you,full,item,morph,hamming,0.1879213483146067,0.3096910112359551,-0.1217696629213484,0.1217696629213484
you_pron_plur,pronoun_anchor,P:you,full,item,morph,idf_jaccard,0.7239011182386406,0.9058529725725576,-0.181951854333917,0.181951854333917
you_pron_plur,pronoun_anchor,P:you,full,family,morph,jaccard,0.5324852850012819,0.7598643011342173,-0.2273790161329354,0.2273790161329354
you_pron_plur,pronoun_anchor,P:you,full,family,morph,dice,0.3715504712313107,0.6211638022488153,-0.2496133310175046,0.2496133310175046
you_pron_plur,pronoun_anchor,P:you,full,family,morph,hamming,0.191351719441607,0.3096910112359551,-0.1183392917943481,0.1183392917943481
you_pron_plur,pronoun_anchor,P:you,full,family,morph,idf_jaccard,0.7304115678838109,0.8995725780339117,-0.1691610101501007,0.1691610101501007
you_pron_plur,pronoun_anchor,P:you,nonlocative,item,morph,jaccard,0.5176405848100957,0.7234067735313676,-0.2057661887212719,0.2057661887212719
you_pron_plur,pronoun_anchor,P:you,nonlocative,item,morph,dice,0.3586764988919149,0.5717861757105943,-0.2131096768186794,0.2131096768186794
you_pron_plur,pronoun_anchor,P:you,nonlocative,item,morph,hamming,0.1879213483146067,0.2949438202247191,-0.1070224719101124,0.1070224719101124
you_pron_plur,pronoun_anchor,P:you,nonlocative,item,morph,idf_jaccard,0.7379003208713718,0.8928508770577678,-0.1549505561863959,0.1549505561863959
you_pron_plur,pronoun_anchor,P:you,nonlocative,family,morph,jaccard,0.5324852850012819,0.7234067735313676,-0.1909214885300857,0.1909214885300857
you_pron_plur,pronoun_anchor,P:you,nonlocative,family,morph,dice,0.3715504712313107,0.5717861757105943,-0.2002357044792836,0.2002357044792836
you_pron_plur,pronoun_anchor,P:you,nonlocative,family,morph,hamming,0.191351719441607,0.2949438202247191,-0.1035921007831121,0.1035921007831121
you_pron_plur,pronoun_anchor,P:you,nonlocative,family,morph,idf_jaccard,0.7444873048705236,0.8845603246285635,-0.1400730197580398,0.1400730197580398
your_sing,pronoun_anchor,P:you,full,item,morph,jaccard,0.6088052032021967,0.7931678436537526,-0.1843626404515559,0.1843626404515559
your_sing,pronoun_anchor,P:you,full,item,morph,dice,0.4765134913899189,0.664691872074426,-0.1881783806845071,0.1881783806845071
your_sing,pronoun_anchor,P:you,full,item,morph,hamming,0.268258426966292,0.3757022471910113,-0.1074438202247192,0.1074438202247192
your_sing,pronoun_anchor,P:you,full,item,morph,idf_jaccard,0.7239138449140852,0.8852723997825083,-0.1613585548684231,0.1613585548684231
your_sing,pronoun_anchor,P:you,full,family,morph,jaccard,0.6270435520799358,0.7931678436537526,-0.1661242915738168,0.1661242915738168
your_sing,pronoun_anchor,P:you,full,family,morph,dice,0.4960874601256146,0.664691872074426,-0.1686044119488113,0.1686044119488113
your_sing,pronoun_anchor,P:you,full,family,morph,hamming,0.2757916241062307,0.3757022471910113,-0.0999106230847805,0.0999106230847805
your_sing,pronoun_anchor,P:you,full,family,morph,idf_jaccard,0.7335021379532068,0.881376629009854,-0.1478744910566471,0.1478744910566471
your_sing,pronoun_anchor,P:you,nonlocative,item,morph,jaccard,0.6088052032021967,0.7617376342847377,-0.152932431082541,0.152932431082541
your_sing,pronoun_anchor,P:you,nonlocative,item,morph,dice,0.4765134913899189,0.6193255079809702,-0.1428120165910513,0.1428120165910513
your_sing,pronoun_anchor,P:you,nonlocative,item,morph,hamming,0.268258426966292,0.3604868913857678,-0.0922284644194757,0.0922284644194757
your_sing,pronoun_anchor,P:you,nonlocative,item,morph,idf_jaccard,0.7307858142194608,0.8694729721527116,-0.1386871579332508,0.1386871579332508
your_sing,pronoun_anchor,P:you,nonlocative,family,morph,jaccard,0.6270435520799358,0.7617376342847377,-0.1346940822048019,0.1346940822048019
your_sing,pronoun_anchor,P:you,nonlocative,family,morph,dice,0.4960874601256146,0.6193255079809702,-0.1232380478553555,0.1232380478553555
your_sing,pronoun_anchor,P:you,nonlocative,family,morph,hamming,0.2757916241062307,0.3604868913857678,-0.084695267279537,0.084695267279537
your_sing,pronoun_anchor,P:you,nonlocative,family,morph,idf_jaccard,0.7402458961319662,0.8640970353772711,-0.1238511392453048,0.1238511392453048
yours_sing,pronoun_anchor,P:you,full,item,morph,jaccard,0.4390412680849643,0.6626856281642065,-0.2236443600792421,0.2236443600792421
yours_sing,pronoun_anchor,P:you,full,item,morph,dice,0.2967933044390851,0.5014893409007704,-0.2046960364616852,0.2046960364616852
yours_sing,pronoun_anchor,P:you,full,item,morph,hamming,0.1682584269662921,0.2830056179775281,-0.114747191011236,0.114747191011236
yours_sing,pronoun_anchor,P:you,full,item,morph,idf_jaccard,0.614581980174748,0.8234516179117249,-0.2088696377369769,0.2088696377369769
yours_sing,pronoun_anchor,P:you,full,family,morph,jaccard,0.4494268839183518,0.6626856281642065,-0.2132587442458546,0.2132587442458546
yours_sing,pronoun_anchor,P:you,full,family,morph,dice,0.306121305151135,0.5014893409007704,-0.1953680357496353,0.1953680357496353
yours_sing,pronoun_anchor,P:you,full,family,morph,hamming,0.1709227102485529,0.2830056179775281,-0.1120829077289752,0.1120829077289752
yours_sing,pronoun_anchor,P:you,full,family,morph,idf_jaccard,0.62441812029461,0.8253932396056276,-0.2009751193110176,0.2009751193110176
yours_sing,pronoun_anchor,P:you,nonlocative,item,morph,jaccard,0.4390412680849643,0.6347069636784014,-0.195665695593437,0.195665695593437
yours_sing,pronoun_anchor,P:you,nonlocative,item,morph,dice,0.2967933044390851,0.4692877150860343,-0.1724944106469492,0.1724944106469492
yours_sing,pronoun_anchor,P:you,nonlocative,item,morph,hamming,0.1682584269662921,0.2724719101123595,-0.1042134831460674,0.1042134831460674
yours_sing,pronoun_anchor,P:you,nonlocative,item,morph,idf_jaccard,0.6271708703976963,0.8178168665897293,-0.190645996192033,0.190645996192033
yours_sing,pronoun_anchor,P:you,nonlocative,family,morph,jaccard,0.4494268839183518,0.6347069636784014,-0.1852800797600495,0.1852800797600495
yours_sing,pronoun_anchor,P:you,nonlocative,family,morph,dice,0.306121305151135,0.4692877150860343,-0.1631664099348993,0.1631664099348993
yours_sing,pronoun_anchor,P:you,nonlocative,family,morph,hamming,0.1709227102485529,0.2724719101123595,-0.1015491998638066,0.1015491998638066
yours_sing,pronoun_anchor,P:you,nonlocative,family,morph,idf_jaccard,0.6373644876673777,0.8177099521122061,-0.1803454644448283,0.1803454644448283
your_plur,pronoun_anchor,P:you,full,item,morph,jaccard,0.6088052032021967,0.7931678436537526,-0.1843626404515559,0.1843626404515559
your_plur,pronoun_anchor,P:you,full,item,morph,dice,0.4765134913899189,0.664691872074426,-0.1881783806845071,0.1881783806845071
your_plur,pronoun_anchor,P:you,full,item,morph,hamming,0.268258426966292,0.3757022471910113,-0.1074438202247192,0.1074438202247192
your_plur,pronoun_anchor,P:you,full,item,morph,idf_jaccard,0.7239138449140852,0.8852723997825083,-0.1613585548684231,0.1613585548684231
your_plur,pronoun_anchor,P:you,full,family,morph,jaccard,0.6270435520799358,0.7931678436537526,-0.1661242915738168,0.1661242915738168
your_plur,pronoun_anchor,P:you,full,family,morph,dice,0.4960874601256146,0.664691872074426,-0.1686044119488113,0.1686044119488113
your_plur,pronoun_anchor,P:you,full,family,morph,hamming,0.2757916241062307,0.3757022471910113,-0.0999106230847805,0.0999106230847805
your_plur,pronoun_anchor,P:you,full,family,morph,idf_jaccard,0.7335021379532068,0.881376629009854,-0.1478744910566471,0.1478744910566471
your_plur,pronoun_anchor,P:you,nonlocative,item,morph,jaccard,0.6088052032021967,0.7617376342847377,-0.152932431082541,0.152932431082541
your_plur,pronoun_anchor,P:you,nonlocative,item,morph,dice,0.4765134913899189,0.6193255079809702,-0.1428120165910513,0.1428120165910513
your_plur,pronoun_anchor,P:you,nonlocative,item,morph,hamming,0.268258426966292,0.3604868913857678,-0.0922284644194757,0.0922284644194757
your_plur,pronoun_anchor,P:you,nonlocative,item,morph,idf_jaccard,0.7307858142194608,0.8694729721527116,-0.1386871579332508,0.1386871579332508
your_plur,pronoun_anchor,P:you,nonlocative,family,morph,jaccard,0.6270435520799358,0.7617376342847377,-0.1346940822048019,0.1346940822048019
your_plur,pronoun_anchor,P:you,nonlocative,family,morph,dice,0.4960874601256146,0.6193255079809702,-0.1232380478553555,0.1232380478553555
your_plur,pronoun_anchor,P:you,nonlocative,family,morph,hamming,0.2757916241062307,0.3604868913857678,-0.084695267279537,0.084695267279537
your_plur,pronoun_anchor,P:you,nonlocative,family,morph,idf_jaccard,0.7402458961319662,0.8640970353772711,-0.1238511392453048,0.1238511392453048
yours_plur,pronoun_anchor,P:you,full,item,morph,jaccard,0.4390412680849643,0.6626856281642065,-0.2236443600792421,0.2236443600792421
yours_plur,pronoun_anchor,P:you,full,item,morph,dice,0.2967933044390851,0.5014893409007704,-0.2046960364616852,0.2046960364616852
yours_plur,pronoun_anchor,P:you,full,item,morph,hamming,0.1682584269662921,0.2830056179775281,-0.114747191011236,0.114747191011236
yours_plur,pronoun_anchor,P:you,full,item,morph,idf_jaccard,0.614581980174748,0.8234516179117249,-0.2088696377369769,0.2088696377369769
yours_plur,pronoun_anchor,P:you,full,family,morph,jaccard,0.4494268839183518,0.6626856281642065,-0.2132587442458546,0.2132587442458546
yours_plur,pronoun_anchor,P:you,full,family,morph,dice,0.306121305151135,0.5014893409007704,-0.1953680357496353,0.1953680357496353
yours_plur,pronoun_anchor,P:you,full,family,morph,hamming,0.1709227102485529,0.2830056179775281,-0.1120829077289752,0.1120829077289752
yours_plur,pronoun_anchor,P:you,full,family,morph,idf_jaccard,0.62441812029461,0.8253932396056276,-0.2009751193110176,0.2009751193110176
yours_plur,pronoun_anchor,P:you,nonlocative,item,morph,jaccard,0.4390412680849643,0.6347069636784014,-0.195665695593437,0.195665695593437
yours_plur,pronoun_anchor,P:you,nonlocative,item,morph,dice,0.2967933044390851,0.4692877150860343,-0.1724944106469492,0.1724944106469492
yours_plur,pronoun_anchor,P:you,nonlocative,item,morph,hamming,0.1682584269662921,0.2724719101123595,-0.1042134831460674,0.1042134831460674
yours_plur,pronoun_anchor,P:you,nonlocative,item,morph,idf_jaccard,0.6271708703976963,0.8178168665897293,-0.190645996192033,0.190645996192033
yours_plur,pronoun_anchor,P:you,nonlocative,family,morph,jaccard,0.4494268839183518,0.6347069636784014,-0.1852800797600495,0.1852800797600495
yours_plur,pronoun_anchor,P:you,nonlocative,family,morph,dice,0.306121305151135,0.4692877150860343,-0.1631664099348993,0.1631664099348993
yours_plur,pronoun_anchor,P:you,nonlocative,family,morph,hamming,0.1709227102485529,0.2724719101123595,-0.1015491998638066,0.1015491998638066
yours_plur,pronoun_anchor,P:you,nonlocative,family,morph,idf_jaccard,0.6373644876673777,0.8177099521122061,-0.1803454644448283,0.1803454644448283
yourself,pronoun_anchor,P:you,full,item,morph,jaccard,0.4941532046092631,0.7491899656776184,-0.2550367610683552,0.2550367610683552
yourself,pronoun_anchor,P:you,full,item,morph,dice,0.3518689372846174,0.6018061981877771,-0.2499372609031597,0.2499372609031597
yourself,pronoun_anchor,P:you,full,item,morph,hamming,0.1769662921348314,0.2816011235955056,-0.1046348314606742,0.1046348314606742
yourself,pronoun_anchor,P:you,full,item,morph,idf_jaccard,0.692926202389726,0.9171732261980936,-0.2242470238083677,0.2242470238083677
yourself,pronoun_anchor,P:you,full,family,morph,jaccard,0.4909894245799167,0.7491899656776184,-0.2582005410977017,0.2582005410977017
yourself,pronoun_anchor,P:you,full,family,morph,dice,0.349395966299108,0.6018061981877771,-0.2524102318886691,0.2524102318886691
yourself,pronoun_anchor,P:you,full,family,morph,hamming,0.1719441607082056,0.2816011235955056,-0.1096569628873,0.1096569628873
yourself,pronoun_anchor,P:you,full,family,morph,idf_jaccard,0.6906626100619045,0.9175575962514728,-0.2268949861895683,0.2268949861895683
yourself,pronoun_anchor,P:you,nonlocative,item,morph,jaccard,0.4941532046092631,0.7283103977182924,-0.2341571931090292,0.2341571931090292
yourself,pronoun_anchor,P:you,nonlocative,item,morph,dice,0.3518689372846174,0.5746031746031746,-0.2227342373185571,0.2227342373185571
yourself,pronoun_anchor,P:you,nonlocative,item,morph,hamming,0.1769662921348314,0.2780898876404494,-0.101123595505618,0.101123595505618
yourself,pronoun_anchor,P:you,nonlocative,item,morph,idf_jaccard,0.7066650027705516,0.926154930284847,-0.2194899275142954,0.2194899275142954
yourself,pronoun_anchor,P:you,nonlocative,family,morph,jaccard,0.4909894245799167,0.7283103977182924,-0.2373209731383757,0.2373209731383757
yourself,pronoun_anchor,P:you,nonlocative,family,morph,dice,0.349395966299108,0.5746031746031746,-0.2252072083040665,0.2252072083040665
yourself,pronoun_anchor,P:you,nonlocative,family,morph,hamming,0.1719441607082056,0.2780898876404494,-0.1061457269322438,0.1061457269322438
yourself,pronoun_anchor,P:you,nonlocative,family,morph,idf_jaccard,0.7049496938503712,0.9253596478566612,-0.2204099540062899,0.2204099540062899
yourselves,pronoun_anchor,P:you,full,item,morph,jaccard,0.4943114246774062,0.7705089260824779,-0.2761975014050717,0.2761975014050717
yourselves,pronoun_anchor,P:you,full,item,morph,dice,0.3452366403873405,0.6308566874780549,-0.2856200470907143,0.2856200470907143
yourselves,pronoun_anchor,P:you,full,item,morph,hamming,0.1786516853932584,0.3082865168539325,-0.129634831460674,0.129634831460674
yourselves,pronoun_anchor,P:you,full,item,morph,idf_jaccard,0.6769162242410482,0.9139415850203972,-0.237025360779349,0.237025360779349
yourselves,pronoun_anchor,P:you,full,family,morph,jaccard,0.4983858868907395,0.7705089260824779,-0.2721230391917383,0.2721230391917383
yourselves,pronoun_anchor,P:you,full,family,morph,dice,0.3486652968097168,0.6308566874780549,-0.2821913906683381,0.2821913906683381
yourselves,pronoun_anchor,P:you,full,family,morph,hamming,0.1767109295199183,0.3082865168539325,-0.1315755873340142,0.1315755873340142
yourselves,pronoun_anchor,P:you,full,family,morph,idf_jaccard,0.6779241302170285,0.9121836684503192,-0.2342595382332908,0.2342595382332908
yourselves,pronoun_anchor,P:you,nonlocative,item,morph,jaccard,0.4943114246774062,0.74717823742214,-0.2528668127447337,0.2528668127447337
yourselves,pronoun_anchor,P:you,nonlocative,item,morph,dice,0.3452366403873405,0.5992677535230726,-0.254031113135732,0.254031113135732
yourselves,pronoun_anchor,P:you,nonlocative,item,morph,hamming,0.1786516853932584,0.3024344569288389,-0.1237827715355804,0.1237827715355804
yourselves,pronoun_anchor,P:you,nonlocative,item,morph,idf_jaccard,0.691646659258914,0.9211252354205552,-0.2294785761616411,0.2294785761616411
yourselves,pronoun_anchor,P:you,nonlocative,family,morph,jaccard,0.4983858868907395,0.74717823742214,-0.2487923505314004,0.2487923505314004
yourselves,pronoun_anchor,P:you,nonlocative,family,morph,dice,0.3486652968097168,0.5992677535230726,-0.2506024567133558,0.2506024567133558
yourselves,pronoun_anchor,P:you,nonlocative,family,morph,hamming,0.1767109295199183,0.3024344569288389,-0.1257235274089206,0.1257235274089206
yourselves,pronoun_anchor,P:you,nonlocative,family,morph,idf_jaccard,0.6929828780709327,0.9183508862224052,-0.2253680081514724,0.2253680081514724
anybody,compound_anchor,C:any,full,item,synt,jaccard,0.8159125308903855,0.5185717040670601,0.2973408268233254,0.2973408268233254
anybody,compound_anchor,C:any,full,item,synt,dice,0.6923030013230754,0.3658281884829901,0.3264748128400853,0.3264748128400853
anybody,compound_anchor,C:any,full,item,synt,hamming,0.2206848030018761,0.1012820512820512,0.1194027517198248,0.1194027517198248
anybody,compound_anchor,C:any,full,item,synt,idf_jaccard,0.9497022939783134,0.704930253177349,0.2447720408009643,0.2447720408009643
anybody,compound_anchor,C:any,full,family,synt,jaccard,0.8159125308903855,0.566025087600165,0.2498874432902205,0.2498874432902205
anybody,compound_anchor,C:any,full,family,synt,dice,0.6923030013230754,0.405697934016436,0.2866050673066394,0.2866050673066394
anybody,compound_anchor,C:any,full,family,synt,hamming,0.2206848030018761,0.1129807692307692,0.1077040337711068,0.1077040337711068
anybody,compound_anchor,C:any,full,family,synt,idf_jaccard,0.953646247673145,0.7951019250029351,0.1585443226702099,0.1585443226702099
anybody,compound_anchor,C:any,nonlocative,item,synt,jaccard,0.8159125308903855,0.4674246181001036,0.3484879127902819,0.3484879127902819
anybody,compound_anchor,C:any,nonlocative,item,synt,dice,0.6923030013230754,0.317690116911474,0.3746128844116014,0.3746128844116014
anybody,compound_anchor,C:any,nonlocative,item,synt,hamming,0.2206848030018761,0.0891608391608391,0.1315239638410369,0.1315239638410369
anybody,compound_anchor,C:any,nonlocative,item,synt,idf_jaccard,0.9544222602928096,0.6800012760892565,0.2744209842035532,0.2744209842035532
anybody,compound_anchor,C:any,nonlocative,family,synt,jaccard,0.8159125308903855,0.5172662543663575,0.298646276524028,0.298646276524028
anybody,compound_anchor,C:any,nonlocative,family,synt,dice,0.6923030013230754,0.3565418889235475,0.3357611123995279,0.3357611123995279
anybody,compound_anchor,C:any,nonlocative,family,synt,hamming,0.2206848030018761,0.1004273504273504,0.1202574525745256,0.1202574525745256
anybody,compound_anchor,C:any,nonlocative,family,synt,idf_jaccard,0.9556226535977492,0.7648418033322729,0.1907808502654762,0.1907808502654762
anyone,compound_anchor,C:any,full,item,synt,jaccard,0.8159125308903855,0.5190189004894887,0.2968936304008968,0.2968936304008968
anyone,compound_anchor,C:any,full,item,synt,dice,0.6923030013230754,0.3659923920954696,0.3263106092276058,0.3263106092276058
anyone,compound_anchor,C:any,full,item,synt,hamming,0.2206848030018761,0.1012820512820512,0.1194027517198248,0.1194027517198248
anyone,compound_anchor,C:any,full,item,synt,idf_jaccard,0.9497022939783134,0.7066324599576482,0.2430698340206651,0.2430698340206651
anyone,compound_anchor,C:any,full,family,synt,jaccard,0.8159125308903855,0.5665840831282007,0.2493284477621847,0.2493284477621847
anyone,compound_anchor,C:any,full,family,synt,dice,0.6923030013230754,0.4059031885320354,0.28639981279104,0.28639981279104
anyone,compound_anchor,C:any,full,family,synt,hamming,0.2206848030018761,0.1129807692307692,0.1077040337711069,0.1077040337711069
anyone,compound_anchor,C:any,full,family,synt,idf_jaccard,0.953646247673145,0.7967331230199634,0.1569131246531816,0.1569131246531816
anyone,compound_anchor,C:any,nonlocative,item,synt,jaccard,0.8159125308903855,0.4680344314034153,0.3478780994869702,0.3478780994869702
anyone,compound_anchor,C:any,nonlocative,item,synt,dice,0.6923030013230754,0.3179140309284914,0.374388970394584,0.374388970394584
anyone,compound_anchor,C:any,nonlocative,item,synt,hamming,0.2206848030018761,0.0891608391608391,0.1315239638410369,0.1315239638410369
anyone,compound_anchor,C:any,nonlocative,item,synt,idf_jaccard,0.9544222602928096,0.6819519667954002,0.2724702934974096,0.2724702934974096
anyone,compound_anchor,C:any,nonlocative,family,synt,jaccard,0.8159125308903855,0.5180115817370718,0.2979009491533136,0.2979009491533136
anyone,compound_anchor,C:any,nonlocative,family,synt,dice,0.6923030013230754,0.3568155616110133,0.3354874397120621,0.3354874397120621
anyone,compound_anchor,C:any,nonlocative,family,synt,hamming,0.2206848030018761,0.1004273504273504,0.1202574525745256,0.1202574525745256
anyone,compound_anchor,C:any,nonlocative,family,synt,idf_jaccard,0.9556226535977492,0.7668782210104959,0.1887444325872532,0.1887444325872532
anything,compound_anchor,C:any,full,item,synt,jaccard,0.8501116484778842,0.5229197883300051,0.3271918601478791,0.3271918601478791
anything,compound_anchor,C:any,full,item,synt,dice,0.7433945706252023,0.3643157054771812,0.3790788651480211,0.3790788651480211
anything,compound_anchor,C:any,full,item,synt,hamming,0.2375703564727955,0.1012820512820513,0.1362883051907442,0.1362883051907442
anything,compound_anchor,C:any,full,item,synt,idf_jaccard,0.9583946217000742,0.6890400050466273,0.2693546166534468,0.2693546166534468
anything,compound_anchor,C:any,full,family,synt,jaccard,0.8501116484778842,0.5687845393340748,0.2813271091438094,0.2813271091438094
anything,compound_anchor,C:any,full,family,synt,dice,0.7433945706252023,0.4042482473667586,0.3391463232584437,0.3391463232584437
anything,compound_anchor,C:any,full,family,synt,hamming,0.2375703564727955,0.1129807692307692,0.1245895872420263,0.1245895872420263
anything,compound_anchor,C:any,full,family,synt,idf_jaccard,0.9606798513473406,0.7754558238871342,0.1852240274602064,0.1852240274602064
anything,compound_anchor,C:any,nonlocative,item,synt,jaccard,0.8501116484778842,0.5256811815635344,0.3244304669143498,0.3244304669143498
anything,compound_anchor,C:any,nonlocative,item,synt,dice,0.7433945706252023,0.3677618857680036,0.3756326848571987,0.3756326848571987
anything,compound_anchor,C:any,nonlocative,item,synt,hamming,0.2375703564727955,0.1031468531468531,0.1344235033259423,0.1344235033259423
anything,compound_anchor,C:any,nonlocative,item,synt,idf_jaccard,0.958406500701216,0.6927765341224751,0.2656299665787408,0.2656299665787408
anything,compound_anchor,C:any,nonlocative,family,synt,jaccard,0.8501116484778842,0.5640678493619669,0.2860437991159174,0.2860437991159174
anything,compound_anchor,C:any,nonlocative,family,synt,dice,0.7433945706252023,0.4018677016529568,0.3415268689722455,0.3415268689722455
anything,compound_anchor,C:any,nonlocative,family,synt,hamming,0.2375703564727955,0.1132478632478632,0.1243224932249323,0.1243224932249323
anything,compound_anchor,C:any,nonlocative,family,synt,idf_jaccard,0.9594012520398773,0.7638486474215629,0.1955526046183142,0.1955526046183142
anywhere,compound_anchor,C:any,full,item,synt,jaccard,0.9155876944481052,0.5879537804766638,0.3276339139714413,0.3276339139714413
anywhere,compound_anchor,C:any,full,item,synt,dice,0.8473300833914578,0.4329363985277963,0.4143936848636614,0.4143936848636614
anywhere,compound_anchor,C:any,full,item,synt,hamming,0.2626641651031896,0.1166666666666666,0.1459974984365229,0.1459974984365229
anywhere,compound_anchor,C:any,full,item,synt,idf_jaccard,0.9692383888370186,0.6979307643105735,0.2713076245264451,0.2713076245264451
anywhere,compound_anchor,C:any,full,family,synt,jaccard,0.9155876944481052,0.6255672255958298,0.2900204688522754,0.2900204688522754
anywhere,compound_anchor,C:any,full,family,synt,dice,0.8473300833914578,0.4701828438387578,0.3771472395526999,0.3771472395526999
anywhere,compound_anchor,C:any,full,family,synt,hamming,0.2626641651031896,0.1274038461538461,0.1352603189493434,0.1352603189493434
anywhere,compound_anchor,C:any,full,family,synt,idf_jaccard,0.9699421303630456,0.772219609148396,0.1977225212146496,0.1977225212146496
everybody,compound_anchor,C:every,full,item,synt,jaccard,0.7669094056012343,0.5559421335508292,0.2109672720504051,0.2109672720504051
everybody,compound_anchor,C:every,full,item,synt,dice,0.6251199020764155,0.4046584440227703,0.2204614580536452,0.2204614580536452
everybody,compound_anchor,C:every,full,item,synt,hamming,0.2162288930581613,0.1205128205128205,0.0957160725453407,0.0957160725453407
everybody,compound_anchor,C:every,full,item,synt,idf_jaccard,0.9136902340231418,0.7166368904714235,0.1970533435517182,0.1970533435517182
everybody,compound_anchor,C:every,full,family,synt,jaccard,0.7669094056012343,0.6200118420227116,0.1468975635785226,0.1468975635785226
everybody,compound_anchor,C:every,full,family,synt,dice,0.6251199020764155,0.4597446236559139,0.1653752784205016,0.1653752784205016
everybody,compound_anchor,C:every,full,family,synt,hamming,0.2162288930581613,0.1354166666666666,0.0808122263914946,0.0808122263914946
everybody,compound_anchor,C:every,full,family,synt,idf_jaccard,0.9177427691206396,0.8134700820472184,0.1042726870734211,0.1042726870734211
everybody,compound_anchor,C:every,nonlocative,item,synt,jaccard,0.7669094056012343,0.5076896862469985,0.2592197193542358,0.2592197193542358
everybody,compound_anchor,C:every,nonlocative,item,synt,dice,0.6251199020764155,0.3553720315105514,0.2697478705658641,0.2697478705658641
everybody,compound_anchor,C:every,nonlocative,item,synt,hamming,0.2162288930581613,0.1066433566433566,0.1095855364148046,0.1095855364148046
everybody,compound_anchor,C:every,nonlocative,item,synt,idf_jaccard,0.92135405304777,0.6918364541137219,0.2295175989340481,0.2295175989340481
everybody,compound_anchor,C:every,nonlocative,family,synt,jaccard,0.7669094056012343,0.5711269004747267,0.1957825051265076,0.1957825051265076
everybody,compound_anchor,C:every,nonlocative,family,synt,dice,0.6251199020764155,0.4055854241338112,0.2195344779426042,0.2195344779426042
everybody,compound_anchor,C:every,nonlocative,family,synt,hamming,0.2162288930581613,0.1207264957264957,0.0955023973316655,0.0955023973316655
everybody,compound_anchor,C:every,nonlocative,family,synt,idf_jaccard,0.9225977652238616,0.7844548963815343,0.1381428688423273,0.1381428688423273
everyone,compound_anchor,C:every,full,item,synt,jaccard,0.7669094056012343,0.5562451638538595,0.2106642417473748,0.2106642417473748
everyone,compound_anchor,C:every,full,item,synt,dice,0.6251199020764155,0.4047928526249208,0.2203270494514947,0.2203270494514947
everyone,compound_anchor,C:every,full,item,synt,hamming,0.2162288930581613,0.1205128205128205,0.0957160725453407,0.0957160725453407
everyone,compound_anchor,C:every,full,item,synt,idf_jaccard,0.9136902340231418,0.7179935904269168,0.1956966435962249,0.1956966435962249
everyone,compound_anchor,C:every,full,family,synt,jaccard,0.7669094056012343,0.6203906299014995,0.1465187756997348,0.1465187756997348
everyone,compound_anchor,C:every,full,family,synt,dice,0.6251199020764155,0.459912634408602,0.1652072676678135,0.1652072676678135
everyone,compound_anchor,C:every,full,family,synt,hamming,0.2162288930581613,0.1354166666666666,0.0808122263914946,0.0808122263914946
everyone,compound_anchor,C:every,full,family,synt,idf_jaccard,0.9177427691206396,0.8147782846221686,0.1029644844984709,0.1029644844984709
everyone,compound_anchor,C:every,nonlocative,item,synt,jaccard,0.7669094056012343,0.5081029093874944,0.2588064962137399,0.2588064962137399
everyone,compound_anchor,C:every,nonlocative,item,synt,dice,0.6251199020764155,0.3555553159680294,0.2695645861083861,0.2695645861083861
everyone,compound_anchor,C:every,nonlocative,item,synt,hamming,0.2162288930581613,0.1066433566433566,0.1095855364148046,0.1095855364148046
everyone,compound_anchor,C:every,nonlocative,item,synt,idf_jaccard,0.92135405304777,0.6934270898580552,0.2279269631897147,0.2279269631897147
everyone,compound_anchor,C:every,nonlocative,family,synt,jaccard,0.7669094056012343,0.5716319509797771,0.1952774546214571,0.1952774546214571
everyone,compound_anchor,C:every,nonlocative,family,synt,dice,0.6251199020764155,0.4058094384707288,0.2193104636056867,0.2193104636056867
everyone,compound_anchor,C:every,nonlocative,family,synt,hamming,0.2162288930581613,0.1207264957264957,0.0955023973316655,0.0955023973316655
everyone,compound_anchor,C:every,nonlocative,family,synt,idf_jaccard,0.9225977652238616,0.786115657623218,0.1364821076006436,0.1364821076006436
everything,compound_anchor,C:every,full,item,synt,jaccard,0.7831435355663112,0.5240846351715918,0.2590589003947194,0.2590589003947194
everything,compound_anchor,C:every,full,item,synt,dice,0.648100182743407,0.3656870548806032,0.2824131278628037,0.2824131278628037
everything,compound_anchor,C:every,full,item,synt,hamming,0.2310037523452156,0.1128205128205128,0.1181832395247028,0.1181832395247028
everything,compound_anchor,C:every,full,item,synt,idf_jaccard,0.91728482255469,0.691845593018536,0.2254392295361539,0.2254392295361539
everything,compound_anchor,C:every,full,family,synt,jaccard,0.7831435355663112,0.5787169050756008,0.2044266304907104,0.2044266304907104
everything,compound_anchor,C:every,full,family,synt,dice,0.648100182743407,0.4118707233626588,0.2362294593807481,0.2362294593807481
everything,compound_anchor,C:every,full,family,synt,hamming,0.2310037523452156,0.125801282051282,0.1052024702939336,0.1052024702939336
everything,compound_anchor,C:every,full,family,synt,idf_jaccard,0.9206095260686556,0.7846810007561124,0.1359285253125431,0.1359285253125431
everything,compound_anchor,C:every,nonlocative,item,synt,jaccard,0.7831435355663112,0.5252070393374741,0.2579364962288371,0.2579364962288371
everything,compound_anchor,C:every,nonlocative,item,synt,dice,0.648100182743407,0.3654425486536923,0.2826576340897146,0.2826576340897146
everything,compound_anchor,C:every,nonlocative,item,synt,hamming,0.2310037523452156,0.1136363636363636,0.117367388708852,0.117367388708852
everything,compound_anchor,C:every,nonlocative,item,synt,idf_jaccard,0.9203193594793851,0.6937076392836027,0.2266117201957825,0.2266117201957825
everything,compound_anchor,C:every,nonlocative,family,synt,jaccard,0.7831435355663112,0.5678456406717277,0.2152978948945835,0.2152978948945835
everything,compound_anchor,C:every,nonlocative,family,synt,dice,0.648100182743407,0.402207559465624,0.2458926232777829,0.2458926232777829
everything,compound_anchor,C:every,nonlocative,family,synt,hamming,0.2310037523452156,0.1239316239316239,0.1070721284135917,0.1070721284135917
everything,compound_anchor,C:every,nonlocative,family,synt,idf_jaccard,0.9221625116777532,0.7719405043634384,0.1502220073143148,0.1502220073143148
everywhere,compound_anchor,C:every,full,item,synt,jaccard,0.8244713697853384,0.5484798953906506,0.2759914743946878,0.2759914743946878
everywhere,compound_anchor,C:every,full,item,synt,dice,0.7039704255856685,0.3880226499201831,0.3159477756654854,0.3159477756654854
everywhere,compound_anchor,C:every,full,item,synt,hamming,0.2448405253283302,0.1166666666666666,0.1281738586616636,0.1281738586616636
everywhere,compound_anchor,C:every,full,item,synt,idf_jaccard,0.9397314843388076,0.69749896183781,0.2422325225009977,0.2422325225009977
everywhere,compound_anchor,C:every,full,family,synt,jaccard,0.8244713697853384,0.5890089601474041,0.2354624096379343,0.2354624096379343
everywhere,compound_anchor,C:every,full,family,synt,dice,0.7039704255856685,0.4241039426523296,0.2798664829333388,0.2798664829333388
everywhere,compound_anchor,C:every,full,family,synt,hamming,0.2448405253283302,0.125801282051282,0.1190392432770482,0.1190392432770482
everywhere,compound_anchor,C:every,full,family,synt,idf_jaccard,0.9414630737576796,0.7737003465634861,0.1677627271941935,0.1677627271941935
nobody,compound_anchor,C:no,full,item,synt,jaccard,0.780509046669615,0.4816581397369525,0.2988509069326625,0.2988509069326625
nobody,compound_anchor,C:no,full,item,synt,dice,0.643787924360471,0.3294978204275571,0.3142901039329139,0.3142901039329139
nobody,compound_anchor,C:no,full,item,synt,hamming,0.2052063789868667,0.091025641025641,0.1141807379612257,0.1141807379612257
nobody,compound_anchor,C:no,full,item,synt,idf_jaccard,0.93780165415636,0.7027876975200711,0.2350139566362887,0.2350139566362887
nobody,compound_anchor,C:no,full,family,synt,jaccard,0.780509046669615,0.5104672825143278,0.2700417641552871,0.2700417641552871
nobody,compound_anchor,C:no,full,family,synt,dice,0.643787924360471,0.3538688698298913,0.2899190545305797,0.2899190545305797
nobody,compound_anchor,C:no,full,family,synt,hamming,0.2052063789868667,0.0985576923076922,0.1066486866791744,0.1066486866791744
nobody,compound_anchor,C:no,full,family,synt,idf_jaccard,0.9415386894521546,0.7650516748171162,0.1764870146350383,0.1764870146350383
nobody,compound_anchor,C:no,nonlocative,item,synt,jaccard,0.780509046669615,0.4280374971568267,0.3524715495127882,0.3524715495127882
nobody,compound_anchor,C:no,nonlocative,item,synt,dice,0.643787924360471,0.2807478153000956,0.3630401090603754,0.3630401090603754
nobody,compound_anchor,C:no,nonlocative,item,synt,hamming,0.2052063789868667,0.0786713286713286,0.1265350503155381,0.1265350503155381
nobody,compound_anchor,C:no,nonlocative,item,synt,idf_jaccard,0.9426393632900651,0.6752457711131794,0.2673935921768858,0.2673935921768858
nobody,compound_anchor,C:no,nonlocative,family,synt,jaccard,0.780509046669615,0.4565719736491935,0.3239370730204214,0.3239370730204214
nobody,compound_anchor,C:no,nonlocative,family,synt,dice,0.643787924360471,0.3028353814644137,0.3409525428960573,0.3409525428960573
nobody,compound_anchor,C:no,nonlocative,family,synt,hamming,0.2052063789868667,0.0854700854700854,0.1197362935167813,0.1197362935167813
nobody,compound_anchor,C:no,nonlocative,family,synt,idf_jaccard,0.9439101554971518,0.7320569010614283,0.2118532544357235,0.2118532544357235
no_one,compound_anchor,C:no,full,item,synt,jaccard,0.7883776765322995,0.5053425713719831,0.2830351051603164,0.2830351051603164
no_one,compound_anchor,C:no,full,item,synt,dice,0.6542208978450805,0.3501921928646067,0.3040287049804738,0.3040287049804738
no_one,compound_anchor,C:no,full,item,synt,hamming,0.2148217636022513,0.1,0.1148217636022513,0.1148217636022513
no_one,compound_anchor,C:no,full,item,synt,idf_jaccard,0.9455380281043212,0.7398960559586488,0.2056419721456723,0.2056419721456723
no_one,compound_anchor,C:no,full,family,synt,jaccard,0.7883776765322995,0.5351565280551349,0.2532211484771646,0.2532211484771646
no_one,compound_anchor,C:no,full,family,synt,dice,0.6542208978450805,0.3755481228541573,0.2786727749909232,0.2786727749909232
no_one,compound_anchor,C:no,full,family,synt,hamming,0.2148217636022513,0.1081730769230769,0.1066486866791743,0.1066486866791743
no_one,compound_anchor,C:no,full,family,synt,idf_jaccard,0.9483394947626802,0.7944353628727437,0.1539041318899364,0.1539041318899364
no_one,compound_anchor,C:no,nonlocative,item,synt,jaccard,0.7883776765322995,0.4539287927727274,0.334448883759572,0.334448883759572
no_one,compound_anchor,C:no,nonlocative,item,synt,dice,0.6542208978450805,0.302210133127061,0.3520107647180195,0.3520107647180195
no_one,compound_anchor,C:no,nonlocative,item,synt,hamming,0.2148217636022513,0.0874125874125874,0.1274091761896639,0.1274091761896639
no_one,compound_anchor,C:no,nonlocative,item,synt,idf_jaccard,0.9496194305371868,0.7121384940753006,0.237480936461886,0.237480936461886
no_one,compound_anchor,C:no,nonlocative,family,synt,jaccard,0.7883776765322995,0.4845858084506175,0.303791868081682,0.303791868081682
no_one,compound_anchor,C:no,nonlocative,family,synt,dice,0.6542208978450805,0.3261276558690352,0.3280932419760453,0.3280932419760453
no_one,compound_anchor,C:no,nonlocative,family,synt,hamming,0.2148217636022513,0.09508547008547,0.1197362935167812,0.1197362935167812
no_one,compound_anchor,C:no,nonlocative,family,synt,idf_jaccard,0.9504252443955382,0.7651391045435851,0.185286139851953,0.185286139851953
nothing,compound_anchor,C:no,full,item,synt,jaccard,0.852106760822174,0.5162607979881504,0.3358459628340235,0.3358459628340235
nothing,compound_anchor,C:no,full,item,synt,dice,0.7479054272163136,0.3580225907107627,0.3898828365055508,0.3898828365055508
nothing,compound_anchor,C:no,full,item,synt,hamming,0.2317073170731707,0.0961538461538461,0.1355534709193245,0.1355534709193245
nothing,compound_anchor,C:no,full,item,synt,idf_jaccard,0.9503549672853816,0.6862071797332797,0.2641477875521019,0.2641477875521019
nothing,compound_anchor,C:no,full,family,synt,jaccard,0.852106760822174,0.5517530127357325,0.3003537480864414,0.3003537480864414
nothing,compound_anchor,C:no,full,family,synt,dice,0.7479054272163136,0.3892932634868118,0.3586121637295018,0.3586121637295018
nothing,compound_anchor,C:no,full,family,synt,hamming,0.2317073170731707,0.1049679487179487,0.126739368355222,0.126739368355222
nothing,compound_anchor,C:no,full,family,synt,idf_jaccard,0.951235846645947,0.7464184912659042,0.2048173553800427,0.2048173553800427
nothing,compound_anchor,C:no,nonlocative,item,synt,jaccard,0.852106760822174,0.5345157218979403,0.3175910389242337,0.3175910389242337
nothing,compound_anchor,C:no,nonlocative,item,synt,dice,0.7479054272163136,0.3749259104097813,0.3729795168065322,0.3729795168065322
nothing,compound_anchor,C:no,nonlocative,item,synt,hamming,0.2317073170731707,0.1013986013986014,0.1303087156745693,0.1303087156745693
nothing,compound_anchor,C:no,nonlocative,item,synt,idf_jaccard,0.948438915744452,0.6884449096133749,0.2599940061310771,0.2599940061310771
nothing,compound_anchor,C:no,nonlocative,family,synt,jaccard,0.852106760822174,0.558162643394505,0.2939441174276689,0.2939441174276689
nothing,compound_anchor,C:no,nonlocative,family,synt,dice,0.7479054272163136,0.3976901632815611,0.3502152639347524,0.3502152639347524
nothing,compound_anchor,C:no,nonlocative,family,synt,hamming,0.2317073170731707,0.1079059829059829,0.1238013341671878,0.1238013341671878
nothing,compound_anchor,C:no,nonlocative,family,synt,idf_jaccard,0.9488928616373856,0.7338664834638889,0.2150263781734966,0.2150263781734966
nowhere,compound_anchor,C:no,full,item,synt,jaccard,0.8846379028263855,0.5502753094858358,0.3343625933405497,0.3343625933405497
nowhere,compound_anchor,C:no,full,item,synt,dice,0.7972907883450301,0.395318269941926,0.4019725184031041,0.4019725184031041
nowhere,compound_anchor,C:no,full,item,synt,hamming,0.2471857410881801,0.1064102564102564,0.1407754846779237,0.1407754846779237
nowhere,compound_anchor,C:no,full,item,synt,idf_jaccard,0.9606387441938172,0.6937839721271025,0.2668547720667147,0.2668547720667147
nowhere,compound_anchor,C:no,full,family,synt,jaccard,0.8846379028263855,0.5800955988455988,0.3045423039807867,0.3045423039807867
nowhere,compound_anchor,C:no,full,family,synt,dice,0.7972907883450301,0.423787642067212,0.373503146277818,0.373503146277818
nowhere,compound_anchor,C:no,full,family,synt,hamming,0.2471857410881801,0.1145833333333333,0.1326024077548467,0.1326024077548467
nowhere,compound_anchor,C:no,full,family,synt,idf_jaccard,0.9606418060095224,0.7436136276041231,0.2170281784053993,0.2170281784053993
somebody,compound_anchor,C:some,full,item,synt,jaccard,0.780509046669615,0.4800307460894351,0.3004783005801799,0.3004783005801799
somebody,compound_anchor,C:some,full,item,synt,dice,0.643787924360471,0.3295221468886652,0.3142657774718058,0.3142657774718058
somebody,compound_anchor,C:some,full,item,synt,hamming,0.2052063789868667,0.091025641025641,0.1141807379612257,0.1141807379612257
somebody,compound_anchor,C:some,full,item,synt,idf_jaccard,0.93780165415636,0.6969881524154057,0.2408135017409541,0.2408135017409541
somebody,compound_anchor,C:some,full,family,synt,jaccard,0.780509046669615,0.5178488901281337,0.2626601565414812,0.2626601565414812
somebody,compound_anchor,C:some,full,family,synt,dice,0.643787924360471,0.3603153820235299,0.2834725423369411,0.2834725423369411
somebody,compound_anchor,C:some,full,family,synt,hamming,0.2052063789868667,0.1001602564102563,0.1050461225766103,0.1050461225766103
somebody,compound_anchor,C:some,full,family,synt,idf_jaccard,0.940916328610204,0.7677514307884664,0.1731648978217377,0.1731648978217377
somebody,compound_anchor,C:some,nonlocative,item,synt,jaccard,0.780509046669615,0.4258183240011211,0.3546907226684938,0.3546907226684938
somebody,compound_anchor,C:some,nonlocative,item,synt,dice,0.643787924360471,0.2807809877470612,0.3630069366134099,0.3630069366134099
somebody,compound_anchor,C:some,nonlocative,item,synt,hamming,0.2052063789868667,0.0786713286713286,0.1265350503155381,0.1265350503155381
somebody,compound_anchor,C:some,nonlocative,item,synt,idf_jaccard,0.9426393632900651,0.6674367758654257,0.2752025874246395,0.2752025874246395
somebody,compound_anchor,C:some,nonlocative,family,synt,jaccard,0.780509046669615,0.4664141171342678,0.3140949295353471,0.3140949295353471
somebody,compound_anchor,C:some,nonlocative,family,synt,dice,0.643787924360471,0.3114307310559319,0.3323571933045391,0.3323571933045391
somebody,compound_anchor,C:some,nonlocative,family,synt,hamming,0.2052063789868667,0.0876068376068376,0.1175995413800291,0.1175995413800291
somebody,compound_anchor,C:some,nonlocative,family,synt,idf_jaccard,0.9432649130472952,0.7355509686835462,0.2077139443637489,0.2077139443637489
someone,compound_anchor,C:some,full,item,synt,jaccard,0.780509046669615,0.4805754083988032,0.2999336382708117,0.2999336382708117
someone,compound_anchor,C:some,full,item,synt,dice,0.643787924360471,0.3296863505011447,0.3141015738593263,0.3141015738593263
someone,compound_anchor,C:some,full,item,synt,hamming,0.2052063789868667,0.091025641025641,0.1141807379612257,0.1141807379612257
someone,compound_anchor,C:some,full,item,synt,idf_jaccard,0.93780165415636,0.6992573821352269,0.2385442720211329,0.2385442720211329
someone,compound_anchor,C:some,full,family,synt,jaccard,0.780509046669615,0.5185297180148439,0.261979328654771,0.261979328654771
someone,compound_anchor,C:some,full,family,synt,dice,0.643787924360471,0.3605206365391293,0.2832672878213417,0.2832672878213417
someone,compound_anchor,C:some,full,family,synt,hamming,0.2052063789868667,0.1001602564102564,0.1050461225766103,0.1050461225766103
someone,compound_anchor,C:some,full,family,synt,idf_jaccard,0.940916328610204,0.7700497493725976,0.1708665792376065,0.1708665792376065
someone,compound_anchor,C:some,nonlocative,item,synt,jaccard,0.780509046669615,0.4265610453320778,0.3539480013375371,0.3539480013375371
someone,compound_anchor,C:some,nonlocative,item,synt,dice,0.643787924360471,0.2810049017640786,0.3627830225963924,0.3627830225963924
someone,compound_anchor,C:some,nonlocative,item,synt,hamming,0.2052063789868667,0.0786713286713286,0.1265350503155381,0.1265350503155381
someone,compound_anchor,C:some,nonlocative,item,synt,idf_jaccard,0.9426393632900651,0.6700692140570389,0.2725701492330262,0.2725701492330262
someone,compound_anchor,C:some,nonlocative,family,synt,jaccard,0.780509046669615,0.4673218876498816,0.3131871590197334,0.3131871590197334
someone,compound_anchor,C:some,nonlocative,family,synt,dice,0.643787924360471,0.3117044037433977,0.3320835206170733,0.3320835206170733
someone,compound_anchor,C:some,nonlocative,family,synt,hamming,0.2052063789868667,0.0876068376068376,0.1175995413800291,0.1175995413800291
someone,compound_anchor,C:some,nonlocative,family,synt,idf_jaccard,0.9432649130472952,0.7383896543664061,0.2048752586808889,0.2048752586808889
something,compound_anchor,C:some,full,item,synt,jaccard,0.8161877493267038,0.4844829358135321,0.3317048135131716,0.3317048135131716
something,compound_anchor,C:some,full,item,synt,dice,0.6948794936625982,0.3280096638828563,0.3668698297797418,0.3668698297797418
something,compound_anchor,C:some,full,item,synt,hamming,0.2220919324577861,0.091025641025641,0.1310662914321451,0.1310662914321451
something,compound_anchor,C:some,full,item,synt,idf_jaccard,0.9479187628932512,0.6805308809809302,0.267387881912321,0.267387881912321
something,compound_anchor,C:some,full,family,synt,jaccard,0.8161877493267038,0.5207384736884838,0.29544927563822,0.29544927563822
something,compound_anchor,C:some,full,family,synt,dice,0.6948794936625982,0.3588656953738525,0.3360137982887456,0.3360137982887456
something,compound_anchor,C:some,full,family,synt,hamming,0.2220919324577861,0.1001602564102564,0.1219316760475297,0.1219316760475297
something,compound_anchor,C:some,full,family,synt,idf_jaccard,0.9494408813340912,0.7472037140666953,0.202237167267396,0.202237167267396
something,compound_anchor,C:some,nonlocative,item,synt,jaccard,0.8161877493267038,0.4865442859065823,0.3296434634201215,0.3296434634201215
something,compound_anchor,C:some,nonlocative,item,synt,dice,0.6948794936625982,0.3308527566035908,0.3640267370590073,0.3640267370590073
something,compound_anchor,C:some,nonlocative,item,synt,hamming,0.2220919324577861,0.0926573426573426,0.1294345898004434,0.1294345898004434
something,compound_anchor,C:some,nonlocative,item,synt,idf_jaccard,0.9478409285260792,0.6827237985774713,0.2651171299486078,0.2651171299486078
something,compound_anchor,C:some,nonlocative,family,synt,jaccard,0.8161877493267038,0.5162338657812477,0.299953883545456,0.299953883545456
something,compound_anchor,C:some,nonlocative,family,synt,dice,0.6948794936625982,0.3567565437853412,0.3381229498772569,0.3381229498772569
something,compound_anchor,C:some,nonlocative,family,synt,hamming,0.2220919324577861,0.1004273504273504,0.1216645820304356,0.1216645820304356
something,compound_anchor,C:some,nonlocative,family,synt,idf_jaccard,0.9482935664216549,0.7361490736724069,0.2121444927492478,0.2121444927492478
somewhere,compound_anchor,C:some,full,item,synt,jaccard,0.8846379028263855,0.5507268058738647,0.3339110969525208,0.3339110969525208
somewhere,compound_anchor,C:some,full,item,synt,dice,0.7972907883450301,0.3953454033023925,0.4019453850426375,0.4019453850426375
somewhere,compound_anchor,C:some,full,item,synt,hamming,0.2471857410881801,0.1064102564102564,0.1407754846779237,0.1407754846779237
somewhere,compound_anchor,C:some,full,item,synt,idf_jaccard,0.9606387441938172,0.6907700880646652,0.269868656129152,0.269868656129152
somewhere,compound_anchor,C:some,full,family,synt,jaccard,0.8846379028263855,0.5790335073423308,0.3056043954840547,0.3056043954840547
somewhere,compound_anchor,C:some,full,family,synt,dice,0.7972907883450301,0.4231940998070031,0.3740966885380269,0.3740966885380269
somewhere,compound_anchor,C:some,full,family,synt,hamming,0.2471857410881801,0.1145833333333333,0.1326024077548467,0.1326024077548467
somewhere,compound_anchor,C:some,full,family,synt,idf_jaccard,0.9606643513094164,0.7452513913210216,0.2154129599883949,0.2154129599883949
he,pronoun_anchor,P:he,full,item,synt,jaccard,0.5140145989376892,0.8129376636849464,-0.2989230647472571,0.2989230647472571
he,pronoun_anchor,P:he,full,item,synt,dice,0.3556624423842708,0.6883189188684878,-0.332656476484217,0.332656476484217
he,pronoun_anchor,P:he,full,item,synt,hamming,0.1182692307692307,0.1959134615384615,-0.0776442307692307,0.0776442307692307
he,pronoun_anchor,P:he,full,item,synt,idf_jaccard,0.7716239453632487,0.96325603502689,-0.1916320896636412,0.1916320896636412
he,pronoun_anchor,P:he,full,family,synt,jaccard,0.5301749643734688,0.8129376636849464,-0.2827626993114775,0.2827626993114775
he,pronoun_anchor,P:he,full,family,synt,dice,0.3692761577830629,0.6883189188684878,-0.3190427610854249,0.3190427610854249
he,pronoun_anchor,P:he,full,family,synt,hamming,0.1229209979209979,0.1959134615384615,-0.0729924636174636,0.0729924636174636
he,pronoun_anchor,P:he,full,family,synt,idf_jaccard,0.7907046203310698,0.9621363796753966,-0.1714317593443267,0.1714317593443267
he,pronoun_anchor,P:he,nonlocative,item,synt,jaccard,0.5140145989376892,0.7888985698949466,-0.2748839709572573,0.2748839709572573
he,pronoun_anchor,P:he,nonlocative,item,synt,dice,0.3556624423842708,0.6528776061103647,-0.2972151637260938,0.2972151637260938
he,pronoun_anchor,P:he,nonlocative,item,synt,hamming,0.1182692307692307,0.1875,-0.0692307692307692,0.0692307692307692
he,pronoun_anchor,P:he,nonlocative,item,synt,idf_jaccard,0.7882674990987224,0.963760547107166,-0.1754930480084436,0.1754930480084436
he,pronoun_anchor,P:he,nonlocative,family,synt,jaccard,0.5301749643734688,0.7888985698949466,-0.2587236055214778,0.2587236055214778
he,pronoun_anchor,P:he,nonlocative,family,synt,dice,0.3692761577830629,0.6528776061103647,-0.2836014483273018,0.2836014483273018
he,pronoun_anchor,P:he,nonlocative,family,synt,hamming,0.1229209979209979,0.1875,-0.064579002079002,0.064579002079002
he,pronoun_anchor,P:he,nonlocative,family,synt,idf_jaccard,0.8074653026164993,0.9623979671879572,-0.1549326645714578,0.1549326645714578
him,pronoun_anchor,P:he,full,item,synt,jaccard,0.5183696649381504,0.8332501308377281,-0.3148804658995777,0.3148804658995777
him,pronoun_anchor,P:he,full,item,synt,dice,0.3574617009951513,0.7169932693874227,-0.3595315683922713,0.3595315683922713
him,pronoun_anchor,P:he,full,item,synt,hamming,0.1286057692307692,0.2247596153846154,-0.0961538461538462,0.0961538461538462
him,pronoun_anchor,P:he,full,item,synt,idf_jaccard,0.7826995528646586,0.9706332755653791,-0.1879337227007205,0.1879337227007205
him,pronoun_anchor,P:he,full,family,synt,jaccard,0.536088245038528,0.8332501308377281,-0.2971618857992001,0.2971618857992001
him,pronoun_anchor,P:he,full,family,synt,dice,0.3721236354030411,0.7169932693874227,-0.3448696339843815,0.3448696339843815
him,pronoun_anchor,P:he,full,family,synt,hamming,0.1340956340956341,0.2247596153846154,-0.0906639812889813,0.0906639812889813
him,pronoun_anchor,P:he,full,family,synt,idf_jaccard,0.8014944379322381,0.969444397351289,-0.1679499594190509,0.1679499594190509
him,pronoun_anchor,P:he,nonlocative,item,synt,jaccard,0.5183696649381504,0.8120237985829385,-0.2936541336447881,0.2936541336447881
him,pronoun_anchor,P:he,nonlocative,item,synt,dice,0.3574617009951513,0.6847160642523548,-0.3272543632572034,0.3272543632572034
him,pronoun_anchor,P:he,nonlocative,item,synt,hamming,0.1286057692307692,0.2163461538461538,-0.0877403846153846,0.0877403846153846
him,pronoun_anchor,P:he,nonlocative,item,synt,idf_jaccard,0.7977855749666114,0.9708987501695486,-0.1731131752029372,0.1731131752029372
him,pronoun_anchor,P:he,nonlocative,family,synt,jaccard,0.536088245038528,0.8120237985829385,-0.2759355535444104,0.2759355535444104
him,pronoun_anchor,P:he,nonlocative,family,synt,dice,0.3721236354030411,0.6847160642523548,-0.3125924288493136,0.3125924288493136
him,pronoun_anchor,P:he,nonlocative,family,synt,hamming,0.1340956340956341,0.2163461538461538,-0.0822505197505197,0.0822505197505197
him,pronoun_anchor,P:he,nonlocative,family,synt,idf_jaccard,0.8167108486511144,0.9695127374087814,-0.1528018887576669,0.1528018887576669
himself,pronoun_anchor,P:he,full,item,synt,jaccard,0.5422610749045074,0.7526440290233393,-0.2103829541188319,0.2103829541188319
himself,pronoun_anchor,P:he,full,item,synt,dice,0.3841610675216707,0.6061883240192065,-0.2220272564975358,0.2220272564975358
himself,pronoun_anchor,P:he,full,item,synt,hamming,0.1403846153846153,0.1959134615384615,-0.0555288461538461,0.0555288461538461
himself,pronoun_anchor,P:he,full,item,synt,idf_jaccard,0.7945860183212204,0.9208472008761496,-0.1262611825549292,0.1262611825549292
himself,pronoun_anchor,P:he,full,family,synt,jaccard,0.5560714089291738,0.7526440290233393,-0.1965726200941654,0.1965726200941654
himself,pronoun_anchor,P:he,full,family,synt,dice,0.3967243648457766,0.6061883240192065,-0.2094639591734298,0.2094639591734298
himself,pronoun_anchor,P:he,full,family,synt,hamming,0.1452702702702702,0.1959134615384615,-0.0506431912681912,0.0506431912681912
himself,pronoun_anchor,P:he,full,family,synt,idf_jaccard,0.8111571984703025,0.923958378294929,-0.1128011798246264,0.1128011798246264
himself,pronoun_anchor,P:he,nonlocative,item,synt,jaccard,0.5422610749045074,0.7296276648000785,-0.1873665898955711,0.1873665898955711
himself,pronoun_anchor,P:he,nonlocative,item,synt,dice,0.3841610675216707,0.5756122098033863,-0.1914511422817156,0.1914511422817156
himself,pronoun_anchor,P:he,nonlocative,item,synt,hamming,0.1403846153846153,0.1875,-0.0471153846153846,0.0471153846153846
himself,pronoun_anchor,P:he,nonlocative,item,synt,idf_jaccard,0.807742765838808,0.9140057553233252,-0.1062629894845171,0.1062629894845171
himself,pronoun_anchor,P:he,nonlocative,family,synt,jaccard,0.5560714089291738,0.7296276648000785,-0.1735562558709046,0.1735562558709046
himself,pronoun_anchor,P:he,nonlocative,family,synt,dice,0.3967243648457766,0.5756122098033863,-0.1788878449576096,0.1788878449576096
himself,pronoun_anchor,P:he,nonlocative,family,synt,hamming,0.1452702702702702,0.1875,-0.0422297297297297,0.0422297297297297
himself,pronoun_anchor,P:he,nonlocative,family,synt,idf_jaccard,0.8242518492940124,0.9173027850577412,-0.0930509357637288,0.0930509357637288
his,pronoun_anchor,P:he,full,item,synt,jaccard,0.4559564228319851,0.8113557060755338,-0.3553992832435486,0.3553992832435486
his,pronoun_anchor,P:he,full,item,synt,dice,0.3015763601037059,0.6874987454031573,-0.3859223852994513,0.3859223852994513
his,pronoun_anchor,P:he,full,item,synt,hamming,0.1100961538461538,0.2211538461538461,-0.1110576923076923,0.1110576923076923
his,pronoun_anchor,P:he,full,item,synt,idf_jaccard,0.6994156014632361,0.9458481021896172,-0.2464325007263811,0.2464325007263811
his,pronoun_anchor,P:he,full,family,synt,jaccard,0.4649569845521869,0.8113557060755338,-0.3463987215233468,0.3463987215233468
his,pronoun_anchor,P:he,full,family,synt,dice,0.3090334251888355,0.6874987454031573,-0.3784653202143218,0.3784653202143218
his,pronoun_anchor,P:he,full,family,synt,hamming,0.113045738045738,0.2211538461538461,-0.1081081081081081,0.1081081081081081
his,pronoun_anchor,P:he,full,family,synt,idf_jaccard,0.7175593253468437,0.9463172959326936,-0.2287579705858499,0.2287579705858499
his,pronoun_anchor,P:he,nonlocative,item,synt,jaccard,0.4559564228319851,0.7879378762999453,-0.3319814534679601,0.3319814534679601
his,pronoun_anchor,P:he,nonlocative,item,synt,dice,0.3015763601037059,0.6527761049819875,-0.3511997448782815,0.3511997448782815
his,pronoun_anchor,P:he,nonlocative,item,synt,hamming,0.1100961538461538,0.2115384615384615,-0.1014423076923077,0.1014423076923077
his,pronoun_anchor,P:he,nonlocative,item,synt,idf_jaccard,0.7162288072305831,0.9447718535350726,-0.2285430463044895,0.2285430463044895
his,pronoun_anchor,P:he,nonlocative,family,synt,jaccard,0.4649569845521869,0.7879378762999453,-0.3229808917477583,0.3229808917477583
his,pronoun_anchor,P:he,nonlocative,family,synt,dice,0.3090334251888355,0.6527761049819875,-0.343742679793152,0.343742679793152
his,pronoun_anchor,P:he,nonlocative,family,synt,hamming,0.113045738045738,0.2115384615384615,-0.0984927234927235,0.0984927234927235
his,pronoun_anchor,P:he,nonlocative,family,synt,idf_jaccard,0.735052273053569,0.9452330206969932,-0.2101807476434243,0.2101807476434243
she,pronoun_anchor,P:she,full,item,synt,jaccard,0.4826464748496791,0.8202389285363424,-0.3375924536866632,0.3375924536866632
she,pronoun_anchor,P:she,full,item,synt,dice,0.3274081317595321,0.6985029910437226,-0.3710948592841904,0.3710948592841904
she,pronoun_anchor,P:she,full,item,synt,hamming,0.1117788461538461,0.2055288461538461,-0.09375,0.09375
she,pronoun_anchor,P:she,full,item,synt,idf_jaccard,0.745746549406951,0.963641718274248,-0.2178951688672971,0.2178951688672971
she,pronoun_anchor,P:she,full,family,synt,jaccard,0.4988733218273016,0.8202389285363424,-0.3213656067090408,0.3213656067090408
she,pronoun_anchor,P:she,full,family,synt,dice,0.3410532952345897,0.6985029910437226,-0.3574496958091328,0.3574496958091328
she,pronoun_anchor,P:she,full,family,synt,hamming,0.1164529914529914,0.2055288461538461,-0.0890758547008547,0.0890758547008547
she,pronoun_anchor,P:she,full,family,synt,idf_jaccard,0.7686731394481873,0.9635577322727716,-0.1948845928245844,0.1948845928245844
she,pronoun_anchor,P:she,nonlocative,item,synt,jaccard,0.4826464748496791,0.797216432992295,-0.3145699581426159,0.3145699581426159
she,pronoun_anchor,P:she,nonlocative,item,synt,dice,0.3274081317595321,0.6641830197545698,-0.3367748879950377,0.3367748879950377
she,pronoun_anchor,P:she,nonlocative,item,synt,hamming,0.1117788461538461,0.1971153846153846,-0.0853365384615384,0.0853365384615384
she,pronoun_anchor,P:she,nonlocative,item,synt,idf_jaccard,0.7638802528884143,0.964041115208259,-0.2001608623198446,0.2001608623198446
she,pronoun_anchor,P:she,nonlocative,family,synt,jaccard,0.4988733218273016,0.797216432992295,-0.2983431111649934,0.2983431111649934
she,pronoun_anchor,P:she,nonlocative,family,synt,dice,0.3410532952345897,0.6641830197545698,-0.32312972451998,0.32312972451998
she,pronoun_anchor,P:she,nonlocative,family,synt,hamming,0.1164529914529914,0.1971153846153846,-0.0806623931623931,0.0806623931623931
she,pronoun_anchor,P:she,nonlocative,family,synt,idf_jaccard,0.787033904922616,0.9639285686639252,-0.176894663741309,0.176894663741309
her_acc,pronoun_anchor,P:she,full,item,synt,jaccard,0.477827421903361,0.8332501308377281,-0.3554227089343671,0.3554227089343671
her_acc,pronoun_anchor,P:she,full,item,synt,dice,0.3221563944475495,0.7169932693874227,-0.3948368749398731,0.3948368749398731
her_acc,pronoun_anchor,P:she,full,item,synt,hamming,0.115625,0.2247596153846154,-0.1091346153846154,0.1091346153846154
her_acc,pronoun_anchor,P:she,full,item,synt,idf_jaccard,0.7430140058793746,0.9678625223463496,-0.2248485164669751,0.2248485164669751
her_acc,pronoun_anchor,P:she,full,family,synt,jaccard,0.4989405304970659,0.8332501308377281,-0.3343096003406622,0.3343096003406622
her_acc,pronoun_anchor,P:she,full,family,synt,dice,0.3391390161257484,0.7169932693874227,-0.3778542532616742,0.3778542532616742
her_acc,pronoun_anchor,P:she,full,family,synt,hamming,0.1217948717948718,0.2247596153846154,-0.1029647435897436,0.1029647435897436
her_acc,pronoun_anchor,P:she,full,family,synt,idf_jaccard,0.7869736279791458,0.9686867377970294,-0.1817131098178835,0.1817131098178835
her_acc,pronoun_anchor,P:she,nonlocative,item,synt,jaccard,0.477827421903361,0.8120237985829385,-0.3341963766795774,0.3341963766795774
her_acc,pronoun_anchor,P:she,nonlocative,item,synt,dice,0.3221563944475495,0.6847160642523548,-0.3625596698048052,0.3625596698048052
her_acc,pronoun_anchor,P:she,nonlocative,item,synt,hamming,0.115625,0.2163461538461538,-0.1007211538461538,0.1007211538461538
her_acc,pronoun_anchor,P:she,nonlocative,item,synt,idf_jaccard,0.7604652798034074,0.9681042312099604,-0.207638951406553,0.207638951406553
her_acc,pronoun_anchor,P:she,nonlocative,family,synt,jaccard,0.4989405304970659,0.8120237985829385,-0.3130832680858726,0.3130832680858726
her_acc,pronoun_anchor,P:she,nonlocative,family,synt,dice,0.3391390161257484,0.6847160642523548,-0.3455770481266063,0.3455770481266063
her_acc,pronoun_anchor,P:she,nonlocative,family,synt,hamming,0.1217948717948718,0.2163461538461538,-0.094551282051282,0.094551282051282
her_acc,pronoun_anchor,P:she,nonlocative,family,synt,idf_jaccard,0.8047971342974377,0.9689207210892048,-0.1641235867917669,0.1641235867917669
her_dep,pronoun_anchor,P:she,full,item,synt,jaccard,0.5123744214375775,0.8796566290587426,-0.3672822076211651,0.3672822076211651
her_dep,pronoun_anchor,P:she,full,item,synt,dice,0.3538322172563058,0.7887035315714752,-0.4348713143151694,0.4348713143151694
her_dep,pronoun_anchor,P:she,full,item,synt,hamming,0.1266826923076923,0.2463942307692307,-0.1197115384615384,0.1197115384615384
her_dep,pronoun_anchor,P:she,full,item,synt,idf_jaccard,0.7367198973725035,0.974617767849734,-0.2378978704772304,0.2378978704772304
her_dep,pronoun_anchor,P:she,full,family,synt,jaccard,0.5268344524118721,0.8796566290587426,-0.3528221766468705,0.3528221766468705
her_dep,pronoun_anchor,P:she,full,family,synt,dice,0.3666804360336544,0.7887035315714752,-0.4220230955378207,0.4220230955378207
her_dep,pronoun_anchor,P:she,full,family,synt,hamming,0.1314102564102564,0.2463942307692307,-0.1149839743589743,0.1149839743589743
her_dep,pronoun_anchor,P:she,full,family,synt,idf_jaccard,0.7774529488645375,0.9754877302017558,-0.1980347813372183,0.1980347813372183
her_dep,pronoun_anchor,P:she,nonlocative,item,synt,jaccard,0.5123744214375775,0.8677030916185533,-0.3553286701809758,0.3553286701809758
her_dep,pronoun_anchor,P:she,nonlocative,item,synt,dice,0.3538322172563058,0.7689626196682648,-0.415130402411959,0.415130402411959
her_dep,pronoun_anchor,P:she,nonlocative,item,synt,hamming,0.1266826923076923,0.2419871794871795,-0.1153044871794871,0.1153044871794871
her_dep,pronoun_anchor,P:she,nonlocative,item,synt,idf_jaccard,0.7516454712575182,0.9755106380689894,-0.2238651668114711,0.2238651668114711
her_dep,pronoun_anchor,P:she,nonlocative,family,synt,jaccard,0.5268344524118721,0.8677030916185533,-0.3408686392066812,0.3408686392066812
her_dep,pronoun_anchor,P:she,nonlocative,family,synt,dice,0.3666804360336544,0.7689626196682648,-0.4022821836346104,0.4022821836346104
her_dep,pronoun_anchor,P:she,nonlocative,family,synt,hamming,0.1314102564102564,0.2419871794871795,-0.1105769230769231,0.1105769230769231
her_dep,pronoun_anchor,P:she,nonlocative,family,synt,idf_jaccard,0.7930112446465982,0.9763103685487908,-0.1832991239021927,0.1832991239021927
hers,pronoun_anchor,P:she,full,item,synt,jaccard,0.4662084930520088,0.8048387096774194,-0.3386302166254106,0.3386302166254106
hers,pronoun_anchor,P:she,full,item,synt,dice,0.3127215461865921,0.6765533743861916,-0.3638318281995994,0.3638318281995994
hers,pronoun_anchor,P:she,full,item,synt,hamming,0.1192307692307692,0.2307692307692307,-0.1115384615384615,0.1115384615384615
hers,pronoun_anchor,P:she,full,item,synt,idf_jaccard,0.715211213332519,0.9318787531458876,-0.2166675398133685,0.2166675398133685
hers,pronoun_anchor,P:she,full,family,synt,jaccard,0.4802316589466764,0.8048387096774194,-0.324607050730743,0.324607050730743
hers,pronoun_anchor,P:she,full,family,synt,dice,0.3246425569478924,0.6765533743861916,-0.3519108174382991,0.3519108174382991
hers,pronoun_anchor,P:she,full,family,synt,hamming,0.1239316239316239,0.2307692307692307,-0.1068376068376068,0.1068376068376068
hers,pronoun_anchor,P:she,full,family,synt,idf_jaccard,0.7569451826270301,0.9365756820295768,-0.1796304994025466,0.1796304994025466
hers,pronoun_anchor,P:she,nonlocative,item,synt,jaccard,0.4662084930520088,0.7888888888888888,-0.3226803958368799,0.3226803958368799
hers,pronoun_anchor,P:she,nonlocative,item,synt,dice,0.3127215461865921,0.6533611555283383,-0.3406396093417462,0.3406396093417462
hers,pronoun_anchor,P:she,nonlocative,item,synt,hamming,0.1192307692307692,0.2243589743589743,-0.1051282051282051,0.1051282051282051
hers,pronoun_anchor,P:she,nonlocative,item,synt,idf_jaccard,0.7313014060522832,0.9351656796745188,-0.2038642736222357,0.2038642736222357
hers,pronoun_anchor,P:she,nonlocative,family,synt,jaccard,0.4802316589466764,0.7888888888888888,-0.3086572299422123,0.3086572299422123
hers,pronoun_anchor,P:she,nonlocative,family,synt,dice,0.3246425569478924,0.6533611555283383,-0.3287185985804458,0.3287185985804458
hers,pronoun_anchor,P:she,nonlocative,family,synt,hamming,0.1239316239316239,0.2243589743589743,-0.1004273504273504,0.1004273504273504
hers,pronoun_anchor,P:she,nonlocative,family,synt,idf_jaccard,0.7732536104609498,0.939546676808368,-0.1662930663474182,0.1662930663474182
herself,pronoun_anchor,P:she,full,item,synt,jaccard,0.5114291317231541,0.7615778543336941,-0.25014872261054,0.25014872261054
herself,pronoun_anchor,P:she,full,item,synt,dice,0.3553240379870441,0.6175771123139544,-0.2622530743269102,0.2622530743269102
herself,pronoun_anchor,P:she,full,item,synt,hamming,0.1329326923076922,0.2055288461538461,-0.0725961538461539,0.0725961538461539
herself,pronoun_anchor,P:she,full,item,synt,idf_jaccard,0.7580746865997684,0.9187293711820276,-0.1606546845822591,0.1606546845822591
herself,pronoun_anchor,P:she,full,family,synt,jaccard,0.5272444897934035,0.7615778543336941,-0.2343333645402905,0.2343333645402905
herself,pronoun_anchor,P:she,full,family,synt,dice,0.3693761914336466,0.6175771123139544,-0.2482009208803078,0.2482009208803078
herself,pronoun_anchor,P:she,full,family,synt,hamming,0.1383547008547008,0.2055288461538461,-0.0671741452991453,0.0671741452991453
herself,pronoun_anchor,P:she,full,family,synt,idf_jaccard,0.7932238768511909,0.9267545754494548,-0.1335306985982639,0.1335306985982639
herself,pronoun_anchor,P:she,nonlocative,item,synt,jaccard,0.5114291317231541,0.7394889956717913,-0.2280598639486372,0.2280598639486372
herself,pronoun_anchor,P:she,nonlocative,item,synt,dice,0.3553240379870441,0.5878369141527036,-0.2325128761656594,0.2325128761656594
herself,pronoun_anchor,P:she,nonlocative,item,synt,hamming,0.1329326923076922,0.1971153846153846,-0.0641826923076923,0.0641826923076923
herself,pronoun_anchor,P:she,nonlocative,item,synt,idf_jaccard,0.7728298773221428,0.9114484606214144,-0.1386185832992716,0.1386185832992716
herself,pronoun_anchor,P:she,nonlocative,family,synt,jaccard,0.5272444897934035,0.7394889956717913,-0.2122445058783877,0.2122445058783877
herself,pronoun_anchor,P:she,nonlocative,family,synt,dice,0.3693761914336466,0.5878369141527036,-0.2184607227190569,0.2184607227190569
herself,pronoun_anchor,P:she,nonlocative,family,synt,hamming,0.1383547008547008,0.1971153846153846,-0.0587606837606837,0.0587606837606837
herself,pronoun_anchor,P:she,nonlocative,family,synt,idf_jaccard,0.8078557431244779,0.9202648879474712,-0.1124091448229931,0.1124091448229931
it_plain,pronoun_anchor,P:it,full,item,synt,jaccard,0.5832206284559458,0.8060355506007679,-0.2228149221448221,0.2228149221448221
it_plain,pronoun_anchor,P:it,full,item,synt,dice,0.4173423961851872,0.676731632663571,-0.2593892364783837,0.2593892364783837
it_plain,pronoun_anchor,P:it,full,item,synt,hamming,0.1348557692307692,0.1862980769230768,-0.0514423076923076,0.0514423076923076
it_plain,pronoun_anchor,P:it,full,item,synt,idf_jaccard,0.8210363022736631,0.9405785412367672,-0.1195422389631041,0.1195422389631041
it_plain,pronoun_anchor,P:it,full,family,synt,jaccard,0.5922167139337501,0.8060355506007679,-0.2138188366670178,0.2138188366670178
it_plain,pronoun_anchor,P:it,full,family,synt,dice,0.4257919434598257,0.676731632663571,-0.2509396892037452,0.2509396892037452
it_plain,pronoun_anchor,P:it,full,family,synt,hamming,0.1387733887733887,0.1862980769230768,-0.0475246881496881,0.0475246881496881
it_plain,pronoun_anchor,P:it,full,family,synt,idf_jaccard,0.8425227509973563,0.9377827130256294,-0.0952599620282731,0.0952599620282731
it_plain,pronoun_anchor,P:it,nonlocative,item,synt,jaccard,0.5832206284559458,0.7968085490730418,-0.2135879206170959,0.2135879206170959
it_plain,pronoun_anchor,P:it,nonlocative,item,synt,dice,0.4173423961851872,0.6637584652161034,-0.2464160690309161,0.2464160690309161
it_plain,pronoun_anchor,P:it,nonlocative,item,synt,hamming,0.1348557692307692,0.1842948717948718,-0.0494391025641025,0.0494391025641025
it_plain,pronoun_anchor,P:it,nonlocative,item,synt,idf_jaccard,0.8364912485420989,0.947436528931646,-0.1109452803895469,0.1109452803895469
it_plain,pronoun_anchor,P:it,nonlocative,family,synt,jaccard,0.5922167139337501,0.7968085490730418,-0.2045918351392917,0.2045918351392917
it_plain,pronoun_anchor,P:it,nonlocative,family,synt,dice,0.4257919434598257,0.6637584652161034,-0.2379665217562777,0.2379665217562777
it_plain,pronoun_anchor,P:it,nonlocative,family,synt,hamming,0.1387733887733887,0.1842948717948718,-0.045521483021483,0.045521483021483
it_plain,pronoun_anchor,P:it,nonlocative,family,synt,idf_jaccard,0.8613311857772757,0.9437549843030788,-0.0824237985258031,0.0824237985258031
it_dum,pronoun_anchor,P:it,full,item,synt,jaccard,0.8020721247473126,0.805411410195449,-0.0033392854481364,0.0033392854481364
it_dum,pronoun_anchor,P:it,full,item,synt,dice,0.6731006056255476,0.6753466471129514,-0.0022460414874038,0.0022460414874038
it_dum,pronoun_anchor,P:it,full,item,synt,hamming,0.1920673076923076,0.1598557692307692,0.0322115384615384,-0.0322115384615384
it_dum,pronoun_anchor,P:it,full,item,synt,idf_jaccard,0.924922517142343,0.9186891111156096,0.0062334060267332,-0.0062334060267332
it_dum,pronoun_anchor,P:it,full,family,synt,jaccard,0.8115742306410684,0.805411410195449,0.0061628204456193,-0.0061628204456193
it_dum,pronoun_anchor,P:it,full,family,synt,dice,0.6851276240641877,0.6753466471129514,0.0097809769512362,-0.0097809769512362
it_dum,pronoun_anchor,P:it,full,family,synt,hamming,0.1964656964656964,0.1598557692307692,0.0366099272349272,-0.0366099272349272
it_dum,pronoun_anchor,P:it,full,family,synt,idf_jaccard,0.9408202414675668,0.9181520238182196,0.0226682176493472,-0.0226682176493472
it_dum,pronoun_anchor,P:it,nonlocative,item,synt,jaccard,0.8020721247473126,0.8070756601649051,-0.0050035354175924,0.0050035354175924
it_dum,pronoun_anchor,P:it,nonlocative,item,synt,dice,0.6731006056255476,0.6777032052756691,-0.0046025996501214,0.0046025996501214
it_dum,pronoun_anchor,P:it,nonlocative,item,synt,hamming,0.1920673076923076,0.1618589743589743,0.0302083333333333,-0.0302083333333333
it_dum,pronoun_anchor,P:it,nonlocative,item,synt,idf_jaccard,0.9297651298735422,0.9185690474111836,0.0111960824623584,-0.0111960824623584
it_dum,pronoun_anchor,P:it,nonlocative,family,synt,jaccard,0.8115742306410684,0.8070756601649051,0.0044985704761633,-0.0044985704761633
it_dum,pronoun_anchor,P:it,nonlocative,family,synt,dice,0.6851276240641877,0.6777032052756691,0.0074244187885186,-0.0074244187885186
it_dum,pronoun_anchor,P:it,nonlocative,family,synt,hamming,0.1964656964656964,0.1618589743589743,0.0346067221067221,-0.0346067221067221
it_dum,pronoun_anchor,P:it,nonlocative,family,synt,idf_jaccard,0.947333284496216,0.9175895216474452,0.0297437628487705,-0.0297437628487705
its,pronoun_anchor,P:it,full,item,synt,jaccard,0.5807768464816391,0.7901073024995439,-0.2093304560179048,0.2093304560179048
its,pronoun_anchor,P:it,full,item,synt,dice,0.4157443143698037,0.6569563380225145,-0.2412120236527107,0.2412120236527107
its,pronoun_anchor,P:it,full,item,synt,hamming,0.1519230769230768,0.2115384615384615,-0.0596153846153846,0.0596153846153846
its,pronoun_anchor,P:it,full,item,synt,idf_jaccard,0.8055754287842809,0.916818911919576,-0.111243483135295,0.111243483135295
its,pronoun_anchor,P:it,full,family,synt,jaccard,0.5857315580563632,0.7901073024995439,-0.2043757444431806,0.2043757444431806
its,pronoun_anchor,P:it,full,family,synt,dice,0.4196647341154029,0.6569563380225145,-0.2372916039071115,0.2372916039071115
its,pronoun_anchor,P:it,full,family,synt,hamming,0.1551455301455301,0.2115384615384615,-0.0563929313929314,0.0563929313929314
its,pronoun_anchor,P:it,full,family,synt,idf_jaccard,0.8265922393621451,0.9153957840339711,-0.088803544671826,0.088803544671826
its,pronoun_anchor,P:it,nonlocative,item,synt,jaccard,0.5807768464816391,0.7867215532445416,-0.2059447067629025,0.2059447067629025
its,pronoun_anchor,P:it,nonlocative,item,synt,dice,0.4157443143698037,0.6525621544003898,-0.236817840030586,0.236817840030586
its,pronoun_anchor,P:it,nonlocative,item,synt,hamming,0.1519230769230768,0.2115384615384615,-0.0596153846153846,0.0596153846153846
its,pronoun_anchor,P:it,nonlocative,item,synt,idf_jaccard,0.8171833251529123,0.9254166339497206,-0.1082333087968083,0.1082333087968083
its,pronoun_anchor,P:it,nonlocative,family,synt,jaccard,0.5857315580563632,0.7867215532445416,-0.2009899951881784,0.2009899951881784
its,pronoun_anchor,P:it,nonlocative,family,synt,dice,0.4196647341154029,0.6525621544003898,-0.2328974202849868,0.2328974202849868
its,pronoun_anchor,P:it,nonlocative,family,synt,hamming,0.1551455301455301,0.2115384615384615,-0.0563929313929314,0.0563929313929314
its,pronoun_anchor,P:it,nonlocative,family,synt,idf_jaccard,0.8414326728544828,0.9233850779592762,-0.0819524051047934,0.0819524051047934
itself,pronoun_anchor,P:it,full,item,synt,jaccard,0.6238786172993926,0.7181256834189745,-0.0942470661195818,0.0942470661195818
itself,pronoun_anchor,P:it,full,item,synt,dice,0.4641633012031085,0.5625905512498255,-0.0984272500467169,0.0984272500467169
itself,pronoun_anchor,P:it,full,item,synt,hamming,0.1656249999999999,0.1766826923076923,-0.0110576923076923,0.0110576923076923
itself,pronoun_anchor,P:it,full,item,synt,idf_jaccard,0.8411754067064136,0.8815233311963326,-0.040347924489919,0.040347924489919
itself,pronoun_anchor,P:it,full,family,synt,jaccard,0.6334207464020782,0.7181256834189745,-0.0847049370168963,0.0847049370168963
itself,pronoun_anchor,P:it,full,family,synt,dice,0.473023249552771,0.5625905512498255,-0.0895673016970545,0.0895673016970545
itself,pronoun_anchor,P:it,full,family,synt,hamming,0.1704781704781704,0.1766826923076923,-0.0062045218295218,0.0062045218295218
itself,pronoun_anchor,P:it,full,family,synt,idf_jaccard,0.8621248351771323,0.8833539547978255,-0.0212291196206931,0.0212291196206931
itself,pronoun_anchor,P:it,nonlocative,item,synt,jaccard,0.6238786172993926,0.7174700470277683,-0.0935914297283756,0.0935914297283756
itself,pronoun_anchor,P:it,nonlocative,item,synt,dice,0.4641633012031085,0.5624095214821021,-0.0982462202789936,0.0982462202789936
itself,pronoun_anchor,P:it,nonlocative,item,synt,hamming,0.1656249999999999,0.1778846153846154,-0.0122596153846154,0.0122596153846154
itself,pronoun_anchor,P:it,nonlocative,item,synt,idf_jaccard,0.8506500914865155,0.8862120224119571,-0.0355619309254415,0.0355619309254415
itself,pronoun_anchor,P:it,nonlocative,family,synt,jaccard,0.6334207464020782,0.7174700470277683,-0.08404930062569,0.08404930062569
itself,pronoun_anchor,P:it,nonlocative,family,synt,dice,0.473023249552771,0.5624095214821021,-0.0893862719293311,0.0893862719293311
itself,pronoun_anchor,P:it,nonlocative,family,synt,hamming,0.1704781704781704,0.1778846153846154,-0.0074064449064449,0.0074064449064449
itself,pronoun_anchor,P:it,nonlocative,family,synt,idf_jaccard,0.873937038504757,0.8877269028783606,-0.0137898643736036,0.0137898643736036
I,pronoun_anchor,P:I,full,item,synt,jaccard,0.493188258375935,0.8475294066565617,-0.3543411482806267,0.3543411482806267
I,pronoun_anchor,P:I,full,item,synt,dice,0.3370338352185649,0.7386264507762352,-0.4015926155576703,0.4015926155576703
I,pronoun_anchor,P:I,full,item,synt,hamming,0.1115384615384615,0.2103365384615385,-0.0987980769230769,0.0987980769230769
I,pronoun_anchor,P:I,full,item,synt,idf_jaccard,0.722468234152333,0.9686187685168706,-0.2461505343645376,0.2461505343645376
I,pronoun_anchor,P:I,full,family,synt,jaccard,0.5105092353909675,0.8475294066565617,-0.3370201712655942,0.3370201712655942
I,pronoun_anchor,P:I,full,family,synt,dice,0.3515337259952537,0.7386264507762352,-0.3870927247809815,0.3870927247809815
I,pronoun_anchor,P:I,full,family,synt,hamming,0.1164529914529914,0.2103365384615385,-0.093883547008547,0.093883547008547
I,pronoun_anchor,P:I,full,family,synt,idf_jaccard,0.7239794891206951,0.9675009910358487,-0.2435215019151537,0.2435215019151537
I,pronoun_anchor,P:I,nonlocative,item,synt,jaccard,0.493188258375935,0.8245573344280239,-0.3313690760520889,0.3313690760520889
I,pronoun_anchor,P:I,nonlocative,item,synt,dice,0.3370338352185649,0.7028412200825994,-0.3658073848640344,0.3658073848640344
I,pronoun_anchor,P:I,nonlocative,item,synt,hamming,0.1115384615384615,0.2019230769230769,-0.0903846153846153,0.0903846153846153
I,pronoun_anchor,P:I,nonlocative,item,synt,idf_jaccard,0.7419646291215354,0.9690778714008198,-0.2271132422792844,0.2271132422792844
I,pronoun_anchor,P:I,nonlocative,family,synt,jaccard,0.5105092353909675,0.8245573344280239,-0.3140480990370564,0.3140480990370564
I,pronoun_anchor,P:I,nonlocative,family,synt,dice,0.3515337259952537,0.7028412200825994,-0.3513074940873457,0.3513074940873457
I,pronoun_anchor,P:I,nonlocative,family,synt,hamming,0.1164529914529914,0.2019230769230769,-0.0854700854700854,0.0854700854700854
I,pronoun_anchor,P:I,nonlocative,family,synt,idf_jaccard,0.7428628824161072,0.9679898151246712,-0.2251269327085638,0.2251269327085638
me,pronoun_anchor,P:I,full,item,synt,jaccard,0.4717691500953044,0.8533248600058946,-0.3815557099105901,0.3815557099105901
me,pronoun_anchor,P:I,full,item,synt,dice,0.3169674450405979,0.7471730572095356,-0.4302056121689377,0.4302056121689377
me,pronoun_anchor,P:I,full,item,synt,hamming,0.107451923076923,0.2199519230769231,-0.1125,0.1125
me,pronoun_anchor,P:I,full,item,synt,idf_jaccard,0.7000291976168052,0.9692261789081952,-0.2691969812913901,0.2691969812913901
me,pronoun_anchor,P:I,full,family,synt,jaccard,0.4884418279218687,0.8533248600058946,-0.3648830320840258,0.3648830320840258
me,pronoun_anchor,P:I,full,family,synt,dice,0.3304940256649123,0.7471730572095356,-0.4166790315446232,0.4166790315446232
me,pronoun_anchor,P:I,full,family,synt,hamming,0.1121794871794871,0.2199519230769231,-0.1077724358974359,0.1077724358974359
me,pronoun_anchor,P:I,full,family,synt,idf_jaccard,0.7015790228289185,0.9681373912872004,-0.2665583684582819,0.2665583684582819
me,pronoun_anchor,P:I,nonlocative,item,synt,jaccard,0.4717691500953044,0.831284998526378,-0.3595158484310736,0.3595158484310736
me,pronoun_anchor,P:I,nonlocative,item,synt,dice,0.3169674450405979,0.7125316833849191,-0.3955642383443212,0.3955642383443212
me,pronoun_anchor,P:I,nonlocative,item,synt,hamming,0.107451923076923,0.2115384615384615,-0.1040865384615384,0.1040865384615384
me,pronoun_anchor,P:I,nonlocative,item,synt,idf_jaccard,0.7204465366691161,0.9695918032857378,-0.2491452666166217,0.2491452666166217
me,pronoun_anchor,P:I,nonlocative,family,synt,jaccard,0.4884418279218687,0.831284998526378,-0.3428431706045093,0.3428431706045093
me,pronoun_anchor,P:I,nonlocative,family,synt,dice,0.3304940256649123,0.7125316833849191,-0.3820376577200067,0.3820376577200067
me,pronoun_anchor,P:I,nonlocative,family,synt,hamming,0.1121794871794871,0.2115384615384615,-0.0993589743589744,0.0993589743589744
me,pronoun_anchor,P:I,nonlocative,family,synt,idf_jaccard,0.7214573219090706,0.9685238756912846,-0.2470665537822139,0.2470665537822139
mine,pronoun_anchor,P:I,full,item,synt,jaccard,0.4156698661782993,0.8048387096774194,-0.3891688434991201,0.3891688434991201
mine,pronoun_anchor,P:I,full,item,synt,dice,0.2699324202176266,0.6765533743861916,-0.4066209541685649,0.4066209541685649
mine,pronoun_anchor,P:I,full,item,synt,hamming,0.1028846153846154,0.2307692307692307,-0.1278846153846153,0.1278846153846153
mine,pronoun_anchor,P:I,full,item,synt,idf_jaccard,0.6402205964241949,0.9233354323808264,-0.2831148359566315,0.2831148359566315
mine,pronoun_anchor,P:I,full,family,synt,jaccard,0.4215020404244541,0.8048387096774194,-0.3833366692529653,0.3833366692529653
mine,pronoun_anchor,P:I,full,family,synt,dice,0.2751962888493708,0.6765533743861916,-0.4013570855368207,0.4013570855368207
mine,pronoun_anchor,P:I,full,family,synt,hamming,0.1052350427350427,0.2307692307692307,-0.125534188034188,0.125534188034188
mine,pronoun_anchor,P:I,full,family,synt,idf_jaccard,0.6386258157458609,0.9256490370637168,-0.287023221317856,0.287023221317856
mine,pronoun_anchor,P:I,nonlocative,item,synt,jaccard,0.4156698661782993,0.7888888888888888,-0.3732190227105894,0.3732190227105894
mine,pronoun_anchor,P:I,nonlocative,item,synt,dice,0.2699324202176266,0.6533611555283383,-0.3834287353107116,0.3834287353107116
mine,pronoun_anchor,P:I,nonlocative,item,synt,hamming,0.1028846153846154,0.2243589743589743,-0.1214743589743589,0.1214743589743589
mine,pronoun_anchor,P:I,nonlocative,item,synt,idf_jaccard,0.6591895919046113,0.9269276955402548,-0.2677381036356434,0.2677381036356434
mine,pronoun_anchor,P:I,nonlocative,family,synt,jaccard,0.4215020404244541,0.7888888888888888,-0.3673868484644346,0.3673868484644346
mine,pronoun_anchor,P:I,nonlocative,family,synt,dice,0.2751962888493708,0.6533611555283383,-0.3781648666789675,0.3781648666789675
mine,pronoun_anchor,P:I,nonlocative,family,synt,hamming,0.1052350427350427,0.2243589743589743,-0.1191239316239316,0.1191239316239316
mine,pronoun_anchor,P:I,nonlocative,family,synt,idf_jaccard,0.6572053767417191,0.9291951471406676,-0.2719897703989485,0.2719897703989485
my,pronoun_anchor,P:I,full,item,synt,jaccard,0.5234213269130019,0.9048613869908364,-0.3814400600778344,0.3814400600778344
my,pronoun_anchor,P:I,full,item,synt,dice,0.3663884875829211,0.8292453775865185,-0.4628568900035974,0.4628568900035974
my,pronoun_anchor,P:I,full,item,synt,hamming,0.1274038461538461,0.2512019230769231,-0.1237980769230769,0.1237980769230769
my,pronoun_anchor,P:I,full,item,synt,idf_jaccard,0.7379347307244307,0.9801251975508156,-0.2421904668263848,0.2421904668263848
my,pronoun_anchor,P:I,full,family,synt,jaccard,0.534457098916448,0.9048613869908364,-0.3704042880743883,0.3704042880743883
my,pronoun_anchor,P:I,full,family,synt,dice,0.3769704045402429,0.8292453775865185,-0.4522749730462755,0.4522749730462755
my,pronoun_anchor,P:I,full,family,synt,hamming,0.1314102564102564,0.2512019230769231,-0.1197916666666666,0.1197916666666666
my,pronoun_anchor,P:I,full,family,synt,idf_jaccard,0.740405666117068,0.9798026814966982,-0.2393970153796302,0.2393970153796302
my,pronoun_anchor,P:I,nonlocative,item,synt,jaccard,0.5234213269130019,0.8928803167540654,-0.3694589898410635,0.3694589898410635
my,pronoun_anchor,P:I,nonlocative,item,synt,dice,0.3663884875829211,0.8086016799192796,-0.4422131923363585,0.4422131923363585
my,pronoun_anchor,P:I,nonlocative,item,synt,hamming,0.1274038461538461,0.2467948717948718,-0.1193910256410256,0.1193910256410256
my,pronoun_anchor,P:I,nonlocative,item,synt,idf_jaccard,0.7541468861020482,0.9810855990934444,-0.2269387129913961,0.2269387129913961
my,pronoun_anchor,P:I,nonlocative,family,synt,jaccard,0.534457098916448,0.8928803167540654,-0.3584232178376174,0.3584232178376174
my,pronoun_anchor,P:I,nonlocative,family,synt,dice,0.3769704045402429,0.8086016799192796,-0.4316312753790366,0.4316312753790366
my,pronoun_anchor,P:I,nonlocative,family,synt,hamming,0.1314102564102564,0.2467948717948718,-0.1153846153846153,0.1153846153846153
my,pronoun_anchor,P:I,nonlocative,family,synt,idf_jaccard,0.7563972192685928,0.9807813132662548,-0.2243840939976619,0.2243840939976619
myself,pronoun_anchor,P:I,full,item,synt,jaccard,0.4976239519268006,0.7615778543336941,-0.2639539024068935,0.2639539024068935
myself,pronoun_anchor,P:I,full,item,synt,dice,0.3419884598646567,0.6175771123139544,-0.2755886524492976,0.2755886524492976
myself,pronoun_anchor,P:I,full,item,synt,hamming,0.1276442307692307,0.2055288461538461,-0.0778846153846154,0.0778846153846154
myself,pronoun_anchor,P:I,full,item,synt,idf_jaccard,0.7533392509127994,0.9178025080233952,-0.1644632571105958,0.1644632571105958
myself,pronoun_anchor,P:I,full,family,synt,jaccard,0.5052542744796618,0.7615778543336941,-0.2563235798540323,0.2563235798540323
myself,pronoun_anchor,P:I,full,family,synt,dice,0.3494591466928615,0.6175771123139544,-0.2681179656210929,0.2681179656210929
myself,pronoun_anchor,P:I,full,family,synt,hamming,0.1308760683760683,0.2055288461538461,-0.0746527777777778,0.0746527777777778
myself,pronoun_anchor,P:I,full,family,synt,idf_jaccard,0.7540941022966847,0.922146368098211,-0.1680522658015263,0.1680522658015263
myself,pronoun_anchor,P:I,nonlocative,item,synt,jaccard,0.4976239519268006,0.7394889956717913,-0.2418650437449906,0.2418650437449906
myself,pronoun_anchor,P:I,nonlocative,item,synt,dice,0.3419884598646567,0.5878369141527036,-0.2458484542880468,0.2458484542880468
myself,pronoun_anchor,P:I,nonlocative,item,synt,hamming,0.1276442307692307,0.1971153846153846,-0.0694711538461538,0.0694711538461538
myself,pronoun_anchor,P:I,nonlocative,item,synt,idf_jaccard,0.7688975671829636,0.9104181388254547,-0.1415205716424911,0.1415205716424911
myself,pronoun_anchor,P:I,nonlocative,family,synt,jaccard,0.5052542744796618,0.7394889956717913,-0.2342347211921295,0.2342347211921295
myself,pronoun_anchor,P:I,nonlocative,family,synt,dice,0.3494591466928615,0.5878369141527036,-0.238377767459842,0.238377767459842
myself,pronoun_anchor,P:I,nonlocative,family,synt,hamming,0.1308760683760683,0.1971153846153846,-0.0662393162393162,0.0662393162393162
myself,pronoun_anchor,P:I,nonlocative,family,synt,idf_jaccard,0.7695334409033606,0.915098591445352,-0.1455651505419912,0.1455651505419912
their_sing,pronoun_anchor,P:they,full,item,synt,jaccard,0.5062447930006024,0.8588660570828257,-0.3526212640822233,0.3526212640822233
their_sing,pronoun_anchor,P:they,full,item,synt,dice,0.349011394524476,0.7582415456407392,-0.4092301511162631,0.4092301511162631
their_sing,pronoun_anchor,P:they,full,item,synt,hamming,0.1242788461538462,0.2367788461538461,-0.1124999999999999,0.1124999999999999
their_sing,pronoun_anchor,P:they,full,item,synt,idf_jaccard,0.7156759113228375,0.9585802201143824,-0.2429043087915449,0.2429043087915449
their_sing,pronoun_anchor,P:they,full,family,synt,jaccard,0.5442885917154429,0.8588660570828257,-0.3145774653673828,0.3145774653673828
their_sing,pronoun_anchor,P:they,full,family,synt,dice,0.3815360223741268,0.7582415456407392,-0.3767055232666124,0.3767055232666124
their_sing,pronoun_anchor,P:they,full,family,synt,hamming,0.1352357320099255,0.2367788461538461,-0.1015431141439206,0.1015431141439206
their_sing,pronoun_anchor,P:they,full,family,synt,idf_jaccard,0.7755613442112602,0.961431175235269,-0.1858698310240087,0.1858698310240087
their_sing,pronoun_anchor,P:they,nonlocative,item,synt,jaccard,0.5062447930006024,0.8399823289839974,-0.3337375359833949,0.3337375359833949
their_sing,pronoun_anchor,P:they,nonlocative,item,synt,dice,0.349011394524476,0.7283466384272836,-0.3793352439028076,0.3793352439028076
their_sing,pronoun_anchor,P:they,nonlocative,item,synt,hamming,0.1242788461538462,0.2291666666666666,-0.1048878205128204,0.1048878205128204
their_sing,pronoun_anchor,P:they,nonlocative,item,synt,idf_jaccard,0.7305860659607661,0.9563873000659148,-0.2258012341051486,0.2258012341051486
their_sing,pronoun_anchor,P:they,nonlocative,family,synt,jaccard,0.5442885917154429,0.8399823289839974,-0.2956937372685545,0.2956937372685545
their_sing,pronoun_anchor,P:they,nonlocative,family,synt,dice,0.3815360223741268,0.7283466384272836,-0.3468106160531568,0.3468106160531568
their_sing,pronoun_anchor,P:they,nonlocative,family,synt,hamming,0.1352357320099255,0.2291666666666666,-0.0939309346567411,0.0939309346567411
their_sing,pronoun_anchor,P:they,nonlocative,family,synt,idf_jaccard,0.7916008635795394,0.9604525328947492,-0.1688516693152099,0.1688516693152099
theirs_sing,pronoun_anchor,P:they,full,item,synt,jaccard,0.4837540779759791,0.7975676625122191,-0.31381358453624,0.31381358453624
theirs_sing,pronoun_anchor,P:they,full,item,synt,dice,0.3289077101375442,0.6672054556160782,-0.338297745478534,0.338297745478534
theirs_sing,pronoun_anchor,P:they,full,item,synt,hamming,0.13125,0.2403846153846154,-0.1091346153846153,0.1091346153846153
theirs_sing,pronoun_anchor,P:they,full,item,synt,idf_jaccard,0.7294588533039545,0.9279677669302644,-0.1985089136263099,0.1985089136263099
theirs_sing,pronoun_anchor,P:they,full,family,synt,jaccard,0.517506907316373,0.7975676625122191,-0.280060755195846,0.280060755195846
theirs_sing,pronoun_anchor,P:they,full,family,synt,dice,0.3576157030647707,0.6672054556160782,-0.3095897525513075,0.3095897525513075
theirs_sing,pronoun_anchor,P:they,full,family,synt,hamming,0.1423697270471463,0.2403846153846154,-0.098014888337469,0.098014888337469
theirs_sing,pronoun_anchor,P:they,full,family,synt,idf_jaccard,0.7808702817201684,0.9348094022654456,-0.1539391205452772,0.1539391205452772
theirs_sing,pronoun_anchor,P:they,nonlocative,item,synt,jaccard,0.4837540779759791,0.7761760752688173,-0.2924219972928381,0.2924219972928381
theirs_sing,pronoun_anchor,P:they,nonlocative,item,synt,dice,0.3289077101375442,0.6363665334140303,-0.307458823276486,0.307458823276486
theirs_sing,pronoun_anchor,P:they,nonlocative,item,synt,hamming,0.13125,0.2307692307692308,-0.0995192307692307,0.0995192307692307
theirs_sing,pronoun_anchor,P:they,nonlocative,item,synt,idf_jaccard,0.7436508389760552,0.928175616358144,-0.1845247773820887,0.1845247773820887
theirs_sing,pronoun_anchor,P:they,nonlocative,family,synt,jaccard,0.517506907316373,0.7761760752688173,-0.2586691679524442,0.2586691679524442
theirs_sing,pronoun_anchor,P:they,nonlocative,family,synt,dice,0.3576157030647707,0.6363665334140303,-0.2787508303492595,0.2787508303492595
theirs_sing,pronoun_anchor,P:they,nonlocative,family,synt,hamming,0.1423697270471463,0.2307692307692308,-0.0883995037220844,0.0883995037220844
theirs_sing,pronoun_anchor,P:they,nonlocative,family,synt,idf_jaccard,0.79571488014618,0.9355242466148532,-0.1398093664686733,0.1398093664686733
their_plur,pronoun_anchor,P:they,full,item,synt,jaccard,0.5380678633862669,0.8917538998357963,-0.3536860364495294,0.3536860364495294
their_plur,pronoun_anchor,P:they,full,item,synt,dice,0.3784931254944559,0.8075302772539902,-0.4290371517595342,0.4290371517595342
their_plur,pronoun_anchor,P:they,full,item,synt,hamming,0.128125,0.2367788461538462,-0.1086538461538461,0.1086538461538461
their_plur,pronoun_anchor,P:they,full,item,synt,idf_jaccard,0.7362051955579237,0.97937271982745,-0.2431675242695263,0.2431675242695263
their_plur,pronoun_anchor,P:they,full,family,synt,jaccard,0.5832873049884705,0.8917538998357963,-0.3084665948473258,0.3084665948473258
their_plur,pronoun_anchor,P:they,full,family,synt,dice,0.4176971965603934,0.8075302772539902,-0.3898330806935968,0.3898330806935968
their_plur,pronoun_anchor,P:they,full,family,synt,hamming,0.140818858560794,0.2367788461538462,-0.0959599875930521,0.0959599875930521
their_plur,pronoun_anchor,P:they,full,family,synt,idf_jaccard,0.7930887869125994,0.978548419577806,-0.1854596326652067,0.1854596326652067
their_plur,pronoun_anchor,P:they,nonlocative,item,synt,jaccard,0.5380678633862669,0.8858746883172169,-0.34780682493095,0.34780682493095
their_plur,pronoun_anchor,P:they,nonlocative,item,synt,dice,0.3784931254944559,0.7973618604417533,-0.4188687349472973,0.4188687349472973
their_plur,pronoun_anchor,P:they,nonlocative,item,synt,hamming,0.128125,0.2355769230769231,-0.107451923076923,0.107451923076923
their_plur,pronoun_anchor,P:they,nonlocative,item,synt,idf_jaccard,0.7495179582900795,0.9809960483024454,-0.2314780900123658,0.2314780900123658
their_plur,pronoun_anchor,P:they,nonlocative,family,synt,jaccard,0.5832873049884705,0.8858746883172169,-0.3025873833287464,0.3025873833287464
their_plur,pronoun_anchor,P:they,nonlocative,family,synt,dice,0.4176971965603934,0.7973618604417533,-0.3796646638813599,0.3796646638813599
their_plur,pronoun_anchor,P:they,nonlocative,family,synt,hamming,0.140818858560794,0.2355769230769231,-0.094758064516129,0.094758064516129
their_plur,pronoun_anchor,P:they,nonlocative,family,synt,idf_jaccard,0.8066104511456216,0.9800354781765868,-0.1734250270309653,0.1734250270309653
theirs_plur,pronoun_anchor,P:they,full,item,synt,jaccard,0.5113365349661112,0.8246129959213944,-0.3132764609552831,0.3132764609552831
theirs_plur,pronoun_anchor,P:they,full,item,synt,dice,0.3541106494170216,0.7044616868339777,-0.350351037416956,0.350351037416956
theirs_plur,pronoun_anchor,P:they,full,item,synt,hamming,0.1350961538461538,0.2403846153846154,-0.1052884615384615,0.1052884615384615
theirs_plur,pronoun_anchor,P:they,full,item,synt,idf_jaccard,0.7461930979978935,0.9441502318601884,-0.197957133862295,0.197957133862295
theirs_plur,pronoun_anchor,P:they,full,family,synt,jaccard,0.5513143455208115,0.8246129959213944,-0.2732986504005829,0.2732986504005829
theirs_plur,pronoun_anchor,P:they,full,family,synt,dice,0.3884889249188623,0.7044616868339777,-0.3159727619151153,0.3159727619151153
theirs_plur,pronoun_anchor,P:they,full,family,synt,hamming,0.1479528535980148,0.2403846153846154,-0.0924317617866005,0.0924317617866005
theirs_plur,pronoun_anchor,P:they,full,family,synt,idf_jaccard,0.7956343495213445,0.9486381719310778,-0.1530038224097333,0.1530038224097333
theirs_plur,pronoun_anchor,P:they,nonlocative,item,synt,jaccard,0.5113365349661112,0.8152546038808554,-0.3039180689147441,0.3039180689147441
theirs_plur,pronoun_anchor,P:they,nonlocative,item,synt,dice,0.3541106494170216,0.6905722387920531,-0.3364615893750314,0.3364615893750314
theirs_plur,pronoun_anchor,P:they,nonlocative,item,synt,hamming,0.1350961538461538,0.2371794871794872,-0.1020833333333333,0.1020833333333333
theirs_plur,pronoun_anchor,P:they,nonlocative,item,synt,idf_jaccard,0.7588616295573398,0.9476259635778854,-0.1887643340205456,0.1887643340205456
theirs_plur,pronoun_anchor,P:they,nonlocative,family,synt,jaccard,0.5513143455208115,0.8152546038808554,-0.2639402583600438,0.2639402583600438
theirs_plur,pronoun_anchor,P:they,nonlocative,family,synt,dice,0.3884889249188623,0.6905722387920531,-0.3020833138731907,0.3020833138731907
theirs_plur,pronoun_anchor,P:they,nonlocative,family,synt,hamming,0.1479528535980148,0.2371794871794872,-0.0892266335814723,0.0892266335814723
theirs_plur,pronoun_anchor,P:they,nonlocative,family,synt,idf_jaccard,0.8082009090698937,0.9515256318484294,-0.1433247227785357,0.1433247227785357
them_sing,pronoun_anchor,P:they,full,item,synt,jaccard,0.4907392931176483,0.8234770285486359,-0.3327377354309876,0.3327377354309876
them_sing,pronoun_anchor,P:they,full,item,synt,dice,0.3303631145101013,0.7046322673644654,-0.374269152854364,0.374269152854364
them_sing,pronoun_anchor,P:they,full,item,synt,hamming,0.1242788461538461,0.234375,-0.1100961538461538,0.1100961538461538
them_sing,pronoun_anchor,P:they,full,item,synt,idf_jaccard,0.7276534936770155,0.9565394241509024,-0.2288859304738869,0.2288859304738869
them_sing,pronoun_anchor,P:they,full,family,synt,jaccard,0.5159872424642225,0.8234770285486359,-0.3074897860844134,0.3074897860844134
them_sing,pronoun_anchor,P:they,full,family,synt,dice,0.3517544789308315,0.7046322673644654,-0.3528777884336339,0.3528777884336339
them_sing,pronoun_anchor,P:they,full,family,synt,hamming,0.1321339950372208,0.234375,-0.1022410049627792,0.1022410049627792
them_sing,pronoun_anchor,P:they,full,family,synt,idf_jaccard,0.7750183782270373,0.961969948815915,-0.1869515705888776,0.1869515705888776
them_sing,pronoun_anchor,P:they,nonlocative,item,synt,jaccard,0.4907392931176483,0.7967800589185461,-0.3060407658008978,0.3060407658008978
them_sing,pronoun_anchor,P:they,nonlocative,item,synt,dice,0.3303631145101013,0.6645984149080123,-0.3342353003979109,0.3342353003979109
them_sing,pronoun_anchor,P:they,nonlocative,item,synt,hamming,0.1242788461538461,0.2227564102564102,-0.0984775641025641,0.0984775641025641
them_sing,pronoun_anchor,P:they,nonlocative,item,synt,idf_jaccard,0.7431746375162643,0.953739238377017,-0.2105646008607526,0.2105646008607526
them_sing,pronoun_anchor,P:they,nonlocative,family,synt,jaccard,0.5159872424642225,0.7967800589185461,-0.2807928164543236,0.2807928164543236
them_sing,pronoun_anchor,P:they,nonlocative,family,synt,dice,0.3517544789308315,0.6645984149080123,-0.3128439359771808,0.3128439359771808
them_sing,pronoun_anchor,P:they,nonlocative,family,synt,hamming,0.1321339950372208,0.2227564102564102,-0.0906224152191894,0.0906224152191894
them_sing,pronoun_anchor,P:they,nonlocative,family,synt,idf_jaccard,0.7920843546114668,0.9607411666297884,-0.1686568120183215,0.1686568120183215
them_plur,pronoun_anchor,P:they,full,item,synt,jaccard,0.5061517885345388,0.8711441532258066,-0.3649923646912678,0.3649923646912678
them_plur,pronoun_anchor,P:they,full,item,synt,dice,0.3456649766777605,0.7762839857267103,-0.4306190090489498,0.4306190090489498
them_plur,pronoun_anchor,P:they,full,item,synt,hamming,0.1295673076923076,0.2572115384615385,-0.1276442307692308,0.1276442307692308
them_plur,pronoun_anchor,P:they,full,item,synt,idf_jaccard,0.7182473125626542,0.9701991995856406,-0.2519518870229864,0.2519518870229864
them_plur,pronoun_anchor,P:they,full,family,synt,jaccard,0.5461793270168167,0.8711441532258066,-0.3249648262089899,0.3249648262089899
them_plur,pronoun_anchor,P:they,full,family,synt,dice,0.3797250607644402,0.7762839857267103,-0.3965589249622701,0.3965589249622701
them_plur,pronoun_anchor,P:they,full,family,synt,hamming,0.1420595533498759,0.2572115384615385,-0.1151519851116625,0.1151519851116625
them_plur,pronoun_anchor,P:they,full,family,synt,idf_jaccard,0.7655233919201027,0.9699601585521438,-0.2044367666320411,0.2044367666320411
them_plur,pronoun_anchor,P:they,nonlocative,item,synt,jaccard,0.5061517885345388,0.8545698924731185,-0.3484181039385797,0.3484181039385797
them_plur,pronoun_anchor,P:they,nonlocative,item,synt,dice,0.3456649766777605,0.7494870287439946,-0.4038220520662341,0.4038220520662341
them_plur,pronoun_anchor,P:they,nonlocative,item,synt,hamming,0.1295673076923076,0.25,-0.1204326923076923,0.1204326923076923
them_plur,pronoun_anchor,P:they,nonlocative,item,synt,idf_jaccard,0.732660225068234,0.9704067541484588,-0.2377465290802248,0.2377465290802248
them_plur,pronoun_anchor,P:they,nonlocative,family,synt,jaccard,0.5461793270168167,0.8545698924731185,-0.3083905654563018,0.3083905654563018
them_plur,pronoun_anchor,P:they,nonlocative,family,synt,dice,0.3797250607644402,0.7494870287439946,-0.3697619679795544,0.3697619679795544
them_plur,pronoun_anchor,P:they,nonlocative,family,synt,hamming,0.1420595533498759,0.25,-0.107940446650124,0.107940446650124
them_plur,pronoun_anchor,P:they,nonlocative,family,synt,idf_jaccard,0.780424586496116,0.9704613056176272,-0.1900367191215111,0.1900367191215111
themself,pronoun_anchor,P:they,full,item,synt,jaccard,0.5375685736363964,0.7615778543336941,-0.2240092806972976,0.2240092806972976
themself,pronoun_anchor,P:they,full,item,synt,dice,0.3783010676454931,0.6175771123139544,-0.2392760446684613,0.2392760446684613
themself,pronoun_anchor,P:they,full,item,synt,hamming,0.1411057692307692,0.2055288461538461,-0.0644230769230769,0.0644230769230769
themself,pronoun_anchor,P:they,full,item,synt,idf_jaccard,0.7510560777108254,0.9111258282520796,-0.1600697505412542,0.1600697505412542
themself,pronoun_anchor,P:they,full,family,synt,jaccard,0.5642297711896548,0.7615778543336941,-0.1973480831440393,0.1973480831440393
themself,pronoun_anchor,P:they,full,family,synt,dice,0.403283995009406,0.6175771123139544,-0.2142931173045483,0.2142931173045483
themself,pronoun_anchor,P:they,full,family,synt,hamming,0.1501240694789081,0.2055288461538461,-0.055404776674938,0.055404776674938
themself,pronoun_anchor,P:they,full,family,synt,idf_jaccard,0.7933090469823992,0.9269271577817798,-0.1336181107993805,0.1336181107993805
themself,pronoun_anchor,P:they,nonlocative,item,synt,jaccard,0.5375685736363964,0.7394889956717913,-0.2019204220353948,0.2019204220353948
themself,pronoun_anchor,P:they,nonlocative,item,synt,dice,0.3783010676454931,0.5878369141527036,-0.2095358465072104,0.2095358465072104
themself,pronoun_anchor,P:they,nonlocative,item,synt,hamming,0.1411057692307692,0.1971153846153846,-0.0560096153846154,0.0560096153846154
themself,pronoun_anchor,P:they,nonlocative,item,synt,idf_jaccard,0.7636152175953531,0.9012399949424864,-0.1376247773471334,0.1376247773471334
themself,pronoun_anchor,P:they,nonlocative,family,synt,jaccard,0.5642297711896548,0.7394889956717913,-0.1752592244821365,0.1752592244821365
themself,pronoun_anchor,P:they,nonlocative,family,synt,dice,0.403283995009406,0.5878369141527036,-0.1845529191432975,0.1845529191432975
themself,pronoun_anchor,P:they,nonlocative,family,synt,hamming,0.1501240694789081,0.1971153846153846,-0.0469913151364764,0.0469913151364764
themself,pronoun_anchor,P:they,nonlocative,family,synt,idf_jaccard,0.8061133552449546,0.9188453700725686,-0.1127320148276139,0.1127320148276139
themselves,pronoun_anchor,P:they,full,item,synt,jaccard,0.5311566268615466,0.7993789395624769,-0.2682223127009302,0.2682223127009302
themselves,pronoun_anchor,P:they,full,item,synt,dice,0.3710280583511134,0.6699744270177705,-0.2989463686666571,0.2989463686666571
themselves,pronoun_anchor,P:they,full,item,synt,hamming,0.1413461538461538,0.2283653846153846,-0.0870192307692308,0.0870192307692308
themselves,pronoun_anchor,P:they,full,item,synt,idf_jaccard,0.7333375072464903,0.9213903452403216,-0.1880528379938313,0.1880528379938313
themselves,pronoun_anchor,P:they,full,family,synt,jaccard,0.5662467716093608,0.7993789395624769,-0.2331321679531161,0.2331321679531161
themselves,pronoun_anchor,P:they,full,family,synt,dice,0.4024041445047034,0.6699744270177705,-0.2675702825130671,0.2675702825130671
themselves,pronoun_anchor,P:they,full,family,synt,hamming,0.1529156327543424,0.2283653846153846,-0.0754497518610422,0.0754497518610422
themselves,pronoun_anchor,P:they,full,family,synt,idf_jaccard,0.7772355429263244,0.9327669899143808,-0.1555314469880563,0.1555314469880563
themselves,pronoun_anchor,P:they,nonlocative,item,synt,jaccard,0.5311566268615466,0.7816091954022989,-0.2504525685407522,0.2504525685407522
themselves,pronoun_anchor,P:they,nonlocative,item,synt,dice,0.3710280583511134,0.6445892257037769,-0.2735611673526634,0.2735611673526634
themselves,pronoun_anchor,P:they,nonlocative,item,synt,hamming,0.1413461538461538,0.2211538461538461,-0.0798076923076923,0.0798076923076923
themselves,pronoun_anchor,P:they,nonlocative,item,synt,idf_jaccard,0.7465774083703905,0.9143478831484448,-0.1677704747780543,0.1677704747780543
themselves,pronoun_anchor,P:they,nonlocative,family,synt,jaccard,0.5662467716093608,0.7816091954022989,-0.2153624237929381,0.2153624237929381
themselves,pronoun_anchor,P:they,nonlocative,family,synt,dice,0.4024041445047034,0.6445892257037769,-0.2421850811990734,0.2421850811990734
themselves,pronoun_anchor,P:they,nonlocative,family,synt,hamming,0.1529156327543424,0.2211538461538461,-0.0682382133995037,0.0682382133995037
themselves,pronoun_anchor,P:they,nonlocative,family,synt,idf_jaccard,0.7903909936321922,0.927013310867613,-0.1366223172354207,0.1366223172354207
they_sing,pronoun_anchor,P:they,full,item,synt,jaccard,0.5059893005683861,0.8103545860887351,-0.304365285520349,0.304365285520349
they_sing,pronoun_anchor,P:they,full,item,synt,dice,0.3453198127963488,0.6865312834566867,-0.3412114706603378,0.3412114706603378
they_sing,pronoun_anchor,P:they,full,item,synt,hamming,0.1237980769230769,0.2151442307692307,-0.0913461538461538,0.0913461538461538
they_sing,pronoun_anchor,P:they,full,item,synt,idf_jaccard,0.7643295882831266,0.9545916037006884,-0.1902620154175619,0.1902620154175619
they_sing,pronoun_anchor,P:they,full,family,synt,jaccard,0.5318596613165457,0.8103545860887351,-0.2784949247721894,0.2784949247721894
they_sing,pronoun_anchor,P:they,full,family,synt,dice,0.3679581441860495,0.6865312834566867,-0.3185731392706372,0.3185731392706372
they_sing,pronoun_anchor,P:they,full,family,synt,hamming,0.1315136476426799,0.2151442307692307,-0.0836305831265508,0.0836305831265508
they_sing,pronoun_anchor,P:they,full,family,synt,idf_jaccard,0.7985124273219095,0.9591165082652188,-0.1606040809433092,0.1606040809433092
they_sing,pronoun_anchor,P:they,nonlocative,item,synt,jaccard,0.5059893005683861,0.781496405584281,-0.2755071050158949,0.2755071050158949
they_sing,pronoun_anchor,P:they,nonlocative,item,synt,dice,0.3453198127963488,0.6441000830113733,-0.2987802702150245,0.2987802702150245
they_sing,pronoun_anchor,P:they,nonlocative,item,synt,hamming,0.1237980769230769,0.203525641025641,-0.079727564102564,0.079727564102564
they_sing,pronoun_anchor,P:they,nonlocative,item,synt,idf_jaccard,0.780144269905561,0.9518726342403157,-0.1717283643347547,0.1717283643347547
they_sing,pronoun_anchor,P:they,nonlocative,family,synt,jaccard,0.5318596613165457,0.781496405584281,-0.2496367442677353,0.2496367442677353
they_sing,pronoun_anchor,P:they,nonlocative,family,synt,dice,0.3679581441860495,0.6441000830113733,-0.2761419388253238,0.2761419388253238
they_sing,pronoun_anchor,P:they,nonlocative,family,synt,hamming,0.1315136476426799,0.203525641025641,-0.0720119933829611,0.0720119933829611
they_sing,pronoun_anchor,P:they,nonlocative,family,synt,idf_jaccard,0.8156089898788073,0.9579568573683418,-0.1423478674895345,0.1423478674895345
they_plur,pronoun_anchor,P:they,full,item,synt,jaccard,0.5223461224696233,0.8621151477832514,-0.339769025313628,0.339769025313628
they_plur,pronoun_anchor,P:they,full,item,synt,dice,0.3615228956373959,0.7627714719196574,-0.4012485762822615,0.4012485762822615
they_plur,pronoun_anchor,P:they,full,item,synt,hamming,0.1290865384615384,0.2379807692307692,-0.1088942307692307,0.1088942307692307
they_plur,pronoun_anchor,P:they,full,item,synt,idf_jaccard,0.7547614744663007,0.9689731063010713,-0.2142116318347705,0.2142116318347705
they_plur,pronoun_anchor,P:they,full,family,synt,jaccard,0.5638783391989854,0.8621151477832514,-0.2982368085842659,0.2982368085842659
they_plur,pronoun_anchor,P:they,full,family,synt,dice,0.3975361271209184,0.7627714719196574,-0.365235344798739,0.365235344798739
they_plur,pronoun_anchor,P:they,full,family,synt,hamming,0.141439205955335,0.2379807692307692,-0.0965415632754342,0.0965415632754342
they_plur,pronoun_anchor,P:they,full,family,synt,idf_jaccard,0.788860643578872,0.967890551583535,-0.179029908004663,0.179029908004663
they_plur,pronoun_anchor,P:they,nonlocative,item,synt,jaccard,0.5223461224696233,0.8443144499178983,-0.3219683274482749,0.3219683274482749
they_plur,pronoun_anchor,P:they,nonlocative,item,synt,dice,0.3615228956373959,0.7343865401325079,-0.372863644495112,0.372863644495112
they_plur,pronoun_anchor,P:they,nonlocative,item,synt,hamming,0.1290865384615384,0.2307692307692307,-0.1016826923076922,0.1016826923076922
they_plur,pronoun_anchor,P:they,nonlocative,item,synt,idf_jaccard,0.769496092283487,0.96931318979993,-0.1998170975164429,0.1998170975164429
they_plur,pronoun_anchor,P:they,nonlocative,family,synt,jaccard,0.5638783391989854,0.8443144499178983,-0.2804361107189128,0.2804361107189128
they_plur,pronoun_anchor,P:they,nonlocative,family,synt,dice,0.3975361271209184,0.7343865401325079,-0.3368504130115895,0.3368504130115895
they_plur,pronoun_anchor,P:they,nonlocative,family,synt,hamming,0.141439205955335,0.2307692307692307,-0.0893300248138957,0.0893300248138957
they_plur,pronoun_anchor,P:they,nonlocative,family,synt,idf_jaccard,0.803751147234608,0.9685426751501616,-0.1647915279155536,0.1647915279155536
we_pron,pronoun_anchor,P:we,full,item,synt,jaccard,0.4847410248563156,0.8362601701806722,-0.3515191453243566,0.3515191453243566
we_pron,pronoun_anchor,P:we,full,item,synt,dice,0.3271459224726397,0.7266611097880448,-0.3995151873154051,0.3995151873154051
we_pron,pronoun_anchor,P:we,full,item,synt,hamming,0.1254807692307692,0.2475961538461538,-0.1221153846153846,0.1221153846153846
we_pron,pronoun_anchor,P:we,full,item,synt,idf_jaccard,0.7466282104862867,0.9529781725794648,-0.206349962093178,0.206349962093178
we_pron,pronoun_anchor,P:we,full,family,synt,jaccard,0.4980551363776819,0.8362601701806722,-0.3382050338029903,0.3382050338029903
we_pron,pronoun_anchor,P:we,full,family,synt,dice,0.338405894905865,0.7266611097880448,-0.3882552148821798,0.3882552148821798
we_pron,pronoun_anchor,P:we,full,family,synt,hamming,0.1292735042735042,0.2475961538461538,-0.1183226495726495,0.1183226495726495
we_pron,pronoun_anchor,P:we,full,family,synt,idf_jaccard,0.7467928894131446,0.950439540470464,-0.2036466510573193,0.2036466510573193
we_pron,pronoun_anchor,P:we,nonlocative,item,synt,jaccard,0.4847410248563156,0.8072484087257447,-0.322507383869429,0.322507383869429
we_pron,pronoun_anchor,P:we,nonlocative,item,synt,dice,0.3271459224726397,0.6819877748670319,-0.3548418523943922,0.3548418523943922
we_pron,pronoun_anchor,P:we,nonlocative,item,synt,hamming,0.1254807692307692,0.233974358974359,-0.1084935897435898,0.1084935897435898
we_pron,pronoun_anchor,P:we,nonlocative,item,synt,idf_jaccard,0.763497992735944,0.9499291667978254,-0.1864311740618813,0.1864311740618813
we_pron,pronoun_anchor,P:we,nonlocative,family,synt,jaccard,0.4980551363776819,0.8072484087257447,-0.3091932723480627,0.3091932723480627
we_pron,pronoun_anchor,P:we,nonlocative,family,synt,dice,0.338405894905865,0.6819877748670319,-0.3435818799611669,0.3435818799611669
we_pron,pronoun_anchor,P:we,nonlocative,family,synt,hamming,0.1292735042735042,0.233974358974359,-0.1047008547008547,0.1047008547008547
we_pron,pronoun_anchor,P:we,nonlocative,family,synt,idf_jaccard,0.7635611495551502,0.9469466389318338,-0.1833854893766836,0.1833854893766836
us_pron,pronoun_anchor,P:we,full,item,synt,jaccard,0.4854795144399715,0.8362601701806722,-0.3507806557407006,0.3507806557407006
us_pron,pronoun_anchor,P:we,full,item,synt,dice,0.3273096724895083,0.7266611097880448,-0.3993514372985364,0.3993514372985364
us_pron,pronoun_anchor,P:we,full,item,synt,hamming,0.1249999999999999,0.2475961538461538,-0.1225961538461538,0.1225961538461538
us_pron,pronoun_anchor,P:we,full,item,synt,idf_jaccard,0.7429576463710715,0.9526290322917176,-0.2096713859206459,0.2096713859206459
us_pron,pronoun_anchor,P:we,full,family,synt,jaccard,0.4970701248039662,0.8362601701806722,-0.339190045376706,0.339190045376706
us_pron,pronoun_anchor,P:we,full,family,synt,dice,0.3371633379445509,0.7266611097880448,-0.3894977718434939,0.3894977718434939
us_pron,pronoun_anchor,P:we,full,family,synt,hamming,0.1282051282051281,0.2475961538461538,-0.1193910256410256,0.1193910256410256
us_pron,pronoun_anchor,P:we,full,family,synt,idf_jaccard,0.7427296682544708,0.950021661461058,-0.2072919932065872,0.2072919932065872
us_pron,pronoun_anchor,P:we,nonlocative,item,synt,jaccard,0.4854795144399715,0.8072484087257447,-0.3217688942857731,0.3217688942857731
us_pron,pronoun_anchor,P:we,nonlocative,item,synt,dice,0.3273096724895083,0.6819877748670319,-0.3546781023775235,0.3546781023775235
us_pron,pronoun_anchor,P:we,nonlocative,item,synt,hamming,0.1249999999999999,0.233974358974359,-0.108974358974359,0.108974358974359
us_pron,pronoun_anchor,P:we,nonlocative,item,synt,idf_jaccard,0.7598639102863898,0.9495518377432678,-0.189687927456878,0.189687927456878
us_pron,pronoun_anchor,P:we,nonlocative,family,synt,jaccard,0.4970701248039662,0.8072484087257447,-0.3101782839217785,0.3101782839217785
us_pron,pronoun_anchor,P:we,nonlocative,family,synt,dice,0.3371633379445509,0.6819877748670319,-0.344824436922481,0.344824436922481
us_pron,pronoun_anchor,P:we,nonlocative,family,synt,hamming,0.1282051282051281,0.233974358974359,-0.1057692307692308,0.1057692307692308
us_pron,pronoun_anchor,P:we,nonlocative,family,synt,idf_jaccard,0.7596383367014334,0.9464911021743306,-0.1868527654728972,0.1868527654728972
our,pronoun_anchor,P:we,full,item,synt,jaccard,0.5156538419755397,0.8883307014407544,-0.3726768594652148,0.3726768594652148
our,pronoun_anchor,P:we,full,item,synt,dice,0.3599199838906703,0.8039377065586742,-0.4440177226680039,0.4440177226680039
our,pronoun_anchor,P:we,full,item,synt,hamming,0.128125,0.2512019230769231,-0.123076923076923,0.123076923076923
our,pronoun_anchor,P:we,full,item,synt,idf_jaccard,0.7182978773580063,0.9661422768173824,-0.2478443994593759,0.2478443994593759
our,pronoun_anchor,P:we,full,family,synt,jaccard,0.5259065322361963,0.8883307014407544,-0.3624241692045581,0.3624241692045581
our,pronoun_anchor,P:we,full,family,synt,dice,0.3698462957690098,0.8039377065586742,-0.4340914107896644,0.4340914107896644
our,pronoun_anchor,P:we,full,family,synt,hamming,0.1308760683760684,0.2512019230769231,-0.1203258547008546,0.1203258547008546
our,pronoun_anchor,P:we,full,family,synt,idf_jaccard,0.7262996767477682,0.9639452485825968,-0.2376455718348287,0.2376455718348287
our,pronoun_anchor,P:we,nonlocative,item,synt,jaccard,0.5156538419755397,0.8701936234263821,-0.3545397814508424,0.3545397814508424
our,pronoun_anchor,P:we,nonlocative,item,synt,dice,0.3599199838906703,0.7737602600505826,-0.4138402761599122,0.4138402761599122
our,pronoun_anchor,P:we,nonlocative,item,synt,hamming,0.128125,0.2435897435897436,-0.1154647435897435,0.1154647435897435
our,pronoun_anchor,P:we,nonlocative,item,synt,idf_jaccard,0.7344517513136772,0.9640527453602762,-0.2296009940465989,0.2296009940465989
our,pronoun_anchor,P:we,nonlocative,family,synt,jaccard,0.5259065322361963,0.8701936234263821,-0.3442870911901857,0.3442870911901857
our,pronoun_anchor,P:we,nonlocative,family,synt,dice,0.3698462957690098,0.7737602600505826,-0.4039139642815728,0.4039139642815728
our,pronoun_anchor,P:we,nonlocative,family,synt,hamming,0.1308760683760684,0.2435897435897436,-0.1127136752136752,0.1127136752136752
our,pronoun_anchor,P:we,nonlocative,family,synt,idf_jaccard,0.7425007428843031,0.96136917737447,-0.218868434490167,0.218868434490167
ours,pronoun_anchor,P:we,full,item,synt,jaccard,0.4633896186827221,0.7975676625122191,-0.334178043829497,0.334178043829497
ours,pronoun_anchor,P:we,full,item,synt,dice,0.3102711740008922,0.6672054556160782,-0.356934281615186,0.356934281615186
ours,pronoun_anchor,P:we,full,item,synt,hamming,0.1235576923076923,0.2403846153846154,-0.116826923076923,0.116826923076923
ours,pronoun_anchor,P:we,full,item,synt,idf_jaccard,0.7275199941486118,0.9266136435315704,-0.1990936493829587,0.1990936493829587
ours,pronoun_anchor,P:we,full,family,synt,jaccard,0.4750419631454114,0.7975676625122191,-0.3225256993668076,0.3225256993668076
ours,pronoun_anchor,P:we,full,family,synt,dice,0.3204663697324524,0.6672054556160782,-0.3467390858836258,0.3467390858836258
ours,pronoun_anchor,P:we,full,family,synt,hamming,0.1271367521367521,0.2403846153846154,-0.1132478632478632,0.1132478632478632
ours,pronoun_anchor,P:we,full,family,synt,idf_jaccard,0.7422201600551386,0.9277825562735426,-0.1855623962184039,0.1855623962184039
ours,pronoun_anchor,P:we,nonlocative,item,synt,jaccard,0.4633896186827221,0.7761760752688173,-0.3127864565860951,0.3127864565860951
ours,pronoun_anchor,P:we,nonlocative,item,synt,dice,0.3102711740008922,0.6363665334140303,-0.326095359413138,0.326095359413138
ours,pronoun_anchor,P:we,nonlocative,item,synt,hamming,0.1235576923076923,0.2307692307692308,-0.1072115384615384,0.1072115384615384
ours,pronoun_anchor,P:we,nonlocative,item,synt,idf_jaccard,0.743439908461024,0.9268060400820264,-0.1833661316210024,0.1833661316210024
ours,pronoun_anchor,P:we,nonlocative,family,synt,jaccard,0.4750419631454114,0.7761760752688173,-0.3011341121234058,0.3011341121234058
ours,pronoun_anchor,P:we,nonlocative,family,synt,dice,0.3204663697324524,0.6363665334140303,-0.3159001636815778,0.3159001636815778
ours,pronoun_anchor,P:we,nonlocative,family,synt,hamming,0.1271367521367521,0.2307692307692308,-0.1036324786324786,0.1036324786324786
ours,pronoun_anchor,P:we,nonlocative,family,synt,idf_jaccard,0.758035796002355,0.9272915719877975,-0.1692557759854425,0.1692557759854425
ourselves,pronoun_anchor,P:we,full,item,synt,jaccard,0.5210372618153485,0.7840803070109377,-0.2630430451955892,0.2630430451955892
ourselves,pronoun_anchor,P:we,full,item,synt,dice,0.3616002670776905,0.6500982782232783,-0.2884980111455877,0.2884980111455877
ourselves,pronoun_anchor,P:we,full,item,synt,hamming,0.1411057692307692,0.2283653846153846,-0.0872596153846154,0.0872596153846154
ourselves,pronoun_anchor,P:we,full,item,synt,idf_jaccard,0.7641365173032769,0.9204868188862576,-0.1563503015829808,0.1563503015829808
ourselves,pronoun_anchor,P:we,full,family,synt,jaccard,0.5294740886719629,0.7840803070109377,-0.2546062183389748,0.2546062183389748
ourselves,pronoun_anchor,P:we,full,family,synt,dice,0.3697044311199145,0.6500982782232783,-0.2803938471033637,0.2803938471033637
ourselves,pronoun_anchor,P:we,full,family,synt,hamming,0.1436965811965811,0.2283653846153846,-0.0846688034188034,0.0846688034188034
ourselves,pronoun_anchor,P:we,full,family,synt,idf_jaccard,0.773449251678217,0.923408612319192,-0.1499593606409749,0.1499593606409749
ourselves,pronoun_anchor,P:we,nonlocative,item,synt,jaccard,0.5210372618153485,0.753679854319454,-0.2326425925041054,0.2326425925041054
ourselves,pronoun_anchor,P:we,nonlocative,item,synt,dice,0.3616002670776905,0.6072128447128448,-0.2456125776351542,0.2456125776351542
ourselves,pronoun_anchor,P:we,nonlocative,item,synt,hamming,0.1411057692307692,0.2147435897435897,-0.0736378205128205,0.0736378205128205
ourselves,pronoun_anchor,P:we,nonlocative,item,synt,idf_jaccard,0.7796894239259515,0.9103626592206367,-0.1306732352946853,0.1306732352946853
ourselves,pronoun_anchor,P:we,nonlocative,family,synt,jaccard,0.5294740886719629,0.753679854319454,-0.224205765647491,0.224205765647491
ourselves,pronoun_anchor,P:we,nonlocative,family,synt,dice,0.3697044311199145,0.6072128447128448,-0.2375084135929302,0.2375084135929302
ourselves,pronoun_anchor,P:we,nonlocative,family,synt,hamming,0.1436965811965811,0.2147435897435897,-0.0710470085470085,0.0710470085470085
ourselves,pronoun_anchor,P:we,nonlocative,family,synt,idf_jaccard,0.7891218337630453,0.9133215823596036,-0.1241997485965581,0.1241997485965581
you_pron_sing,pronoun_anchor,P:you,full,item,synt,jaccard,0.5116114990359744,0.8131950647558268,-0.3015835657198524,0.3015835657198524
you_pron_sing,pronoun_anchor,P:you,full,item,synt,dice,0.3521930210723302,0.6898149768118808,-0.3376219557395505,0.3376219557395505
you_pron_sing,pronoun_anchor,P:you,full,item,synt,hamming,0.1314903846153846,0.2295673076923077,-0.0980769230769231,0.0980769230769231
you_pron_sing,pronoun_anchor,P:you,full,item,synt,idf_jaccard,0.7237767264486882,0.9384762218065692,-0.214699495357881,0.214699495357881
you_pron_sing,pronoun_anchor,P:you,full,family,synt,jaccard,0.5406226338775973,0.8131950647558268,-0.2725724308782294,0.2725724308782294
you_pron_sing,pronoun_anchor,P:you,full,family,synt,dice,0.3772122728235567,0.6898149768118808,-0.312602703988324,0.312602703988324
you_pron_sing,pronoun_anchor,P:you,full,family,synt,hamming,0.1392773892773892,0.2295673076923077,-0.0902899184149184,0.0902899184149184
you_pron_sing,pronoun_anchor,P:you,full,family,synt,idf_jaccard,0.7658306550934724,0.9403837099309076,-0.1745530548374351,0.1745530548374351
you_pron_sing,pronoun_anchor,P:you,nonlocative,item,synt,jaccard,0.5116114990359744,0.786027763108779,-0.2744162640728046,0.2744162640728046
you_pron_sing,pronoun_anchor,P:you,nonlocative,item,synt,dice,0.3521930210723302,0.6498925325550712,-0.2976995114827409,0.2976995114827409
you_pron_sing,pronoun_anchor,P:you,nonlocative,item,synt,hamming,0.1314903846153846,0.2179487179487179,-0.0864583333333333,0.0864583333333333
you_pron_sing,pronoun_anchor,P:you,nonlocative,item,synt,idf_jaccard,0.7394776380638823,0.9321905478749224,-0.1927129098110401,0.1927129098110401
you_pron_sing,pronoun_anchor,P:you,nonlocative,family,synt,jaccard,0.5406226338775973,0.786027763108779,-0.2454051292311816,0.2454051292311816
you_pron_sing,pronoun_anchor,P:you,nonlocative,family,synt,dice,0.3772122728235567,0.6498925325550712,-0.2726802597315145,0.2726802597315145
you_pron_sing,pronoun_anchor,P:you,nonlocative,family,synt,hamming,0.1392773892773892,0.2179487179487179,-0.0786713286713287,0.0786713286713287
you_pron_sing,pronoun_anchor,P:you,nonlocative,family,synt,idf_jaccard,0.7819175675726107,0.9334174580940778,-0.1514998905214671,0.1514998905214671
you_pron_plur,pronoun_anchor,P:you,full,item,synt,jaccard,0.4977441884019783,0.8326064622146513,-0.334862273812673,0.334862273812673
you_pron_plur,pronoun_anchor,P:you,full,item,synt,dice,0.3410639677749705,0.7200494794244794,-0.3789855116495088,0.3789855116495088
you_pron_plur,pronoun_anchor,P:you,full,item,synt,hamming,0.1329326923076922,0.2524038461538461,-0.1194711538461538,0.1194711538461538
you_pron_plur,pronoun_anchor,P:you,full,item,synt,idf_jaccard,0.6961612230739328,0.9352575631074028,-0.2390963400334701,0.2390963400334701
you_pron_plur,pronoun_anchor,P:you,full,family,synt,jaccard,0.5337095557321733,0.8326064622146513,-0.298896906482478,0.298896906482478
you_pron_plur,pronoun_anchor,P:you,full,family,synt,dice,0.3712962194927677,0.7200494794244794,-0.3487532599317116,0.3487532599317116
you_pron_plur,pronoun_anchor,P:you,full,family,synt,hamming,0.1433566433566433,0.2524038461538461,-0.1090472027972027,0.1090472027972027
you_pron_plur,pronoun_anchor,P:you,full,family,synt,idf_jaccard,0.7406328836405169,0.9350437721625988,-0.1944108885220818,0.1944108885220818
you_pron_plur,pronoun_anchor,P:you,nonlocative,item,synt,jaccard,0.4977441884019783,0.8042150333985011,-0.3064708449965228,0.3064708449965228
you_pron_plur,pronoun_anchor,P:you,nonlocative,item,synt,dice,0.3410639677749705,0.6766715891715892,-0.3356076213966186,0.3356076213966186
you_pron_plur,pronoun_anchor,P:you,nonlocative,item,synt,hamming,0.1329326923076922,0.2387820512820513,-0.105849358974359,0.105849358974359
you_pron_plur,pronoun_anchor,P:you,nonlocative,item,synt,idf_jaccard,0.7122195470703752,0.9286881539874834,-0.2164686069171082,0.2164686069171082
you_pron_plur,pronoun_anchor,P:you,nonlocative,family,synt,jaccard,0.5337095557321733,0.8042150333985011,-0.2705054776663278,0.2705054776663278
you_pron_plur,pronoun_anchor,P:you,nonlocative,family,synt,dice,0.3712962194927677,0.6766715891715892,-0.3053753696788214,0.3053753696788214
you_pron_plur,pronoun_anchor,P:you,nonlocative,family,synt,hamming,0.1433566433566433,0.2387820512820513,-0.0954254079254079,0.0954254079254079
you_pron_plur,pronoun_anchor,P:you,nonlocative,family,synt,idf_jaccard,0.7569367137892609,0.927818285197977,-0.1708815714087161,0.1708815714087161
your_sing,pronoun_anchor,P:you,full,item,synt,jaccard,0.5323304384255743,0.8920459285569826,-0.3597154901314083,0.3597154901314083
your_sing,pronoun_anchor,P:you,full,item,synt,dice,0.3781129073531987,0.8096909576688989,-0.4315780503157002,0.4315780503157002
your_sing,pronoun_anchor,P:you,full,item,synt,hamming,0.1374999999999999,0.2608173076923076,-0.1233173076923076,0.1233173076923076
your_sing,pronoun_anchor,P:you,full,item,synt,idf_jaccard,0.7045447319693168,0.967858672432494,-0.2633139404631772,0.2633139404631772
your_sing,pronoun_anchor,P:you,full,family,synt,jaccard,0.5723577100487837,0.8920459285569826,-0.3196882185081989,0.3196882185081989
your_sing,pronoun_anchor,P:you,full,family,synt,dice,0.4125300193903185,0.8096909576688989,-0.3971609382785803,0.3971609382785803
your_sing,pronoun_anchor,P:you,full,family,synt,hamming,0.1483100233100232,0.2608173076923076,-0.1125072843822843,0.1125072843822843
your_sing,pronoun_anchor,P:you,full,family,synt,idf_jaccard,0.7728535785206896,0.9667051123159588,-0.1938515337952691,0.1938515337952691
your_sing,pronoun_anchor,P:you,nonlocative,item,synt,jaccard,0.5323304384255743,0.8745424208716757,-0.3422119824461014,0.3422119824461014
your_sing,pronoun_anchor,P:you,nonlocative,item,synt,dice,0.3781129073531987,0.780398128743717,-0.4022852213905182,0.4022852213905182
your_sing,pronoun_anchor,P:you,nonlocative,item,synt,hamming,0.1374999999999999,0.2532051282051282,-0.1157051282051282,0.1157051282051282
your_sing,pronoun_anchor,P:you,nonlocative,item,synt,idf_jaccard,0.7183809273631981,0.9658234192817592,-0.2474424919185611,0.2474424919185611
your_sing,pronoun_anchor,P:you,nonlocative,family,synt,jaccard,0.5723577100487837,0.8745424208716757,-0.302184710822892,0.302184710822892
your_sing,pronoun_anchor,P:you,nonlocative,family,synt,dice,0.4125300193903185,0.780398128743717,-0.3678681093533984,0.3678681093533984
your_sing,pronoun_anchor,P:you,nonlocative,family,synt,hamming,0.1483100233100232,0.2532051282051282,-0.1048951048951049,0.1048951048951049
your_sing,pronoun_anchor,P:you,nonlocative,family,synt,idf_jaccard,0.7867895396132455,0.9640594438781792,-0.1772699042649337,0.1772699042649337
yours_sing,pronoun_anchor,P:you,full,item,synt,jaccard,0.4802473503096418,0.8038622707147374,-0.3236149204050956,0.3236149204050956
yours_sing,pronoun_anchor,P:you,full,item,synt,dice,0.327290941718947,0.6757679799239491,-0.348477038205002,0.348477038205002
yours_sing,pronoun_anchor,P:you,full,item,synt,hamming,0.1329326923076923,0.25,-0.1170673076923076,0.1170673076923076
yours_sing,pronoun_anchor,P:you,full,item,synt,idf_jaccard,0.7144243305001124,0.9298830464832176,-0.2154587159831053,0.2154587159831053
yours_sing,pronoun_anchor,P:you,full,family,synt,jaccard,0.5166368148941379,0.8038622707147374,-0.2872254558205994,0.2872254558205994
yours_sing,pronoun_anchor,P:you,full,family,synt,dice,0.3569226759466725,0.6757679799239491,-0.3188453039772765,0.3188453039772765
yours_sing,pronoun_anchor,P:you,full,family,synt,hamming,0.1439393939393939,0.25,-0.106060606060606,0.106060606060606
yours_sing,pronoun_anchor,P:you,full,family,synt,idf_jaccard,0.7787177724554749,0.9356441420031252,-0.1569263695476502,0.1569263695476502
yours_sing,pronoun_anchor,P:you,nonlocative,item,synt,jaccard,0.4802473503096418,0.7831948517432389,-0.3029475014335971,0.3029475014335971
yours_sing,pronoun_anchor,P:you,nonlocative,item,synt,dice,0.327290941718947,0.645695474000994,-0.3184045322820469,0.3184045322820469
yours_sing,pronoun_anchor,P:you,nonlocative,item,synt,hamming,0.1329326923076923,0.2403846153846154,-0.1074519230769231,0.1074519230769231
yours_sing,pronoun_anchor,P:you,nonlocative,item,synt,idf_jaccard,0.7286254697871124,0.9299674297873658,-0.2013419600002534,0.2013419600002534
yours_sing,pronoun_anchor,P:you,nonlocative,family,synt,jaccard,0.5166368148941379,0.7831948517432389,-0.2665580368491009,0.2665580368491009
yours_sing,pronoun_anchor,P:you,nonlocative,family,synt,dice,0.3569226759466725,0.645695474000994,-0.2887727980543215,0.2887727980543215
yours_sing,pronoun_anchor,P:you,nonlocative,family,synt,hamming,0.1439393939393939,0.2403846153846154,-0.0964452214452214,0.0964452214452214
yours_sing,pronoun_anchor,P:you,nonlocative,family,synt,idf_jaccard,0.7924108293584569,0.9350238010197002,-0.1426129716612433,0.1426129716612433
your_plur,pronoun_anchor,P:you,full,item,synt,jaccard,0.5323304384255743,0.8920459285569826,-0.3597154901314083,0.3597154901314083
your_plur,pronoun_anchor,P:you,full,item,synt,dice,0.3781129073531987,0.8096909576688989,-0.4315780503157002,0.4315780503157002
your_plur,pronoun_anchor,P:you,full,item,synt,hamming,0.1374999999999999,0.2608173076923076,-0.1233173076923076,0.1233173076923076
your_plur,pronoun_anchor,P:you,full,item,synt,idf_jaccard,0.7045447319693168,0.967858672432494,-0.2633139404631772,0.2633139404631772
your_plur,pronoun_anchor,P:you,full,family,synt,jaccard,0.5723577100487837,0.8920459285569826,-0.3196882185081989,0.3196882185081989
your_plur,pronoun_anchor,P:you,full,family,synt,dice,0.4125300193903185,0.8096909576688989,-0.3971609382785803,0.3971609382785803
your_plur,pronoun_anchor,P:you,full,family,synt,hamming,0.1483100233100232,0.2608173076923076,-0.1125072843822843,0.1125072843822843
your_plur,pronoun_anchor,P:you,full,family,synt,idf_jaccard,0.7728535785206896,0.9667051123159588,-0.1938515337952691,0.1938515337952691
your_plur,pronoun_anchor,P:you,nonlocative,item,synt,jaccard,0.5323304384255743,0.8745424208716757,-0.3422119824461014,0.3422119824461014
your_plur,pronoun_anchor,P:you,nonlocative,item,synt,dice,0.3781129073531987,0.780398128743717,-0.4022852213905182,0.4022852213905182
your_plur,pronoun_anchor,P:you,nonlocative,item,synt,hamming,0.1374999999999999,0.2532051282051282,-0.1157051282051282,0.1157051282051282
your_plur,pronoun_anchor,P:you,nonlocative,item,synt,idf_jaccard,0.7183809273631981,0.9658234192817592,-0.2474424919185611,0.2474424919185611
your_plur,pronoun_anchor,P:you,nonlocative,family,synt,jaccard,0.5723577100487837,0.8745424208716757,-0.302184710822892,0.302184710822892
your_plur,pronoun_anchor,P:you,nonlocative,family,synt,dice,0.4125300193903185,0.780398128743717,-0.3678681093533984,0.3678681093533984
your_plur,pronoun_anchor,P:you,nonlocative,family,synt,hamming,0.1483100233100232,0.2532051282051282,-0.1048951048951049,0.1048951048951049
your_plur,pronoun_anchor,P:you,nonlocative,family,synt,idf_jaccard,0.7867895396132455,0.9640594438781792,-0.1772699042649337,0.1772699042649337
yours_plur,pronoun_anchor,P:you,full,item,synt,jaccard,0.483381974975134,0.7728897804539705,-0.2895078054788365,0.2895078054788365
yours_plur,pronoun_anchor,P:you,full,item,synt,dice,0.3299129447222495,0.633345887079057,-0.3034329423568075,0.3034329423568075
yours_plur,pronoun_anchor,P:you,full,item,synt,hamming,0.1370192307692307,0.2403846153846154,-0.1033653846153846,0.1033653846153846
yours_plur,pronoun_anchor,P:you,full,item,synt,idf_jaccard,0.7127514643484509,0.9099824304099886,-0.1972309660615376,0.1972309660615376
yours_plur,pronoun_anchor,P:you,full,family,synt,jaccard,0.5232976961378889,0.7728897804539705,-0.2495920843160816,0.2495920843160816
yours_plur,pronoun_anchor,P:you,full,family,synt,dice,0.3621601169810114,0.633345887079057,-0.2711857700980455,0.2711857700980455
yours_plur,pronoun_anchor,P:you,full,family,synt,hamming,0.1494755244755244,0.2403846153846154,-0.0909090909090909,0.0909090909090909
yours_plur,pronoun_anchor,P:you,full,family,synt,idf_jaccard,0.7785582474595611,0.9170284681417964,-0.1384702206822351,0.1384702206822351
yours_plur,pronoun_anchor,P:you,nonlocative,item,synt,jaccard,0.483381974975134,0.7518506638970349,-0.2684686889219009,0.2684686889219009
yours_plur,pronoun_anchor,P:you,nonlocative,item,synt,dice,0.3299129447222495,0.6042773899567044,-0.2743644452344549,0.2743644452344549
yours_plur,pronoun_anchor,P:you,nonlocative,item,synt,hamming,0.1370192307692307,0.2307692307692308,-0.09375,0.09375
yours_plur,pronoun_anchor,P:you,nonlocative,item,synt,idf_jaccard,0.7264335520048133,0.9072370220230274,-0.180803470018214,0.180803470018214
yours_plur,pronoun_anchor,P:you,nonlocative,family,synt,jaccard,0.5232976961378889,0.7518506638970349,-0.228552967759146,0.228552967759146
yours_plur,pronoun_anchor,P:you,nonlocative,family,synt,dice,0.3621601169810114,0.6042773899567044,-0.2421172729756929,0.2421172729756929
yours_plur,pronoun_anchor,P:you,nonlocative,family,synt,hamming,0.1494755244755244,0.2307692307692308,-0.0812937062937063,0.0812937062937063
yours_plur,pronoun_anchor,P:you,nonlocative,family,synt,idf_jaccard,0.7919738078217801,0.9132872018909284,-0.1213133940691482,0.1213133940691482
yourself,pronoun_anchor,P:you,full,item,synt,jaccard,0.5096858546533185,0.7554020610924116,-0.2457162064390931,0.2457162064390931
yourself,pronoun_anchor,P:you,full,item,synt,dice,0.3536814056459568,0.6113337582087582,-0.2576523525628014,0.2576523525628014
yourself,pronoun_anchor,P:you,full,item,synt,hamming,0.1377403846153845,0.2151442307692307,-0.0774038461538461,0.0774038461538461
yourself,pronoun_anchor,P:you,full,item,synt,idf_jaccard,0.7232135890467472,0.9079743492783704,-0.1847607602316233,0.1847607602316233
yourself,pronoun_anchor,P:you,full,family,synt,jaccard,0.5405251020008157,0.7554020610924116,-0.2148769590915958,0.2148769590915958
yourself,pronoun_anchor,P:you,full,family,synt,dice,0.3804263404055245,0.6113337582087582,-0.2309074178032337,0.2309074178032337
yourself,pronoun_anchor,P:you,full,family,synt,hamming,0.1468531468531468,0.2151442307692307,-0.0682910839160839,0.0682910839160839
yourself,pronoun_anchor,P:you,full,family,synt,idf_jaccard,0.7856350535147962,0.9189621437350308,-0.1333270902202344,0.1333270902202344
yourself,pronoun_anchor,P:you,nonlocative,item,synt,jaccard,0.5096858546533185,0.7275513958912181,-0.2178655412378995,0.2178655412378995
yourself,pronoun_anchor,P:you,nonlocative,item,synt,dice,0.3536814056459568,0.5740860365860366,-0.2204046309400798,0.2204046309400798
yourself,pronoun_anchor,P:you,nonlocative,item,synt,hamming,0.1377403846153845,0.203525641025641,-0.0657852564102564,0.0657852564102564
yourself,pronoun_anchor,P:you,nonlocative,item,synt,idf_jaccard,0.7369294799711384,0.8975522998320936,-0.1606228198609551,0.1606228198609551
yourself,pronoun_anchor,P:you,nonlocative,family,synt,jaccard,0.5405251020008157,0.7275513958912181,-0.1870262938904023,0.1870262938904023
yourself,pronoun_anchor,P:you,nonlocative,family,synt,dice,0.3804263404055245,0.5740860365860366,-0.1936596961805121,0.1936596961805121
yourself,pronoun_anchor,P:you,nonlocative,family,synt,hamming,0.1468531468531468,0.203525641025641,-0.0566724941724941,0.0566724941724941
yourself,pronoun_anchor,P:you,nonlocative,family,synt,idf_jaccard,0.7996065994900795,0.908838051680936,-0.1092314521908563,0.1092314521908563
yourselves,pronoun_anchor,P:you,full,item,synt,jaccard,0.4981414622949662,0.778278433349146,-0.2801369710541798,0.2801369710541798
yourselves,pronoun_anchor,P:you,full,item,synt,dice,0.3427666110083919,0.6439203613465488,-0.3011537503381569,0.3011537503381569
yourselves,pronoun_anchor,P:you,full,item,synt,hamming,0.1391826923076922,0.2379807692307692,-0.0987980769230769,0.0987980769230769
yourselves,pronoun_anchor,P:you,full,item,synt,idf_jaccard,0.698195223570796,0.9065752804845816,-0.2083800569137857,0.2083800569137857
yourselves,pronoun_anchor,P:you,full,family,synt,jaccard,0.5360685353455098,0.778278433349146,-0.2422098980036362,0.2422098980036362
yourselves,pronoun_anchor,P:you,full,family,synt,dice,0.3744216935118319,0.6439203613465488,-0.2694986678347169,0.2694986678347169
yourselves,pronoun_anchor,P:you,full,family,synt,hamming,0.1509324009324009,0.2379807692307692,-0.0870483682983683,0.0870483682983683
yourselves,pronoun_anchor,P:you,full,family,synt,idf_jaccard,0.7635689406226535,0.9150387289330606,-0.1514697883104071,0.1514697883104071
yourselves,pronoun_anchor,P:you,nonlocative,item,synt,jaccard,0.4981414622949662,0.7490830685891169,-0.2509416062941506,0.2509416062941506
yourselves,pronoun_anchor,P:you,nonlocative,item,synt,dice,0.3427666110083919,0.6032319825644601,-0.2604653715560682,0.2604653715560682
yourselves,pronoun_anchor,P:you,nonlocative,item,synt,hamming,0.1391826923076922,0.2243589743589743,-0.0851762820512821,0.0851762820512821
yourselves,pronoun_anchor,P:you,nonlocative,item,synt,idf_jaccard,0.7125705254018369,0.8959944760080352,-0.1834239506061983,0.1834239506061983
yourselves,pronoun_anchor,P:you,nonlocative,family,synt,jaccard,0.5360685353455098,0.7490830685891169,-0.213014533243607,0.213014533243607
yourselves,pronoun_anchor,P:you,nonlocative,family,synt,dice,0.3744216935118319,0.6032319825644601,-0.2288102890526281,0.2288102890526281
yourselves,pronoun_anchor,P:you,nonlocative,family,synt,hamming,0.1509324009324009,0.2243589743589743,-0.0734265734265734,0.0734265734265734
yourselves,pronoun_anchor,P:you,nonlocative,family,synt,idf_jaccard,0.778083403565258,0.9047627789220076,-0.1266793753567496,0.1266793753567496
anybody,compound_anchor,C:any,full,item,sem,jaccard,0.7973367109626879,0.4123118625872249,0.3850248483754629,0.3850248483754629
anybody,compound_anchor,C:any,full,item,sem,dice,0.6655387969394254,0.2687070226011553,0.39683177433827,0.39683177433827
anybody,compound_anchor,C:any,full,item,sem,hamming,0.2257131045886729,0.0830508474576271,0.1426622571310458,0.1426622571310458
anybody,compound_anchor,C:any,full,item,sem,idf_jaccard,0.9272219685648734,0.5949739213009798,0.3322480472638935,0.3322480472638935
anybody,compound_anchor,C:any,full,family,sem,jaccard,0.7973367109626879,0.4510049075991104,0.3463318033635774,0.3463318033635774
anybody,compound_anchor,C:any,full,family,sem,dice,0.6655387969394254,0.2976623279254858,0.3678764690139395,0.3678764690139395
anybody,compound_anchor,C:any,full,family,sem,hamming,0.2257131045886729,0.0918079096045197,0.1339051949841532,0.1339051949841532
anybody,compound_anchor,C:any,full,family,sem,idf_jaccard,0.9254623284931984,0.6422941131489487,0.2831682153442498,0.2831682153442498
anybody,compound_anchor,C:any,nonlocative,item,sem,jaccard,0.7973367109626879,0.3636995686205173,0.4336371423421706,0.4336371423421706
anybody,compound_anchor,C:any,nonlocative,item,sem,dice,0.6655387969394254,0.2275155026117799,0.4380232943276455,0.4380232943276455
anybody,compound_anchor,C:any,nonlocative,item,sem,hamming,0.2257131045886729,0.0747303543913713,0.1509827501973016,0.1509827501973016
anybody,compound_anchor,C:any,nonlocative,item,sem,idf_jaccard,0.9286270431885586,0.5498945375028946,0.3787325056856639,0.3787325056856639
anybody,compound_anchor,C:any,nonlocative,family,sem,jaccard,0.7973367109626879,0.4010031764621136,0.3963335345005742,0.3963335345005742
anybody,compound_anchor,C:any,nonlocative,family,sem,dice,0.6655387969394254,0.2532563602739042,0.4122824366655212,0.4122824366655212
anybody,compound_anchor,C:any,nonlocative,family,sem,hamming,0.2257131045886729,0.0828625235404896,0.1428505810481833,0.1428505810481833
anybody,compound_anchor,C:any,nonlocative,family,sem,idf_jaccard,0.9267074802057608,0.5945448296183921,0.3321626505873687,0.3321626505873687
anyone,compound_anchor,C:any,full,item,sem,jaccard,0.7973367109626879,0.4125679012345678,0.38476880972812,0.38476880972812
anyone,compound_anchor,C:any,full,item,sem,dice,0.6655387969394254,0.2687969911121765,0.3967418058272489,0.3967418058272489
anyone,compound_anchor,C:any,full,item,sem,hamming,0.2257131045886729,0.0830508474576271,0.1426622571310458,0.1426622571310458
anyone,compound_anchor,C:any,full,item,sem,idf_jaccard,0.9272219685648734,0.5962982063228284,0.330923762242045,0.330923762242045
anyone,compound_anchor,C:any,full,family,sem,jaccard,0.7973367109626879,0.4513249559082892,0.3460117550543987,0.3460117550543987
anyone,compound_anchor,C:any,full,family,sem,dice,0.6655387969394254,0.2977747885642622,0.3677640083751631,0.3677640083751631
anyone,compound_anchor,C:any,full,family,sem,hamming,0.2257131045886729,0.0918079096045197,0.1339051949841532,0.1339051949841532
anyone,compound_anchor,C:any,full,family,sem,idf_jaccard,0.9254623284931984,0.643767786556051,0.2816945419371475,0.2816945419371475
anyone,compound_anchor,C:any,nonlocative,item,sem,jaccard,0.7973367109626879,0.3640487122305304,0.4332879987321574,0.4332879987321574
anyone,compound_anchor,C:any,nonlocative,item,sem,dice,0.6655387969394254,0.2276381869449905,0.4379006099944348,0.4379006099944348
anyone,compound_anchor,C:any,nonlocative,item,sem,hamming,0.2257131045886729,0.0747303543913713,0.1509827501973016,0.1509827501973016
anyone,compound_anchor,C:any,nonlocative,item,sem,idf_jaccard,0.9286270431885586,0.5515118380459115,0.377115205142647,0.377115205142647
anyone,compound_anchor,C:any,nonlocative,family,sem,jaccard,0.7973367109626879,0.4014299075410186,0.3959068034216692,0.3959068034216692
anyone,compound_anchor,C:any,nonlocative,family,sem,dice,0.6655387969394254,0.2534063077922727,0.4121324891471526,0.4121324891471526
anyone,compound_anchor,C:any,nonlocative,family,sem,hamming,0.2257131045886729,0.0828625235404896,0.1428505810481833,0.1428505810481833
anyone,compound_anchor,C:any,nonlocative,family,sem,idf_jaccard,0.9267074802057608,0.596375260915508,0.3303322192902528,0.3303322192902528
anything,compound_anchor,C:any,full,item,sem,jaccard,0.7659932385160606,0.4260997150997151,0.3398935234163455,0.3398935234163455
anything,compound_anchor,C:any,full,item,sem,dice,0.6264131339458824,0.2785151782793363,0.347897955666546,0.347897955666546
anything,compound_anchor,C:any,full,item,sem,hamming,0.2267465894997933,0.0920903954802259,0.1346561940195673,0.1346561940195673
anything,compound_anchor,C:any,full,item,sem,idf_jaccard,0.9063666593060268,0.6087776719985037,0.2975889873075229,0.2975889873075229
anything,compound_anchor,C:any,full,family,sem,jaccard,0.7659932385160606,0.4458190883190883,0.3201741501969723,0.3201741501969723
anything,compound_anchor,C:any,full,family,sem,dice,0.6264131339458824,0.29491391352155,0.3314992204243323,0.3314992204243323
anything,compound_anchor,C:any,full,family,sem,hamming,0.2267465894997933,0.097457627118644,0.1292889623811492,0.1292889623811492
anything,compound_anchor,C:any,full,family,sem,idf_jaccard,0.907035682275912,0.6372424043047495,0.2697932779711626,0.2697932779711626
anything,compound_anchor,C:any,nonlocative,item,sem,jaccard,0.7659932385160606,0.3726651126651127,0.3933281258509479,0.3933281258509479
anything,compound_anchor,C:any,nonlocative,item,sem,dice,0.6264131339458824,0.232037578605928,0.3943755553399544,0.3943755553399544
anything,compound_anchor,C:any,nonlocative,item,sem,hamming,0.2267465894997933,0.0808936825885978,0.1458529069111955,0.1458529069111955
anything,compound_anchor,C:any,nonlocative,item,sem,idf_jaccard,0.9093141571367054,0.561487409737124,0.3478267473995814,0.3478267473995814
anything,compound_anchor,C:any,nonlocative,family,sem,jaccard,0.7659932385160606,0.3906647673314339,0.3753284711846266,0.3753284711846266
anything,compound_anchor,C:any,nonlocative,family,sem,dice,0.6264131339458824,0.2456611055590068,0.3807520283868755,0.3807520283868755
anything,compound_anchor,C:any,nonlocative,family,sem,hamming,0.2267465894997933,0.0856873822975518,0.1410592072022415,0.1410592072022415
anything,compound_anchor,C:any,nonlocative,family,sem,idf_jaccard,0.9092204498527896,0.587087791035349,0.3221326588174407,0.3221326588174407
anywhere,compound_anchor,C:any,full,item,sem,jaccard,0.8428614690689861,0.5113549304327336,0.3315065386362524,0.3315065386362524
anywhere,compound_anchor,C:any,full,item,sem,dice,0.7317434706037896,0.3496943792478045,0.3820490913559851,0.3820490913559851
anywhere,compound_anchor,C:any,full,item,sem,hamming,0.2244729226953286,0.1,0.1244729226953286,0.1244729226953286
anywhere,compound_anchor,C:any,full,item,sem,idf_jaccard,0.927563355716336,0.6583137123866137,0.2692496433297223,0.2692496433297223
anywhere,compound_anchor,C:any,full,family,sem,jaccard,0.8428614690689861,0.5375071551044092,0.3053543139645769,0.3053543139645769
anywhere,compound_anchor,C:any,full,family,sem,dice,0.7317434706037896,0.3731275130104712,0.3586159575933184,0.3586159575933184
anywhere,compound_anchor,C:any,full,family,sem,hamming,0.2244729226953286,0.1059322033898305,0.1185407193054981,0.1185407193054981
anywhere,compound_anchor,C:any,full,family,sem,idf_jaccard,0.925491329519524,0.693853162497439,0.2316381670220849,0.2316381670220849
everybody,compound_anchor,C:every,full,item,sem,jaccard,0.7759390895438574,0.4268283503935677,0.3491107391502896,0.3491107391502896
everybody,compound_anchor,C:every,full,item,sem,dice,0.6377713393045653,0.2812620017268195,0.3565093375777458,0.3565093375777458
everybody,compound_anchor,C:every,full,item,sem,hamming,0.2265398925175692,0.0909604519774011,0.1355794405401681,0.1355794405401681
everybody,compound_anchor,C:every,full,item,sem,idf_jaccard,0.918396237168673,0.6071485323171733,0.3112477048514998,0.3112477048514998
everybody,compound_anchor,C:every,full,family,sem,jaccard,0.7759390895438574,0.4752350427350427,0.3007040468088147,0.3007040468088147
everybody,compound_anchor,C:every,full,family,sem,dice,0.6377713393045653,0.3171763762939838,0.3205949630105815,0.3205949630105815
everybody,compound_anchor,C:every,full,family,sem,hamming,0.2265398925175692,0.1024011299435028,0.1241387625740664,0.1241387625740664
everybody,compound_anchor,C:every,full,family,sem,idf_jaccard,0.9195306579162146,0.6755260381267477,0.2440046197894668,0.2440046197894668
everybody,compound_anchor,C:every,nonlocative,item,sem,jaccard,0.7759390895438574,0.3804049310373421,0.3955341585065153,0.3955341585065153
everybody,compound_anchor,C:every,nonlocative,item,sem,dice,0.6377713393045653,0.2416569513817028,0.3961143879228624,0.3961143879228624
everybody,compound_anchor,C:every,nonlocative,item,sem,hamming,0.2265398925175692,0.0824345146379044,0.1441053778796648,0.1441053778796648
everybody,compound_anchor,C:every,nonlocative,item,sem,idf_jaccard,0.9219155814076292,0.5694441516028721,0.352471429804757,0.352471429804757
everybody,compound_anchor,C:every,nonlocative,family,sem,jaccard,0.7759390895438574,0.4306837606837607,0.3452553288600967,0.3452553288600967
everybody,compound_anchor,C:every,nonlocative,family,sem,dice,0.6377713393045653,0.276517355340832,0.3612539839637332,0.3612539839637332
everybody,compound_anchor,C:every,nonlocative,family,sem,hamming,0.2265398925175692,0.0941619585687382,0.132377933948831,0.132377933948831
everybody,compound_anchor,C:every,nonlocative,family,sem,idf_jaccard,0.921570091949686,0.6334959575347464,0.2880741344149394,0.2880741344149394
everyone,compound_anchor,C:every,full,item,sem,jaccard,0.7759390895438574,0.4270372772691614,0.3489018122746959,0.3489018122746959
everyone,compound_anchor,C:every,full,item,sem,dice,0.6377713393045653,0.2813433025398276,0.3564280367647377,0.3564280367647377
everyone,compound_anchor,C:every,full,item,sem,hamming,0.2265398925175692,0.0909604519774011,0.1355794405401681,0.1355794405401681
everyone,compound_anchor,C:every,full,item,sem,idf_jaccard,0.918396237168673,0.6081841517966207,0.3102120853720523,0.3102120853720523
everyone,compound_anchor,C:every,full,family,sem,jaccard,0.7759390895438574,0.4754962013295347,0.3004428882143226,0.3004428882143226
everyone,compound_anchor,C:every,full,family,sem,dice,0.6377713393045653,0.317278002310244,0.3204933369943213,0.3204933369943213
everyone,compound_anchor,C:every,full,family,sem,hamming,0.2265398925175692,0.1024011299435028,0.1241387625740664,0.1241387625740664
everyone,compound_anchor,C:every,full,family,sem,idf_jaccard,0.9195306579162146,0.6766274739810315,0.242903183935183,0.242903183935183
everyone,compound_anchor,C:every,nonlocative,item,sem,jaccard,0.7759390895438574,0.3806898313222424,0.395249258221615,0.395249258221615
everyone,compound_anchor,C:every,nonlocative,item,sem,dice,0.6377713393045653,0.2417678161267139,0.3960035231778513,0.3960035231778513
everyone,compound_anchor,C:every,nonlocative,item,sem,hamming,0.2265398925175692,0.0824345146379044,0.1441053778796647,0.1441053778796647
everyone,compound_anchor,C:every,nonlocative,item,sem,idf_jaccard,0.9219155814076292,0.5707054753193644,0.3512101060882646,0.3512101060882646
everyone,compound_anchor,C:every,nonlocative,family,sem,jaccard,0.7759390895438574,0.4310319721430832,0.3449071174007741,0.3449071174007741
everyone,compound_anchor,C:every,nonlocative,family,sem,dice,0.6377713393045653,0.2766528566958456,0.3611184826087197,0.3611184826087197
everyone,compound_anchor,C:every,nonlocative,family,sem,hamming,0.2265398925175692,0.0941619585687382,0.132377933948831,0.132377933948831
everyone,compound_anchor,C:every,nonlocative,family,sem,idf_jaccard,0.921570091949686,0.6348873181566789,0.286682773793007,0.286682773793007
everything,compound_anchor,C:every,full,item,sem,jaccard,0.7941924037286744,0.4254754231275969,0.3687169806010774,0.3687169806010774
everything,compound_anchor,C:every,full,item,sem,dice,0.6615610943918223,0.278345601593623,0.3832154927981993,0.3832154927981993
everything,compound_anchor,C:every,full,item,sem,hamming,0.2300537412153782,0.0875706214689265,0.1424831197464517,0.1424831197464517
everything,compound_anchor,C:every,full,item,sem,idf_jaccard,0.9352002240527112,0.621589860417579,0.3136103636351321,0.3136103636351321
everything,compound_anchor,C:every,full,family,sem,jaccard,0.7941924037286744,0.4653093645484949,0.3288830391801794,0.3288830391801794
everything,compound_anchor,C:every,full,family,sem,dice,0.6615610943918223,0.3090882802214778,0.3524728141703445,0.3524728141703445
everything,compound_anchor,C:every,full,family,sem,hamming,0.2300537412153782,0.0967514124293785,0.1333023287859997,0.1333023287859997
everything,compound_anchor,C:every,full,family,sem,idf_jaccard,0.9351596559799557,0.6781378559148911,0.2570218000650645,0.2570218000650645
everything,compound_anchor,C:every,nonlocative,item,sem,jaccard,0.7941924037286744,0.3855746427485558,0.4086177609801186,0.4086177609801186
everything,compound_anchor,C:every,nonlocative,item,sem,dice,0.6615610943918223,0.2441725051481149,0.4173885892437074,0.4173885892437074
everything,compound_anchor,C:every,nonlocative,item,sem,hamming,0.2300537412153782,0.0808936825885978,0.1491600586267804,0.1491600586267804
everything,compound_anchor,C:every,nonlocative,item,sem,idf_jaccard,0.9373418434166771,0.5866512743651238,0.3506905690515535,0.3506905690515535
everything,compound_anchor,C:every,nonlocative,family,sem,jaccard,0.7941924037286744,0.4229487179487179,0.3712436857799565,0.3712436857799565
everything,compound_anchor,C:every,nonlocative,family,sem,dice,0.6615610943918223,0.2713327908449859,0.3902283035468363,0.3902283035468363
everything,compound_anchor,C:every,nonlocative,family,sem,hamming,0.2300537412153782,0.0894538606403013,0.1405998805750769,0.1405998805750769
everything,compound_anchor,C:every,nonlocative,family,sem,idf_jaccard,0.9363826995564346,0.6365363240743878,0.2998463754820468,0.2998463754820468
everywhere,compound_anchor,C:every,full,item,sem,jaccard,0.8397426035120671,0.5011134315382083,0.3386291719738588,0.3386291719738588
everywhere,compound_anchor,C:every,full,item,sem,dice,0.7262767144473934,0.3413089819767805,0.3849677324706128,0.3849677324706128
everywhere,compound_anchor,C:every,full,item,sem,hamming,0.2296403472509301,0.1,0.1296403472509301,0.1296403472509301
everywhere,compound_anchor,C:every,full,item,sem,idf_jaccard,0.9376176246250938,0.6542438853430558,0.283373739282038,0.283373739282038
everywhere,compound_anchor,C:every,full,family,sem,jaccard,0.8397426035120671,0.5308713678153824,0.3088712356966847,0.3088712356966847
everywhere,compound_anchor,C:every,full,family,sem,dice,0.7262767144473934,0.3675771684119166,0.3586995460354767,0.3586995460354767
everywhere,compound_anchor,C:every,full,family,sem,hamming,0.2296403472509301,0.106638418079096,0.1230019291718341,0.1230019291718341
everywhere,compound_anchor,C:every,full,family,sem,idf_jaccard,0.93760713827728,0.7107758984407728,0.2268312398365073,0.2268312398365073
nobody,compound_anchor,C:no,full,item,sem,jaccard,0.8114876290786684,0.4099191484843659,0.4015684805943025,0.4015684805943025
nobody,compound_anchor,C:no,full,item,sem,dice,0.6844752056449199,0.2650390168505399,0.41943618879438,0.41943618879438
nobody,compound_anchor,C:no,full,item,sem,hamming,0.233154195948739,0.0819209039548022,0.1512332919939367,0.1512332919939367
nobody,compound_anchor,C:no,full,item,sem,idf_jaccard,0.9463291889713252,0.6048652692382444,0.3414639197330809,0.3414639197330809
nobody,compound_anchor,C:no,full,family,sem,jaccard,0.8114876290786684,0.4430407575516271,0.3684468715270413,0.3684468715270413
nobody,compound_anchor,C:no,full,family,sem,dice,0.6844752056449199,0.2896612419256457,0.3948139637192742,0.3948139637192742
nobody,compound_anchor,C:no,full,family,sem,hamming,0.233154195948739,0.0896892655367231,0.1434649304120158,0.1434649304120158
nobody,compound_anchor,C:no,full,family,sem,idf_jaccard,0.9478081064471338,0.6659114529423859,0.2818966535047479,0.2818966535047479
nobody,compound_anchor,C:no,nonlocative,item,sem,jaccard,0.8114876290786684,0.3598956511209475,0.4515919779577209,0.4515919779577209
nobody,compound_anchor,C:no,nonlocative,item,sem,dice,0.6844752056449199,0.222999821459385,0.4614753841855349,0.4614753841855349
nobody,compound_anchor,C:no,nonlocative,item,sem,hamming,0.233154195948739,0.0731895223420647,0.1599646736066743,0.1599646736066743
nobody,compound_anchor,C:no,nonlocative,item,sem,idf_jaccard,0.947971362019495,0.5628712751913584,0.3851000868281365,0.3851000868281365
nobody,compound_anchor,C:no,nonlocative,family,sem,jaccard,0.8114876290786684,0.3950139393617655,0.4164736897169029,0.4164736897169029
nobody,compound_anchor,C:no,nonlocative,family,sem,dice,0.6844752056449199,0.2473416621255731,0.4371335435193468,0.4371335435193468
nobody,compound_anchor,C:no,nonlocative,family,sem,hamming,0.233154195948739,0.0809792843691148,0.1521749115796241,0.1521749115796241
nobody,compound_anchor,C:no,nonlocative,family,sem,idf_jaccard,0.9482098869766222,0.6177113568215407,0.3304985301550815,0.3304985301550815
no_one,compound_anchor,C:no,full,item,sem,jaccard,0.8169716977733905,0.4317513769107972,0.3852203208625933,0.3852203208625933
no_one,compound_anchor,C:no,full,item,sem,dice,0.692201719979904,0.2827658722118851,0.4094358477680189,0.4094358477680189
no_one,compound_anchor,C:no,full,item,sem,hamming,0.2416287722199255,0.0898305084745762,0.1517982637453493,0.1517982637453493
no_one,compound_anchor,C:no,full,item,sem,idf_jaccard,0.9512940652873711,0.6462919934253016,0.3050020718620696,0.3050020718620696
no_one,compound_anchor,C:no,full,family,sem,jaccard,0.8169716977733905,0.4656001157993912,0.3513715819739993,0.3513715819739993
no_one,compound_anchor,C:no,full,family,sem,dice,0.692201719979904,0.3083096376566085,0.3838920823232954,0.3838920823232954
no_one,compound_anchor,C:no,full,family,sem,hamming,0.2416287722199255,0.0981638418079096,0.1434649304120159,0.1434649304120159
no_one,compound_anchor,C:no,full,family,sem,idf_jaccard,0.9522758829746868,0.7007177048380479,0.251558178136639,0.251558178136639
no_one,compound_anchor,C:no,nonlocative,item,sem,jaccard,0.8169716977733905,0.3826864805520932,0.4342852172212973,0.4342852172212973
no_one,compound_anchor,C:no,nonlocative,item,sem,dice,0.692201719979904,0.2405490137197453,0.4516527062601586,0.4516527062601586
no_one,compound_anchor,C:no,nonlocative,item,sem,hamming,0.2416287722199255,0.0808936825885978,0.1607350896313277,0.1607350896313277
no_one,compound_anchor,C:no,nonlocative,item,sem,idf_jaccard,0.9526777859672788,0.6043946634132454,0.3482831225540335,0.3482831225540335
no_one,compound_anchor,C:no,nonlocative,family,sem,jaccard,0.8169716977733905,0.4194474973943573,0.3975242003790332,0.3975242003790332
no_one,compound_anchor,C:no,nonlocative,family,sem,dice,0.692201719979904,0.2664871518530055,0.4257145681268985,0.4257145681268985
no_one,compound_anchor,C:no,nonlocative,family,sem,hamming,0.2416287722199255,0.0894538606403013,0.1521749115796242,0.1521749115796242
no_one,compound_anchor,C:no,nonlocative,family,sem,idf_jaccard,0.952618222257281,0.656437187743315,0.2961810345139659,0.2961810345139659
nothing,compound_anchor,C:no,full,item,sem,jaccard,0.8307781365151521,0.4604358974358976,0.3703422390792545,0.3703422390792545
nothing,compound_anchor,C:no,full,item,sem,dice,0.7131026915335472,0.307732097349675,0.4053705941838721,0.4053705941838721
nothing,compound_anchor,C:no,full,item,sem,hamming,0.2542372881355932,0.1,0.1542372881355932,0.1542372881355932
nothing,compound_anchor,C:no,full,item,sem,idf_jaccard,0.9358587151249584,0.622693760718611,0.3131649544063473,0.3131649544063473
nothing,compound_anchor,C:no,full,family,sem,jaccard,0.8307781365151521,0.4896451133407655,0.3411330231743865,0.3411330231743865
nothing,compound_anchor,C:no,full,family,sem,dice,0.7131026915335472,0.3317470032201948,0.3813556883133523,0.3813556883133523
nothing,compound_anchor,C:no,full,family,sem,hamming,0.2542372881355932,0.1080508474576271,0.1461864406779661,0.1461864406779661
nothing,compound_anchor,C:no,full,family,sem,idf_jaccard,0.9377227040999478,0.6689295671782455,0.2687931369217023,0.2687931369217023
nothing,compound_anchor,C:no,nonlocative,item,sem,jaccard,0.8307781365151521,0.4105996982083937,0.4201784383067583,0.4201784383067583
nothing,compound_anchor,C:no,nonlocative,item,sem,dice,0.7131026915335472,0.2634356220050461,0.4496670695285011,0.4496670695285011
nothing,compound_anchor,C:no,nonlocative,item,sem,hamming,0.2542372881355932,0.0901386748844376,0.1640986132511556,0.1640986132511556
nothing,compound_anchor,C:no,nonlocative,item,sem,idf_jaccard,0.93719601974357,0.569372274843791,0.367823744899779,0.367823744899779
nothing,compound_anchor,C:no,nonlocative,family,sem,jaccard,0.8307781365151521,0.4404511609342527,0.3903269755808994,0.3903269755808994
nothing,compound_anchor,C:no,nonlocative,family,sem,dice,0.7131026915335472,0.2863400149709371,0.4267626765626101,0.4267626765626101
nothing,compound_anchor,C:no,nonlocative,family,sem,hamming,0.2542372881355932,0.0979284369114877,0.1563088512241054,0.1563088512241054
nothing,compound_anchor,C:no,nonlocative,family,sem,idf_jaccard,0.9379758243730382,0.6125666980634586,0.3254091263095795,0.3254091263095795
nowhere,compound_anchor,C:no,full,item,sem,jaccard,0.8787911650559841,0.5366666055361707,0.3421245595198133,0.3421245595198133
nowhere,compound_anchor,C:no,full,item,sem,dice,0.7863292694319964,0.3751897541075059,0.4111395153244905,0.4111395153244905
nowhere,compound_anchor,C:no,full,item,sem,hamming,0.2358412567176519,0.1045197740112994,0.1313214827063524,0.1313214827063524
nowhere,compound_anchor,C:no,full,item,sem,idf_jaccard,0.947133491565502,0.6715851912140899,0.2755483003514122,0.2755483003514122
nowhere,compound_anchor,C:no,full,family,sem,jaccard,0.8787911650559841,0.5573851108633717,0.3214060541926123,0.3214060541926123
nowhere,compound_anchor,C:no,full,family,sem,dice,0.7863292694319964,0.3955596397950648,0.3907696296369315,0.3907696296369315
nowhere,compound_anchor,C:no,full,family,sem,hamming,0.2358412567176519,0.1094632768361582,0.1263779798814937,0.1263779798814937
nowhere,compound_anchor,C:no,full,family,sem,idf_jaccard,0.9473463376668092,0.714468319583926,0.2328780180828831,0.2328780180828831
somebody,compound_anchor,C:some,full,item,sem,jaccard,0.8205311035560919,0.4354697800716106,0.3850613234844813,0.3850613234844813
somebody,compound_anchor,C:some,full,item,sem,dice,0.6979138264002361,0.2891179867398283,0.4087958396604078,0.4087958396604078
somebody,compound_anchor,C:some,full,item,sem,hamming,0.2273666804464655,0.0853107344632768,0.1420559459831886,0.1420559459831886
somebody,compound_anchor,C:some,full,item,sem,idf_jaccard,0.9534762594723454,0.60988070299377,0.3435955564785754,0.3435955564785754
somebody,compound_anchor,C:some,full,family,sem,jaccard,0.8205311035560919,0.4674087928979233,0.3531223106581686,0.3531223106581686
somebody,compound_anchor,C:some,full,family,sem,dice,0.6979138264002361,0.312844728989678,0.3850690974105581,0.3850690974105581
somebody,compound_anchor,C:some,full,family,sem,hamming,0.2273666804464655,0.0939265536723163,0.1334401267741491,0.1334401267741491
somebody,compound_anchor,C:some,full,family,sem,idf_jaccard,0.9539581307348758,0.6490661196514268,0.304892011083449,0.304892011083449
somebody,compound_anchor,C:some,nonlocative,item,sem,jaccard,0.8205311035560919,0.3745328496711896,0.4459982538849023,0.4459982538849023
somebody,compound_anchor,C:some,nonlocative,item,sem,dice,0.6979138264002361,0.2367009565151979,0.4612128698850382,0.4612128698850382
somebody,compound_anchor,C:some,nonlocative,item,sem,hamming,0.2273666804464655,0.0747303543913713,0.1526363260550941,0.1526363260550941
somebody,compound_anchor,C:some,nonlocative,item,sem,idf_jaccard,0.955400410673856,0.5515629678357427,0.4038374428381133,0.4038374428381133
somebody,compound_anchor,C:some,nonlocative,family,sem,jaccard,0.8205311035560919,0.4136706610619654,0.4068604424941265,0.4068604424941265
somebody,compound_anchor,C:some,nonlocative,family,sem,dice,0.6979138264002361,0.264246702843194,0.433667123557042,0.433667123557042
somebody,compound_anchor,C:some,nonlocative,family,sem,hamming,0.2273666804464655,0.083804143126177,0.1435625373202884,0.1435625373202884
somebody,compound_anchor,C:some,nonlocative,family,sem,idf_jaccard,0.954787269319486,0.5940012526784862,0.3607860166409997,0.3607860166409997
someone,compound_anchor,C:some,full,item,sem,jaccard,0.8205311035560919,0.4357897499567979,0.384741353599294,0.384741353599294
someone,compound_anchor,C:some,full,item,sem,dice,0.6979138264002361,0.2892180868399284,0.4086957395603077,0.4086957395603077
someone,compound_anchor,C:some,full,item,sem,hamming,0.2273666804464655,0.0853107344632768,0.1420559459831886,0.1420559459831886
someone,compound_anchor,C:some,full,item,sem,idf_jaccard,0.9534762594723454,0.6115142129541881,0.3419620465181573,0.3419620465181573
someone,compound_anchor,C:some,full,family,sem,jaccard,0.8205311035560919,0.4678087552544074,0.3527223483016845,0.3527223483016845
someone,compound_anchor,C:some,full,family,sem,dice,0.6979138264002361,0.3129698541148031,0.384943972285433,0.384943972285433
someone,compound_anchor,C:some,full,family,sem,hamming,0.2273666804464655,0.0939265536723163,0.1334401267741491,0.1334401267741491
someone,compound_anchor,C:some,full,family,sem,idf_jaccard,0.9539581307348758,0.6508742171170774,0.3030839136177984,0.3030839136177984
someone,compound_anchor,C:some,nonlocative,item,sem,jaccard,0.8205311035560919,0.3749691722418996,0.4455619313141923,0.4455619313141923
someone,compound_anchor,C:some,nonlocative,item,sem,dice,0.6979138264002361,0.2368374566516981,0.461076369748538,0.461076369748538
someone,compound_anchor,C:some,nonlocative,item,sem,hamming,0.2273666804464655,0.0747303543913713,0.1526363260550941,0.1526363260550941
someone,compound_anchor,C:some,nonlocative,item,sem,idf_jaccard,0.955400410673856,0.5535358687970521,0.4018645418768038,0.4018645418768038
someone,compound_anchor,C:some,nonlocative,family,sem,jaccard,0.8205311035560919,0.4142039442039442,0.4063271593521477,0.4063271593521477
someone,compound_anchor,C:some,nonlocative,family,sem,dice,0.6979138264002361,0.2644135363433608,0.4335002900568753,0.4335002900568753
someone,compound_anchor,C:some,nonlocative,family,sem,hamming,0.2273666804464655,0.083804143126177,0.1435625373202884,0.1435625373202884
someone,compound_anchor,C:some,nonlocative,family,sem,idf_jaccard,0.954787269319486,0.5962122269057255,0.3585750424137605,0.3585750424137605
something,compound_anchor,C:some,full,item,sem,jaccard,0.8086994633500472,0.4644184377082928,0.3442810256417543,0.3442810256417543
something,compound_anchor,C:some,full,item,sem,dice,0.6813838794691155,0.3121237946360653,0.3692600848330502,0.3692600848330502
something,compound_anchor,C:some,full,item,sem,hamming,0.2331541959487391,0.0966101694915254,0.1365440264572137,0.1365440264572137
something,compound_anchor,C:some,full,item,sem,idf_jaccard,0.9411464617583424,0.6392998278970143,0.301846633861328,0.301846633861328
something,compound_anchor,C:some,full,family,sem,jaccard,0.8086994633500472,0.4852849518972708,0.3234145114527763,0.3234145114527763
something,compound_anchor,C:some,full,family,sem,dice,0.6813838794691155,0.3290436321839705,0.352340247285145,0.352340247285145
something,compound_anchor,C:some,full,family,sem,hamming,0.2331541959487391,0.1038135593220339,0.1293406366267052,0.1293406366267052
something,compound_anchor,C:some,full,family,sem,idf_jaccard,0.9429277675678458,0.6622895116948865,0.2806382558729593,0.2806382558729593
something,compound_anchor,C:some,nonlocative,item,sem,jaccard,0.8086994633500472,0.4019092582136059,0.4067902051364412,0.4067902051364412
something,compound_anchor,C:some,nonlocative,item,sem,dice,0.6813838794691155,0.25549117121646,0.4258927082526554,0.4258927082526554
something,compound_anchor,C:some,nonlocative,item,sem,hamming,0.2331541959487391,0.083975346687211,0.149178849261528,0.149178849261528
something,compound_anchor,C:some,nonlocative,item,sem,idf_jaccard,0.9440381395673586,0.5804308418341099,0.3636072977332487,0.3636072977332487
something,compound_anchor,C:some,nonlocative,family,sem,jaccard,0.8086994633500472,0.427730363213455,0.3809691001365922,0.3809691001365922
something,compound_anchor,C:some,nonlocative,family,sem,dice,0.6813838794691155,0.275229950005303,0.4061539294638124,0.4061539294638124
something,compound_anchor,C:some,nonlocative,family,sem,hamming,0.2331541959487391,0.091337099811676,0.141817096137063,0.141817096137063
something,compound_anchor,C:some,nonlocative,family,sem,idf_jaccard,0.9445071237527984,0.6055624086196973,0.3389447151331012,0.3389447151331012
somewhere,compound_anchor,C:some,full,item,sem,jaccard,0.8894669128669428,0.5758397949846328,0.31362711788231,0.31362711788231
somewhere,compound_anchor,C:some,full,item,sem,dice,0.8059400378453315,0.4124805103299726,0.3934595275153589,0.3934595275153589
somewhere,compound_anchor,C:some,full,item,sem,hamming,0.2232327408019842,0.1056497175141242,0.11758302328786,0.11758302328786
somewhere,compound_anchor,C:some,full,item,sem,idf_jaccard,0.956235706453658,0.6941260802810503,0.2621096261726076,0.2621096261726076
somewhere,compound_anchor,C:some,full,family,sem,jaccard,0.8894669128669428,0.5844613978661294,0.3050055150008134,0.3050055150008134
somewhere,compound_anchor,C:some,full,family,sem,dice,0.8059400378453315,0.422743495055323,0.3831965427900085,0.3831965427900085
somewhere,compound_anchor,C:some,full,family,sem,hamming,0.2232327408019842,0.1094632768361581,0.1137694639658261,0.1137694639658261
somewhere,compound_anchor,C:some,full,family,sem,idf_jaccard,0.9559132215919934,0.7081842284376565,0.2477289931543369,0.2477289931543369
he,pronoun_anchor,P:he,full,item,sem,jaccard,0.6144279433338766,0.8575247668824317,-0.2430968235485551,0.2430968235485551
he,pronoun_anchor,P:he,full,item,sem,dice,0.4683252165300998,0.7509051068322489,-0.282579890302149,0.282579890302149
he,pronoun_anchor,P:he,full,item,sem,hamming,0.1387711864406779,0.1922669491525423,-0.0534957627118644,0.0534957627118644
he,pronoun_anchor,P:he,full,item,sem,idf_jaccard,0.793552481833909,0.9737689071841452,-0.1802164253502363,0.1802164253502363
he,pronoun_anchor,P:he,full,family,sem,jaccard,0.6145863755657628,0.8575247668824317,-0.2429383913166689,0.2429383913166689
he,pronoun_anchor,P:he,full,family,sem,dice,0.4704562847318342,0.7509051068322489,-0.2804488221004146,0.2804488221004146
he,pronoun_anchor,P:he,full,family,sem,hamming,0.1401740723774621,0.1922669491525423,-0.0520928767750801,0.0520928767750801
he,pronoun_anchor,P:he,full,family,sem,idf_jaccard,0.7839199651112349,0.973737500872532,-0.189817535761297,0.189817535761297
he,pronoun_anchor,P:he,nonlocative,item,sem,jaccard,0.6144279433338766,0.8577081432828558,-0.2432801999489792,0.2432801999489792
he,pronoun_anchor,P:he,nonlocative,item,sem,dice,0.4683252165300998,0.751171417769926,-0.2828462012398262,0.2828462012398262
he,pronoun_anchor,P:he,nonlocative,item,sem,hamming,0.1387711864406779,0.2012711864406779,-0.0625,0.0625
he,pronoun_anchor,P:he,nonlocative,item,sem,idf_jaccard,0.8023850417206129,0.9744997714117724,-0.1721147296911596,0.1721147296911596
he,pronoun_anchor,P:he,nonlocative,family,sem,jaccard,0.6145863755657628,0.8577081432828558,-0.243121767717093,0.243121767717093
he,pronoun_anchor,P:he,nonlocative,family,sem,dice,0.4704562847318342,0.751171417769926,-0.2807151330380918,0.2807151330380918
he,pronoun_anchor,P:he,nonlocative,family,sem,hamming,0.1401740723774621,0.2012711864406779,-0.0610971140632157,0.0610971140632157
he,pronoun_anchor,P:he,nonlocative,family,sem,idf_jaccard,0.7925486991707461,0.9743758109810636,-0.1818271118103174,0.1818271118103174
him,pronoun_anchor,P:he,full,item,sem,jaccard,0.5635747169162004,0.8456973848821869,-0.2821226679659865,0.2821226679659865
him,pronoun_anchor,P:he,full,item,sem,dice,0.403334317881157,0.7355568841325019,-0.3322225662513448,0.3322225662513448
him,pronoun_anchor,P:he,full,item,sem,hamming,0.1366525423728813,0.2240466101694914,-0.0873940677966101,0.0873940677966101
him,pronoun_anchor,P:he,full,item,sem,idf_jaccard,0.7990167528027082,0.9691668631174692,-0.170150110314761,0.170150110314761
him,pronoun_anchor,P:he,full,family,sem,jaccard,0.5663329385380838,0.8456973848821869,-0.2793644463441032,0.2793644463441032
him,pronoun_anchor,P:he,full,family,sem,dice,0.4067892479083952,0.7355568841325019,-0.3287676362241066,0.3287676362241066
him,pronoun_anchor,P:he,full,family,sem,hamming,0.1387998167659184,0.2240466101694914,-0.085246793403573,0.085246793403573
him,pronoun_anchor,P:he,full,family,sem,idf_jaccard,0.7961426107095884,0.9688047742481032,-0.1726621635385148,0.1726621635385148
him,pronoun_anchor,P:he,nonlocative,item,sem,jaccard,0.5635747169162004,0.8223894243670098,-0.2588147074508093,0.2588147074508093
him,pronoun_anchor,P:he,nonlocative,item,sem,dice,0.403334317881157,0.6991774958880222,-0.2958431780068652,0.2958431780068652
him,pronoun_anchor,P:he,nonlocative,item,sem,hamming,0.1366525423728813,0.222457627118644,-0.0858050847457627,0.0858050847457627
him,pronoun_anchor,P:he,nonlocative,item,sem,idf_jaccard,0.8130401232201387,0.968409777042266,-0.1553696538221272,0.1553696538221272
him,pronoun_anchor,P:he,nonlocative,family,sem,jaccard,0.5663329385380838,0.8223894243670098,-0.256056485828926,0.256056485828926
him,pronoun_anchor,P:he,nonlocative,family,sem,dice,0.4067892479083952,0.6991774958880222,-0.292388247979627,0.292388247979627
him,pronoun_anchor,P:he,nonlocative,family,sem,hamming,0.1387998167659184,0.222457627118644,-0.0836578103527256,0.0836578103527256
him,pronoun_anchor,P:he,nonlocative,family,sem,idf_jaccard,0.8105568264391346,0.9684472809433424,-0.1578904545042077,0.1578904545042077
himself,pronoun_anchor,P:he,full,item,sem,jaccard,0.592356264259179,0.773382960041313,-0.181026695782134,0.181026695782134
himself,pronoun_anchor,P:he,full,item,sem,dice,0.4490730102109672,0.6309226327457718,-0.1818496225348045,0.1818496225348045
himself,pronoun_anchor,P:he,full,item,sem,hamming,0.1536016949152541,0.1933262711864406,-0.0397245762711864,0.0397245762711864
himself,pronoun_anchor,P:he,full,item,sem,idf_jaccard,0.8042291934698206,0.9129513015230803,-0.1087221080532597,0.1087221080532597
himself,pronoun_anchor,P:he,full,family,sem,jaccard,0.5919361333514466,0.773382960041313,-0.1814468266898664,0.1814468266898664
himself,pronoun_anchor,P:he,full,family,sem,dice,0.4506634679842008,0.6309226327457718,-0.1802591647615709,0.1802591647615709
himself,pronoun_anchor,P:he,full,family,sem,hamming,0.1552908841044434,0.1933262711864406,-0.0380353870819972,0.0380353870819972
himself,pronoun_anchor,P:he,full,family,sem,idf_jaccard,0.7990478091492788,0.9152066284381224,-0.1161588192888437,0.1161588192888437
himself,pronoun_anchor,P:he,nonlocative,item,sem,jaccard,0.592356264259179,0.7670128179739554,-0.1746565537147764,0.1746565537147764
himself,pronoun_anchor,P:he,nonlocative,item,sem,dice,0.4490730102109672,0.6223889375205165,-0.1733159273095493,0.1733159273095493
himself,pronoun_anchor,P:he,nonlocative,item,sem,hamming,0.1536016949152541,0.1984463276836157,-0.0448446327683616,0.0448446327683616
himself,pronoun_anchor,P:he,nonlocative,item,sem,idf_jaccard,0.8137819522434189,0.9240068377075368,-0.110224885464118,0.110224885464118
himself,pronoun_anchor,P:he,nonlocative,family,sem,jaccard,0.5919361333514466,0.7670128179739554,-0.1750766846225088,0.1750766846225088
himself,pronoun_anchor,P:he,nonlocative,family,sem,dice,0.4506634679842008,0.6223889375205165,-0.1717254695363156,0.1717254695363156
himself,pronoun_anchor,P:he,nonlocative,family,sem,hamming,0.1552908841044434,0.1984463276836157,-0.0431554435791723,0.0431554435791723
himself,pronoun_anchor,P:he,nonlocative,family,sem,idf_jaccard,0.8085705681230677,0.9262364269476496,-0.1176658588245819,0.1176658588245819
his,pronoun_anchor,P:he,full,item,sem,jaccard,0.5257201885080798,0.7554091405194348,-0.2296889520113549,0.2296889520113549
his,pronoun_anchor,P:he,full,item,sem,dice,0.3721536326838589,0.6119695495650884,-0.2398159168812295,0.2398159168812295
his,pronoun_anchor,P:he,full,item,sem,hamming,0.1411016949152542,0.2219279661016948,-0.0808262711864406,0.0808262711864406
his,pronoun_anchor,P:he,full,item,sem,idf_jaccard,0.7208239438983103,0.8891067966998457,-0.1682828528015354,0.1682828528015354
his,pronoun_anchor,P:he,full,family,sem,jaccard,0.5196131494968437,0.7554091405194348,-0.235795991022591,0.235795991022591
his,pronoun_anchor,P:he,full,family,sem,dice,0.3672831498802518,0.6119695495650884,-0.2446863996848366,0.2446863996848366
his,pronoun_anchor,P:he,full,family,sem,hamming,0.1404031149793861,0.2219279661016948,-0.0815248511223087,0.0815248511223087
his,pronoun_anchor,P:he,full,family,sem,idf_jaccard,0.7077088479114053,0.8916626379683871,-0.1839537900569817,0.1839537900569817
his,pronoun_anchor,P:he,nonlocative,item,sem,jaccard,0.5257201885080798,0.7285431439843205,-0.2028229554762407,0.2028229554762407
his,pronoun_anchor,P:he,nonlocative,item,sem,dice,0.3721536326838589,0.5755044275627069,-0.203350794878848,0.203350794878848
his,pronoun_anchor,P:he,nonlocative,item,sem,hamming,0.1411016949152542,0.2168079096045197,-0.0757062146892655,0.0757062146892655
his,pronoun_anchor,P:he,nonlocative,item,sem,idf_jaccard,0.7309402198818586,0.8812475457219402,-0.1503073258400815,0.1503073258400815
his,pronoun_anchor,P:he,nonlocative,family,sem,jaccard,0.5196131494968437,0.7285431439843205,-0.2089299944874768,0.2089299944874768
his,pronoun_anchor,P:he,nonlocative,family,sem,dice,0.3672831498802518,0.5755044275627069,-0.2082212776824551,0.2082212776824551
his,pronoun_anchor,P:he,nonlocative,family,sem,hamming,0.1404031149793861,0.2168079096045197,-0.0764047946251336,0.0764047946251336
his,pronoun_anchor,P:he,nonlocative,family,sem,idf_jaccard,0.7180606588151345,0.8843408911985838,-0.1662802323834493,0.1662802323834493
she,pronoun_anchor,P:she,full,item,sem,jaccard,0.5848572604323631,0.8627929244235557,-0.2779356639911926,0.2779356639911926
she,pronoun_anchor,P:she,full,item,sem,dice,0.438075924835143,0.7589886202652429,-0.3209126954300999,0.3209126954300999
she,pronoun_anchor,P:she,full,item,sem,hamming,0.1334745762711864,0.2007415254237287,-0.0672669491525423,0.0672669491525423
she,pronoun_anchor,P:she,full,item,sem,idf_jaccard,0.7754499000515521,0.9743148070904512,-0.1988649070388991,0.1988649070388991
she,pronoun_anchor,P:she,full,family,sem,jaccard,0.5813698275331273,0.8627929244235557,-0.2814230968904284,0.2814230968904284
she,pronoun_anchor,P:she,full,family,sem,dice,0.4363762480531571,0.7589886202652429,-0.3226123722120858,0.3226123722120858
she,pronoun_anchor,P:she,full,family,sem,hamming,0.1327683615819209,0.2007415254237287,-0.0679731638418078,0.0679731638418078
she,pronoun_anchor,P:she,full,family,sem,idf_jaccard,0.7632730542420806,0.9743241773807826,-0.211051123138702,0.211051123138702
she,pronoun_anchor,P:she,nonlocative,item,sem,jaccard,0.5848572604323631,0.8627119944695029,-0.2778547340371398,0.2778547340371398
she,pronoun_anchor,P:she,nonlocative,item,sem,dice,0.438075924835143,0.7588489941431118,-0.3207730693079688,0.3207730693079688
she,pronoun_anchor,P:she,nonlocative,item,sem,hamming,0.1334745762711864,0.2097457627118644,-0.0762711864406779,0.0762711864406779
she,pronoun_anchor,P:she,nonlocative,item,sem,idf_jaccard,0.7858003979662752,0.9749333839777752,-0.1891329860115,0.1891329860115
she,pronoun_anchor,P:she,nonlocative,family,sem,jaccard,0.5813698275331273,0.8627119944695029,-0.2813421669363756,0.2813421669363756
she,pronoun_anchor,P:she,nonlocative,family,sem,dice,0.4363762480531571,0.7588489941431118,-0.3224727460899546,0.3224727460899546
she,pronoun_anchor,P:she,nonlocative,family,sem,hamming,0.1327683615819209,0.2097457627118644,-0.0769774011299434,0.0769774011299434
she,pronoun_anchor,P:she,nonlocative,family,sem,idf_jaccard,0.7738385389378375,0.9747913642704762,-0.2009528253326387,0.2009528253326387
her_acc,pronoun_anchor,P:she,full,item,sem,jaccard,0.5142983576573978,0.8136721145875263,-0.2993737569301284,0.2993737569301284
her_acc,pronoun_anchor,P:she,full,item,sem,dice,0.3561965721431274,0.6884343476566727,-0.3322377755135453,0.3322377755135453
her_acc,pronoun_anchor,P:she,full,item,sem,hamming,0.123728813559322,0.215572033898305,-0.091843220338983,0.091843220338983
her_acc,pronoun_anchor,P:she,full,item,sem,idf_jaccard,0.7644041189935412,0.9564299750504424,-0.1920258560569011,0.1920258560569011
her_acc,pronoun_anchor,P:she,full,family,sem,jaccard,0.5167376949144062,0.8136721145875263,-0.29693441967312,0.29693441967312
her_acc,pronoun_anchor,P:she,full,family,sem,dice,0.3589762455725642,0.6884343476566727,-0.3294581020841085,0.3294581020841085
her_acc,pronoun_anchor,P:she,full,family,sem,hamming,0.1247645951035781,0.215572033898305,-0.0908074387947268,0.0908074387947268
her_acc,pronoun_anchor,P:she,full,family,sem,idf_jaccard,0.7753625239549164,0.957703091019566,-0.1823405670646495,0.1823405670646495
her_acc,pronoun_anchor,P:she,nonlocative,item,sem,jaccard,0.5142983576573978,0.7910192113257816,-0.2767208536683837,0.2767208536683837
her_acc,pronoun_anchor,P:she,nonlocative,item,sem,dice,0.3561965721431274,0.6550527742119527,-0.2988562020688253,0.2988562020688253
her_acc,pronoun_anchor,P:she,nonlocative,item,sem,hamming,0.123728813559322,0.2139830508474576,-0.0902542372881356,0.0902542372881356
her_acc,pronoun_anchor,P:she,nonlocative,item,sem,idf_jaccard,0.7795775371955455,0.9550101061574188,-0.1754325689618732,0.1754325689618732
her_acc,pronoun_anchor,P:she,nonlocative,family,sem,jaccard,0.5167376949144062,0.7910192113257816,-0.2742815164113753,0.2742815164113753
her_acc,pronoun_anchor,P:she,nonlocative,family,sem,dice,0.3589762455725642,0.6550527742119527,-0.2960765286393885,0.2960765286393885
her_acc,pronoun_anchor,P:she,nonlocative,family,sem,hamming,0.1247645951035781,0.2139830508474576,-0.0892184557438794,0.0892184557438794
her_acc,pronoun_anchor,P:she,nonlocative,family,sem,idf_jaccard,0.791335139979463,0.9565562386394304,-0.1652210986599672,0.1652210986599672
her_dep,pronoun_anchor,P:she,full,item,sem,jaccard,0.613289040295926,0.8406286781969214,-0.2273396379009954,0.2273396379009954
her_dep,pronoun_anchor,P:she,full,item,sem,dice,0.4799772754187286,0.7296397986110214,-0.2496625231922927,0.2496625231922927
her_dep,pronoun_anchor,P:she,full,item,sem,hamming,0.1953389830508474,0.2897245762711865,-0.094385593220339,0.094385593220339
her_dep,pronoun_anchor,P:she,full,item,sem,idf_jaccard,0.7551669852563672,0.9288223337905196,-0.1736553485341525,0.1736553485341525
her_dep,pronoun_anchor,P:she,full,family,sem,jaccard,0.6095780863177634,0.8406286781969214,-0.231050591879158,0.231050591879158
her_dep,pronoun_anchor,P:she,full,family,sem,dice,0.4785410915315947,0.7296397986110214,-0.2510987070794266,0.2510987070794266
her_dep,pronoun_anchor,P:she,full,family,sem,hamming,0.1953860640301317,0.2897245762711865,-0.0943385122410547,0.0943385122410547
her_dep,pronoun_anchor,P:she,full,family,sem,idf_jaccard,0.7538444869766177,0.930724132468116,-0.1768796454914983,0.1768796454914983
her_dep,pronoun_anchor,P:she,nonlocative,item,sem,jaccard,0.613289040295926,0.8169920837497412,-0.2037030434538151,0.2037030434538151
her_dep,pronoun_anchor,P:she,nonlocative,item,sem,dice,0.4799772754187286,0.6927722175826853,-0.2127949421639566,0.2127949421639566
her_dep,pronoun_anchor,P:she,nonlocative,item,sem,hamming,0.1953389830508474,0.2846045197740113,-0.0892655367231638,0.0892655367231638
her_dep,pronoun_anchor,P:she,nonlocative,item,sem,idf_jaccard,0.7624872137680827,0.9229414979710084,-0.1604542842029256,0.1604542842029256
her_dep,pronoun_anchor,P:she,nonlocative,family,sem,jaccard,0.6095780863177634,0.8169920837497412,-0.2074139974319777,0.2074139974319777
her_dep,pronoun_anchor,P:she,nonlocative,family,sem,dice,0.4785410915315947,0.6927722175826853,-0.2142311260510905,0.2142311260510905
her_dep,pronoun_anchor,P:she,nonlocative,family,sem,hamming,0.1953860640301317,0.2846045197740113,-0.0892184557438795,0.0892184557438795
her_dep,pronoun_anchor,P:she,nonlocative,family,sem,idf_jaccard,0.7617256048462966,0.9252963992995112,-0.1635707944532146,0.1635707944532146
hers,pronoun_anchor,P:she,full,item,sem,jaccard,0.5089620160001813,0.7615376581962209,-0.2525756421960395,0.2525756421960395
hers,pronoun_anchor,P:she,full,item,sem,dice,0.3571229551476243,0.6200160099477905,-0.2628930548001661,0.2628930548001661
hers,pronoun_anchor,P:she,full,item,sem,hamming,0.1300847457627118,0.2145127118644067,-0.0844279661016948,0.0844279661016948
hers,pronoun_anchor,P:she,full,item,sem,idf_jaccard,0.7300328630441453,0.9025105347024056,-0.1724776716582604,0.1724776716582604
hers,pronoun_anchor,P:she,full,family,sem,jaccard,0.5106253910509387,0.7615376581962209,-0.2509122671452821,0.2509122671452821
hers,pronoun_anchor,P:she,full,family,sem,dice,0.3597832048106149,0.6200160099477905,-0.2602328051371756,0.2602328051371756
hers,pronoun_anchor,P:she,full,family,sem,hamming,0.1313559322033898,0.2145127118644067,-0.0831567796610169,0.0831567796610169
hers,pronoun_anchor,P:she,full,family,sem,idf_jaccard,0.7419704609704308,0.9064922156977728,-0.1645217547273418,0.1645217547273418
hers,pronoun_anchor,P:she,nonlocative,item,sem,jaccard,0.5089620160001813,0.740181931358402,-0.2312199153582207,0.2312199153582207
hers,pronoun_anchor,P:she,nonlocative,item,sem,dice,0.3571229551476243,0.591199369106346,-0.2340764139587216,0.2340764139587216
hers,pronoun_anchor,P:she,nonlocative,item,sem,hamming,0.1300847457627118,0.2125706214689265,-0.0824858757062146,0.0824858757062146
hers,pronoun_anchor,P:she,nonlocative,item,sem,idf_jaccard,0.7420946561668744,0.9002472601716032,-0.1581526040047287,0.1581526040047287
hers,pronoun_anchor,P:she,nonlocative,family,sem,jaccard,0.5106253910509387,0.740181931358402,-0.2295565403074633,0.2295565403074633
hers,pronoun_anchor,P:she,nonlocative,family,sem,dice,0.3597832048106149,0.591199369106346,-0.231416164295731,0.231416164295731
hers,pronoun_anchor,P:she,nonlocative,family,sem,hamming,0.1313559322033898,0.2125706214689265,-0.0812146892655366,0.0812146892655366
hers,pronoun_anchor,P:she,nonlocative,family,sem,idf_jaccard,0.7547627693983067,0.9042458065417268,-0.1494830371434201,0.1494830371434201
herself,pronoun_anchor,P:she,full,item,sem,jaccard,0.5651080174435655,0.7808534796199297,-0.2157454621763641,0.2157454621763641
herself,pronoun_anchor,P:she,full,item,sem,dice,0.4212306515811105,0.6408957715296442,-0.2196651199485336,0.2196651199485336
herself,pronoun_anchor,P:she,full,item,sem,hamming,0.1474576271186441,0.201800847457627,-0.0543432203389829,0.0543432203389829
herself,pronoun_anchor,P:she,full,item,sem,idf_jaccard,0.7772644330787384,0.9114829884269648,-0.1342185553482263,0.1342185553482263
herself,pronoun_anchor,P:she,full,family,sem,jaccard,0.5609630594001918,0.7808534796199297,-0.2198904202197379,0.2198904202197379
herself,pronoun_anchor,P:she,full,family,sem,dice,0.4191662280168843,0.6408957715296442,-0.2217295435127598,0.2217295435127598
herself,pronoun_anchor,P:she,full,family,sem,hamming,0.1468926553672316,0.201800847457627,-0.0549081920903954,0.0549081920903954
herself,pronoun_anchor,P:she,full,family,sem,idf_jaccard,0.7826020054790837,0.9186188727400192,-0.1360168672609355,0.1360168672609355
herself,pronoun_anchor,P:she,nonlocative,item,sem,jaccard,0.5651080174435655,0.7744507807083463,-0.2093427632647807,0.2093427632647807
herself,pronoun_anchor,P:she,nonlocative,item,sem,dice,0.4212306515811105,0.6322078583471394,-0.2109772067660288,0.2109772067660288
herself,pronoun_anchor,P:she,nonlocative,item,sem,hamming,0.1474576271186441,0.2069209039548022,-0.0594632768361581,0.0594632768361581
herself,pronoun_anchor,P:she,nonlocative,item,sem,idf_jaccard,0.7884726717430734,0.9226612163232736,-0.1341885445802001,0.1341885445802001
herself,pronoun_anchor,P:she,nonlocative,family,sem,jaccard,0.5609630594001918,0.7744507807083463,-0.2134877213081545,0.2134877213081545
herself,pronoun_anchor,P:she,nonlocative,family,sem,dice,0.4191662280168843,0.6322078583471394,-0.2130416303302551,0.2130416303302551
herself,pronoun_anchor,P:she,nonlocative,family,sem,hamming,0.1468926553672316,0.2069209039548022,-0.0600282485875705,0.0600282485875705
herself,pronoun_anchor,P:she,nonlocative,family,sem,idf_jaccard,0.7938530753604076,0.9291341291457984,-0.1352810537853906,0.1352810537853906
it_plain,pronoun_anchor,P:it,full,item,sem,jaccard,0.6190530935537939,0.8607090523498511,-0.2416559587960571,0.2416559587960571
it_plain,pronoun_anchor,P:it,full,item,sem,dice,0.4629275632997546,0.7559438693399632,-0.2930163060402085,0.2930163060402085
it_plain,pronoun_anchor,P:it,full,item,sem,hamming,0.144279661016949,0.2060381355932203,-0.0617584745762712,0.0617584745762712
it_plain,pronoun_anchor,P:it,full,item,sem,idf_jaccard,0.8044930471684161,0.9726018996459816,-0.1681088524775655,0.1681088524775655
it_plain,pronoun_anchor,P:it,full,family,sem,jaccard,0.6163989573867884,0.8607090523498511,-0.2443100949630626,0.2443100949630626
it_plain,pronoun_anchor,P:it,full,family,sem,dice,0.4612013788334775,0.7559438693399632,-0.2947424905064856,0.2947424905064856
it_plain,pronoun_anchor,P:it,full,family,sem,hamming,0.1461291800274851,0.2060381355932203,-0.0599089555657351,0.0599089555657351
it_plain,pronoun_anchor,P:it,full,family,sem,idf_jaccard,0.8187695622643192,0.9756101985494664,-0.1568406362851472,0.1568406362851472
it_plain,pronoun_anchor,P:it,nonlocative,item,sem,jaccard,0.6190530935537939,0.8580782702660019,-0.239025176712208,0.239025176712208
it_plain,pronoun_anchor,P:it,nonlocative,item,sem,dice,0.4629275632997546,0.7519125701763274,-0.2889850068765727,0.2889850068765727
it_plain,pronoun_anchor,P:it,nonlocative,item,sem,hamming,0.144279661016949,0.2139830508474576,-0.0697033898305085,0.0697033898305085
it_plain,pronoun_anchor,P:it,nonlocative,item,sem,idf_jaccard,0.8135217988136277,0.972106141892875,-0.1585843430792473,0.1585843430792473
it_plain,pronoun_anchor,P:it,nonlocative,family,sem,jaccard,0.6163989573867884,0.8580782702660019,-0.2416793128792135,0.2416793128792135
it_plain,pronoun_anchor,P:it,nonlocative,family,sem,dice,0.4612013788334775,0.7519125701763274,-0.2907111913428499,0.2907111913428499
it_plain,pronoun_anchor,P:it,nonlocative,family,sem,hamming,0.1461291800274851,0.2139830508474576,-0.0678538708199725,0.0678538708199725
it_plain,pronoun_anchor,P:it,nonlocative,family,sem,idf_jaccard,0.8288332555704522,0.975198972314854,-0.1463657167444019,0.1463657167444019
it_dum,pronoun_anchor,P:it,full,item,sem,jaccard,0.7663326939526827,0.8118895728392296,-0.0455568788865469,0.0455568788865469
it_dum,pronoun_anchor,P:it,full,item,sem,dice,0.6270751826213806,0.6861320059585494,-0.0590568233371687,0.0590568233371687
it_dum,pronoun_anchor,P:it,full,item,sem,hamming,0.1697033898305084,0.1626059322033898,0.0070974576271185,-0.0070974576271185
it_dum,pronoun_anchor,P:it,full,item,sem,idf_jaccard,0.8920192308089966,0.9285280906223384,-0.0365088598133418,0.0365088598133418
it_dum,pronoun_anchor,P:it,full,family,sem,jaccard,0.7708172413347381,0.8118895728392296,-0.0410723315044915,0.0410723315044915
it_dum,pronoun_anchor,P:it,full,family,sem,dice,0.6331181577533764,0.6861320059585494,-0.0530138482051729,0.0530138482051729
it_dum,pronoun_anchor,P:it,full,family,sem,hamming,0.1731562070545121,0.1626059322033898,0.0105502748511222,-0.0105502748511222
it_dum,pronoun_anchor,P:it,full,family,sem,idf_jaccard,0.9054505963053572,0.9319941841978112,-0.0265435878924541,0.0265435878924541
it_dum,pronoun_anchor,P:it,nonlocative,item,sem,jaccard,0.7663326939526827,0.7877669861003195,-0.0214342921476368,0.0214342921476368
it_dum,pronoun_anchor,P:it,nonlocative,item,sem,dice,0.6270751826213806,0.6505020152707398,-0.0234268326493591,0.0234268326493591
it_dum,pronoun_anchor,P:it,nonlocative,item,sem,hamming,0.1697033898305084,0.1631355932203389,0.0065677966101694,-0.0065677966101694
it_dum,pronoun_anchor,P:it,nonlocative,item,sem,idf_jaccard,0.9007195649746069,0.925694744632192,-0.024975179657585,0.024975179657585
it_dum,pronoun_anchor,P:it,nonlocative,family,sem,jaccard,0.7708172413347381,0.7877669861003195,-0.0169497447655814,0.0169497447655814
it_dum,pronoun_anchor,P:it,nonlocative,family,sem,dice,0.6331181577533764,0.6505020152707398,-0.0173838575173633,0.0173838575173633
it_dum,pronoun_anchor,P:it,nonlocative,family,sem,hamming,0.1731562070545121,0.1631355932203389,0.0100206138341731,-0.0100206138341731
it_dum,pronoun_anchor,P:it,nonlocative,family,sem,idf_jaccard,0.914553723269256,0.9294133964320482,-0.0148596731627922,0.0148596731627922
its,pronoun_anchor,P:it,full,item,sem,jaccard,0.6540318241832704,0.8528256051795021,-0.1987937809962316,0.1987937809962316
its,pronoun_anchor,P:it,full,item,sem,dice,0.4911276836906807,0.747046703715793,-0.2559190200251122,0.2559190200251122
its,pronoun_anchor,P:it,full,item,sem,hamming,0.1652542372881356,0.2335805084745762,-0.0683262711864405,0.0683262711864405
its,pronoun_anchor,P:it,full,item,sem,idf_jaccard,0.8332507683009792,0.951459893549046,-0.1182091252480668,0.1182091252480668
its,pronoun_anchor,P:it,full,family,sem,jaccard,0.6531140393412198,0.8528256051795021,-0.1997115658382823,0.1997115658382823
its,pronoun_anchor,P:it,full,family,sem,dice,0.4902255008248263,0.747046703715793,-0.2568212028909666,0.2568212028909666
its,pronoun_anchor,P:it,full,family,sem,hamming,0.1674301420064132,0.2335805084745762,-0.066150366468163,0.066150366468163
its,pronoun_anchor,P:it,full,family,sem,idf_jaccard,0.8423580946886048,0.9537297558369252,-0.1113716611483204,0.1113716611483204
its,pronoun_anchor,P:it,nonlocative,item,sem,jaccard,0.6540318241832704,0.8250382142104152,-0.1710063900271448,0.1710063900271448
its,pronoun_anchor,P:it,nonlocative,item,sem,dice,0.4911276836906807,0.7024751397986315,-0.2113474561079508,0.2113474561079508
its,pronoun_anchor,P:it,nonlocative,item,sem,hamming,0.1652542372881356,0.2295197740112994,-0.0642655367231637,0.0642655367231637
its,pronoun_anchor,P:it,nonlocative,item,sem,idf_jaccard,0.8440822177388009,0.9468220650085248,-0.1027398472697239,0.1027398472697239
its,pronoun_anchor,P:it,nonlocative,family,sem,jaccard,0.6531140393412198,0.8250382142104152,-0.1719241748691954,0.1719241748691954
its,pronoun_anchor,P:it,nonlocative,family,sem,dice,0.4902255008248263,0.7024751397986315,-0.2122496389738051,0.2122496389738051
its,pronoun_anchor,P:it,nonlocative,family,sem,hamming,0.1674301420064132,0.2295197740112994,-0.0620896320048862,0.0620896320048862
its,pronoun_anchor,P:it,nonlocative,family,sem,idf_jaccard,0.8541038520898109,0.9499529825202148,-0.0958491304304037,0.0958491304304037
itself,pronoun_anchor,P:it,full,item,sem,jaccard,0.6229330136876535,0.773382960041313,-0.1504499463536595,0.1504499463536595
itself,pronoun_anchor,P:it,full,item,sem,dice,0.4793058620757479,0.6309226327457718,-0.1516167706700238,0.1516167706700238
itself,pronoun_anchor,P:it,full,item,sem,hamming,0.1637711864406779,0.1933262711864406,-0.0295550847457627,0.0295550847457627
itself,pronoun_anchor,P:it,full,item,sem,idf_jaccard,0.8289618267837007,0.918459208163684,-0.0894973813799834,0.0894973813799834
itself,pronoun_anchor,P:it,full,family,sem,jaccard,0.6217413267874708,0.773382960041313,-0.1516416332538421,0.1516416332538421
itself,pronoun_anchor,P:it,full,family,sem,dice,0.4799432569242146,0.6309226327457718,-0.1509793758215571,0.1509793758215571
itself,pronoun_anchor,P:it,full,family,sem,hamming,0.1667430142006412,0.1933262711864406,-0.0265832569857993,0.0265832569857993
itself,pronoun_anchor,P:it,full,family,sem,idf_jaccard,0.840617390623424,0.9237620802186028,-0.0831446895951787,0.0831446895951787
itself,pronoun_anchor,P:it,nonlocative,item,sem,jaccard,0.6229330136876535,0.7670128179739554,-0.1440798042863018,0.1440798042863018
itself,pronoun_anchor,P:it,nonlocative,item,sem,dice,0.4793058620757479,0.6223889375205165,-0.1430830754447686,0.1430830754447686
itself,pronoun_anchor,P:it,nonlocative,item,sem,hamming,0.1637711864406779,0.1984463276836157,-0.0346751412429378,0.0346751412429378
itself,pronoun_anchor,P:it,nonlocative,item,sem,idf_jaccard,0.8368348829830305,0.9284660788305352,-0.0916311958475047,0.0916311958475047
itself,pronoun_anchor,P:it,nonlocative,family,sem,jaccard,0.6217413267874708,0.7670128179739554,-0.1452714911864845,0.1452714911864845
itself,pronoun_anchor,P:it,nonlocative,family,sem,dice,0.4799432569242146,0.6223889375205165,-0.1424456805963018,0.1424456805963018
itself,pronoun_anchor,P:it,nonlocative,family,sem,hamming,0.1667430142006412,0.1984463276836157,-0.0317033134829745,0.0317033134829745
itself,pronoun_anchor,P:it,nonlocative,family,sem,idf_jaccard,0.8488203584758802,0.9334595593290472,-0.0846392008531669,0.0846392008531669
I,pronoun_anchor,P:I,full,item,sem,jaccard,0.5848572604323631,0.8627929244235557,-0.2779356639911926,0.2779356639911926
I,pronoun_anchor,P:I,full,item,sem,dice,0.438075924835143,0.7589886202652429,-0.3209126954300999,0.3209126954300999
I,pronoun_anchor,P:I,full,item,sem,hamming,0.1334745762711864,0.2007415254237287,-0.0672669491525423,0.0672669491525423
I,pronoun_anchor,P:I,full,item,sem,idf_jaccard,0.7754499000515521,0.9743148070904512,-0.1988649070388991,0.1988649070388991
I,pronoun_anchor,P:I,full,family,sem,jaccard,0.5809842871475868,0.8627929244235557,-0.2818086372759689,0.2818086372759689
I,pronoun_anchor,P:I,full,family,sem,dice,0.4361833468185893,0.7589886202652429,-0.3228052734466536,0.3228052734466536
I,pronoun_anchor,P:I,full,family,sem,hamming,0.1327683615819209,0.2007415254237287,-0.0679731638418078,0.0679731638418078
I,pronoun_anchor,P:I,full,family,sem,idf_jaccard,0.762632588526031,0.9753377796518456,-0.2127051911258145,0.2127051911258145
I,pronoun_anchor,P:I,nonlocative,item,sem,jaccard,0.5848572604323631,0.8627119944695029,-0.2778547340371398,0.2778547340371398
I,pronoun_anchor,P:I,nonlocative,item,sem,dice,0.438075924835143,0.7588489941431118,-0.3207730693079688,0.3207730693079688
I,pronoun_anchor,P:I,nonlocative,item,sem,hamming,0.1334745762711864,0.2097457627118644,-0.0762711864406779,0.0762711864406779
I,pronoun_anchor,P:I,nonlocative,item,sem,idf_jaccard,0.7858003979662752,0.9749333839777752,-0.1891329860115,0.1891329860115
I,pronoun_anchor,P:I,nonlocative,family,sem,jaccard,0.5809842871475868,0.8627119944695029,-0.2817277073219161,0.2817277073219161
I,pronoun_anchor,P:I,nonlocative,family,sem,dice,0.4361833468185893,0.7588489941431118,-0.3226656473245225,0.3226656473245225
I,pronoun_anchor,P:I,nonlocative,family,sem,hamming,0.1327683615819209,0.2097457627118644,-0.0769774011299434,0.0769774011299434
I,pronoun_anchor,P:I,nonlocative,family,sem,idf_jaccard,0.7731083038442391,0.9758655294952342,-0.202757225650995,0.202757225650995
me,pronoun_anchor,P:I,full,item,sem,jaccard,0.5487651990576847,0.8504403800559813,-0.3016751809982966,0.3016751809982966
me,pronoun_anchor,P:I,full,item,sem,dice,0.3890508987041654,0.7425731683502297,-0.3535222696460642,0.3535222696460642
me,pronoun_anchor,P:I,full,item,sem,hamming,0.1351694915254237,0.2325211864406779,-0.0973516949152542,0.0973516949152542
me,pronoun_anchor,P:I,full,item,sem,idf_jaccard,0.8157807453410344,0.9713008465027758,-0.1555201011617414,0.1555201011617414
me,pronoun_anchor,P:I,full,family,sem,jaccard,0.5477651314234486,0.8504403800559813,-0.3026752486325327,0.3026752486325327
me,pronoun_anchor,P:I,full,family,sem,dice,0.3886453873098357,0.7425731683502297,-0.3539277810403939,0.3539277810403939
me,pronoun_anchor,P:I,full,family,sem,hamming,0.1351224105461393,0.2325211864406779,-0.0973987758945385,0.0973987758945385
me,pronoun_anchor,P:I,full,family,sem,idf_jaccard,0.8077343191858674,0.9714522120444912,-0.1637178928586239,0.1637178928586239
me,pronoun_anchor,P:I,nonlocative,item,sem,jaccard,0.5487651990576847,0.8277929145754097,-0.279027715517725,0.279027715517725
me,pronoun_anchor,P:I,nonlocative,item,sem,dice,0.3890508987041654,0.7069679423177497,-0.3179170436135843,0.3179170436135843
me,pronoun_anchor,P:I,nonlocative,item,sem,hamming,0.1351694915254237,0.2309322033898304,-0.0957627118644067,0.0957627118644067
me,pronoun_anchor,P:I,nonlocative,item,sem,idf_jaccard,0.8307065064622952,0.9705226553450664,-0.1398161488827713,0.1398161488827713
me,pronoun_anchor,P:I,nonlocative,family,sem,jaccard,0.5477651314234486,0.8277929145754097,-0.2800277831519611,0.2800277831519611
me,pronoun_anchor,P:I,nonlocative,family,sem,dice,0.3886453873098357,0.7069679423177497,-0.318322555007914,0.318322555007914
me,pronoun_anchor,P:I,nonlocative,family,sem,hamming,0.1351224105461393,0.2309322033898304,-0.0958097928436911,0.0958097928436911
me,pronoun_anchor,P:I,nonlocative,family,sem,idf_jaccard,0.82339760238447,0.9710463948799156,-0.1476487924954456,0.1476487924954456
mine,pronoun_anchor,P:I,full,item,sem,jaccard,0.4828242867410651,0.7615376581962209,-0.2787133714551557,0.2787133714551557
mine,pronoun_anchor,P:I,full,item,sem,dice,0.3325822563719909,0.6200160099477905,-0.2874337535757995,0.2874337535757995
mine,pronoun_anchor,P:I,full,item,sem,hamming,0.121186440677966,0.2145127118644067,-0.0933262711864406,0.0933262711864406
mine,pronoun_anchor,P:I,full,item,sem,idf_jaccard,0.6969362306475754,0.895956226017343,-0.1990199953697676,0.1990199953697676
mine,pronoun_anchor,P:I,full,family,sem,jaccard,0.4801190166932149,0.7615376581962209,-0.281418641503006,0.281418641503006
mine,pronoun_anchor,P:I,full,family,sem,dice,0.3314134689576185,0.6200160099477905,-0.2886025409901719,0.2886025409901719
mine,pronoun_anchor,P:I,full,family,sem,hamming,0.1209981167608286,0.2145127118644067,-0.093514595103578,0.093514595103578
mine,pronoun_anchor,P:I,full,family,sem,idf_jaccard,0.6864353258085558,0.897946654035949,-0.2115113282273931,0.2115113282273931
mine,pronoun_anchor,P:I,nonlocative,item,sem,jaccard,0.4828242867410651,0.740181931358402,-0.2573576446173369,0.2573576446173369
mine,pronoun_anchor,P:I,nonlocative,item,sem,dice,0.3325822563719909,0.591199369106346,-0.258617112734355,0.258617112734355
mine,pronoun_anchor,P:I,nonlocative,item,sem,hamming,0.121186440677966,0.2125706214689265,-0.0913841807909604,0.0913841807909604
mine,pronoun_anchor,P:I,nonlocative,item,sem,idf_jaccard,0.710056715503032,0.8936772128924103,-0.1836204973893783,0.1836204973893783
mine,pronoun_anchor,P:I,nonlocative,family,sem,jaccard,0.4801190166932149,0.740181931358402,-0.2600629146651871,0.2600629146651871
mine,pronoun_anchor,P:I,nonlocative,family,sem,dice,0.3314134689576185,0.591199369106346,-0.2597859001487274,0.2597859001487274
mine,pronoun_anchor,P:I,nonlocative,family,sem,hamming,0.1209981167608286,0.2125706214689265,-0.0915725047080978,0.0915725047080978
mine,pronoun_anchor,P:I,nonlocative,family,sem,idf_jaccard,0.7000340731683319,0.8956823395516301,-0.1956482663832982,0.1956482663832982
my,pronoun_anchor,P:I,full,item,sem,jaccard,0.6154000665245993,0.8406286781969214,-0.2252286116723221,0.2252286116723221
my,pronoun_anchor,P:I,full,item,sem,dice,0.4819804805469337,0.7296397986110214,-0.2476593180640876,0.2476593180640876
my,pronoun_anchor,P:I,full,item,sem,hamming,0.196186440677966,0.2897245762711865,-0.0935381355932204,0.0935381355932204
my,pronoun_anchor,P:I,full,item,sem,idf_jaccard,0.765149459999126,0.9303390095759752,-0.1651895495768492,0.1651895495768492
my,pronoun_anchor,P:I,full,family,sem,jaccard,0.6098644689570872,0.8406286781969214,-0.2307642092398342,0.2307642092398342
my,pronoun_anchor,P:I,full,family,sem,dice,0.4784520601925634,0.7296397986110214,-0.2511877384184579,0.2511877384184579
my,pronoun_anchor,P:I,full,family,sem,hamming,0.1953860640301317,0.2897245762711865,-0.0943385122410547,0.0943385122410547
my,pronoun_anchor,P:I,full,family,sem,idf_jaccard,0.753944029008562,0.9312813226640936,-0.1773372936555316,0.1773372936555316
my,pronoun_anchor,P:I,nonlocative,item,sem,jaccard,0.6154000665245993,0.8169920837497412,-0.2015920172251418,0.2015920172251418
my,pronoun_anchor,P:I,nonlocative,item,sem,dice,0.4819804805469337,0.6927722175826853,-0.2107917370357515,0.2107917370357515
my,pronoun_anchor,P:I,nonlocative,item,sem,hamming,0.196186440677966,0.2846045197740113,-0.0884180790960452,0.0884180790960452
my,pronoun_anchor,P:I,nonlocative,item,sem,idf_jaccard,0.7726257924151367,0.9245921937977952,-0.1519664013826585,0.1519664013826585
my,pronoun_anchor,P:I,nonlocative,family,sem,jaccard,0.6098644689570872,0.8169920837497412,-0.2071276147926539,0.2071276147926539
my,pronoun_anchor,P:I,nonlocative,family,sem,dice,0.4784520601925634,0.6927722175826853,-0.2143201573901218,0.2143201573901218
my,pronoun_anchor,P:I,nonlocative,family,sem,hamming,0.1953860640301317,0.2846045197740113,-0.0892184557438795,0.0892184557438795
my,pronoun_anchor,P:I,nonlocative,family,sem,idf_jaccard,0.7617960469615892,0.9259155457733482,-0.164119498811759,0.164119498811759
myself,pronoun_anchor,P:I,full,item,sem,jaccard,0.5677764524568281,0.7808534796199297,-0.2130770271631016,0.2130770271631016
myself,pronoun_anchor,P:I,full,item,sem,dice,0.423736917245271,0.6408957715296442,-0.2171588542843731,0.2171588542843731
myself,pronoun_anchor,P:I,full,item,sem,hamming,0.1483050847457627,0.201800847457627,-0.0534957627118643,0.0534957627118643
myself,pronoun_anchor,P:I,full,item,sem,idf_jaccard,0.7925528230698171,0.9144244529456078,-0.1218716298757907,0.1218716298757907
myself,pronoun_anchor,P:I,full,family,sem,jaccard,0.5609630594001918,0.7808534796199297,-0.2198904202197379,0.2198904202197379
myself,pronoun_anchor,P:I,full,family,sem,dice,0.4191662280168843,0.6408957715296442,-0.2217295435127598,0.2217295435127598
myself,pronoun_anchor,P:I,full,family,sem,hamming,0.1468926553672316,0.201800847457627,-0.0549081920903954,0.0549081920903954
myself,pronoun_anchor,P:I,full,family,sem,idf_jaccard,0.7814644091930149,0.9185517355720232,-0.1370873263790082,0.1370873263790082
myself,pronoun_anchor,P:I,nonlocative,item,sem,jaccard,0.5677764524568281,0.7744507807083463,-0.2066743282515182,0.2066743282515182
myself,pronoun_anchor,P:I,nonlocative,item,sem,dice,0.423736917245271,0.6322078583471394,-0.2084709411018684,0.2084709411018684
myself,pronoun_anchor,P:I,nonlocative,item,sem,hamming,0.1483050847457627,0.2069209039548022,-0.0586158192090394,0.0586158192090394
myself,pronoun_anchor,P:I,nonlocative,item,sem,idf_jaccard,0.8035331262710388,0.9250395321840128,-0.1215064059129739,0.1215064059129739
myself,pronoun_anchor,P:I,nonlocative,family,sem,jaccard,0.5609630594001918,0.7744507807083463,-0.2134877213081545,0.2134877213081545
myself,pronoun_anchor,P:I,nonlocative,family,sem,dice,0.4191662280168843,0.6322078583471394,-0.2130416303302551,0.2130416303302551
myself,pronoun_anchor,P:I,nonlocative,family,sem,hamming,0.1468926553672316,0.2069209039548022,-0.0600282485875705,0.0600282485875705
myself,pronoun_anchor,P:I,nonlocative,family,sem,idf_jaccard,0.7927520201127547,0.929073278025744,-0.1363212579129892,0.1363212579129892
their_sing,pronoun_anchor,P:they,full,item,sem,jaccard,0.6074674898213631,0.8444447155699284,-0.2369772257485652,0.2369772257485652
their_sing,pronoun_anchor,P:they,full,item,sem,dice,0.4724813395433268,0.7351604928150247,-0.2626791532716979,0.2626791532716979
their_sing,pronoun_anchor,P:they,full,item,sem,hamming,0.1959745762711864,0.2981991525423728,-0.1022245762711863,0.1022245762711863
their_sing,pronoun_anchor,P:they,full,item,sem,idf_jaccard,0.7467971019715066,0.9303062215589716,-0.1835091195874649,0.1835091195874649
their_sing,pronoun_anchor,P:they,full,family,sem,jaccard,0.619919310417745,0.8444447155699284,-0.2245254051521834,0.2245254051521834
their_sing,pronoun_anchor,P:they,full,family,sem,dice,0.4859011756833292,0.7351604928150247,-0.2492593171316955,0.2492593171316955
their_sing,pronoun_anchor,P:they,full,family,sem,hamming,0.2001093493712411,0.2981991525423728,-0.0980898031711316,0.0980898031711316
their_sing,pronoun_anchor,P:they,full,family,sem,idf_jaccard,0.770783081271804,0.9367673311899888,-0.1659842499181847,0.1659842499181847
their_sing,pronoun_anchor,P:they,nonlocative,item,sem,jaccard,0.6074674898213631,0.8213531166948637,-0.2138856268735005,0.2138856268735005
their_sing,pronoun_anchor,P:they,nonlocative,item,sem,dice,0.4724813395433268,0.6989437946482466,-0.2264624551049198,0.2264624551049198
their_sing,pronoun_anchor,P:they,nonlocative,item,sem,hamming,0.1959745762711864,0.2930790960451978,-0.0971045197740113,0.0971045197740113
their_sing,pronoun_anchor,P:they,nonlocative,item,sem,idf_jaccard,0.7541523167726853,0.924447291642386,-0.1702949748697007,0.1702949748697007
their_sing,pronoun_anchor,P:they,nonlocative,family,sem,jaccard,0.619919310417745,0.8213531166948637,-0.2014338062771187,0.2014338062771187
their_sing,pronoun_anchor,P:they,nonlocative,family,sem,dice,0.4859011756833292,0.6989437946482466,-0.2130426189649174,0.2130426189649174
their_sing,pronoun_anchor,P:they,nonlocative,family,sem,hamming,0.2001093493712411,0.2930790960451978,-0.0929697466739566,0.0929697466739566
their_sing,pronoun_anchor,P:they,nonlocative,family,sem,idf_jaccard,0.7792529391107822,0.9319217805640924,-0.1526688414533101,0.1526688414533101
theirs_sing,pronoun_anchor,P:they,full,item,sem,jaccard,0.5216938324072378,0.7812748375054878,-0.25958100509825,0.25958100509825
theirs_sing,pronoun_anchor,P:they,full,item,sem,dice,0.3693213767488421,0.645564402999184,-0.2762430262503419,0.2762430262503419
theirs_sing,pronoun_anchor,P:they,full,item,sem,hamming,0.1434322033898305,0.2399364406779661,-0.0965042372881356,0.0965042372881356
theirs_sing,pronoun_anchor,P:they,full,item,sem,idf_jaccard,0.7446438477364068,0.9196396060608478,-0.174995758324441,0.174995758324441
theirs_sing,pronoun_anchor,P:they,full,family,sem,jaccard,0.5397537799042713,0.7812748375054878,-0.2415210576012164,0.2415210576012164
theirs_sing,pronoun_anchor,P:they,full,family,sem,dice,0.3856361066132067,0.645564402999184,-0.2599282963859773,0.2599282963859773
theirs_sing,pronoun_anchor,P:they,full,family,sem,hamming,0.1487151448879169,0.2399364406779661,-0.0912212957900492,0.0912212957900492
theirs_sing,pronoun_anchor,P:they,full,family,sem,idf_jaccard,0.7823584780900236,0.9277724719356474,-0.1454139938456238,0.1454139938456238
theirs_sing,pronoun_anchor,P:they,nonlocative,item,sem,jaccard,0.5216938324072378,0.761447682500314,-0.2397538500930762,0.2397538500930762
theirs_sing,pronoun_anchor,P:they,nonlocative,item,sem,dice,0.3693213767488421,0.6179991131763821,-0.24867773642754,0.24867773642754
theirs_sing,pronoun_anchor,P:they,nonlocative,item,sem,hamming,0.1434322033898305,0.2379943502824859,-0.0945621468926554,0.0945621468926554
theirs_sing,pronoun_anchor,P:they,nonlocative,item,sem,idf_jaccard,0.7553874870528088,0.91705089735102,-0.1616634102982111,0.1616634102982111
theirs_sing,pronoun_anchor,P:they,nonlocative,family,sem,jaccard,0.5397537799042713,0.761447682500314,-0.2216939025960427,0.2216939025960427
theirs_sing,pronoun_anchor,P:they,nonlocative,family,sem,dice,0.3856361066132067,0.6179991131763821,-0.2323630065631754,0.2323630065631754
theirs_sing,pronoun_anchor,P:they,nonlocative,family,sem,hamming,0.1487151448879169,0.2379943502824859,-0.089279205394569,0.089279205394569
theirs_sing,pronoun_anchor,P:they,nonlocative,family,sem,idf_jaccard,0.7944913321087368,0.9253102448223692,-0.1308189127136324,0.1308189127136324
their_plur,pronoun_anchor,P:they,full,item,sem,jaccard,0.6074674898213631,0.8444447155699284,-0.2369772257485652,0.2369772257485652
their_plur,pronoun_anchor,P:they,full,item,sem,dice,0.4724813395433268,0.7351604928150247,-0.2626791532716979,0.2626791532716979
their_plur,pronoun_anchor,P:they,full,item,sem,hamming,0.1959745762711864,0.2981991525423728,-0.1022245762711863,0.1022245762711863
their_plur,pronoun_anchor,P:they,full,item,sem,idf_jaccard,0.7467971019715066,0.9303062215589716,-0.1835091195874649,0.1835091195874649
their_plur,pronoun_anchor,P:they,full,family,sem,jaccard,0.619919310417745,0.8444447155699284,-0.2245254051521834,0.2245254051521834
their_plur,pronoun_anchor,P:they,full,family,sem,dice,0.4859011756833292,0.7351604928150247,-0.2492593171316955,0.2492593171316955
their_plur,pronoun_anchor,P:they,full,family,sem,hamming,0.2001093493712411,0.2981991525423728,-0.0980898031711316,0.0980898031711316
their_plur,pronoun_anchor,P:they,full,family,sem,idf_jaccard,0.770783081271804,0.9367673311899888,-0.1659842499181847,0.1659842499181847
their_plur,pronoun_anchor,P:they,nonlocative,item,sem,jaccard,0.6074674898213631,0.8213531166948637,-0.2138856268735005,0.2138856268735005
their_plur,pronoun_anchor,P:they,nonlocative,item,sem,dice,0.4724813395433268,0.6989437946482466,-0.2264624551049198,0.2264624551049198
their_plur,pronoun_anchor,P:they,nonlocative,item,sem,hamming,0.1959745762711864,0.2930790960451978,-0.0971045197740113,0.0971045197740113
their_plur,pronoun_anchor,P:they,nonlocative,item,sem,idf_jaccard,0.7541523167726853,0.924447291642386,-0.1702949748697007,0.1702949748697007
their_plur,pronoun_anchor,P:they,nonlocative,family,sem,jaccard,0.619919310417745,0.8213531166948637,-0.2014338062771187,0.2014338062771187
their_plur,pronoun_anchor,P:they,nonlocative,family,sem,dice,0.4859011756833292,0.6989437946482466,-0.2130426189649174,0.2130426189649174
their_plur,pronoun_anchor,P:they,nonlocative,family,sem,hamming,0.2001093493712411,0.2930790960451978,-0.0929697466739566,0.0929697466739566
their_plur,pronoun_anchor,P:they,nonlocative,family,sem,idf_jaccard,0.7792529391107822,0.9319217805640924,-0.1526688414533101,0.1526688414533101
theirs_plur,pronoun_anchor,P:they,full,item,sem,jaccard,0.5216938324072378,0.7812748375054878,-0.25958100509825,0.25958100509825
theirs_plur,pronoun_anchor,P:they,full,item,sem,dice,0.3693213767488421,0.645564402999184,-0.2762430262503419,0.2762430262503419
theirs_plur,pronoun_anchor,P:they,full,item,sem,hamming,0.1434322033898305,0.2399364406779661,-0.0965042372881356,0.0965042372881356
theirs_plur,pronoun_anchor,P:they,full,item,sem,idf_jaccard,0.7446438477364068,0.9196396060608478,-0.174995758324441,0.174995758324441
theirs_plur,pronoun_anchor,P:they,full,family,sem,jaccard,0.5397537799042713,0.7812748375054878,-0.2415210576012164,0.2415210576012164
theirs_plur,pronoun_anchor,P:they,full,family,sem,dice,0.3856361066132067,0.645564402999184,-0.2599282963859773,0.2599282963859773
theirs_plur,pronoun_anchor,P:they,full,family,sem,hamming,0.1487151448879169,0.2399364406779661,-0.0912212957900492,0.0912212957900492
theirs_plur,pronoun_anchor,P:they,full,family,sem,idf_jaccard,0.7823584780900236,0.9277724719356474,-0.1454139938456238,0.1454139938456238
theirs_plur,pronoun_anchor,P:they,nonlocative,item,sem,jaccard,0.5216938324072378,0.761447682500314,-0.2397538500930762,0.2397538500930762
theirs_plur,pronoun_anchor,P:they,nonlocative,item,sem,dice,0.3693213767488421,0.6179991131763821,-0.24867773642754,0.24867773642754
theirs_plur,pronoun_anchor,P:they,nonlocative,item,sem,hamming,0.1434322033898305,0.2379943502824859,-0.0945621468926554,0.0945621468926554
theirs_plur,pronoun_anchor,P:they,nonlocative,item,sem,idf_jaccard,0.7553874870528088,0.91705089735102,-0.1616634102982111,0.1616634102982111
theirs_plur,pronoun_anchor,P:they,nonlocative,family,sem,jaccard,0.5397537799042713,0.761447682500314,-0.2216939025960427,0.2216939025960427
theirs_plur,pronoun_anchor,P:they,nonlocative,family,sem,dice,0.3856361066132067,0.6179991131763821,-0.2323630065631754,0.2323630065631754
theirs_plur,pronoun_anchor,P:they,nonlocative,family,sem,hamming,0.1487151448879169,0.2379943502824859,-0.089279205394569,0.089279205394569
theirs_plur,pronoun_anchor,P:they,nonlocative,family,sem,idf_jaccard,0.7944913321087368,0.9253102448223692,-0.1308189127136324,0.1308189127136324
them_sing,pronoun_anchor,P:they,full,item,sem,jaccard,0.5344860424103857,0.8591008454979042,-0.3246148030875185,0.3246148030875185
them_sing,pronoun_anchor,P:they,full,item,sem,dice,0.3759729205741842,0.7555400625904607,-0.3795671420162765,0.3795671420162765
them_sing,pronoun_anchor,P:they,full,item,sem,hamming,0.1360169491525424,0.2494703389830508,-0.1134533898305084,0.1134533898305084
them_sing,pronoun_anchor,P:they,full,item,sem,idf_jaccard,0.7562156647005341,0.971181624073852,-0.2149659593733178,0.2149659593733178
them_sing,pronoun_anchor,P:they,full,family,sem,jaccard,0.5523086081581908,0.8591008454979042,-0.3067922373397134,0.3067922373397134
them_sing,pronoun_anchor,P:they,full,family,sem,dice,0.3910593453444979,0.7555400625904607,-0.3644807172459627,0.3644807172459627
them_sing,pronoun_anchor,P:they,full,family,sem,hamming,0.1396938217605248,0.2494703389830508,-0.1097765172225259,0.1097765172225259
them_sing,pronoun_anchor,P:they,full,family,sem,idf_jaccard,0.7915803649776038,0.973618456167776,-0.1820380911901723,0.1820380911901723
them_sing,pronoun_anchor,P:they,nonlocative,item,sem,jaccard,0.5344860424103857,0.837669220022161,-0.3031831776117754,0.3031831776117754
them_sing,pronoun_anchor,P:they,nonlocative,item,sem,dice,0.3759729205741842,0.7213962953801595,-0.3454233748059753,0.3454233748059753
them_sing,pronoun_anchor,P:they,nonlocative,item,sem,hamming,0.1360169491525424,0.2478813559322033,-0.1118644067796609,0.1118644067796609
them_sing,pronoun_anchor,P:they,nonlocative,item,sem,idf_jaccard,0.770470232776056,0.9702855839886418,-0.1998153512125858,0.1998153512125858
them_sing,pronoun_anchor,P:they,nonlocative,family,sem,jaccard,0.5523086081581908,0.837669220022161,-0.2853606118639702,0.2853606118639702
them_sing,pronoun_anchor,P:they,nonlocative,family,sem,dice,0.3910593453444979,0.7213962953801595,-0.3303369500356615,0.3303369500356615
them_sing,pronoun_anchor,P:they,nonlocative,family,sem,hamming,0.1396938217605248,0.2478813559322033,-0.1081875341716785,0.1081875341716785
them_sing,pronoun_anchor,P:they,nonlocative,family,sem,idf_jaccard,0.8072067421928685,0.973472836984224,-0.1662660947913554,0.1662660947913554
them_plur,pronoun_anchor,P:they,full,item,sem,jaccard,0.546755657830583,0.8630649405826052,-0.3163092827520222,0.3163092827520222
them_plur,pronoun_anchor,P:they,full,item,sem,dice,0.38775626925063,0.7615435524828531,-0.373787283232223,0.373787283232223
them_plur,pronoun_anchor,P:they,full,item,sem,hamming,0.1434322033898304,0.2579449152542373,-0.1145127118644068,0.1145127118644068
them_plur,pronoun_anchor,P:they,full,item,sem,idf_jaccard,0.772609126980297,0.973505337520541,-0.2008962105402439,0.2008962105402439
them_plur,pronoun_anchor,P:they,full,family,sem,jaccard,0.5640627073851915,0.8630649405826052,-0.2990022331974137,0.2990022331974137
them_plur,pronoun_anchor,P:they,full,family,sem,dice,0.4025430652048771,0.7615435524828531,-0.3590004872779759,0.3590004872779759
them_plur,pronoun_anchor,P:they,full,family,sem,hamming,0.1470749043193001,0.2579449152542373,-0.1108700109349371,0.1108700109349371
them_plur,pronoun_anchor,P:they,full,family,sem,idf_jaccard,0.8019976534742252,0.9755140037169236,-0.1735163502426984,0.1735163502426984
them_plur,pronoun_anchor,P:they,nonlocative,item,sem,jaccard,0.546755657830583,0.8421940239664699,-0.2954383661358869,0.2954383661358869
them_plur,pronoun_anchor,P:they,nonlocative,item,sem,dice,0.38775626925063,0.7280897475877622,-0.3403334783371322,0.3403334783371322
them_plur,pronoun_anchor,P:they,nonlocative,item,sem,hamming,0.1434322033898304,0.2563559322033897,-0.1129237288135593,0.1129237288135593
them_plur,pronoun_anchor,P:they,nonlocative,item,sem,idf_jaccard,0.7859600811856176,0.9726290076720344,-0.1866689264864169,0.1866689264864169
them_plur,pronoun_anchor,P:they,nonlocative,family,sem,jaccard,0.5640627073851915,0.8421940239664699,-0.2781313165812784,0.2781313165812784
them_plur,pronoun_anchor,P:they,nonlocative,family,sem,dice,0.4025430652048771,0.7280897475877622,-0.3255466823828851,0.3255466823828851
them_plur,pronoun_anchor,P:they,nonlocative,family,sem,hamming,0.1470749043193001,0.2563559322033897,-0.1092810278840896,0.1092810278840896
them_plur,pronoun_anchor,P:they,nonlocative,family,sem,idf_jaccard,0.816627408382906,0.9753464692618028,-0.1587190608788966,0.1587190608788966
themself,pronoun_anchor,P:they,full,item,sem,jaccard,0.5631907766991373,0.7944008794459458,-0.2312101027468085,0.2312101027468085
themself,pronoun_anchor,P:they,full,item,sem,dice,0.4186653532374739,0.6592986079217356,-0.2406332546842616,0.2406332546842616
themself,pronoun_anchor,P:they,full,item,sem,hamming,0.1529661016949153,0.2187499999999999,-0.0657838983050846,0.0657838983050846
themself,pronoun_anchor,P:they,full,item,sem,idf_jaccard,0.7617390133627417,0.9191201909351184,-0.1573811775723765,0.1573811775723765
themself,pronoun_anchor,P:they,full,family,sem,jaccard,0.5742369187717037,0.7944008794459458,-0.2201639606742421,0.2201639606742421
themself,pronoun_anchor,P:they,full,family,sem,dice,0.4297924689926075,0.6592986079217356,-0.229506138929128,0.229506138929128
themself,pronoun_anchor,P:they,full,family,sem,hamming,0.155002733734281,0.2187499999999999,-0.0637472662657188,0.0637472662657188
themself,pronoun_anchor,P:they,full,family,sem,idf_jaccard,0.7961246895267906,0.9333792340105314,-0.1372545444837407,0.1372545444837407
themself,pronoun_anchor,P:they,nonlocative,item,sem,jaccard,0.5631907766991373,0.7879845258403133,-0.224793749141176,0.224793749141176
themself,pronoun_anchor,P:they,nonlocative,item,sem,dice,0.4186653532374739,0.650387472509976,-0.231722119272502,0.231722119272502
themself,pronoun_anchor,P:they,nonlocative,item,sem,hamming,0.1529661016949153,0.2238700564971751,-0.0709039548022598,0.0709039548022598
themself,pronoun_anchor,P:they,nonlocative,item,sem,idf_jaccard,0.7724309030675796,0.9285837720456592,-0.1561528689780795,0.1561528689780795
themself,pronoun_anchor,P:they,nonlocative,family,sem,jaccard,0.5742369187717037,0.7879845258403133,-0.2137476070686096,0.2137476070686096
themself,pronoun_anchor,P:they,nonlocative,family,sem,dice,0.4297924689926075,0.650387472509976,-0.2205950035173684,0.2205950035173684
themself,pronoun_anchor,P:they,nonlocative,family,sem,hamming,0.155002733734281,0.2238700564971751,-0.068867322762894,0.068867322762894
themself,pronoun_anchor,P:they,nonlocative,family,sem,idf_jaccard,0.8071557174161332,0.941534831439218,-0.1343791140230849,0.1343791140230849
themselves,pronoun_anchor,P:they,full,item,sem,jaccard,0.5631907766991373,0.7944008794459458,-0.2312101027468085,0.2312101027468085
themselves,pronoun_anchor,P:they,full,item,sem,dice,0.4186653532374739,0.6592986079217356,-0.2406332546842616,0.2406332546842616
themselves,pronoun_anchor,P:they,full,item,sem,hamming,0.1529661016949153,0.2187499999999999,-0.0657838983050846,0.0657838983050846
themselves,pronoun_anchor,P:they,full,item,sem,idf_jaccard,0.7617390133627417,0.9191201909351184,-0.1573811775723765,0.1573811775723765
themselves,pronoun_anchor,P:they,full,family,sem,jaccard,0.5742369187717037,0.7944008794459458,-0.2201639606742421,0.2201639606742421
themselves,pronoun_anchor,P:they,full,family,sem,dice,0.4297924689926075,0.6592986079217356,-0.229506138929128,0.229506138929128
themselves,pronoun_anchor,P:they,full,family,sem,hamming,0.155002733734281,0.2187499999999999,-0.0637472662657188,0.0637472662657188
themselves,pronoun_anchor,P:they,full,family,sem,idf_jaccard,0.7961246895267906,0.9333792340105314,-0.1372545444837407,0.1372545444837407
themselves,pronoun_anchor,P:they,nonlocative,item,sem,jaccard,0.5631907766991373,0.7879845258403133,-0.224793749141176,0.224793749141176
themselves,pronoun_anchor,P:they,nonlocative,item,sem,dice,0.4186653532374739,0.650387472509976,-0.231722119272502,0.231722119272502
themselves,pronoun_anchor,P:they,nonlocative,item,sem,hamming,0.1529661016949153,0.2238700564971751,-0.0709039548022598,0.0709039548022598
themselves,pronoun_anchor,P:they,nonlocative,item,sem,idf_jaccard,0.7724309030675796,0.9285837720456592,-0.1561528689780795,0.1561528689780795
themselves,pronoun_anchor,P:they,nonlocative,family,sem,jaccard,0.5742369187717037,0.7879845258403133,-0.2137476070686096,0.2137476070686096
themselves,pronoun_anchor,P:they,nonlocative,family,sem,dice,0.4297924689926075,0.650387472509976,-0.2205950035173684,0.2205950035173684
themselves,pronoun_anchor,P:they,nonlocative,family,sem,hamming,0.155002733734281,0.2238700564971751,-0.068867322762894,0.068867322762894
themselves,pronoun_anchor,P:they,nonlocative,family,sem,idf_jaccard,0.8071557174161332,0.941534831439218,-0.1343791140230849,0.1343791140230849
they_sing,pronoun_anchor,P:they,full,item,sem,jaccard,0.5990176975591509,0.8764744495187431,-0.2774567519595922,0.2774567519595922
they_sing,pronoun_anchor,P:they,full,item,sem,dice,0.4488092396551043,0.7803456147948934,-0.3315363751397891,0.3315363751397891
they_sing,pronoun_anchor,P:they,full,item,sem,hamming,0.1468220338983051,0.2261652542372881,-0.079343220338983,0.079343220338983
they_sing,pronoun_anchor,P:they,full,item,sem,idf_jaccard,0.7951611971159132,0.9796330273730792,-0.184471830257166,0.184471830257166
they_sing,pronoun_anchor,P:they,full,family,sem,jaccard,0.6162566376004484,0.8764744495187431,-0.2602178119182947,0.2602178119182947
they_sing,pronoun_anchor,P:they,full,family,sem,dice,0.4656196365051249,0.7803456147948934,-0.3147259782897684,0.3147259782897684
they_sing,pronoun_anchor,P:they,full,family,sem,hamming,0.149808638600328,0.2261652542372881,-0.07635661563696,0.07635661563696
they_sing,pronoun_anchor,P:they,full,family,sem,idf_jaccard,0.8227739734734681,0.9824159198099254,-0.1596419463364572,0.1596419463364572
they_sing,pronoun_anchor,P:they,nonlocative,item,sem,jaccard,0.5990176975591509,0.87580852528425,-0.2767908277250991,0.2767908277250991
they_sing,pronoun_anchor,P:they,nonlocative,item,sem,dice,0.4488092396551043,0.7792750371697741,-0.3304657975146698,0.3304657975146698
they_sing,pronoun_anchor,P:they,nonlocative,item,sem,hamming,0.1468220338983051,0.2351694915254236,-0.0883474576271186,0.0883474576271186
they_sing,pronoun_anchor,P:they,nonlocative,item,sem,idf_jaccard,0.8046885339760731,0.9797634384940356,-0.1750749045179623,0.1750749045179623
they_sing,pronoun_anchor,P:they,nonlocative,family,sem,jaccard,0.6162566376004484,0.87580852528425,-0.2595518876838016,0.2595518876838016
they_sing,pronoun_anchor,P:they,nonlocative,family,sem,dice,0.4656196365051249,0.7792750371697741,-0.3136554006646491,0.3136554006646491
they_sing,pronoun_anchor,P:they,nonlocative,family,sem,hamming,0.149808638600328,0.2351694915254236,-0.0853608529250956,0.0853608529250956
they_sing,pronoun_anchor,P:they,nonlocative,family,sem,idf_jaccard,0.8332274521417388,0.982343833780913,-0.1491163816391741,0.1491163816391741
they_plur,pronoun_anchor,P:they,full,item,sem,jaccard,0.5990176975591509,0.8764744495187431,-0.2774567519595922,0.2774567519595922
they_plur,pronoun_anchor,P:they,full,item,sem,dice,0.4488092396551043,0.7803456147948934,-0.3315363751397891,0.3315363751397891
they_plur,pronoun_anchor,P:they,full,item,sem,hamming,0.1468220338983051,0.2261652542372881,-0.079343220338983,0.079343220338983
they_plur,pronoun_anchor,P:they,full,item,sem,idf_jaccard,0.7951611971159132,0.9796330273730792,-0.184471830257166,0.184471830257166
they_plur,pronoun_anchor,P:they,full,family,sem,jaccard,0.6162566376004484,0.8764744495187431,-0.2602178119182947,0.2602178119182947
they_plur,pronoun_anchor,P:they,full,family,sem,dice,0.4656196365051249,0.7803456147948934,-0.3147259782897684,0.3147259782897684
they_plur,pronoun_anchor,P:they,full,family,sem,hamming,0.149808638600328,0.2261652542372881,-0.07635661563696,0.07635661563696
they_plur,pronoun_anchor,P:they,full,family,sem,idf_jaccard,0.8227739734734681,0.9824159198099254,-0.1596419463364572,0.1596419463364572
they_plur,pronoun_anchor,P:they,nonlocative,item,sem,jaccard,0.5990176975591509,0.87580852528425,-0.2767908277250991,0.2767908277250991
they_plur,pronoun_anchor,P:they,nonlocative,item,sem,dice,0.4488092396551043,0.7792750371697741,-0.3304657975146698,0.3304657975146698
they_plur,pronoun_anchor,P:they,nonlocative,item,sem,hamming,0.1468220338983051,0.2351694915254236,-0.0883474576271186,0.0883474576271186
they_plur,pronoun_anchor,P:they,nonlocative,item,sem,idf_jaccard,0.8046885339760731,0.9797634384940356,-0.1750749045179623,0.1750749045179623
they_plur,pronoun_anchor,P:they,nonlocative,family,sem,jaccard,0.6162566376004484,0.87580852528425,-0.2595518876838016,0.2595518876838016
they_plur,pronoun_anchor,P:they,nonlocative,family,sem,dice,0.4656196365051249,0.7792750371697741,-0.3136554006646491,0.3136554006646491
they_plur,pronoun_anchor,P:they,nonlocative,family,sem,hamming,0.149808638600328,0.2351694915254236,-0.0853608529250956,0.0853608529250956
they_plur,pronoun_anchor,P:they,nonlocative,family,sem,idf_jaccard,0.8332274521417388,0.982343833780913,-0.1491163816391741,0.1491163816391741
we_pron,pronoun_anchor,P:we,full,item,sem,jaccard,0.6143238114280472,0.872230499715598,-0.2579066882875508,0.2579066882875508
we_pron,pronoun_anchor,P:we,full,item,sem,dice,0.464798363335087,0.7736639403949488,-0.3088655770598617,0.3088655770598617
we_pron,pronoun_anchor,P:we,full,item,sem,hamming,0.148728813559322,0.2176906779661016,-0.0689618644067796,0.0689618644067796
we_pron,pronoun_anchor,P:we,full,item,sem,idf_jaccard,0.8293559422541847,0.9795770286089892,-0.1502210863548043,0.1502210863548043
we_pron,pronoun_anchor,P:we,full,family,sem,jaccard,0.6089149644555696,0.872230499715598,-0.2633155352600284,0.2633155352600284
we_pron,pronoun_anchor,P:we,full,family,sem,dice,0.4607982702835188,0.7736639403949488,-0.3128656701114299,0.3128656701114299
we_pron,pronoun_anchor,P:we,full,family,sem,hamming,0.1471280602636535,0.2176906779661016,-0.0705626177024481,0.0705626177024481
we_pron,pronoun_anchor,P:we,full,family,sem,idf_jaccard,0.8225156695404733,0.9805445188827252,-0.1580288493422519,0.1580288493422519
we_pron,pronoun_anchor,P:we,nonlocative,item,sem,jaccard,0.6143238114280472,0.8717305543918448,-0.2574067429637976,0.2574067429637976
we_pron,pronoun_anchor,P:we,nonlocative,item,sem,dice,0.464798363335087,0.7728627787451318,-0.3080644154100447,0.3080644154100447
we_pron,pronoun_anchor,P:we,nonlocative,item,sem,hamming,0.148728813559322,0.2266949152542372,-0.0779661016949152,0.0779661016949152
we_pron,pronoun_anchor,P:we,nonlocative,item,sem,idf_jaccard,0.8390142088402046,0.9797523456829412,-0.1407381368427366,0.1407381368427366
we_pron,pronoun_anchor,P:we,nonlocative,family,sem,jaccard,0.6089149644555696,0.8717305543918448,-0.2628155899362752,0.2628155899362752
we_pron,pronoun_anchor,P:we,nonlocative,family,sem,dice,0.4607982702835188,0.7728627787451318,-0.3120645084616129,0.3120645084616129
we_pron,pronoun_anchor,P:we,nonlocative,family,sem,hamming,0.1471280602636535,0.2266949152542372,-0.0795668549905837,0.0795668549905837
we_pron,pronoun_anchor,P:we,nonlocative,family,sem,idf_jaccard,0.8328200239056124,0.9806658569579056,-0.1478458330522931,0.1478458330522931
us_pron,pronoun_anchor,P:we,full,item,sem,jaccard,0.5719434300952162,0.8456973848821869,-0.2737539547869707,0.2737539547869707
us_pron,pronoun_anchor,P:we,full,item,sem,dice,0.4098662898163328,0.7355568841325019,-0.3256905943161691,0.3256905943161691
us_pron,pronoun_anchor,P:we,full,item,sem,hamming,0.1387711864406779,0.2240466101694914,-0.0852754237288135,0.0852754237288135
us_pron,pronoun_anchor,P:we,full,item,sem,idf_jaccard,0.8300403602671776,0.9707411809050636,-0.140700820637886,0.140700820637886
us_pron,pronoun_anchor,P:we,full,family,sem,jaccard,0.5677353708958595,0.8456973848821869,-0.2779620139863274,0.2779620139863274
us_pron,pronoun_anchor,P:we,full,family,sem,dice,0.4062288639187834,0.7355568841325019,-0.3293280202137184,0.3293280202137184
us_pron,pronoun_anchor,P:we,full,family,sem,hamming,0.1372410546139359,0.2240466101694914,-0.0868055555555555,0.0868055555555555
us_pron,pronoun_anchor,P:we,full,family,sem,idf_jaccard,0.8245157423665763,0.9711008287964272,-0.1465850864298508,0.1465850864298508
us_pron,pronoun_anchor,P:we,nonlocative,item,sem,jaccard,0.5719434300952162,0.8223894243670098,-0.2504459942717936,0.2504459942717936
us_pron,pronoun_anchor,P:we,nonlocative,item,sem,dice,0.4098662898163328,0.6991774958880222,-0.2893112060716895,0.2893112060716895
us_pron,pronoun_anchor,P:we,nonlocative,item,sem,hamming,0.1387711864406779,0.222457627118644,-0.0836864406779661,0.0836864406779661
us_pron,pronoun_anchor,P:we,nonlocative,item,sem,idf_jaccard,0.8440672732250153,0.9700101742007704,-0.1259429009757552,0.1259429009757552
us_pron,pronoun_anchor,P:we,nonlocative,family,sem,jaccard,0.5677353708958595,0.8223894243670098,-0.2546540534711503,0.2546540534711503
us_pron,pronoun_anchor,P:we,nonlocative,family,sem,dice,0.4062288639187834,0.6991774958880222,-0.2929486319692388,0.2929486319692388
us_pron,pronoun_anchor,P:we,nonlocative,family,sem,hamming,0.1372410546139359,0.222457627118644,-0.0852165725047081,0.0852165725047081
us_pron,pronoun_anchor,P:we,nonlocative,family,sem,idf_jaccard,0.8395654017781684,0.9707534316300386,-0.1311880298518701,0.1311880298518701
our,pronoun_anchor,P:we,full,item,sem,jaccard,0.6143089006961666,0.8406286781969214,-0.2263197775007548,0.2263197775007548
our,pronoun_anchor,P:we,full,item,sem,dice,0.48105834282392,0.7296397986110214,-0.2485814557871013,0.2485814557871013
our,pronoun_anchor,P:we,full,item,sem,hamming,0.1957627118644067,0.2897245762711865,-0.0939618644067797,0.0939618644067797
our,pronoun_anchor,P:we,full,item,sem,idf_jaccard,0.7593211014879213,0.9293897387113944,-0.1700686372234732,0.1700686372234732
our,pronoun_anchor,P:we,full,family,sem,jaccard,0.6069075569375256,0.8406286781969214,-0.2337211212593958,0.2337211212593958
our,pronoun_anchor,P:we,full,family,sem,dice,0.4754397239538265,0.7296397986110214,-0.2542000746571948,0.2542000746571948
our,pronoun_anchor,P:we,full,family,sem,hamming,0.1937382297551788,0.2897245762711865,-0.0959863465160076,0.0959863465160076
our,pronoun_anchor,P:we,full,family,sem,idf_jaccard,0.7520436840955239,0.9311596175016982,-0.1791159334061742,0.1791159334061742
our,pronoun_anchor,P:we,nonlocative,item,sem,jaccard,0.6143089006961666,0.8169920837497412,-0.2026831830535745,0.2026831830535745
our,pronoun_anchor,P:we,nonlocative,item,sem,dice,0.48105834282392,0.6927722175826853,-0.2117138747587652,0.2117138747587652
our,pronoun_anchor,P:we,nonlocative,item,sem,hamming,0.1957627118644067,0.2846045197740113,-0.0888418079096045,0.0888418079096045
our,pronoun_anchor,P:we,nonlocative,item,sem,idf_jaccard,0.7666994961746971,0.9235590847625392,-0.156859588587842,0.156859588587842
our,pronoun_anchor,P:we,nonlocative,family,sem,jaccard,0.6069075569375256,0.8169920837497412,-0.2100845268122155,0.2100845268122155
our,pronoun_anchor,P:we,nonlocative,family,sem,dice,0.4754397239538265,0.6927722175826853,-0.2173324936288587,0.2173324936288587
our,pronoun_anchor,P:we,nonlocative,family,sem,hamming,0.1937382297551788,0.2846045197740113,-0.0908662900188324,0.0908662900188324
our,pronoun_anchor,P:we,nonlocative,family,sem,idf_jaccard,0.7600457806945314,0.9257830453183192,-0.1657372646237879,0.1657372646237879
ours,pronoun_anchor,P:we,full,item,sem,jaccard,0.5247350819546208,0.7685014231429673,-0.2437663411883465,0.2437663411883465
ours,pronoun_anchor,P:we,full,item,sem,dice,0.3708706723619534,0.6289334573950953,-0.2580627850331419,0.2580627850331419
ours,pronoun_anchor,P:we,full,item,sem,hamming,0.1383474576271186,0.2229872881355931,-0.0846398305084744,0.0846398305084744
ours,pronoun_anchor,P:we,full,item,sem,idf_jaccard,0.7651051094599662,0.9140372935262884,-0.1489321840663221,0.1489321840663221
ours,pronoun_anchor,P:we,full,family,sem,jaccard,0.5224443589594201,0.7685014231429673,-0.2460570641835472,0.2460570641835472
ours,pronoun_anchor,P:we,full,family,sem,dice,0.3700011054107049,0.6289334573950953,-0.2589323519843904,0.2589323519843904
ours,pronoun_anchor,P:we,full,family,sem,hamming,0.1381826741996233,0.2229872881355931,-0.0848046139359697,0.0848046139359697
ours,pronoun_anchor,P:we,full,family,sem,idf_jaccard,0.7694061693896457,0.9168824763600298,-0.1474763069703841,0.1474763069703841
ours,pronoun_anchor,P:we,nonlocative,item,sem,jaccard,0.5247350819546208,0.7476799278269866,-0.2229448458723657,0.2229448458723657
ours,pronoun_anchor,P:we,nonlocative,item,sem,dice,0.3708706723619534,0.6005413452884415,-0.229670672926488,0.229670672926488
ours,pronoun_anchor,P:we,nonlocative,item,sem,hamming,0.1383474576271186,0.2210451977401129,-0.0826977401129943,0.0826977401129943
ours,pronoun_anchor,P:we,nonlocative,item,sem,idf_jaccard,0.7766301241233246,0.9116743494681904,-0.1350442253448659,0.1350442253448659
ours,pronoun_anchor,P:we,nonlocative,family,sem,jaccard,0.5224443589594201,0.7476799278269866,-0.2252355688675664,0.2252355688675664
ours,pronoun_anchor,P:we,nonlocative,family,sem,dice,0.3700011054107049,0.6005413452884415,-0.2305402398777365,0.2305402398777365
ours,pronoun_anchor,P:we,nonlocative,family,sem,hamming,0.1381826741996233,0.2210451977401129,-0.0828625235404895,0.0828625235404895
ours,pronoun_anchor,P:we,nonlocative,family,sem,idf_jaccard,0.7818130407838805,0.914636366402796,-0.1328233256189155,0.1328233256189155
ourselves,pronoun_anchor,P:we,full,item,sem,jaccard,0.5808969770822083,0.7878444560626919,-0.2069474789804836,0.2069474789804836
ourselves,pronoun_anchor,P:we,full,item,sem,dice,0.435253987672857,0.6503407131510871,-0.2150867254782301,0.2150867254782301
ourselves,pronoun_anchor,P:we,full,item,sem,hamming,0.1557203389830508,0.2102754237288135,-0.0545550847457627,0.0545550847457627
ourselves,pronoun_anchor,P:we,full,item,sem,idf_jaccard,0.8086867637917626,0.9222483850749396,-0.113561621283177,0.113561621283177
ourselves,pronoun_anchor,P:we,full,family,sem,jaccard,0.5744751945421183,0.7878444560626919,-0.2133692615205736,0.2133692615205736
ourselves,pronoun_anchor,P:we,full,family,sem,dice,0.4307528656877831,0.6503407131510871,-0.2195878474633039,0.2195878474633039
ourselves,pronoun_anchor,P:we,full,family,sem,hamming,0.1541902071563088,0.2102754237288135,-0.0560852165725047,0.0560852165725047
ourselves,pronoun_anchor,P:we,full,family,sem,idf_jaccard,0.8085980043381163,0.9273267525830128,-0.1187287482448964,0.1187287482448964
ourselves,pronoun_anchor,P:we,nonlocative,item,sem,jaccard,0.5808969770822083,0.7814274445115289,-0.2005304674293205,0.2005304674293205
ourselves,pronoun_anchor,P:we,nonlocative,item,sem,dice,0.435253987672857,0.6415283482356654,-0.2062743605628084,0.2062743605628084
ourselves,pronoun_anchor,P:we,nonlocative,item,sem,hamming,0.1557203389830508,0.2153954802259887,-0.0596751412429379,0.0596751412429379
ourselves,pronoun_anchor,P:we,nonlocative,item,sem,idf_jaccard,0.8187920647397817,0.9313022498705495,-0.1125101851307678,0.1125101851307678
ourselves,pronoun_anchor,P:we,nonlocative,family,sem,jaccard,0.5744751945421183,0.7814274445115289,-0.2069522499694106,0.2069522499694106
ourselves,pronoun_anchor,P:we,nonlocative,family,sem,dice,0.4307528656877831,0.6415283482356654,-0.2107754825478822,0.2107754825478822
ourselves,pronoun_anchor,P:we,nonlocative,family,sem,hamming,0.1541902071563088,0.2153954802259887,-0.0612052730696799,0.0612052730696799
ourselves,pronoun_anchor,P:we,nonlocative,family,sem,idf_jaccard,0.8192063774973735,0.9361070569366616,-0.116900679439288,0.116900679439288
you_pron_sing,pronoun_anchor,P:you,full,item,sem,jaccard,0.5618869498867151,0.7939228401201827,-0.2320358902334676,0.2320358902334676
you_pron_sing,pronoun_anchor,P:you,full,item,sem,dice,0.4011775010267266,0.6607134884760493,-0.2595359874493226,0.2595359874493226
you_pron_sing,pronoun_anchor,P:you,full,item,sem,hamming,0.1493644067796609,0.2240466101694914,-0.0746822033898305,0.0746822033898305
you_pron_sing,pronoun_anchor,P:you,full,item,sem,idf_jaccard,0.7789520599288408,0.9308447231690076,-0.1518926632401667,0.1518926632401667
you_pron_sing,pronoun_anchor,P:you,full,family,sem,jaccard,0.577295446503001,0.7939228401201827,-0.2166273936171816,0.2166273936171816
you_pron_sing,pronoun_anchor,P:you,full,family,sem,dice,0.4134638717169383,0.6607134884760493,-0.2472496167591109,0.2472496167591109
you_pron_sing,pronoun_anchor,P:you,full,family,sem,hamming,0.1512583461736003,0.2240466101694914,-0.0727882639958911,0.0727882639958911
you_pron_sing,pronoun_anchor,P:you,full,family,sem,idf_jaccard,0.8050092803047957,0.9312636329149748,-0.126254352610179,0.126254352610179
you_pron_sing,pronoun_anchor,P:you,nonlocative,item,sem,jaccard,0.5618869498867151,0.7727884689934026,-0.2109015191066875,0.2109015191066875
you_pron_sing,pronoun_anchor,P:you,nonlocative,item,sem,dice,0.4011775010267266,0.630790870439197,-0.2296133694124704,0.2296133694124704
you_pron_sing,pronoun_anchor,P:you,nonlocative,item,sem,hamming,0.1493644067796609,0.222457627118644,-0.0730932203389831,0.0730932203389831
you_pron_sing,pronoun_anchor,P:you,nonlocative,item,sem,idf_jaccard,0.7899500126017711,0.92327958434438,-0.1333295717426089,0.1333295717426089
you_pron_sing,pronoun_anchor,P:you,nonlocative,family,sem,jaccard,0.577295446503001,0.7727884689934026,-0.1954930224904015,0.1954930224904015
you_pron_sing,pronoun_anchor,P:you,nonlocative,family,sem,dice,0.4134638717169383,0.630790870439197,-0.2173269987222587,0.2173269987222587
you_pron_sing,pronoun_anchor,P:you,nonlocative,family,sem,hamming,0.1512583461736003,0.222457627118644,-0.0711992809450436,0.0711992809450436
you_pron_sing,pronoun_anchor,P:you,nonlocative,family,sem,idf_jaccard,0.8169745593413482,0.9224307103946032,-0.1054561510532551,0.1054561510532551
you_pron_plur,pronoun_anchor,P:you,full,item,sem,jaccard,0.5727695016965564,0.7999379236801838,-0.2271684219836274,0.2271684219836274
you_pron_plur,pronoun_anchor,P:you,full,item,sem,dice,0.4121680689907608,0.6689201655784922,-0.2567520965877313,0.2567520965877313
you_pron_plur,pronoun_anchor,P:you,full,item,sem,hamming,0.1567796610169492,0.2325211864406779,-0.0757415254237287,0.0757415254237287
you_pron_plur,pronoun_anchor,P:you,full,item,sem,idf_jaccard,0.7918868230537759,0.9365469015971876,-0.1446600785434115,0.1446600785434115
you_pron_plur,pronoun_anchor,P:you,full,family,sem,jaccard,0.5880714948251318,0.7999379236801838,-0.211866428855052,0.211866428855052
you_pron_plur,pronoun_anchor,P:you,full,family,sem,dice,0.4244803123107976,0.6689201655784922,-0.2444398532676945,0.2444398532676945
you_pron_plur,pronoun_anchor,P:you,full,family,sem,hamming,0.1587057010785824,0.2325211864406779,-0.0738154853620954,0.0738154853620954
you_pron_plur,pronoun_anchor,P:you,full,family,sem,idf_jaccard,0.8145138917912539,0.9364011479891944,-0.1218872561979405,0.1218872561979405
you_pron_plur,pronoun_anchor,P:you,nonlocative,item,sem,jaccard,0.5727695016965564,0.7793438507060798,-0.2065743490095234,0.2065743490095234
you_pron_plur,pronoun_anchor,P:you,nonlocative,item,sem,dice,0.4121680689907608,0.6394834278555209,-0.22731535886476,0.22731535886476
you_pron_plur,pronoun_anchor,P:you,nonlocative,item,sem,hamming,0.1567796610169492,0.2309322033898304,-0.0741525423728812,0.0741525423728812
you_pron_plur,pronoun_anchor,P:you,nonlocative,item,sem,idf_jaccard,0.8021922153819017,0.9294588203502748,-0.1272666049683731,0.1272666049683731
you_pron_plur,pronoun_anchor,P:you,nonlocative,family,sem,jaccard,0.5880714948251318,0.7793438507060798,-0.191272355880948,0.191272355880948
you_pron_plur,pronoun_anchor,P:you,nonlocative,family,sem,dice,0.4244803123107976,0.6394834278555209,-0.2150031155447233,0.2150031155447233
you_pron_plur,pronoun_anchor,P:you,nonlocative,family,sem,hamming,0.1587057010785824,0.2309322033898304,-0.072226502311248,0.072226502311248
you_pron_plur,pronoun_anchor,P:you,nonlocative,family,sem,idf_jaccard,0.8257225185658932,0.9281124829453494,-0.1023899643794562,0.1023899643794562
your_sing,pronoun_anchor,P:you,full,item,sem,jaccard,0.6309644788929754,0.8375313201089578,-0.2065668412159824,0.2065668412159824
your_sing,pronoun_anchor,P:you,full,item,sem,dice,0.4984788441475317,0.7254436990656974,-0.2269648549181657,0.2269648549181657
your_sing,pronoun_anchor,P:you,full,item,sem,hamming,0.2110169491525423,0.3003177966101695,-0.0893008474576271,0.0893008474576271
your_sing,pronoun_anchor,P:you,full,item,sem,idf_jaccard,0.758261528253978,0.9198093033781242,-0.1615477751241462,0.1615477751241462
your_sing,pronoun_anchor,P:you,full,family,sem,jaccard,0.6504410091089575,0.8375313201089578,-0.1870903110000003,0.1870903110000003
your_sing,pronoun_anchor,P:you,full,family,sem,dice,0.518531973056346,0.7254436990656974,-0.2069117260093513,0.2069117260093513
your_sing,pronoun_anchor,P:you,full,family,sem,hamming,0.2172573189522341,0.3003177966101695,-0.0830604776579353,0.0830604776579353
your_sing,pronoun_anchor,P:you,full,family,sem,idf_jaccard,0.7912042291028168,0.9229172423595736,-0.1317130132567567,0.1317130132567567
your_sing,pronoun_anchor,P:you,nonlocative,item,sem,jaccard,0.6309644788929754,0.8114432313028456,-0.1804787524098702,0.1804787524098702
your_sing,pronoun_anchor,P:you,nonlocative,item,sem,dice,0.4984788441475317,0.6848507356498478,-0.1863718915023161,0.1863718915023161
your_sing,pronoun_anchor,P:you,nonlocative,item,sem,hamming,0.2110169491525423,0.2930790960451978,-0.0820621468926554,0.0820621468926554
your_sing,pronoun_anchor,P:you,nonlocative,item,sem,idf_jaccard,0.764605260017699,0.9099919906401692,-0.1453867306224701,0.1453867306224701
your_sing,pronoun_anchor,P:you,nonlocative,family,sem,jaccard,0.6504410091089575,0.8114432313028456,-0.161002222193888,0.161002222193888
your_sing,pronoun_anchor,P:you,nonlocative,family,sem,dice,0.518531973056346,0.6848507356498478,-0.1663187625935017,0.1663187625935017
your_sing,pronoun_anchor,P:you,nonlocative,family,sem,hamming,0.2172573189522341,0.2930790960451978,-0.0758217770929635,0.0758217770929635
your_sing,pronoun_anchor,P:you,nonlocative,family,sem,idf_jaccard,0.7982259954976212,0.9131914664148808,-0.1149654709172596,0.1149654709172596
yours_sing,pronoun_anchor,P:you,full,item,sem,jaccard,0.5396641641786062,0.7750695420200064,-0.2354053778414002,0.2354053778414002
yours_sing,pronoun_anchor,P:you,full,item,sem,dice,0.3860895106135097,0.6374403104313164,-0.2513507998178067,0.2513507998178067
yours_sing,pronoun_anchor,P:you,full,item,sem,hamming,0.1466101694915254,0.2314618644067796,-0.0848516949152542,0.0848516949152542
yours_sing,pronoun_anchor,P:you,full,item,sem,idf_jaccard,0.7554817966784959,0.9176089696805296,-0.1621271730020337,0.1621271730020337
yours_sing,pronoun_anchor,P:you,full,family,sem,jaccard,0.5601738606300269,0.7750695420200064,-0.2148956813899795,0.2148956813899795
yours_sing,pronoun_anchor,P:you,full,family,sem,dice,0.4048571614169524,0.6374403104313164,-0.232583149014364,0.232583149014364
yours_sing,pronoun_anchor,P:you,full,family,sem,hamming,0.1515151515151515,0.2314618644067796,-0.0799467128916281,0.0799467128916281
yours_sing,pronoun_anchor,P:you,full,family,sem,idf_jaccard,0.7980556498609497,0.9238985313785132,-0.1258428815175636,0.1258428815175636
yours_sing,pronoun_anchor,P:you,nonlocative,item,sem,jaccard,0.5396641641786062,0.7547570126517495,-0.2150928484731433,0.2150928484731433
yours_sing,pronoun_anchor,P:you,nonlocative,item,sem,dice,0.3860895106135097,0.6094654420510109,-0.2233759314375012,0.2233759314375012
yours_sing,pronoun_anchor,P:you,nonlocative,item,sem,hamming,0.1466101694915254,0.2295197740112994,-0.082909604519774,0.082909604519774
yours_sing,pronoun_anchor,P:you,nonlocative,item,sem,idf_jaccard,0.7656849867464663,0.9151349586750184,-0.1494499719285521,0.1494499719285521
yours_sing,pronoun_anchor,P:you,nonlocative,family,sem,jaccard,0.5601738606300269,0.7547570126517495,-0.1945831520217226,0.1945831520217226
yours_sing,pronoun_anchor,P:you,nonlocative,family,sem,dice,0.4048571614169524,0.6094654420510109,-0.2046082806340585,0.2046082806340585
yours_sing,pronoun_anchor,P:you,nonlocative,family,sem,hamming,0.1515151515151515,0.2295197740112994,-0.0780046224961479,0.0780046224961479
yours_sing,pronoun_anchor,P:you,nonlocative,family,sem,idf_jaccard,0.8088357210608839,0.9211196162312248,-0.1122838951703409,0.1122838951703409
your_plur,pronoun_anchor,P:you,full,item,sem,jaccard,0.6309644788929754,0.8375313201089578,-0.2065668412159824,0.2065668412159824
your_plur,pronoun_anchor,P:you,full,item,sem,dice,0.4984788441475317,0.7254436990656974,-0.2269648549181657,0.2269648549181657
your_plur,pronoun_anchor,P:you,full,item,sem,hamming,0.2110169491525423,0.3003177966101695,-0.0893008474576271,0.0893008474576271
your_plur,pronoun_anchor,P:you,full,item,sem,idf_jaccard,0.758261528253978,0.9198093033781242,-0.1615477751241462,0.1615477751241462
your_plur,pronoun_anchor,P:you,full,family,sem,jaccard,0.6504410091089575,0.8375313201089578,-0.1870903110000003,0.1870903110000003
your_plur,pronoun_anchor,P:you,full,family,sem,dice,0.518531973056346,0.7254436990656974,-0.2069117260093513,0.2069117260093513
your_plur,pronoun_anchor,P:you,full,family,sem,hamming,0.2172573189522341,0.3003177966101695,-0.0830604776579353,0.0830604776579353
your_plur,pronoun_anchor,P:you,full,family,sem,idf_jaccard,0.7912042291028168,0.9229172423595736,-0.1317130132567567,0.1317130132567567
your_plur,pronoun_anchor,P:you,nonlocative,item,sem,jaccard,0.6309644788929754,0.8114432313028456,-0.1804787524098702,0.1804787524098702
your_plur,pronoun_anchor,P:you,nonlocative,item,sem,dice,0.4984788441475317,0.6848507356498478,-0.1863718915023161,0.1863718915023161
your_plur,pronoun_anchor,P:you,nonlocative,item,sem,hamming,0.2110169491525423,0.2930790960451978,-0.0820621468926554,0.0820621468926554
your_plur,pronoun_anchor,P:you,nonlocative,item,sem,idf_jaccard,0.764605260017699,0.9099919906401692,-0.1453867306224701,0.1453867306224701
your_plur,pronoun_anchor,P:you,nonlocative,family,sem,jaccard,0.6504410091089575,0.8114432313028456,-0.161002222193888,0.161002222193888
your_plur,pronoun_anchor,P:you,nonlocative,family,sem,dice,0.518531973056346,0.6848507356498478,-0.1663187625935017,0.1663187625935017
your_plur,pronoun_anchor,P:you,nonlocative,family,sem,hamming,0.2172573189522341,0.2930790960451978,-0.0758217770929635,0.0758217770929635
your_plur,pronoun_anchor,P:you,nonlocative,family,sem,idf_jaccard,0.7982259954976212,0.9131914664148808,-0.1149654709172596,0.1149654709172596
yours_plur,pronoun_anchor,P:you,full,item,sem,jaccard,0.5416759784997667,0.7466594583757897,-0.204983479876023,0.204983479876023
yours_plur,pronoun_anchor,P:you,full,item,sem,dice,0.3865995011713986,0.6000933163777096,-0.2134938152063109,0.2134938152063109
yours_plur,pronoun_anchor,P:you,full,item,sem,hamming,0.1502118644067796,0.2229872881355931,-0.0727754237288135,0.0727754237288135
yours_plur,pronoun_anchor,P:you,full,item,sem,idf_jaccard,0.753598669719712,0.899139674482625,-0.1455410047629129,0.1455410047629129
yours_plur,pronoun_anchor,P:you,full,family,sem,jaccard,0.5655227000891686,0.7466594583757897,-0.1811367582866211,0.1811367582866211
yours_plur,pronoun_anchor,P:you,full,family,sem,dice,0.4082411119058162,0.6000933163777096,-0.1918522044718933,0.1918522044718933
yours_plur,pronoun_anchor,P:you,full,family,sem,hamming,0.1563944530046224,0.2229872881355931,-0.0665928351309706,0.0665928351309706
yours_plur,pronoun_anchor,P:you,full,family,sem,idf_jaccard,0.7976725373360569,0.9062957816002728,-0.1086232442642159,0.1086232442642159
yours_plur,pronoun_anchor,P:you,nonlocative,item,sem,jaccard,0.5416759784997667,0.7268293669609459,-0.1851533884611792,0.1851533884611792
yours_plur,pronoun_anchor,P:you,nonlocative,item,sem,dice,0.3865995011713986,0.5740754634709145,-0.1874759622995159,0.1874759622995159
yours_plur,pronoun_anchor,P:you,nonlocative,item,sem,hamming,0.1502118644067796,0.2210451977401129,-0.0708333333333333,0.0708333333333333
yours_plur,pronoun_anchor,P:you,nonlocative,item,sem,idf_jaccard,0.7634103113612177,0.8949048128996098,-0.131494501538392,0.131494501538392
yours_plur,pronoun_anchor,P:you,nonlocative,family,sem,jaccard,0.5655227000891686,0.7268293669609459,-0.1613066668717773,0.1613066668717773
yours_plur,pronoun_anchor,P:you,nonlocative,family,sem,dice,0.4082411119058162,0.5740754634709145,-0.1658343515650983,0.1658343515650983
yours_plur,pronoun_anchor,P:you,nonlocative,family,sem,hamming,0.1563944530046224,0.2210451977401129,-0.0646507447354904,0.0646507447354904
yours_plur,pronoun_anchor,P:you,nonlocative,family,sem,idf_jaccard,0.8082660294043963,0.901297040850426,-0.0930310114460297,0.0930310114460297
yourself,pronoun_anchor,P:you,full,item,sem,jaccard,0.5835377381724398,0.7878444560626919,-0.2043067178902521,0.2043067178902521
yourself,pronoun_anchor,P:you,full,item,sem,dice,0.4390294726598888,0.6503407131510871,-0.2113112404911983,0.2113112404911983
yourself,pronoun_anchor,P:you,full,item,sem,hamming,0.1561440677966101,0.2102754237288135,-0.0541313559322034,0.0541313559322034
yourself,pronoun_anchor,P:you,full,item,sem,idf_jaccard,0.7757486157465262,0.9167704565705184,-0.1410218408239921,0.1410218408239921
yourself,pronoun_anchor,P:you,full,family,sem,jaccard,0.598410815048599,0.7878444560626919,-0.1894336410140928,0.1894336410140928
yourself,pronoun_anchor,P:you,full,family,sem,dice,0.4526581280156299,0.6503407131510871,-0.1976825851354572,0.1976825851354572
yourself,pronoun_anchor,P:you,full,family,sem,hamming,0.1574216743708268,0.2102754237288135,-0.0528537493579866,0.0528537493579866
yourself,pronoun_anchor,P:you,full,family,sem,idf_jaccard,0.8156826264033751,0.9260181316095976,-0.1103355052062226,0.1103355052062226
yourself,pronoun_anchor,P:you,nonlocative,item,sem,jaccard,0.5835377381724398,0.7814274445115289,-0.1978897063390891,0.1978897063390891
yourself,pronoun_anchor,P:you,nonlocative,item,sem,dice,0.4390294726598888,0.6415283482356654,-0.2024988755757766,0.2024988755757766
yourself,pronoun_anchor,P:you,nonlocative,item,sem,hamming,0.1561440677966101,0.2153954802259887,-0.0592514124293786,0.0592514124293786
yourself,pronoun_anchor,P:you,nonlocative,item,sem,idf_jaccard,0.7854527087771501,0.9267983334538415,-0.1413456246766914,0.1413456246766914
yourself,pronoun_anchor,P:you,nonlocative,family,sem,jaccard,0.598410815048599,0.7814274445115289,-0.1830166294629298,0.1830166294629298
yourself,pronoun_anchor,P:you,nonlocative,family,sem,dice,0.4526581280156299,0.6415283482356654,-0.1888702202200355,0.1888702202200355
yourself,pronoun_anchor,P:you,nonlocative,family,sem,hamming,0.1574216743708268,0.2153954802259887,-0.0579738058551618,0.0579738058551618
yourself,pronoun_anchor,P:you,nonlocative,family,sem,idf_jaccard,0.8256892974272704,0.9337984843662194,-0.108109186938949,0.108109186938949
yourselves,pronoun_anchor,P:you,full,item,sem,jaccard,0.5835377381724398,0.7878444560626919,-0.2043067178902521,0.2043067178902521
yourselves,pronoun_anchor,P:you,full,item,sem,dice,0.4390294726598888,0.6503407131510871,-0.2113112404911983,0.2113112404911983
yourselves,pronoun_anchor,P:you,full,item,sem,hamming,0.1561440677966101,0.2102754237288135,-0.0541313559322034,0.0541313559322034
yourselves,pronoun_anchor,P:you,full,item,sem,idf_jaccard,0.7757486157465262,0.9167704565705184,-0.1410218408239921,0.1410218408239921
yourselves,pronoun_anchor,P:you,full,family,sem,jaccard,0.598410815048599,0.7878444560626919,-0.1894336410140928,0.1894336410140928
yourselves,pronoun_anchor,P:you,full,family,sem,dice,0.4526581280156299,0.6503407131510871,-0.1976825851354572,0.1976825851354572
yourselves,pronoun_anchor,P:you,full,family,sem,hamming,0.1574216743708268,0.2102754237288135,-0.0528537493579866,0.0528537493579866
yourselves,pronoun_anchor,P:you,full,family,sem,idf_jaccard,0.8156826264033751,0.9260181316095976,-0.1103355052062226,0.1103355052062226
yourselves,pronoun_anchor,P:you,nonlocative,item,sem,jaccard,0.5835377381724398,0.7814274445115289,-0.1978897063390891,0.1978897063390891
yourselves,pronoun_anchor,P:you,nonlocative,item,sem,dice,0.4390294726598888,0.6415283482356654,-0.2024988755757766,0.2024988755757766
yourselves,pronoun_anchor,P:you,nonlocative,item,sem,hamming,0.1561440677966101,0.2153954802259887,-0.0592514124293786,0.0592514124293786
yourselves,pronoun_anchor,P:you,nonlocative,item,sem,idf_jaccard,0.7854527087771501,0.9267983334538415,-0.1413456246766914,0.1413456246766914
yourselves,pronoun_anchor,P:you,nonlocative,family,sem,jaccard,0.598410815048599,0.7814274445115289,-0.1830166294629298,0.1830166294629298
yourselves,pronoun_anchor,P:you,nonlocative,family,sem,dice,0.4526581280156299,0.6415283482356654,-0.1888702202200355,0.1888702202200355
yourselves,pronoun_anchor,P:you,nonlocative,family,sem,hamming,0.1574216743708268,0.2153954802259887,-0.0579738058551618,0.0579738058551618
yourselves,pronoun_anchor,P:you,nonlocative,family,sem,idf_jaccard,0.8256892974272704,0.9337984843662194,-0.108109186938949,0.108109186938949
anybody,compound_anchor,C:any,full,item,phon,jaccard,0.7772084103338776,0.4590281180386543,0.3181802922952232,0.3181802922952232
anybody,compound_anchor,C:any,full,item,phon,dice,0.6374819504405185,0.3106954660723741,0.3267864843681443,0.3267864843681443
anybody,compound_anchor,C:any,full,item,phon,hamming,0.2405104183492167,0.1094922737306843,0.1310181446185324,0.1310181446185324
anybody,compound_anchor,C:any,full,item,phon,idf_jaccard,0.9237664815879828,0.6350805091707425,0.2886859724172401,0.2886859724172401
anybody,compound_anchor,C:any,full,family,phon,jaccard,0.7772084103338776,0.5044136489488781,0.2727947613849995,0.2727947613849995
anybody,compound_anchor,C:any,full,family,phon,dice,0.6374819504405185,0.3458677081590187,0.2916142422814998,0.2916142422814998
anybody,compound_anchor,C:any,full,family,phon,hamming,0.2405104183492167,0.1219646799116997,0.1185457384375169,0.1185457384375169
anybody,compound_anchor,C:any,full,family,phon,idf_jaccard,0.9257481572569656,0.7099626827097744,0.2157854745471913,0.2157854745471913
anybody,compound_anchor,C:any,nonlocative,item,phon,jaccard,0.7772084103338776,0.4041369243785648,0.3730714859553127,0.3730714859553127
anybody,compound_anchor,C:any,nonlocative,item,phon,dice,0.6374819504405185,0.2615264241646027,0.3759555262759158,0.3759555262759158
anybody,compound_anchor,C:any,nonlocative,item,phon,hamming,0.2405104183492167,0.0963275135460565,0.1441829048031601,0.1441829048031601
anybody,compound_anchor,C:any,nonlocative,item,phon,idf_jaccard,0.92815624740778,0.5961879065878937,0.3319683408198862,0.3319683408198862
anybody,compound_anchor,C:any,nonlocative,family,phon,jaccard,0.7772084103338776,0.4500609094412151,0.3271475008926625,0.3271475008926625
anybody,compound_anchor,C:any,nonlocative,family,phon,dice,0.6374819504405185,0.294085685848138,0.3433962645923805,0.3433962645923805
anybody,compound_anchor,C:any,nonlocative,family,phon,hamming,0.2405104183492167,0.108167770419426,0.1323426479297906,0.1323426479297906
anybody,compound_anchor,C:any,nonlocative,family,phon,idf_jaccard,0.9283361108556448,0.6669045545725275,0.2614315562831172,0.2614315562831172
anyone,compound_anchor,C:any,full,item,phon,jaccard,0.7772084103338776,0.4591554416953897,0.3180529686384878,0.3180529686384878
anyone,compound_anchor,C:any,full,item,phon,dice,0.6374819504405185,0.3107403594506008,0.3267415909899176,0.3267415909899176
anyone,compound_anchor,C:any,full,item,phon,hamming,0.2405104183492167,0.1094922737306843,0.1310181446185324,0.1310181446185324
anyone,compound_anchor,C:any,full,item,phon,idf_jaccard,0.9237664815879828,0.635755957846751,0.2880105237412317,0.2880105237412317
anyone,compound_anchor,C:any,full,family,phon,jaccard,0.7772084103338776,0.5045728035197974,0.2726356068140801,0.2726356068140801
anyone,compound_anchor,C:any,full,family,phon,dice,0.6374819504405185,0.3459238248818021,0.2915581255587163,0.2915581255587163
anyone,compound_anchor,C:any,full,family,phon,hamming,0.2405104183492167,0.1219646799116997,0.1185457384375169,0.1185457384375169
anyone,compound_anchor,C:any,full,family,phon,idf_jaccard,0.9257481572569656,0.7106617451617226,0.215086412095243,0.215086412095243
anyone,compound_anchor,C:any,nonlocative,item,phon,jaccard,0.7772084103338776,0.4043105475468404,0.3728978627870371,0.3728978627870371
anyone,compound_anchor,C:any,nonlocative,item,phon,dice,0.6374819504405185,0.2615876424076391,0.3758943080328793,0.3758943080328793
anyone,compound_anchor,C:any,nonlocative,item,phon,hamming,0.2405104183492167,0.0963275135460566,0.1441829048031601,0.1441829048031601
anyone,compound_anchor,C:any,nonlocative,item,phon,idf_jaccard,0.92815624740778,0.5969893391890945,0.3311669082186854,0.3311669082186854
anyone,compound_anchor,C:any,nonlocative,family,phon,jaccard,0.7772084103338776,0.4502731155357741,0.3269352947981034,0.3269352947981034
anyone,compound_anchor,C:any,nonlocative,family,phon,dice,0.6374819504405185,0.2941605081451824,0.343321442295336,0.343321442295336
anyone,compound_anchor,C:any,nonlocative,family,phon,hamming,0.2405104183492167,0.108167770419426,0.1323426479297906,0.1323426479297906
anyone,compound_anchor,C:any,nonlocative,family,phon,idf_jaccard,0.9283361108556448,0.6677758407996522,0.2605602700559924,0.2605602700559924
anything,compound_anchor,C:any,full,item,phon,jaccard,0.7768159287833197,0.4709966142375717,0.305819314545748,0.305819314545748
anything,compound_anchor,C:any,full,item,phon,dice,0.6385644994112508,0.3138943692075377,0.3246701302037131,0.3246701302037131
anything,compound_anchor,C:any,full,item,phon,hamming,0.25294782749152,0.1165562913907284,0.1363915361007915,0.1363915361007915
anything,compound_anchor,C:any,full,item,phon,idf_jaccard,0.9147108618181884,0.6349635394772997,0.2797473223408888,0.2797473223408888
anything,compound_anchor,C:any,full,family,phon,jaccard,0.7768159287833197,0.5019959163412309,0.2748200124420888,0.2748200124420888
anything,compound_anchor,C:any,full,family,phon,dice,0.6385644994112508,0.3397639672470365,0.2988005321642142,0.2988005321642142
anything,compound_anchor,C:any,full,family,phon,hamming,0.25294782749152,0.1263796909492273,0.1265681365422926,0.1265681365422926
anything,compound_anchor,C:any,full,family,phon,idf_jaccard,0.917811945185082,0.6931055078514691,0.224706437333613,0.224706437333613
anything,compound_anchor,C:any,nonlocative,item,phon,jaccard,0.7768159287833197,0.4430385247307394,0.3337774040525803,0.3337774040525803
anything,compound_anchor,C:any,nonlocative,item,phon,dice,0.6385644994112508,0.2888918816553667,0.3496726177558841,0.3496726177558841
anything,compound_anchor,C:any,nonlocative,item,phon,hamming,0.25294782749152,0.110776640577965,0.1421711869135549,0.1421711869135549
anything,compound_anchor,C:any,nonlocative,item,phon,idf_jaccard,0.9176798537900308,0.6146863718333982,0.3029934819566325,0.3029934819566325
anything,compound_anchor,C:any,nonlocative,family,phon,jaccard,0.7768159287833197,0.4695961053898581,0.3072198233934616,0.3072198233934616
anything,compound_anchor,C:any,nonlocative,family,phon,dice,0.6385644994112508,0.3102050873253703,0.3283594120858805,0.3283594120858805
anything,compound_anchor,C:any,nonlocative,family,phon,hamming,0.25294782749152,0.119205298013245,0.1337425294782749,0.1337425294782749
anything,compound_anchor,C:any,nonlocative,family,phon,idf_jaccard,0.9191724679676792,0.6629727453572258,0.2561997226104533,0.2561997226104533
anywhere,compound_anchor,C:any,full,item,phon,jaccard,0.8516840287468375,0.5504100141072689,0.3012740146395686,0.3012740146395686
anywhere,compound_anchor,C:any,full,item,phon,dice,0.7441215221319065,0.3887230846539551,0.3553984374779513,0.3553984374779513
anywhere,compound_anchor,C:any,full,item,phon,hamming,0.2618316911645936,0.1298013245033112,0.1320303666612824,0.1320303666612824
anywhere,compound_anchor,C:any,full,item,phon,idf_jaccard,0.939012587856028,0.6776070658930401,0.261405521962988,0.261405521962988
anywhere,compound_anchor,C:any,full,family,phon,jaccard,0.8516840287468375,0.5822675681391365,0.2694164606077009,0.2694164606077009
anywhere,compound_anchor,C:any,full,family,phon,dice,0.7441215221319065,0.4187969375784502,0.3253245845534563,0.3253245845534563
anywhere,compound_anchor,C:any,full,family,phon,hamming,0.2618316911645936,0.1396247240618101,0.1222069671027835,0.1222069671027835
anywhere,compound_anchor,C:any,full,family,phon,idf_jaccard,0.9392622077109232,0.7340729001271885,0.2051893075837345,0.2051893075837345
everybody,compound_anchor,C:every,full,item,phon,jaccard,0.7283363903052367,0.486750788332945,0.2415856019722916,0.2415856019722916
everybody,compound_anchor,C:every,full,item,phon,dice,0.5767178291788775,0.3352698400939971,0.2414479890848803,0.2414479890848803
everybody,compound_anchor,C:every,full,item,phon,hamming,0.2314650298820868,0.1253863134657836,0.1060787164163031,0.1060787164163031
everybody,compound_anchor,C:every,full,item,phon,idf_jaccard,0.8895515096046861,0.6474611268593923,0.2420903827452938,0.2420903827452938
everybody,compound_anchor,C:every,full,family,phon,jaccard,0.7283363903052367,0.5417937156464114,0.1865426746588252,0.1865426746588252
everybody,compound_anchor,C:every,full,family,phon,dice,0.5767178291788775,0.3781044666898412,0.1986133624890362,0.1986133624890362
everybody,compound_anchor,C:every,full,family,phon,hamming,0.2314650298820868,0.140728476821192,0.0907365530608947,0.0907365530608947
everybody,compound_anchor,C:every,full,family,phon,idf_jaccard,0.8928531774122686,0.7273796097156641,0.1654735676966044,0.1654735676966044
everybody,compound_anchor,C:every,nonlocative,item,phon,jaccard,0.7283363903052367,0.4332660743925186,0.2950703159127181,0.2950703159127181
everybody,compound_anchor,C:every,nonlocative,item,phon,dice,0.5767178291788775,0.2857135915083819,0.2910042376704956,0.2910042376704956
everybody,compound_anchor,C:every,nonlocative,item,phon,hamming,0.2314650298820868,0.110776640577965,0.1206883893041217,0.1206883893041217
everybody,compound_anchor,C:every,nonlocative,item,phon,idf_jaccard,0.8970974635441179,0.6095847601431169,0.287512703401001,0.287512703401001
everybody,compound_anchor,C:every,nonlocative,family,phon,jaccard,0.7283363903052367,0.491738782282214,0.2365976080230226,0.2365976080230226
everybody,compound_anchor,C:every,nonlocative,family,phon,dice,0.5767178291788775,0.3277001243883807,0.2490177047904967,0.2490177047904967
everybody,compound_anchor,C:every,nonlocative,family,phon,hamming,0.2314650298820868,0.1265636497424576,0.1049013801396291,0.1049013801396291
everybody,compound_anchor,C:every,nonlocative,family,phon,idf_jaccard,0.8977780657391575,0.6874112940484023,0.2103667716907552,0.2103667716907552
everyone,compound_anchor,C:every,full,item,phon,jaccard,0.7283363903052367,0.4868468357974134,0.2414895545078232,0.2414895545078232
everyone,compound_anchor,C:every,full,item,phon,dice,0.5767178291788775,0.3353088036630601,0.2414090255158174,0.2414090255158174
everyone,compound_anchor,C:every,full,item,phon,hamming,0.2314650298820868,0.1253863134657836,0.1060787164163031,0.1060787164163031
everyone,compound_anchor,C:every,full,item,phon,idf_jaccard,0.8895515096046861,0.6480325504798081,0.2415189591248779,0.2415189591248779
everyone,compound_anchor,C:every,full,family,phon,jaccard,0.7283363903052367,0.541913774976997,0.1864226153282396,0.1864226153282396
everyone,compound_anchor,C:every,full,family,phon,dice,0.5767178291788775,0.37815317115117,0.1985646580277074,0.1985646580277074
everyone,compound_anchor,C:every,full,family,phon,hamming,0.2314650298820868,0.140728476821192,0.0907365530608947,0.0907365530608947
everyone,compound_anchor,C:every,full,family,phon,idf_jaccard,0.8928531774122686,0.7279762693918036,0.1648769080204649,0.1648769080204649
everyone,compound_anchor,C:every,nonlocative,item,phon,jaccard,0.7283363903052367,0.4333970482077028,0.2949393420975338,0.2949393420975338
everyone,compound_anchor,C:every,nonlocative,item,phon,dice,0.5767178291788775,0.2857667236480131,0.2909511055308643,0.2909511055308643
everyone,compound_anchor,C:every,nonlocative,item,phon,hamming,0.2314650298820868,0.110776640577965,0.1206883893041217,0.1206883893041217
everyone,compound_anchor,C:every,nonlocative,item,phon,idf_jaccard,0.8970974635441179,0.6102778150908477,0.2868196484532702,0.2868196484532702
everyone,compound_anchor,C:every,nonlocative,family,phon,jaccard,0.7283363903052367,0.4918988613896615,0.2364375289155751,0.2364375289155751
everyone,compound_anchor,C:every,nonlocative,family,phon,dice,0.5767178291788775,0.3277650636701522,0.2489527655087252,0.2489527655087252
everyone,compound_anchor,C:every,nonlocative,family,phon,hamming,0.2314650298820868,0.1265636497424577,0.1049013801396291,0.1049013801396291
everyone,compound_anchor,C:every,nonlocative,family,phon,idf_jaccard,0.8977780657391575,0.6881675480338149,0.2096105177053426,0.2096105177053426
everything,compound_anchor,C:every,full,item,phon,jaccard,0.7516033969684541,0.4680903516042834,0.2835130453641706,0.2835130453641706
everything,compound_anchor,C:every,full,item,phon,dice,0.6064203064874653,0.312807939103073,0.2936123673843922,0.2936123673843922
everything,compound_anchor,C:every,full,item,phon,hamming,0.2443870134065578,0.117439293598234,0.1269477198083238,0.1269477198083238
everything,compound_anchor,C:every,full,item,phon,idf_jaccard,0.905452082834283,0.6420681510850995,0.2633839317491835,0.2633839317491835
everything,compound_anchor,C:every,full,family,phon,jaccard,0.7516033969684541,0.5118558588953325,0.2397475380731216,0.2397475380731216
everything,compound_anchor,C:every,full,family,phon,dice,0.6064203064874653,0.3480463321037044,0.2583739743837608,0.2583739743837608
everything,compound_anchor,C:every,full,family,phon,hamming,0.2443870134065578,0.1296909492273731,0.1146960641791847,0.1146960641791847
everything,compound_anchor,C:every,full,family,phon,idf_jaccard,0.9072729182192584,0.7104795681164425,0.1967933501028159,0.1967933501028159
everything,compound_anchor,C:every,nonlocative,item,phon,jaccard,0.7516033969684541,0.4491090741090741,0.30249432285938,0.30249432285938
everything,compound_anchor,C:every,nonlocative,item,phon,dice,0.6064203064874653,0.2959548007185452,0.31046550576892,0.31046550576892
everything,compound_anchor,C:every,nonlocative,item,phon,hamming,0.2443870134065578,0.1143889223359422,0.1299980910706156,0.1299980910706156
everything,compound_anchor,C:every,nonlocative,item,phon,idf_jaccard,0.9088787742976796,0.6265086169019234,0.2823701573957562,0.2823701573957562
everything,compound_anchor,C:every,nonlocative,family,phon,jaccard,0.7516033969684541,0.4871826955160288,0.2644207014524253,0.2644207014524253
everything,compound_anchor,C:every,nonlocative,family,phon,dice,0.6064203064874653,0.3258802403047451,0.2805400661827201,0.2805400661827201
everything,compound_anchor,C:every,nonlocative,family,phon,hamming,0.2443870134065578,0.1250919793966151,0.1192950340099427,0.1192950340099427
everything,compound_anchor,C:every,nonlocative,family,phon,idf_jaccard,0.90940561346104,0.6844384063004172,0.2249672071606229,0.2249672071606229
everywhere,compound_anchor,C:every,full,item,phon,jaccard,0.8097893413089512,0.5318057159475386,0.2779836253614126,0.2779836253614126
everywhere,compound_anchor,C:every,full,item,phon,dice,0.6830262530857963,0.3703169267666943,0.312709326319102,0.312709326319102
everywhere,compound_anchor,C:every,full,item,phon,hamming,0.2535939266677435,0.1298013245033112,0.1237926021644323,0.1237926021644323
everywhere,compound_anchor,C:every,full,item,phon,idf_jaccard,0.9229103708563288,0.6709470844690933,0.2519632863872353,0.2519632863872353
everywhere,compound_anchor,C:every,full,family,phon,jaccard,0.8097893413089512,0.5612197840441211,0.2485695572648301,0.2485695572648301
everywhere,compound_anchor,C:every,full,family,phon,dice,0.6830262530857963,0.3971066847741573,0.285919568311639,0.285919568311639
everywhere,compound_anchor,C:every,full,family,phon,hamming,0.2535939266677435,0.1374172185430463,0.1161767081246971,0.1161767081246971
everywhere,compound_anchor,C:every,full,family,phon,idf_jaccard,0.9239077094495828,0.7282271868557415,0.1956805225938412,0.1956805225938412
nobody,compound_anchor,C:no,full,item,phon,jaccard,0.7658345960810843,0.4344618402155974,0.3313727558654868,0.3313727558654868
nobody,compound_anchor,C:no,full,item,phon,dice,0.622356584747658,0.2879841270557476,0.3343724576919104,0.3343724576919104
nobody,compound_anchor,C:no,full,item,phon,hamming,0.23566467452754,0.1015452538631346,0.1341194206644053,0.1341194206644053
nobody,compound_anchor,C:no,full,item,phon,idf_jaccard,0.930869574874299,0.6319153473623854,0.2989542275119136,0.2989542275119136
nobody,compound_anchor,C:no,full,family,phon,jaccard,0.7658345960810843,0.4701415853617991,0.2956930107192851,0.2956930107192851
nobody,compound_anchor,C:no,full,family,phon,dice,0.622356584747658,0.3150435478116449,0.3073130369360131,0.3073130369360131
nobody,compound_anchor,C:no,full,family,phon,hamming,0.23566467452754,0.1114790286975717,0.1241856458299682,0.1241856458299682
nobody,compound_anchor,C:no,full,family,phon,idf_jaccard,0.9342581220761376,0.7002667133463181,0.2339914087298193,0.2339914087298193
nobody,compound_anchor,C:no,nonlocative,item,phon,jaccard,0.7658345960810843,0.377018815741924,0.3888157803391603,0.3888157803391603
nobody,compound_anchor,C:no,nonlocative,item,phon,dice,0.622356584747658,0.238310574830951,0.384046009916707,0.384046009916707
nobody,compound_anchor,C:no,nonlocative,item,phon,hamming,0.23566467452754,0.0878988561107766,0.1477658184167633,0.1477658184167633
nobody,compound_anchor,C:no,nonlocative,item,phon,idf_jaccard,0.9351626024996084,0.5913128379440463,0.343849764555562,0.343849764555562
nobody,compound_anchor,C:no,nonlocative,family,phon,jaccard,0.7658345960810843,0.415636488252088,0.3501981078289963,0.3501981078289963
nobody,compound_anchor,C:no,nonlocative,family,phon,dice,0.622356584747658,0.2653666044470642,0.3569899803005937,0.3569899803005937
nobody,compound_anchor,C:no,nonlocative,family,phon,hamming,0.23566467452754,0.0978660779985283,0.1377985965290116,0.1377985965290116
nobody,compound_anchor,C:no,nonlocative,family,phon,idf_jaccard,0.9363793914887548,0.6553877720375239,0.2809916194512308,0.2809916194512308
no_one,compound_anchor,C:no,full,item,phon,jaccard,0.7708565856050322,0.4487890650341835,0.3220675205708487,0.3220675205708487
no_one,compound_anchor,C:no,full,item,phon,dice,0.6289145487798845,0.2998666483706192,0.3290479004092652,0.3290479004092652
no_one,compound_anchor,C:no,full,item,phon,hamming,0.2422871910838314,0.1077262693156732,0.1345609217681581,0.1345609217681581
no_one,compound_anchor,C:no,full,item,phon,idf_jaccard,0.93610895616181,0.6602726678221039,0.2758362883397062,0.2758362883397062
no_one,compound_anchor,C:no,full,family,phon,jaccard,0.7708565856050322,0.485000816919791,0.2858557686852412,0.2858557686852412
no_one,compound_anchor,C:no,full,family,phon,dice,0.6289145487798845,0.3275393179061237,0.3013752308737608,0.3013752308737608
no_one,compound_anchor,C:no,full,family,phon,hamming,0.2422871910838314,0.1181015452538631,0.1241856458299683,0.1241856458299683
no_one,compound_anchor,C:no,full,family,phon,idf_jaccard,0.9388405326175936,0.7235955455051739,0.2152449871124198,0.2152449871124198
no_one,compound_anchor,C:no,nonlocative,item,phon,jaccard,0.7708565856050322,0.3924150255722445,0.3784415600327877,0.3784415600327877
no_one,compound_anchor,C:no,nonlocative,item,phon,dice,0.6289145487798845,0.2503634091414375,0.378551139638447,0.378551139638447
no_one,compound_anchor,C:no,nonlocative,item,phon,hamming,0.2422871910838314,0.0939193257074051,0.1483678653764262,0.1483678653764262
no_one,compound_anchor,C:no,nonlocative,item,phon,idf_jaccard,0.939949047620967,0.6199286566176176,0.3200203910033493,0.3200203910033493
no_one,compound_anchor,C:no,nonlocative,family,phon,jaccard,0.7708565856050322,0.4321763992964349,0.3386801863085973,0.3386801863085973
no_one,compound_anchor,C:no,nonlocative,family,phon,dice,0.6289145487798845,0.2784966210966674,0.350417927683217,0.350417927683217
no_one,compound_anchor,C:no,nonlocative,family,phon,hamming,0.2422871910838314,0.1044885945548197,0.1377985965290117,0.1377985965290117
no_one,compound_anchor,C:no,nonlocative,family,phon,idf_jaccard,0.9407858906538842,0.6817083354226826,0.2590775552312016,0.2590775552312016
nothing,compound_anchor,C:no,full,item,phon,jaccard,0.802879234275014,0.4710623302535067,0.3318169040215072,0.3318169040215072
nothing,compound_anchor,C:no,full,item,phon,dice,0.6733818597322866,0.3155527776695851,0.3578290820627014,0.3578290820627014
nothing,compound_anchor,C:no,full,item,phon,hamming,0.2637699886932644,0.1156732891832229,0.1480966995100414,0.1480966995100414
nothing,compound_anchor,C:no,full,item,phon,idf_jaccard,0.9294682994253808,0.6352270985287826,0.2942412008965982,0.2942412008965982
nothing,compound_anchor,C:no,full,family,phon,jaccard,0.802879234275014,0.502760436583966,0.300118797691048,0.300118797691048
nothing,compound_anchor,C:no,full,family,phon,dice,0.6733818597322866,0.3422363182956403,0.3311455414366462,0.3311455414366462
nothing,compound_anchor,C:no,full,family,phon,hamming,0.2637699886932644,0.1258278145695364,0.1379421741237279,0.1379421741237279
nothing,compound_anchor,C:no,full,family,phon,idf_jaccard,0.9320515629120328,0.6900671277993121,0.2419844351127206,0.2419844351127206
nothing,compound_anchor,C:no,nonlocative,item,phon,jaccard,0.802879234275014,0.4442828613951608,0.3585963728798531,0.3585963728798531
nothing,compound_anchor,C:no,nonlocative,item,phon,dice,0.6733818597322866,0.2927694814849141,0.3806123782473724,0.3806123782473724
nothing,compound_anchor,C:no,nonlocative,item,phon,hamming,0.2637699886932644,0.110776640577965,0.1529933481152993,0.1529933481152993
nothing,compound_anchor,C:no,nonlocative,item,phon,idf_jaccard,0.9307031395575,0.6059868218100318,0.3247163177474682,0.3247163177474682
nothing,compound_anchor,C:no,nonlocative,family,phon,jaccard,0.802879234275014,0.4733946400613066,0.3294845942137073,0.3294845942137073
nothing,compound_anchor,C:no,nonlocative,family,phon,dice,0.6733818597322866,0.316545601291364,0.3568362584409225,0.3568362584409225
nothing,compound_anchor,C:no,nonlocative,family,phon,hamming,0.2637699886932644,0.1199411331861663,0.1438288555070981,0.1438288555070981
nothing,compound_anchor,C:no,nonlocative,family,phon,idf_jaccard,0.9320668874506026,0.6533487526890821,0.2787181347615205,0.2787181347615205
nowhere,compound_anchor,C:no,full,item,phon,jaccard,0.85536035583689,0.5444666072252279,0.3108937486116621,0.3108937486116621
nowhere,compound_anchor,C:no,full,item,phon,dice,0.7501089034735234,0.3846938769100251,0.3654150265634983,0.3654150265634983
nowhere,compound_anchor,C:no,full,item,phon,hamming,0.2600549184299789,0.1262693156732892,0.1337856027566897,0.1337856027566897
nowhere,compound_anchor,C:no,full,item,phon,idf_jaccard,0.9448217887714272,0.6791355947986999,0.2656861939727274,0.2656861939727274
nowhere,compound_anchor,C:no,full,family,phon,jaccard,0.85536035583689,0.5672625519608279,0.2880978038760621,0.2880978038760621
nowhere,compound_anchor,C:no,full,family,phon,dice,0.7501089034735234,0.4074486453238725,0.3426602581496509,0.3426602581496509
nowhere,compound_anchor,C:no,full,family,phon,hamming,0.2600549184299789,0.1335540838852097,0.1265008345447691,0.1265008345447691
nowhere,compound_anchor,C:no,full,family,phon,idf_jaccard,0.9454731593763516,0.7248995108123969,0.2205736485639545,0.2205736485639545
somebody,compound_anchor,C:some,full,item,phon,jaccard,0.7708513887950837,0.4513469134585433,0.3195044753365404,0.3195044753365404
somebody,compound_anchor,C:some,full,item,phon,dice,0.6298079916042792,0.3050082398926,0.3247997517116792,0.3247997517116792
somebody,compound_anchor,C:some,full,item,phon,hamming,0.231141980293975,0.1041942604856512,0.1269477198083238,0.1269477198083238
somebody,compound_anchor,C:some,full,item,phon,idf_jaccard,0.9356513415453348,0.6353537515042664,0.3002975900410682,0.3002975900410682
somebody,compound_anchor,C:some,full,family,phon,jaccard,0.7708513887950837,0.4864472205383708,0.2844041682567129,0.2844041682567129
somebody,compound_anchor,C:some,full,family,phon,dice,0.6298079916042792,0.3315982952037454,0.2982096964005338,0.2982096964005338
somebody,compound_anchor,C:some,full,family,phon,hamming,0.231141980293975,0.1147902869757174,0.1163516933182576,0.1163516933182576
somebody,compound_anchor,C:some,full,family,phon,idf_jaccard,0.9380375068371962,0.6902666767468676,0.2477708300903286,0.2477708300903286
somebody,compound_anchor,C:some,nonlocative,item,phon,jaccard,0.7708513887950837,0.3868332825357443,0.3840181062593394,0.3840181062593394
somebody,compound_anchor,C:some,nonlocative,item,phon,dice,0.6298079916042792,0.2483572231085096,0.3814507684957696,0.3814507684957696
somebody,compound_anchor,C:some,nonlocative,item,phon,hamming,0.231141980293975,0.0891029500301023,0.1420390302638727,0.1420390302638727
somebody,compound_anchor,C:some,nonlocative,item,phon,idf_jaccard,0.940154121174042,0.5837744506059834,0.3563796705680585,0.3563796705680585
somebody,compound_anchor,C:some,nonlocative,family,phon,jaccard,0.7708513887950837,0.4284069317565355,0.3424444570385482,0.3424444570385482
somebody,compound_anchor,C:some,nonlocative,family,phon,dice,0.6298079916042792,0.277735751320657,0.3520722402836222,0.3520722402836222
somebody,compound_anchor,C:some,nonlocative,family,phon,hamming,0.231141980293975,0.1000735835172921,0.1310683967766829,0.1310683967766829
somebody,compound_anchor,C:some,nonlocative,family,phon,idf_jaccard,0.940610941960528,0.6409393771354938,0.2996715648250343,0.2996715648250343
someone,compound_anchor,C:some,full,item,phon,jaccard,0.7708513887950837,0.4515126840678622,0.3193387047272215,0.3193387047272215
someone,compound_anchor,C:some,full,item,phon,dice,0.6298079916042792,0.3050566191862624,0.3247513724180168,0.3247513724180168
someone,compound_anchor,C:some,full,item,phon,hamming,0.231141980293975,0.1041942604856512,0.1269477198083238,0.1269477198083238
someone,compound_anchor,C:some,full,item,phon,idf_jaccard,0.9356513415453348,0.6362976061444928,0.2993537354008418,0.2993537354008418
someone,compound_anchor,C:some,full,family,phon,jaccard,0.7708513887950837,0.4866544338000194,0.2841969549950643,0.2841969549950643
someone,compound_anchor,C:some,full,family,phon,dice,0.6298079916042792,0.3316587693208233,0.2981492222834559,0.2981492222834559
someone,compound_anchor,C:some,full,family,phon,hamming,0.231141980293975,0.1147902869757174,0.1163516933182576,0.1163516933182576
someone,compound_anchor,C:some,full,family,phon,idf_jaccard,0.9380375068371962,0.6912772023893526,0.2467603044478435,0.2467603044478435
someone,compound_anchor,C:some,nonlocative,item,phon,jaccard,0.7708513887950837,0.3870593333666339,0.3837920554284498,0.3837920554284498
someone,compound_anchor,C:some,nonlocative,item,phon,dice,0.6298079916042792,0.2484231948725945,0.3813847967316847,0.3813847967316847
someone,compound_anchor,C:some,nonlocative,item,phon,hamming,0.231141980293975,0.0891029500301023,0.1420390302638727,0.1420390302638727
someone,compound_anchor,C:some,nonlocative,item,phon,idf_jaccard,0.940154121174042,0.5848953609995723,0.3552587601744696,0.3552587601744696
someone,compound_anchor,C:some,nonlocative,family,phon,jaccard,0.7708513887950837,0.4286832161054006,0.3421681726896831,0.3421681726896831
someone,compound_anchor,C:some,nonlocative,family,phon,dice,0.6298079916042792,0.2778163834767608,0.3519916081275184,0.3519916081275184
someone,compound_anchor,C:some,nonlocative,family,phon,hamming,0.231141980293975,0.1000735835172921,0.1310683967766829,0.1310683967766829
someone,compound_anchor,C:some,nonlocative,family,phon,idf_jaccard,0.940610941960528,0.6421759505840389,0.2984349913764892,0.2984349913764892
something,compound_anchor,C:some,full,item,phon,jaccard,0.7856308654931414,0.4746465036050526,0.3109843618880888,0.3109843618880888
something,compound_anchor,C:some,full,item,phon,dice,0.6502092371704579,0.3185011790059852,0.3317080581644726,0.3317080581644726
something,compound_anchor,C:some,full,item,phon,hamming,0.2472944596995638,0.1130242825607064,0.1342701771388574,0.1342701771388574
something,compound_anchor,C:some,full,item,phon,idf_jaccard,0.9331971785618433,0.6477381980480419,0.2854589805138012,0.2854589805138012
something,compound_anchor,C:some,full,family,phon,jaccard,0.7856308654931414,0.5006557997572119,0.2849750657359295,0.2849750657359295
something,compound_anchor,C:some,full,family,phon,dice,0.6502092371704579,0.3407128728656197,0.3094963643048382,0.3094963643048382
something,compound_anchor,C:some,full,family,phon,hamming,0.2472944596995638,0.1225165562913907,0.1247779034081731,0.1247779034081731
something,compound_anchor,C:some,full,family,phon,idf_jaccard,0.9356122626055904,0.686824968592449,0.2487872940131413,0.2487872940131413
something,compound_anchor,C:some,nonlocative,item,phon,jaccard,0.7856308654931414,0.4396960562184795,0.3459348092746619,0.3459348092746619
something,compound_anchor,C:some,nonlocative,item,phon,dice,0.6502092371704579,0.2882396514800409,0.361969585690417,0.361969585690417
something,compound_anchor,C:some,nonlocative,item,phon,hamming,0.2472944596995638,0.1059602649006622,0.1413341947989016,0.1413341947989016
something,compound_anchor,C:some,nonlocative,item,phon,idf_jaccard,0.9355236978175596,0.616185620734892,0.3193380770826675,0.3193380770826675
something,compound_anchor,C:some,nonlocative,family,phon,jaccard,0.7856308654931414,0.4657217031200772,0.3199091623730642,0.3199091623730642
something,compound_anchor,C:some,nonlocative,family,phon,dice,0.6502092371704579,0.3095578646294516,0.3406513725410062,0.3406513725410062
something,compound_anchor,C:some,nonlocative,family,phon,hamming,0.2472944596995638,0.1147902869757174,0.1325041727238464,0.1325041727238464
something,compound_anchor,C:some,nonlocative,family,phon,idf_jaccard,0.936602699117583,0.6509959365680883,0.2856067625494947,0.2856067625494947
somewhere,compound_anchor,C:some,full,item,phon,jaccard,0.8619136536972595,0.5701490339725636,0.2917646197246959,0.2917646197246959
somewhere,compound_anchor,C:some,full,item,phon,dice,0.76164674062434,0.4094698131698392,0.3521769274545007,0.3521769274545007
somewhere,compound_anchor,C:some,full,item,phon,hamming,0.2502019059925698,0.1271523178807947,0.1230495881117751,0.1230495881117751
somewhere,compound_anchor,C:some,full,item,phon,idf_jaccard,0.9514203180178772,0.6952783078822794,0.2561420101355979,0.2561420101355979
somewhere,compound_anchor,C:some,full,family,phon,jaccard,0.8619136536972595,0.5849085146879266,0.2770051390093329,0.2770051390093329
somewhere,compound_anchor,C:some,full,family,phon,dice,0.76164674062434,0.4258688870156588,0.3357778536086812,0.3357778536086812
somewhere,compound_anchor,C:some,full,family,phon,hamming,0.2502019059925698,0.1335540838852097,0.1166478221073601,0.1166478221073601
somewhere,compound_anchor,C:some,full,family,phon,idf_jaccard,0.9516376730798528,0.7227264291180319,0.2289112439618209,0.2289112439618209
he,pronoun_anchor,P:he,full,item,phon,jaccard,0.5518169974802054,0.8092856407451141,-0.2574686432649087,0.2574686432649087
he,pronoun_anchor,P:he,full,item,phon,dice,0.3970909858788417,0.6808276752146064,-0.2837366893357647,0.2837366893357647
he,pronoun_anchor,P:he,full,item,phon,hamming,0.1389072847682119,0.2152317880794702,-0.0763245033112582,0.0763245033112582
he,pronoun_anchor,P:he,full,item,phon,idf_jaccard,0.7800277456122209,0.9599673051959868,-0.179939559583766,0.179939559583766
he,pronoun_anchor,P:he,full,family,phon,jaccard,0.5605880175987791,0.8092856407451141,-0.248697623146335,0.248697623146335
he,pronoun_anchor,P:he,full,family,phon,dice,0.4060701859989779,0.6808276752146064,-0.2747574892156285,0.2747574892156285
he,pronoun_anchor,P:he,full,family,phon,hamming,0.1422946124932879,0.2152317880794702,-0.0729371755861822,0.0729371755861822
he,pronoun_anchor,P:he,full,family,phon,idf_jaccard,0.7895205093732243,0.959335998523091,-0.1698154891498667,0.1698154891498667
he,pronoun_anchor,P:he,nonlocative,item,phon,jaccard,0.5518169974802054,0.7992006775437007,-0.2473836800634953,0.2473836800634953
he,pronoun_anchor,P:he,nonlocative,item,phon,dice,0.3970909858788417,0.6664548032144854,-0.2693638173356436,0.2693638173356436
he,pronoun_anchor,P:he,nonlocative,item,phon,hamming,0.1389072847682119,0.217439293598234,-0.078532008830022,0.078532008830022
he,pronoun_anchor,P:he,nonlocative,item,phon,idf_jaccard,0.7927196030125504,0.9596293200313712,-0.1669097170188208,0.1669097170188208
he,pronoun_anchor,P:he,nonlocative,family,phon,jaccard,0.5605880175987791,0.7992006775437007,-0.2386126599449216,0.2386126599449216
he,pronoun_anchor,P:he,nonlocative,family,phon,dice,0.4060701859989779,0.6664548032144854,-0.2603846172155075,0.2603846172155075
he,pronoun_anchor,P:he,nonlocative,family,phon,hamming,0.1422946124932879,0.217439293598234,-0.075144681104946,0.075144681104946
he,pronoun_anchor,P:he,nonlocative,family,phon,idf_jaccard,0.80232053246109,0.9587548314638772,-0.1564342990027871,0.1564342990027871
him,pronoun_anchor,P:he,full,item,phon,jaccard,0.5295689090958391,0.8013309178270261,-0.271762008731187,0.271762008731187
him,pronoun_anchor,P:he,full,item,phon,dice,0.3686671191319692,0.6711702886906998,-0.3025031695587306,0.3025031695587306
him,pronoun_anchor,P:he,full,item,phon,hamming,0.1394039735099337,0.2334437086092715,-0.0940397350993377,0.0940397350993377
him,pronoun_anchor,P:he,full,item,phon,idf_jaccard,0.7905283354118684,0.9580061587977864,-0.167477823385918,0.167477823385918
him,pronoun_anchor,P:he,full,family,phon,jaccard,0.5394461250017994,0.8013309178270261,-0.2618847928252267,0.2618847928252267
him,pronoun_anchor,P:he,full,family,phon,dice,0.377757746285789,0.6711702886906998,-0.2934125424049107,0.2934125424049107
him,pronoun_anchor,P:he,full,family,phon,hamming,0.1431895471630571,0.2334437086092715,-0.0902541614462144,0.0902541614462144
him,pronoun_anchor,P:he,full,family,phon,idf_jaccard,0.8011428607774049,0.957236081875906,-0.1560932210985011,0.1560932210985011
him,pronoun_anchor,P:he,nonlocative,item,phon,jaccard,0.5295689090958391,0.7755537417704099,-0.2459848326745708,0.2459848326745708
him,pronoun_anchor,P:he,nonlocative,item,phon,dice,0.3686671191319692,0.6336775865024206,-0.2650104673704513,0.2650104673704513
him,pronoun_anchor,P:he,nonlocative,item,phon,hamming,0.1394039735099337,0.227373068432671,-0.0879690949227372,0.0879690949227372
him,pronoun_anchor,P:he,nonlocative,item,phon,idf_jaccard,0.8057411240763586,0.9570939615099832,-0.1513528374336246,0.1513528374336246
him,pronoun_anchor,P:he,nonlocative,family,phon,jaccard,0.5394461250017994,0.7755537417704099,-0.2361076167686104,0.2361076167686104
him,pronoun_anchor,P:he,nonlocative,family,phon,dice,0.377757746285789,0.6336775865024206,-0.2559198402166315,0.2559198402166315
him,pronoun_anchor,P:he,nonlocative,family,phon,hamming,0.1431895471630571,0.227373068432671,-0.0841835212696139,0.0841835212696139
him,pronoun_anchor,P:he,nonlocative,family,phon,idf_jaccard,0.8166585295727103,0.956450762084421,-0.1397922325117107,0.1397922325117107
himself,pronoun_anchor,P:he,full,item,phon,jaccard,0.5568713103770014,0.7548666112910294,-0.1979953009140279,0.1979953009140279
himself,pronoun_anchor,P:he,full,item,phon,dice,0.4052506684840938,0.6075756891139078,-0.2023250206298139,0.2023250206298139
himself,pronoun_anchor,P:he,full,item,phon,hamming,0.1564569536423841,0.2160596026490066,-0.0596026490066224,0.0596026490066224
himself,pronoun_anchor,P:he,full,item,phon,idf_jaccard,0.7945945853329017,0.9211296295992992,-0.1265350442663976,0.1265350442663976
himself,pronoun_anchor,P:he,full,family,phon,jaccard,0.563814008100893,0.7548666112910294,-0.1910526031901364,0.1910526031901364
himself,pronoun_anchor,P:he,full,family,phon,dice,0.4128716664055072,0.6075756891139078,-0.1947040227084005,0.1947040227084005
himself,pronoun_anchor,P:he,full,family,phon,hamming,0.1598353320207625,0.2160596026490066,-0.0562242706282441,0.0562242706282441
himself,pronoun_anchor,P:he,full,family,phon,idf_jaccard,0.8024535845717498,0.9230076663797068,-0.1205540818079569,0.1205540818079569
himself,pronoun_anchor,P:he,nonlocative,item,phon,jaccard,0.5568713103770014,0.7398779743905918,-0.1830066640135903,0.1830066640135903
himself,pronoun_anchor,P:he,nonlocative,item,phon,dice,0.4052506684840938,0.5879325305444482,-0.1826818620603543,0.1826818620603543
himself,pronoun_anchor,P:he,nonlocative,item,phon,hamming,0.1564569536423841,0.2152317880794702,-0.058774834437086,0.058774834437086
himself,pronoun_anchor,P:he,nonlocative,item,phon,idf_jaccard,0.8059526702262506,0.926307333147486,-0.1203546629212353,0.1203546629212353
himself,pronoun_anchor,P:he,nonlocative,family,phon,jaccard,0.563814008100893,0.7398779743905918,-0.1760639662896987,0.1760639662896987
himself,pronoun_anchor,P:he,nonlocative,family,phon,dice,0.4128716664055072,0.5879325305444482,-0.1750608641389409,0.1750608641389409
himself,pronoun_anchor,P:he,nonlocative,family,phon,hamming,0.1598353320207625,0.2152317880794702,-0.0553964560587076,0.0553964560587076
himself,pronoun_anchor,P:he,nonlocative,family,phon,idf_jaccard,0.8137079003007311,0.927937150610409,-0.1142292503096779,0.1142292503096779
his,pronoun_anchor,P:he,full,item,phon,jaccard,0.488130617661776,0.7369140156062426,-0.2487833979444665,0.2487833979444665
his,pronoun_anchor,P:he,full,item,phon,dice,0.3332988122889074,0.5880103497263599,-0.2547115374374524,0.2547115374374524
his,pronoun_anchor,P:he,full,item,phon,hamming,0.1423841059602649,0.2425496688741721,-0.1001655629139072,0.1001655629139072
his,pronoun_anchor,P:he,full,item,phon,idf_jaccard,0.7064860669596178,0.8913726441919831,-0.1848865772323653,0.1848865772323653
his,pronoun_anchor,P:he,full,family,phon,jaccard,0.4866768348186275,0.7369140156062426,-0.250237180787615,0.250237180787615
his,pronoun_anchor,P:he,full,family,phon,dice,0.3327424643446596,0.5880103497263599,-0.2552678853817003,0.2552678853817003
his,pronoun_anchor,P:he,full,family,phon,hamming,0.1428315732951495,0.2425496688741721,-0.0997180955790226,0.0997180955790226
his,pronoun_anchor,P:he,full,family,phon,idf_jaccard,0.7083676098073652,0.8945380587768486,-0.1861704489694833,0.1861704489694833
his,pronoun_anchor,P:he,nonlocative,item,phon,jaccard,0.488130617661776,0.7077561024409764,-0.2196254847792003,0.2196254847792003
his,pronoun_anchor,P:he,nonlocative,item,phon,dice,0.3332988122889074,0.5495325835604462,-0.2162337712715387,0.2162337712715387
his,pronoun_anchor,P:he,nonlocative,item,phon,hamming,0.1423841059602649,0.2328918322295805,-0.0905077262693156,0.0905077262693156
his,pronoun_anchor,P:he,nonlocative,item,phon,idf_jaccard,0.7185926507501839,0.8836870437450575,-0.1650943929948736,0.1650943929948736
his,pronoun_anchor,P:he,nonlocative,family,phon,jaccard,0.4866768348186275,0.7077561024409764,-0.2210792676223488,0.2210792676223488
his,pronoun_anchor,P:he,nonlocative,family,phon,dice,0.3327424643446596,0.5495325835604462,-0.2167901192157866,0.2167901192157866
his,pronoun_anchor,P:he,nonlocative,family,phon,hamming,0.1428315732951495,0.2328918322295805,-0.090060258934431,0.090060258934431
his,pronoun_anchor,P:he,nonlocative,family,phon,idf_jaccard,0.7210593861129259,0.8873726051592863,-0.1663132190463604,0.1663132190463604
she,pronoun_anchor,P:she,full,item,phon,jaccard,0.531466647428071,0.8139626829453532,-0.2824960355172822,0.2824960355172822
she,pronoun_anchor,P:she,full,item,phon,dice,0.3775478279260212,0.6874002336703141,-0.3098524057442929,0.3098524057442929
she,pronoun_anchor,P:she,full,item,phon,hamming,0.1344370860927152,0.2218543046357615,-0.0874172185430463,0.0874172185430463
she,pronoun_anchor,P:she,full,item,phon,idf_jaccard,0.7630152716305934,0.9602400348074271,-0.1972247631768338,0.1972247631768338
she,pronoun_anchor,P:she,full,family,phon,jaccard,0.5373376223019436,0.8139626829453532,-0.2766250606434096,0.2766250606434096
she,pronoun_anchor,P:she,full,family,phon,dice,0.3834696198422155,0.6874002336703141,-0.3039306138280986,0.3039306138280986
she,pronoun_anchor,P:she,full,family,phon,hamming,0.1361295069904341,0.2218543046357615,-0.0857247976453274,0.0857247976453274
she,pronoun_anchor,P:she,full,family,phon,idf_jaccard,0.774359791962908,0.9603546721570212,-0.1859948801941131,0.1859948801941131
she,pronoun_anchor,P:she,nonlocative,item,phon,jaccard,0.531466647428071,0.8040381618927831,-0.272571514464712,0.272571514464712
she,pronoun_anchor,P:she,nonlocative,item,phon,dice,0.3775478279260212,0.6731419022642048,-0.2955940743381836,0.2955940743381836
she,pronoun_anchor,P:she,nonlocative,item,phon,hamming,0.1344370860927152,0.2240618101545253,-0.0896247240618101,0.0896247240618101
she,pronoun_anchor,P:she,nonlocative,item,phon,idf_jaccard,0.7767459549330991,0.9598275535296442,-0.1830815985965451,0.1830815985965451
she,pronoun_anchor,P:she,nonlocative,family,phon,jaccard,0.5373376223019436,0.8040381618927831,-0.2667005395908395,0.2667005395908395
she,pronoun_anchor,P:she,nonlocative,family,phon,dice,0.3834696198422155,0.6731419022642048,-0.2896722824219893,0.2896722824219893
she,pronoun_anchor,P:she,nonlocative,family,phon,hamming,0.1361295069904341,0.2240618101545253,-0.0879323031640912,0.0879323031640912
she,pronoun_anchor,P:she,nonlocative,family,phon,idf_jaccard,0.7886166988274761,0.9597708646086172,-0.1711541657811411,0.1711541657811411
her_acc,pronoun_anchor,P:she,full,item,phon,jaccard,0.4933003959988913,0.7785540885462119,-0.2852536925473205,0.2852536925473205
her_acc,pronoun_anchor,P:she,full,item,phon,dice,0.3356490011734506,0.6398979880841007,-0.30424898691065,0.30424898691065
her_acc,pronoun_anchor,P:she,full,item,phon,hamming,0.1289735099337748,0.2268211920529801,-0.0978476821192053,0.0978476821192053
her_acc,pronoun_anchor,P:she,full,item,phon,idf_jaccard,0.760272132479284,0.9478472613387174,-0.1875751288594334,0.1875751288594334
her_acc,pronoun_anchor,P:she,full,family,phon,jaccard,0.50320392952794,0.7785540885462119,-0.2753501590182718,0.2753501590182718
her_acc,pronoun_anchor,P:she,full,family,phon,dice,0.3443194751377319,0.6398979880841007,-0.2955785129463688,0.2955785129463688
her_acc,pronoun_anchor,P:she,full,family,phon,hamming,0.1320824135393671,0.2268211920529801,-0.094738778513613,0.094738778513613
her_acc,pronoun_anchor,P:she,full,family,phon,idf_jaccard,0.7852778145602227,0.9494225852298844,-0.1641447706696618,0.1641447706696618
her_acc,pronoun_anchor,P:she,nonlocative,item,phon,jaccard,0.4933003959988913,0.7529114874889529,-0.2596110914900615,0.2596110914900615
her_acc,pronoun_anchor,P:she,nonlocative,item,phon,dice,0.3356490011734506,0.604023856428575,-0.2683748552551244,0.2683748552551244
her_acc,pronoun_anchor,P:she,nonlocative,item,phon,hamming,0.1289735099337748,0.2207505518763797,-0.0917770419426049,0.0917770419426049
her_acc,pronoun_anchor,P:she,nonlocative,item,phon,idf_jaccard,0.7764861473551319,0.946211094390193,-0.1697249470350611,0.1697249470350611
her_acc,pronoun_anchor,P:she,nonlocative,family,phon,jaccard,0.50320392952794,0.7529114874889529,-0.2497075579610128,0.2497075579610128
her_acc,pronoun_anchor,P:she,nonlocative,family,phon,dice,0.3443194751377319,0.604023856428575,-0.2597043812908431,0.2597043812908431
her_acc,pronoun_anchor,P:she,nonlocative,family,phon,hamming,0.1320824135393671,0.2207505518763797,-0.0886681383370125,0.0886681383370125
her_acc,pronoun_anchor,P:she,nonlocative,family,phon,idf_jaccard,0.802054287133537,0.94798565703658,-0.1459313699030429,0.1459313699030429
her_dep,pronoun_anchor,P:she,full,item,phon,jaccard,0.5738208841170108,0.833527924107552,-0.2597070399905412,0.2597070399905412
her_dep,pronoun_anchor,P:she,full,item,phon,dice,0.4277572470323604,0.7180551938138773,-0.2902979467815169,0.2902979467815169
her_dep,pronoun_anchor,P:she,full,item,phon,hamming,0.1867549668874172,0.3062913907284768,-0.1195364238410595,0.1195364238410595
her_dep,pronoun_anchor,P:she,full,item,phon,idf_jaccard,0.7396060980267986,0.9323893397081964,-0.1927832416813978,0.1927832416813978
her_dep,pronoun_anchor,P:she,full,family,phon,jaccard,0.5742454267966787,0.833527924107552,-0.2592824973108734,0.2592824973108734
her_dep,pronoun_anchor,P:she,full,family,phon,dice,0.429934618588854,0.7180551938138773,-0.2881205752250232,0.2881205752250232
her_dep,pronoun_anchor,P:she,full,family,phon,hamming,0.1880058866813834,0.3062913907284768,-0.1182855040470934,0.1182855040470934
her_dep,pronoun_anchor,P:she,full,family,phon,idf_jaccard,0.7492199756005194,0.9348610572043092,-0.1856410816037899,0.1856410816037899
her_dep,pronoun_anchor,P:she,nonlocative,item,phon,jaccard,0.5738208841170108,0.8129698920760626,-0.2391490079590518,0.2391490079590518
her_dep,pronoun_anchor,P:she,nonlocative,item,phon,dice,0.4277572470323604,0.6865653530882373,-0.2588081060558769,0.2588081060558769
her_dep,pronoun_anchor,P:she,nonlocative,item,phon,hamming,0.1867549668874172,0.3002207505518764,-0.1134657836644591,0.1134657836644591
her_dep,pronoun_anchor,P:she,nonlocative,item,phon,idf_jaccard,0.7487592817348855,0.9273849726971372,-0.1786256909622516,0.1786256909622516
her_dep,pronoun_anchor,P:she,nonlocative,family,phon,jaccard,0.5742454267966787,0.8129698920760626,-0.2387244652793839,0.2387244652793839
her_dep,pronoun_anchor,P:she,nonlocative,family,phon,dice,0.429934618588854,0.6865653530882373,-0.2566307344993833,0.2566307344993833
her_dep,pronoun_anchor,P:she,nonlocative,family,phon,hamming,0.1880058866813834,0.3002207505518764,-0.112214863870493,0.112214863870493
her_dep,pronoun_anchor,P:she,nonlocative,family,phon,idf_jaccard,0.7590272463236123,0.9302775204626624,-0.1712502741390502,0.1712502741390502
hers,pronoun_anchor,P:she,full,item,phon,jaccard,0.4778215457229754,0.7333166644317302,-0.2554951187087547,0.2554951187087547
hers,pronoun_anchor,P:she,full,item,phon,dice,0.3260925882451099,0.5829862379767036,-0.2568936497315936,0.2568936497315936
hers,pronoun_anchor,P:she,full,item,phon,hamming,0.137251655629139,0.2367549668874171,-0.0995033112582781,0.0995033112582781
hers,pronoun_anchor,P:she,full,item,phon,idf_jaccard,0.7089385816125492,0.8890624764723444,-0.1801238948597951,0.1801238948597951
hers,pronoun_anchor,P:she,full,family,phon,jaccard,0.4824073055141572,0.7333166644317302,-0.2509093589175729,0.2509093589175729
hers,pronoun_anchor,P:she,full,family,phon,dice,0.3310653805332239,0.5829862379767036,-0.2519208574434796,0.2519208574434796
hers,pronoun_anchor,P:she,full,family,phon,hamming,0.1394407652685798,0.2367549668874171,-0.0973142016188373,0.0973142016188373
hers,pronoun_anchor,P:she,full,family,phon,idf_jaccard,0.7319500324803236,0.8948242927361897,-0.162874260255866,0.162874260255866
hers,pronoun_anchor,P:she,nonlocative,item,phon,jaccard,0.4778215457229754,0.7123891223155928,-0.2345675765926173,0.2345675765926173
hers,pronoun_anchor,P:she,nonlocative,item,phon,dice,0.3260925882451099,0.556157136247862,-0.230064548002752,0.230064548002752
hers,pronoun_anchor,P:she,nonlocative,item,phon,hamming,0.137251655629139,0.2317880794701986,-0.0945364238410595,0.0945364238410595
hers,pronoun_anchor,P:she,nonlocative,item,phon,idf_jaccard,0.7218969023831804,0.8889615150371096,-0.1670646126539292,0.1670646126539292
hers,pronoun_anchor,P:she,nonlocative,family,phon,jaccard,0.4824073055141572,0.7123891223155928,-0.2299818168014356,0.2299818168014356
hers,pronoun_anchor,P:she,nonlocative,family,phon,dice,0.3310653805332239,0.556157136247862,-0.225091755714638,0.225091755714638
hers,pronoun_anchor,P:she,nonlocative,family,phon,hamming,0.1394407652685798,0.2317880794701986,-0.0923473142016188,0.0923473142016188
hers,pronoun_anchor,P:she,nonlocative,family,phon,idf_jaccard,0.7454617173328933,0.8945604045869482,-0.1490986872540548,0.1490986872540548
herself,pronoun_anchor,P:she,full,item,phon,jaccard,0.5371308837099792,0.7604470414613891,-0.2233161577514099,0.2233161577514099
herself,pronoun_anchor,P:she,full,item,phon,dice,0.3859060837340896,0.6147574999758934,-0.2288514162418037,0.2288514162418037
herself,pronoun_anchor,P:she,full,item,phon,hamming,0.1513245033112583,0.2226821192052979,-0.0713576158940396,0.0713576158940396
herself,pronoun_anchor,P:she,full,item,phon,idf_jaccard,0.771391380672151,0.9197325312270056,-0.1483411505548546,0.1483411505548546
herself,pronoun_anchor,P:she,full,family,phon,jaccard,0.5412606224228527,0.7604470414613891,-0.2191864190385364,0.2191864190385364
herself,pronoun_anchor,P:she,full,family,phon,dice,0.3908720795698638,0.6147574999758934,-0.2238854204060295,0.2238854204060295
herself,pronoun_anchor,P:she,full,family,phon,hamming,0.1530537159676232,0.2226821192052979,-0.0696284032376747,0.0696284032376747
herself,pronoun_anchor,P:she,full,family,phon,idf_jaccard,0.789369672827071,0.9256129090858763,-0.1362432362588054,0.1362432362588054
herself,pronoun_anchor,P:she,nonlocative,item,phon,jaccard,0.5371308837099792,0.745733630884544,-0.2086027471745648,0.2086027471745648
herself,pronoun_anchor,P:she,nonlocative,item,phon,dice,0.3859060837340896,0.59530036292155,-0.2093942791874603,0.2093942791874603
herself,pronoun_anchor,P:she,nonlocative,item,phon,hamming,0.1513245033112583,0.2218543046357615,-0.0705298013245032,0.0705298013245032
herself,pronoun_anchor,P:she,nonlocative,item,phon,idf_jaccard,0.7839986458428964,0.9249160095762078,-0.1409173637333114,0.1409173637333114
herself,pronoun_anchor,P:she,nonlocative,family,phon,jaccard,0.5412606224228527,0.745733630884544,-0.2044730084616913,0.2044730084616913
herself,pronoun_anchor,P:she,nonlocative,family,phon,dice,0.3908720795698638,0.59530036292155,-0.2044282833516861,0.2044282833516861
herself,pronoun_anchor,P:she,nonlocative,family,phon,hamming,0.1530537159676232,0.2218543046357615,-0.0688005886681382,0.0688005886681382
herself,pronoun_anchor,P:she,nonlocative,family,phon,idf_jaccard,0.8019271698710552,0.9304571835962286,-0.1285300137251734,0.1285300137251734
it_plain,pronoun_anchor,P:it,full,item,phon,jaccard,0.600174101596258,0.7989466184588486,-0.1987725168625906,0.1987725168625906
it_plain,pronoun_anchor,P:it,full,item,phon,dice,0.4402057937167536,0.6656425189732266,-0.2254367252564729,0.2254367252564729
it_plain,pronoun_anchor,P:it,full,item,phon,hamming,0.1509933774834437,0.2061258278145695,-0.0551324503311257,0.0551324503311257
it_plain,pronoun_anchor,P:it,full,item,phon,idf_jaccard,0.815115875361182,0.9411009600305872,-0.125985084669405,0.125985084669405
it_plain,pronoun_anchor,P:it,full,family,phon,jaccard,0.6024550008538446,0.7989466184588486,-0.196491617605004,0.196491617605004
it_plain,pronoun_anchor,P:it,full,family,phon,dice,0.4433314271505612,0.6656425189732266,-0.2223110918226653,0.2223110918226653
it_plain,pronoun_anchor,P:it,full,family,phon,hamming,0.1539287632002864,0.2061258278145695,-0.0521970646142831,0.0521970646142831
it_plain,pronoun_anchor,P:it,full,family,phon,idf_jaccard,0.8303304848813656,0.940582026803257,-0.1102515419218913,0.1102515419218913
it_plain,pronoun_anchor,P:it,nonlocative,item,phon,jaccard,0.600174101596258,0.7978820311077678,-0.1977079295115098,0.1977079295115098
it_plain,pronoun_anchor,P:it,nonlocative,item,phon,dice,0.4402057937167536,0.6641236541898085,-0.2239178604730548,0.2239178604730548
it_plain,pronoun_anchor,P:it,nonlocative,item,phon,hamming,0.1509933774834437,0.2119205298013244,-0.0609271523178807,0.0609271523178807
it_plain,pronoun_anchor,P:it,nonlocative,item,phon,idf_jaccard,0.8269484042881995,0.946005041251212,-0.1190566369630123,0.1190566369630123
it_plain,pronoun_anchor,P:it,nonlocative,family,phon,jaccard,0.6024550008538446,0.7978820311077678,-0.1954270302539231,0.1954270302539231
it_plain,pronoun_anchor,P:it,nonlocative,family,phon,dice,0.4433314271505612,0.6641236541898085,-0.2207922270392472,0.2207922270392472
it_plain,pronoun_anchor,P:it,nonlocative,family,phon,hamming,0.1539287632002864,0.2119205298013244,-0.057991766601038,0.057991766601038
it_plain,pronoun_anchor,P:it,nonlocative,family,phon,idf_jaccard,0.8453537465368229,0.9451994084947888,-0.0998456619579659,0.0998456619579659
it_dum,pronoun_anchor,P:it,full,item,phon,jaccard,0.7580554085860719,0.8077558632194837,-0.0497004546334117,0.0497004546334117
it_dum,pronoun_anchor,P:it,full,item,phon,dice,0.6144342437905425,0.6782037465896709,-0.0637695027991284,0.0637695027991284
it_dum,pronoun_anchor,P:it,full,item,phon,hamming,0.187251655629139,0.1870860927152317,0.0001655629139072,-0.0001655629139072
it_dum,pronoun_anchor,P:it,full,item,phon,idf_jaccard,0.9046177885847316,0.928146468631152,-0.0235286800464203,0.0235286800464203
it_dum,pronoun_anchor,P:it,full,family,phon,jaccard,0.7659166117746754,0.8077558632194837,-0.0418392514448082,0.0418392514448082
it_dum,pronoun_anchor,P:it,full,family,phon,dice,0.624085098801203,0.6782037465896709,-0.0541186477884678,0.0541186477884678
it_dum,pronoun_anchor,P:it,full,family,phon,hamming,0.1916950062645427,0.1870860927152317,0.0046089135493109,-0.0046089135493109
it_dum,pronoun_anchor,P:it,full,family,phon,idf_jaccard,0.9177973089891172,0.9271820117685368,-0.0093847027794194,0.0093847027794194
it_dum,pronoun_anchor,P:it,nonlocative,item,phon,jaccard,0.7580554085860719,0.7979751106299092,-0.0399197020438373,0.0399197020438373
it_dum,pronoun_anchor,P:it,nonlocative,item,phon,dice,0.6144342437905425,0.6642907236941616,-0.0498564799036191,0.0498564799036191
it_dum,pronoun_anchor,P:it,nonlocative,item,phon,hamming,0.187251655629139,0.1898454746136865,-0.0025938189845474,0.0025938189845474
it_dum,pronoun_anchor,P:it,nonlocative,item,phon,idf_jaccard,0.9123570132901504,0.930593308838508,-0.0182362955483575,0.0182362955483575
it_dum,pronoun_anchor,P:it,nonlocative,family,phon,jaccard,0.7659166117746754,0.7979751106299092,-0.0320584988552338,0.0320584988552338
it_dum,pronoun_anchor,P:it,nonlocative,family,phon,dice,0.624085098801203,0.6642907236941616,-0.0402056248929586,0.0402056248929586
it_dum,pronoun_anchor,P:it,nonlocative,family,phon,hamming,0.1916950062645427,0.1898454746136865,0.0018495316508561,-0.0018495316508561
it_dum,pronoun_anchor,P:it,nonlocative,family,phon,idf_jaccard,0.9272220933668368,0.9295574499388778,-0.002335356572041,0.002335356572041
its,pronoun_anchor,P:it,full,item,phon,jaccard,0.6067576878760561,0.784978439242431,-0.1782207513663749,0.1782207513663749
its,pronoun_anchor,P:it,full,item,phon,dice,0.4400192612420411,0.649114070025977,-0.2090948087839358,0.2090948087839358
its,pronoun_anchor,P:it,full,item,phon,hamming,0.1706953642384106,0.23841059602649,-0.0677152317880794,0.0677152317880794
its,pronoun_anchor,P:it,full,item,phon,idf_jaccard,0.8080523152002737,0.9088634100620212,-0.1008110948617474,0.1008110948617474
its,pronoun_anchor,P:it,full,family,phon,jaccard,0.6067813959077717,0.784978439242431,-0.1781970433346593,0.1781970433346593
its,pronoun_anchor,P:it,full,family,phon,dice,0.4400348629784086,0.649114070025977,-0.2090792070475683,0.2090792070475683
its,pronoun_anchor,P:it,full,family,phon,hamming,0.1730803651333453,0.23841059602649,-0.0653302308931447,0.0653302308931447
its,pronoun_anchor,P:it,full,family,phon,idf_jaccard,0.8183195844043432,0.9085911821782752,-0.090271597773932,0.090271597773932
its,pronoun_anchor,P:it,nonlocative,item,phon,jaccard,0.6067576878760561,0.767855007054822,-0.1610973191787659,0.1610973191787659
its,pronoun_anchor,P:it,nonlocative,item,phon,dice,0.4400192612420411,0.6253950432285663,-0.1853757819865252,0.1853757819865252
its,pronoun_anchor,P:it,nonlocative,item,phon,hamming,0.1706953642384106,0.2362030905077262,-0.0655077262693156,0.0655077262693156
its,pronoun_anchor,P:it,nonlocative,item,phon,idf_jaccard,0.8193689168731678,0.91180697768974,-0.0924380608165722,0.0924380608165722
its,pronoun_anchor,P:it,nonlocative,family,phon,jaccard,0.6067813959077717,0.767855007054822,-0.1610736111470503,0.1610736111470503
its,pronoun_anchor,P:it,nonlocative,family,phon,dice,0.4400348629784086,0.6253950432285663,-0.1853601802501577,0.1853601802501577
its,pronoun_anchor,P:it,nonlocative,family,phon,hamming,0.1730803651333453,0.2362030905077262,-0.0631227253743809,0.0631227253743809
its,pronoun_anchor,P:it,nonlocative,family,phon,idf_jaccard,0.832406879476636,0.9119513145219093,-0.0795444350452732,0.0795444350452732
itself,pronoun_anchor,P:it,full,item,phon,jaccard,0.6117387073641664,0.7332111240109549,-0.1214724166467885,0.1214724166467885
itself,pronoun_anchor,P:it,full,item,phon,dice,0.4582492200243403,0.5800118468357026,-0.1217626268113623,0.1217626268113623
itself,pronoun_anchor,P:it,full,item,phon,hamming,0.173841059602649,0.2028145695364238,-0.0289735099337747,0.0289735099337747
itself,pronoun_anchor,P:it,full,item,phon,idf_jaccard,0.8280042880518946,0.8935971287886546,-0.0655928407367599,0.0655928407367599
itself,pronoun_anchor,P:it,full,family,phon,jaccard,0.6152023349717937,0.7332111240109549,-0.1180087890391612,0.1180087890391612
itself,pronoun_anchor,P:it,full,family,phon,dice,0.4628241363949007,0.5800118468357026,-0.1171877104408019,0.1171877104408019
itself,pronoun_anchor,P:it,full,family,phon,hamming,0.1779130123500985,0.2028145695364238,-0.0249015571863253,0.0249015571863253
itself,pronoun_anchor,P:it,full,family,phon,idf_jaccard,0.8407271158817078,0.8947406141574421,-0.0540134982757343,0.0540134982757343
itself,pronoun_anchor,P:it,nonlocative,item,phon,jaccard,0.6117387073641664,0.733746091996958,-0.1220073846327916,0.1220073846327916
itself,pronoun_anchor,P:it,nonlocative,item,phon,dice,0.4582492200243403,0.5810450707387833,-0.1227958507144429,0.1227958507144429
itself,pronoun_anchor,P:it,nonlocative,item,phon,hamming,0.173841059602649,0.2086092715231788,-0.0347682119205297,0.0347682119205297
itself,pronoun_anchor,P:it,nonlocative,item,phon,idf_jaccard,0.8371149393719077,0.9087162842290248,-0.071601344857117,0.071601344857117
itself,pronoun_anchor,P:it,nonlocative,family,phon,jaccard,0.6152023349717937,0.733746091996958,-0.1185437570251642,0.1185437570251642
itself,pronoun_anchor,P:it,nonlocative,family,phon,dice,0.4628241363949007,0.5810450707387833,-0.1182209343438825,0.1182209343438825
itself,pronoun_anchor,P:it,nonlocative,family,phon,hamming,0.1779130123500985,0.2086092715231788,-0.0306962591730803,0.0306962591730803
itself,pronoun_anchor,P:it,nonlocative,family,phon,idf_jaccard,0.8519885205524083,0.9094889298758064,-0.057500409323398,0.057500409323398
I,pronoun_anchor,P:I,full,item,phon,jaccard,0.5408294231666357,0.8313743634948705,-0.2905449403282347,0.2905449403282347
I,pronoun_anchor,P:I,full,item,phon,dice,0.3856885857339941,0.7124249012386085,-0.3267363155046143,0.3267363155046143
I,pronoun_anchor,P:I,full,item,phon,hamming,0.1342715231788079,0.2251655629139073,-0.0908940397350993,0.0908940397350993
I,pronoun_anchor,P:I,full,item,phon,idf_jaccard,0.7490513741006952,0.9633514366585892,-0.2143000625578939,0.2143000625578939
I,pronoun_anchor,P:I,full,family,phon,jaccard,0.5449114420425881,0.8313743634948705,-0.2864629214522823,0.2864629214522823
I,pronoun_anchor,P:I,full,family,phon,dice,0.3902419021236046,0.7124249012386085,-0.3221829991150038,0.3221829991150038
I,pronoun_anchor,P:I,full,family,phon,hamming,0.1355776306107431,0.2251655629139073,-0.0895879323031641,0.0895879323031641
I,pronoun_anchor,P:I,full,family,phon,idf_jaccard,0.7408392443044265,0.9634173994873968,-0.2225781551829702,0.2225781551829702
I,pronoun_anchor,P:I,nonlocative,item,phon,jaccard,0.5408294231666357,0.8209143748136044,-0.2800849516469686,0.2800849516469686
I,pronoun_anchor,P:I,nonlocative,item,phon,dice,0.3856885857339941,0.6969957029634597,-0.3113071172294656,0.3113071172294656
I,pronoun_anchor,P:I,nonlocative,item,phon,hamming,0.1342715231788079,0.2273730684326711,-0.0931015452538631,0.0931015452538631
I,pronoun_anchor,P:I,nonlocative,item,phon,idf_jaccard,0.7635695075322252,0.9627967144661408,-0.1992272069339157,0.1992272069339157
I,pronoun_anchor,P:I,nonlocative,family,phon,jaccard,0.5449114420425881,0.8209143748136044,-0.2760029327710163,0.2760029327710163
I,pronoun_anchor,P:I,nonlocative,family,phon,dice,0.3902419021236046,0.6969957029634597,-0.3067538008398551,0.3067538008398551
I,pronoun_anchor,P:I,nonlocative,family,phon,hamming,0.1355776306107431,0.2273730684326711,-0.0917954378219279,0.0917954378219279
I,pronoun_anchor,P:I,nonlocative,family,phon,idf_jaccard,0.7552771307835837,0.9627777874537274,-0.2075006566701437,0.2075006566701437
me,pronoun_anchor,P:I,full,item,phon,jaccard,0.5266471435543592,0.8215075849480781,-0.2948604413937189,0.2948604413937189
me,pronoun_anchor,P:I,full,item,phon,dice,0.365686290330497,0.6997415106613427,-0.3340552203308457,0.3340552203308457
me,pronoun_anchor,P:I,full,item,phon,hamming,0.1377483443708609,0.2433774834437086,-0.1056291390728477,0.1056291390728477
me,pronoun_anchor,P:I,full,item,phon,idf_jaccard,0.7939146135126246,0.9625062432330296,-0.1685916297204051,0.1685916297204051
me,pronoun_anchor,P:I,full,family,phon,jaccard,0.5323083422693832,0.8215075849480781,-0.2891992426786949,0.2891992426786949
me,pronoun_anchor,P:I,full,family,phon,dice,0.3710585216340131,0.6997415106613427,-0.3286829890273296,0.3286829890273296
me,pronoun_anchor,P:I,full,family,phon,hamming,0.1396247240618101,0.2433774834437086,-0.1037527593818985,0.1037527593818985
me,pronoun_anchor,P:I,full,family,phon,idf_jaccard,0.7882527578160904,0.962097618345508,-0.1738448605294177,0.1738448605294177
me,pronoun_anchor,P:I,nonlocative,item,phon,jaccard,0.5266471435543592,0.7960508973373218,-0.2694037537829626,0.2694037537829626
me,pronoun_anchor,P:I,nonlocative,item,phon,dice,0.365686290330497,0.6613914949988903,-0.2957052046683933,0.2957052046683933
me,pronoun_anchor,P:I,nonlocative,item,phon,hamming,0.1377483443708609,0.2373068432671082,-0.0995584988962472,0.0995584988962472
me,pronoun_anchor,P:I,nonlocative,item,phon,idf_jaccard,0.8108083599374014,0.9614785811787536,-0.1506702212413521,0.1506702212413521
me,pronoun_anchor,P:I,nonlocative,family,phon,jaccard,0.5323083422693832,0.7960508973373218,-0.2637425550679386,0.2637425550679386
me,pronoun_anchor,P:I,nonlocative,family,phon,dice,0.3710585216340131,0.6613914949988903,-0.2903329733648772,0.2903329733648772
me,pronoun_anchor,P:I,nonlocative,family,phon,hamming,0.1396247240618101,0.2373068432671082,-0.097682119205298,0.097682119205298
me,pronoun_anchor,P:I,nonlocative,family,phon,idf_jaccard,0.805531022325622,0.9613309446762788,-0.1557999223506568,0.1557999223506568
mine,pronoun_anchor,P:I,full,item,phon,jaccard,0.4477781862523044,0.7333166644317302,-0.2855384781794257,0.2855384781794257
mine,pronoun_anchor,P:I,full,item,phon,dice,0.2999440941880134,0.5829862379767036,-0.2830421437886902,0.2830421437886902
mine,pronoun_anchor,P:I,full,item,phon,hamming,0.1259933774834437,0.2367549668874171,-0.1107615894039734,0.1107615894039734
mine,pronoun_anchor,P:I,full,item,phon,idf_jaccard,0.66274313044152,0.8802882037015675,-0.2175450732600474,0.2175450732600474
mine,pronoun_anchor,P:I,full,family,phon,jaccard,0.4459405501882785,0.7333166644317302,-0.2873761142434516,0.2873761142434516
mine,pronoun_anchor,P:I,full,family,phon,dice,0.2995157585117343,0.5829862379767036,-0.2834704794649693,0.2834704794649693
mine,pronoun_anchor,P:I,full,family,phon,hamming,0.1260117733627667,0.2367549668874171,-0.1107431935246504,0.1107431935246504
mine,pronoun_anchor,P:I,full,family,phon,idf_jaccard,0.6542154395460854,0.8830132372152286,-0.2287977976691432,0.2287977976691432
mine,pronoun_anchor,P:I,nonlocative,item,phon,jaccard,0.4477781862523044,0.7123891223155928,-0.2646109360632884,0.2646109360632884
mine,pronoun_anchor,P:I,nonlocative,item,phon,dice,0.2999440941880134,0.556157136247862,-0.2562130420598486,0.2562130420598486
mine,pronoun_anchor,P:I,nonlocative,item,phon,hamming,0.1259933774834437,0.2317880794701986,-0.1057947019867549,0.1057947019867549
mine,pronoun_anchor,P:I,nonlocative,item,phon,idf_jaccard,0.6771958238554568,0.880239741781438,-0.2030439179259812,0.2030439179259812
mine,pronoun_anchor,P:I,nonlocative,family,phon,jaccard,0.4459405501882785,0.7123891223155928,-0.2664485721273143,0.2664485721273143
mine,pronoun_anchor,P:I,nonlocative,family,phon,dice,0.2995157585117343,0.556157136247862,-0.2566413777361277,0.2566413777361277
mine,pronoun_anchor,P:I,nonlocative,family,phon,hamming,0.1260117733627667,0.2317880794701986,-0.1057763061074319,0.1057763061074319
mine,pronoun_anchor,P:I,nonlocative,family,phon,idf_jaccard,0.6689389728616368,0.8828765069443277,-0.2139375340826909,0.2139375340826909
my,pronoun_anchor,P:I,full,item,phon,jaccard,0.5799881295952524,0.8462358725204688,-0.2662477429252164,0.2662477429252164
my,pronoun_anchor,P:I,full,item,phon,dice,0.436274210534432,0.7372878426468461,-0.301013632112414,0.301013632112414
my,pronoun_anchor,P:I,full,item,phon,hamming,0.187251655629139,0.3096026490066226,-0.1223509933774835,0.1223509933774835
my,pronoun_anchor,P:I,full,item,phon,idf_jaccard,0.738951195945252,0.9347452114129609,-0.1957940154677087,0.1957940154677087
my,pronoun_anchor,P:I,full,family,phon,jaccard,0.5774242283162008,0.8462358725204688,-0.268811644204268,0.268811644204268
my,pronoun_anchor,P:I,full,family,phon,dice,0.4356930012024427,0.7372878426468461,-0.3015948414444033,0.3015948414444033
my,pronoun_anchor,P:I,full,family,phon,hamming,0.1874540103016924,0.3096026490066226,-0.1221486387049302,0.1221486387049302
my,pronoun_anchor,P:I,full,family,phon,idf_jaccard,0.7285388862783814,0.9356328004021246,-0.2070939141237432,0.2070939141237432
my,pronoun_anchor,P:I,nonlocative,item,phon,jaccard,0.5799881295952524,0.8255086605547888,-0.2455205309595364,0.2455205309595364
my,pronoun_anchor,P:I,nonlocative,item,phon,dice,0.436274210534432,0.7047996273404457,-0.2685254168060136,0.2685254168060136
my,pronoun_anchor,P:I,nonlocative,item,phon,hamming,0.187251655629139,0.303532008830022,-0.1162803532008829,0.1162803532008829
my,pronoun_anchor,P:I,nonlocative,item,phon,idf_jaccard,0.7485911618308678,0.9296856811771228,-0.1810945193462549,0.1810945193462549
my,pronoun_anchor,P:I,nonlocative,family,phon,jaccard,0.5774242283162008,0.8255086605547888,-0.248084432238588,0.248084432238588
my,pronoun_anchor,P:I,nonlocative,family,phon,dice,0.4356930012024427,0.7047996273404457,-0.2691066261380029,0.2691066261380029
my,pronoun_anchor,P:I,nonlocative,family,phon,hamming,0.1874540103016924,0.303532008830022,-0.1160779985283296,0.1160779985283296
my,pronoun_anchor,P:I,nonlocative,family,phon,idf_jaccard,0.7384118911321209,0.9308756333057936,-0.1924637421736725,0.1924637421736725
myself,pronoun_anchor,P:I,full,item,phon,jaccard,0.5277462609947967,0.7604470414613891,-0.2327007804665923,0.2327007804665923
myself,pronoun_anchor,P:I,full,item,phon,dice,0.3770215368044486,0.6147574999758934,-0.2377359631714447,0.2377359631714447
myself,pronoun_anchor,P:I,full,item,phon,hamming,0.147682119205298,0.2226821192052979,-0.0749999999999999,0.0749999999999999
myself,pronoun_anchor,P:I,full,item,phon,idf_jaccard,0.7674382226002063,0.9191288958086344,-0.151690673208428,0.151690673208428
myself,pronoun_anchor,P:I,full,family,phon,jaccard,0.5263631628255216,0.7604470414613891,-0.2340838786358674,0.2340838786358674
myself,pronoun_anchor,P:I,full,family,phon,dice,0.3770806062044765,0.6147574999758934,-0.2376768937714168,0.2376768937714168
myself,pronoun_anchor,P:I,full,family,phon,hamming,0.1477189109639441,0.2226821192052979,-0.0749632082413538,0.0749632082413538
myself,pronoun_anchor,P:I,full,family,phon,idf_jaccard,0.7592315522682127,0.922452180876931,-0.1632206286087183,0.1632206286087183
myself,pronoun_anchor,P:I,nonlocative,item,phon,jaccard,0.5277462609947967,0.745733630884544,-0.2179873698897473,0.2179873698897473
myself,pronoun_anchor,P:I,nonlocative,item,phon,dice,0.3770215368044486,0.59530036292155,-0.2182788261171013,0.2182788261171013
myself,pronoun_anchor,P:I,nonlocative,item,phon,hamming,0.147682119205298,0.2218543046357615,-0.0741721854304635,0.0741721854304635
myself,pronoun_anchor,P:I,nonlocative,item,phon,idf_jaccard,0.780544610092518,0.924363781949714,-0.143819171857196,0.143819171857196
myself,pronoun_anchor,P:I,nonlocative,family,phon,jaccard,0.5263631628255216,0.745733630884544,-0.2193704680590223,0.2193704680590223
myself,pronoun_anchor,P:I,nonlocative,family,phon,dice,0.3770806062044765,0.59530036292155,-0.2182197567170735,0.2182197567170735
myself,pronoun_anchor,P:I,nonlocative,family,phon,hamming,0.1477189109639441,0.2218543046357615,-0.0741353936718174,0.0741353936718174
myself,pronoun_anchor,P:I,nonlocative,family,phon,idf_jaccard,0.7724660503527699,0.92770743131608,-0.1552413809633102,0.1552413809633102
their_sing,pronoun_anchor,P:they,full,item,phon,jaccard,0.5685639299997056,0.819237553336362,-0.2506736233366563,0.2506736233366563
their_sing,pronoun_anchor,P:they,full,item,phon,dice,0.4231667137575686,0.6981915178980659,-0.2750248041404972,0.2750248041404972
their_sing,pronoun_anchor,P:they,full,item,phon,hamming,0.1816225165562913,0.293046357615894,-0.1114238410596026,0.1114238410596026
their_sing,pronoun_anchor,P:they,full,item,phon,idf_jaccard,0.7301853846806037,0.921324019677977,-0.1911386349973732,0.1911386349973732
their_sing,pronoun_anchor,P:they,full,family,phon,jaccard,0.5777242865751995,0.819237553336362,-0.2415132667611624,0.2415132667611624
their_sing,pronoun_anchor,P:they,full,family,phon,dice,0.4327030013476773,0.6981915178980659,-0.2654885165503886,0.2654885165503886
their_sing,pronoun_anchor,P:they,full,family,phon,hamming,0.1860713522751549,0.293046357615894,-0.1069750053407391,0.1069750053407391
their_sing,pronoun_anchor,P:they,full,family,phon,idf_jaccard,0.7338367781701342,0.9239983667842956,-0.1901615886141613,0.1901615886141613
their_sing,pronoun_anchor,P:they,nonlocative,item,phon,jaccard,0.5685639299997056,0.794564583111422,-0.2260006531117163,0.2260006531117163
their_sing,pronoun_anchor,P:they,nonlocative,item,phon,dice,0.4231667137575686,0.6611177462208273,-0.2379510324632586,0.2379510324632586
their_sing,pronoun_anchor,P:they,nonlocative,item,phon,hamming,0.1816225165562913,0.2847682119205297,-0.1031456953642384,0.1031456953642384
their_sing,pronoun_anchor,P:they,nonlocative,item,phon,idf_jaccard,0.7395444606212813,0.9144670334282642,-0.1749225728069828,0.1749225728069828
their_sing,pronoun_anchor,P:they,nonlocative,family,phon,jaccard,0.5777242865751995,0.794564583111422,-0.2168402965362225,0.2168402965362225
their_sing,pronoun_anchor,P:they,nonlocative,family,phon,dice,0.4327030013476773,0.6611177462208273,-0.22841474487315,0.22841474487315
their_sing,pronoun_anchor,P:they,nonlocative,family,phon,hamming,0.1860713522751549,0.2847682119205297,-0.0986968596453748,0.0986968596453748
their_sing,pronoun_anchor,P:they,nonlocative,family,phon,idf_jaccard,0.7441153644397664,0.9182472127980948,-0.1741318483583284,0.1741318483583284
theirs_sing,pronoun_anchor,P:they,full,item,phon,jaccard,0.4847938972478694,0.7256161839735894,-0.2408222867257199,0.2408222867257199
theirs_sing,pronoun_anchor,P:they,full,item,phon,dice,0.3329344815380675,0.5738506620144118,-0.2409161804763442,0.2409161804763442
theirs_sing,pronoun_anchor,P:they,full,item,phon,hamming,0.1420529801324503,0.2367549668874172,-0.0947019867549669,0.0947019867549669
theirs_sing,pronoun_anchor,P:they,full,item,phon,idf_jaccard,0.7190104885738042,0.8858730183519611,-0.1668625297781568,0.1668625297781568
theirs_sing,pronoun_anchor,P:they,full,family,phon,jaccard,0.497837382593098,0.7256161839735894,-0.2277788013804913,0.2277788013804913
theirs_sing,pronoun_anchor,P:they,full,family,phon,dice,0.3448563994073332,0.5738506620144118,-0.2289942626070786,0.2289942626070786
theirs_sing,pronoun_anchor,P:they,full,family,phon,hamming,0.1474044007690665,0.2367549668874172,-0.0893505661183507,0.0893505661183507
theirs_sing,pronoun_anchor,P:they,full,family,phon,idf_jaccard,0.7321897378669058,0.8903078388728456,-0.1581181010059398,0.1581181010059398
theirs_sing,pronoun_anchor,P:they,nonlocative,item,phon,jaccard,0.4847938972478694,0.7007294584500466,-0.2159355612021772,0.2159355612021772
theirs_sing,pronoun_anchor,P:they,nonlocative,item,phon,dice,0.3329344815380675,0.542069896993282,-0.2091354154552144,0.2091354154552144
theirs_sing,pronoun_anchor,P:they,nonlocative,item,phon,hamming,0.1420529801324503,0.2295805739514348,-0.0875275938189845,0.0875275938189845
theirs_sing,pronoun_anchor,P:they,nonlocative,item,phon,idf_jaccard,0.7313173876721606,0.8837513991533186,-0.1524340114811579,0.1524340114811579
theirs_sing,pronoun_anchor,P:they,nonlocative,family,phon,jaccard,0.497837382593098,0.7007294584500466,-0.2028920758569485,0.2028920758569485
theirs_sing,pronoun_anchor,P:they,nonlocative,family,phon,dice,0.3448563994073332,0.542069896993282,-0.1972134975859488,0.1972134975859488
theirs_sing,pronoun_anchor,P:they,nonlocative,family,phon,hamming,0.1474044007690665,0.2295805739514348,-0.0821761731823683,0.0821761731823683
theirs_sing,pronoun_anchor,P:they,nonlocative,family,phon,idf_jaccard,0.7456668687426461,0.8883251812640044,-0.1426583125213583,0.1426583125213583
their_plur,pronoun_anchor,P:they,full,item,phon,jaccard,0.5871329754766534,0.8353326029727248,-0.2481996274960713,0.2481996274960713
their_plur,pronoun_anchor,P:they,full,item,phon,dice,0.4418679057920737,0.7205039151418139,-0.2786360093497402,0.2786360093497402
their_plur,pronoun_anchor,P:they,full,item,phon,hamming,0.1842715231788079,0.2930463576158941,-0.1087748344370861,0.1087748344370861
their_plur,pronoun_anchor,P:they,full,item,phon,idf_jaccard,0.740300037272663,0.9307900129302124,-0.1904899756575494,0.1904899756575494
their_plur,pronoun_anchor,P:they,full,family,phon,jaccard,0.59925974881217,0.8353326029727248,-0.2360728541605548,0.2360728541605548
their_plur,pronoun_anchor,P:they,full,family,phon,dice,0.4542443925314273,0.7205039151418139,-0.2662595226103866,0.2662595226103866
their_plur,pronoun_anchor,P:they,full,family,phon,hamming,0.1899166844691305,0.2930463576158941,-0.1031296731467635,0.1031296731467635
their_plur,pronoun_anchor,P:they,full,family,phon,idf_jaccard,0.7429213579017854,0.9326996274838985,-0.1897782695821129,0.1897782695821129
their_plur,pronoun_anchor,P:they,nonlocative,item,phon,jaccard,0.5871329754766534,0.8173967134658957,-0.2302637379892422,0.2302637379892422
their_plur,pronoun_anchor,P:they,nonlocative,item,phon,dice,0.4418679057920737,0.6930492390673842,-0.2511813332753105,0.2511813332753105
their_plur,pronoun_anchor,P:they,nonlocative,item,phon,hamming,0.1842715231788079,0.2891832229580575,-0.1049116997792495,0.1049116997792495
their_plur,pronoun_anchor,P:they,nonlocative,item,phon,idf_jaccard,0.7486790935758617,0.925935366768784,-0.1772562731929221,0.1772562731929221
their_plur,pronoun_anchor,P:they,nonlocative,family,phon,jaccard,0.59925974881217,0.8173967134658957,-0.2181369646537256,0.2181369646537256
their_plur,pronoun_anchor,P:they,nonlocative,family,phon,dice,0.4542443925314273,0.6930492390673842,-0.2388048465359569,0.2388048465359569
their_plur,pronoun_anchor,P:they,nonlocative,family,phon,hamming,0.1899166844691305,0.2891832229580575,-0.0992665384889269,0.0992665384889269
their_plur,pronoun_anchor,P:they,nonlocative,family,phon,idf_jaccard,0.7517670051525631,0.9284358028215128,-0.1766687976689496,0.1766687976689496
theirs_plur,pronoun_anchor,P:they,full,item,phon,jaccard,0.5028202464016024,0.7409109081884373,-0.2380906617868349,0.2380906617868349
theirs_plur,pronoun_anchor,P:they,full,item,phon,dice,0.3488921423025878,0.5924173861543286,-0.2435252438517407,0.2435252438517407
theirs_plur,pronoun_anchor,P:they,full,item,phon,hamming,0.1447019867549669,0.2367549668874172,-0.0920529801324503,0.0920529801324503
theirs_plur,pronoun_anchor,P:they,full,item,phon,idf_jaccard,0.7306304532045663,0.8965427204810477,-0.1659122672764813,0.1659122672764813
theirs_plur,pronoun_anchor,P:they,full,family,phon,jaccard,0.5192672014993247,0.7409109081884373,-0.2216437066891126,0.2216437066891126
theirs_plur,pronoun_anchor,P:they,full,family,phon,dice,0.3637751632868899,0.5924173861543286,-0.2286422228674386,0.2286422228674386
theirs_plur,pronoun_anchor,P:they,full,family,phon,hamming,0.1512497329630421,0.2367549668874172,-0.0855052339243751,0.0855052339243751
theirs_plur,pronoun_anchor,P:they,full,family,phon,idf_jaccard,0.7426700507693601,0.9001999424686138,-0.1575298916992537,0.1575298916992537
theirs_plur,pronoun_anchor,P:they,nonlocative,item,phon,jaccard,0.5028202464016024,0.7239666256573551,-0.2211463792557527,0.2211463792557527
theirs_plur,pronoun_anchor,P:they,nonlocative,item,phon,dice,0.3488921423025878,0.5707056849674871,-0.2218135426648992,0.2218135426648992
theirs_plur,pronoun_anchor,P:they,nonlocative,item,phon,hamming,0.1447019867549669,0.2339955849889624,-0.0892935982339955,0.0892935982339955
theirs_plur,pronoun_anchor,P:they,nonlocative,item,phon,idf_jaccard,0.7417872329692003,0.8968984788898888,-0.1551112459206884,0.1551112459206884
theirs_plur,pronoun_anchor,P:they,nonlocative,family,phon,jaccard,0.5192672014993247,0.7239666256573551,-0.2046994241580304,0.2046994241580304
theirs_plur,pronoun_anchor,P:they,nonlocative,family,phon,dice,0.3637751632868899,0.5707056849674871,-0.2069305216805971,0.2069305216805971
theirs_plur,pronoun_anchor,P:they,nonlocative,family,phon,hamming,0.1512497329630421,0.2339955849889624,-0.0827458520259203,0.0827458520259203
theirs_plur,pronoun_anchor,P:they,nonlocative,family,phon,idf_jaccard,0.754452207209855,0.9000702726011225,-0.1456180653912675,0.1456180653912675
them_sing,pronoun_anchor,P:they,full,item,phon,jaccard,0.5067312417,0.7916935279496864,-0.2849622862496864,0.2849622862496864
them_sing,pronoun_anchor,P:they,full,item,phon,dice,0.3466603592214432,0.6589200029045406,-0.3122596436830973,0.3122596436830973
them_sing,pronoun_anchor,P:they,full,item,phon,hamming,0.1329470198675497,0.2334437086092715,-0.1004966887417218,0.1004966887417218
them_sing,pronoun_anchor,P:they,full,item,phon,idf_jaccard,0.7541788018387751,0.9461283535572133,-0.1919495517184382,0.1919495517184382
them_sing,pronoun_anchor,P:they,full,family,phon,jaccard,0.5150057140895756,0.7916935279496864,-0.2766878138601107,0.2766878138601107
them_sing,pronoun_anchor,P:they,full,family,phon,dice,0.353780879756774,0.6589200029045406,-0.3051391231477665,0.3051391231477665
them_sing,pronoun_anchor,P:they,full,family,phon,hamming,0.1356547746208075,0.2334437086092715,-0.097788933988464,0.097788933988464
them_sing,pronoun_anchor,P:they,full,family,phon,idf_jaccard,0.7614402163984985,0.9484321045918837,-0.186991888193385,0.186991888193385
them_sing,pronoun_anchor,P:they,nonlocative,item,phon,jaccard,0.5067312417,0.7617878929935613,-0.2550566512935613,0.2550566512935613
them_sing,pronoun_anchor,P:they,nonlocative,item,phon,dice,0.3466603592214432,0.6158840064844299,-0.2692236472629866,0.2692236472629866
them_sing,pronoun_anchor,P:they,nonlocative,item,phon,hamming,0.1329470198675497,0.2251655629139073,-0.0922185430463576,0.0922185430463576
them_sing,pronoun_anchor,P:they,nonlocative,item,phon,idf_jaccard,0.7705727153193713,0.9430537102964368,-0.1724809949770653,0.1724809949770653
them_sing,pronoun_anchor,P:they,nonlocative,family,phon,jaccard,0.5150057140895756,0.7617878929935613,-0.2467821789039856,0.2467821789039856
them_sing,pronoun_anchor,P:they,nonlocative,family,phon,dice,0.353780879756774,0.6158840064844299,-0.2621031267276558,0.2621031267276558
them_sing,pronoun_anchor,P:they,nonlocative,family,phon,hamming,0.1356547746208075,0.2251655629139073,-0.0895107882930997,0.0895107882930997
them_sing,pronoun_anchor,P:they,nonlocative,family,phon,idf_jaccard,0.7796346153152918,0.9467664750244724,-0.1671318597091805,0.1671318597091805
them_plur,pronoun_anchor,P:they,full,item,phon,jaccard,0.5309044173361566,0.8274217827965828,-0.2965173654604263,0.2965173654604263
them_plur,pronoun_anchor,P:they,full,item,phon,dice,0.367821251134437,0.7098576535375044,-0.3420364024030674,0.3420364024030674
them_plur,pronoun_anchor,P:they,full,item,phon,hamming,0.1423841059602648,0.2557947019867549,-0.11341059602649,0.11341059602649
them_plur,pronoun_anchor,P:they,full,item,phon,idf_jaccard,0.7643593367706266,0.9584645978691164,-0.1941052610984897,0.1941052610984897
them_plur,pronoun_anchor,P:they,full,family,phon,jaccard,0.5485334784734346,0.8274217827965828,-0.2788883043231482,0.2788883043231482
them_plur,pronoun_anchor,P:they,full,family,phon,dice,0.38339109473831,0.7098576535375044,-0.3264665587991943,0.3264665587991943
them_plur,pronoun_anchor,P:they,full,family,phon,hamming,0.1482589190343943,0.2557947019867549,-0.1075357829523606,0.1075357829523606
them_plur,pronoun_anchor,P:they,full,family,phon,idf_jaccard,0.7688178261071691,0.9572937232875254,-0.1884758971803563,0.1884758971803563
them_plur,pronoun_anchor,P:they,nonlocative,item,phon,jaccard,0.5309044173361566,0.804397571290825,-0.2734931539546684,0.2734931539546684
them_plur,pronoun_anchor,P:they,nonlocative,item,phon,dice,0.367821251134437,0.6753381022429013,-0.3075168511084643,0.3075168511084643
them_plur,pronoun_anchor,P:they,nonlocative,item,phon,hamming,0.1423841059602648,0.2505518763796909,-0.108167770419426,0.108167770419426
them_plur,pronoun_anchor,P:they,nonlocative,item,phon,idf_jaccard,0.7792404636610787,0.9573300455714164,-0.1780895819103378,0.1780895819103378
them_plur,pronoun_anchor,P:they,nonlocative,family,phon,jaccard,0.5485334784734346,0.804397571290825,-0.2558640928173904,0.2558640928173904
them_plur,pronoun_anchor,P:they,nonlocative,family,phon,dice,0.38339109473831,0.6753381022429013,-0.2919470075045912,0.2919470075045912
them_plur,pronoun_anchor,P:they,nonlocative,family,phon,hamming,0.1482589190343943,0.2505518763796909,-0.1022929573452965,0.1022929573452965
them_plur,pronoun_anchor,P:they,nonlocative,family,phon,idf_jaccard,0.7845929553562379,0.9568240516167322,-0.1722310962604943,0.1722310962604943
themself,pronoun_anchor,P:they,full,item,phon,jaccard,0.5501370554755354,0.7548666112910294,-0.204729555815494,0.204729555815494
themself,pronoun_anchor,P:they,full,item,phon,dice,0.3983542754928688,0.6075756891139078,-0.209221413621039,0.209221413621039
themself,pronoun_anchor,P:they,full,item,phon,hamming,0.1534768211920529,0.2160596026490066,-0.0625827814569537,0.0625827814569537
themself,pronoun_anchor,P:they,full,item,phon,idf_jaccard,0.7648599588561075,0.9114252686052134,-0.1465653097491059,0.1465653097491059
themself,pronoun_anchor,P:they,full,family,phon,jaccard,0.5565480397455412,0.7548666112910294,-0.1983185715454881,0.1983185715454881
themself,pronoun_anchor,P:they,full,family,phon,dice,0.4054432742065278,0.6075756891139078,-0.2021324149073799,0.2021324149073799
themself,pronoun_anchor,P:they,full,family,phon,hamming,0.1561632129886776,0.2160596026490066,-0.059896389660329,0.059896389660329
themself,pronoun_anchor,P:they,full,family,phon,idf_jaccard,0.7671811582826166,0.9193085035438964,-0.1521273452612797,0.1521273452612797
themself,pronoun_anchor,P:they,nonlocative,item,phon,jaccard,0.5501370554755354,0.7398779743905918,-0.1897409189150564,0.1897409189150564
themself,pronoun_anchor,P:they,nonlocative,item,phon,dice,0.3983542754928688,0.5879325305444482,-0.1895782550515793,0.1895782550515793
themself,pronoun_anchor,P:they,nonlocative,item,phon,hamming,0.1534768211920529,0.2152317880794702,-0.0617549668874172,0.0617549668874172
themself,pronoun_anchor,P:they,nonlocative,item,phon,idf_jaccard,0.7763993377762841,0.9153639365945128,-0.1389645988182287,0.1389645988182287
themself,pronoun_anchor,P:they,nonlocative,family,phon,jaccard,0.5565480397455412,0.7398779743905918,-0.1833299346450505,0.1833299346450505
themself,pronoun_anchor,P:they,nonlocative,family,phon,dice,0.4054432742065278,0.5879325305444482,-0.1824892563379203,0.1824892563379203
themself,pronoun_anchor,P:they,nonlocative,family,phon,hamming,0.1561632129886776,0.2152317880794702,-0.0590685750907925,0.0590685750907925
themself,pronoun_anchor,P:they,nonlocative,family,phon,idf_jaccard,0.7791142077924579,0.923446907704622,-0.1443326999121641,0.1443326999121641
themselves,pronoun_anchor,P:they,full,item,phon,jaccard,0.5507530648114505,0.7803466249190597,-0.2295935601076092,0.2295935601076092
themselves,pronoun_anchor,P:they,full,item,phon,dice,0.3948788422060719,0.6414968693720019,-0.24661802716593,0.24661802716593
themselves,pronoun_anchor,P:they,full,item,phon,hamming,0.1536423841059603,0.2317880794701986,-0.0781456953642383,0.0781456953642383
themselves,pronoun_anchor,P:they,full,item,phon,idf_jaccard,0.7559917483828645,0.9181159939701834,-0.1621242455873188,0.1621242455873188
themselves,pronoun_anchor,P:they,full,family,phon,jaccard,0.5630741791979026,0.7803466249190597,-0.2172724457211571,0.2172724457211571
themselves,pronoun_anchor,P:they,full,family,phon,dice,0.4067999331286961,0.6414968693720019,-0.2346969362433058,0.2346969362433058
themselves,pronoun_anchor,P:they,full,family,phon,hamming,0.1580858790856654,0.2317880794701986,-0.0737022003845332,0.0737022003845332
themselves,pronoun_anchor,P:they,full,family,phon,idf_jaccard,0.759739038997423,0.9237160102270582,-0.1639769712296351,0.1639769712296351
themselves,pronoun_anchor,P:they,nonlocative,item,phon,jaccard,0.5507530648114505,0.7674750277285843,-0.2167219629171338,0.2167219629171338
themselves,pronoun_anchor,P:they,nonlocative,item,phon,dice,0.3948788422060719,0.6238918687224584,-0.2290130265163865,0.2290130265163865
themselves,pronoun_anchor,P:they,nonlocative,item,phon,hamming,0.1536423841059603,0.2317880794701987,-0.0781456953642384,0.0781456953642384
themselves,pronoun_anchor,P:they,nonlocative,item,phon,idf_jaccard,0.7682161372284722,0.923255198750144,-0.1550390615216719,0.1550390615216719
themselves,pronoun_anchor,P:they,nonlocative,family,phon,jaccard,0.5630741791979026,0.7674750277285843,-0.2044008485306817,0.2044008485306817
themselves,pronoun_anchor,P:they,nonlocative,family,phon,dice,0.4067999331286961,0.6238918687224584,-0.2170919355937622,0.2170919355937622
themselves,pronoun_anchor,P:they,nonlocative,family,phon,hamming,0.1580858790856654,0.2317880794701987,-0.0737022003845332,0.0737022003845332
themselves,pronoun_anchor,P:they,nonlocative,family,phon,idf_jaccard,0.7721610554643016,0.9289800380347502,-0.1568189825704485,0.1568189825704485
they_sing,pronoun_anchor,P:they,full,item,phon,jaccard,0.5418751323024954,0.8037192482508035,-0.2618441159483081,0.2618441159483081
they_sing,pronoun_anchor,P:they,full,item,phon,dice,0.3850825348815621,0.673917411618034,-0.2888348767364718,0.2888348767364718
they_sing,pronoun_anchor,P:they,full,item,phon,hamming,0.1392384105960265,0.2218543046357615,-0.082615894039735,0.082615894039735
they_sing,pronoun_anchor,P:they,full,item,phon,idf_jaccard,0.776549601388427,0.9524796436488884,-0.1759300422604615,0.1759300422604615
they_sing,pronoun_anchor,P:they,full,family,phon,jaccard,0.5473652434942032,0.8037192482508035,-0.2563540047566003,0.2563540047566003
they_sing,pronoun_anchor,P:they,full,family,phon,dice,0.3908834765778355,0.673917411618034,-0.2830339350401984,0.2830339350401984
they_sing,pronoun_anchor,P:they,full,family,phon,hamming,0.141209143345439,0.2218543046357615,-0.0806451612903225,0.0806451612903225
they_sing,pronoun_anchor,P:they,full,family,phon,idf_jaccard,0.7728647742078778,0.9547443184320452,-0.1818795442241674,0.1818795442241674
they_sing,pronoun_anchor,P:they,nonlocative,item,phon,jaccard,0.5418751323024954,0.7890532232253782,-0.2471780909228828,0.2471780909228828
they_sing,pronoun_anchor,P:they,nonlocative,item,phon,dice,0.3850825348815621,0.6531804273609673,-0.2680978924794051,0.2680978924794051
they_sing,pronoun_anchor,P:they,nonlocative,item,phon,hamming,0.1392384105960265,0.2218543046357615,-0.082615894039735,0.082615894039735
they_sing,pronoun_anchor,P:they,nonlocative,item,phon,idf_jaccard,0.7895461150884863,0.9498814906914383,-0.1603353756029522,0.1603353756029522
they_sing,pronoun_anchor,P:they,nonlocative,family,phon,jaccard,0.5473652434942032,0.7890532232253782,-0.2416879797311749,0.2416879797311749
they_sing,pronoun_anchor,P:they,nonlocative,family,phon,dice,0.3908834765778355,0.6531804273609673,-0.2622969507831317,0.2622969507831317
they_sing,pronoun_anchor,P:they,nonlocative,family,phon,hamming,0.141209143345439,0.2218543046357615,-0.0806451612903225,0.0806451612903225
they_sing,pronoun_anchor,P:they,nonlocative,family,phon,idf_jaccard,0.7872229376340351,0.9528109223619023,-0.1655879847278674,0.1655879847278674
they_plur,pronoun_anchor,P:they,full,item,phon,jaccard,0.5591204429702181,0.8381705804819457,-0.2790501375117276,0.2790501375117276
they_plur,pronoun_anchor,P:they,full,item,phon,dice,0.3983683440792759,0.7233187694052823,-0.3249504253260064,0.3249504253260064
they_plur,pronoun_anchor,P:they,full,item,phon,hamming,0.1428807947019867,0.2375827814569536,-0.0947019867549669,0.0947019867549669
they_plur,pronoun_anchor,P:they,full,item,phon,idf_jaccard,0.7734685515929136,0.9624816239271744,-0.1890130723342606,0.1890130723342606
they_plur,pronoun_anchor,P:they,full,family,phon,jaccard,0.5751478464514596,0.8381705804819457,-0.2630227340304861,0.2630227340304861
they_plur,pronoun_anchor,P:they,full,family,phon,dice,0.4136533940421412,0.7233187694052823,-0.309665375363141,0.309665375363141
they_plur,pronoun_anchor,P:they,full,family,phon,hamming,0.1480452894680624,0.2375827814569536,-0.0895374919888912,0.0895374919888912
they_plur,pronoun_anchor,P:they,full,family,phon,idf_jaccard,0.770414344605148,0.9614257761083338,-0.1910114315031857,0.1910114315031857
they_plur,pronoun_anchor,P:they,nonlocative,item,phon,jaccard,0.5591204429702181,0.830102039108656,-0.2709815961384378,0.2709815961384378
they_plur,pronoun_anchor,P:they,nonlocative,item,phon,dice,0.3983683440792759,0.7111551188770945,-0.3127867747978186,0.3127867747978186
they_plur,pronoun_anchor,P:they,nonlocative,item,phon,hamming,0.1428807947019867,0.2406181015452538,-0.097737306843267,0.097737306843267
they_plur,pronoun_anchor,P:they,nonlocative,item,phon,idf_jaccard,0.7859148361863112,0.9619187854967716,-0.1760039493104603,0.1760039493104603
they_plur,pronoun_anchor,P:they,nonlocative,family,phon,jaccard,0.5751478464514596,0.830102039108656,-0.2549541926571964,0.2549541926571964
they_plur,pronoun_anchor,P:they,nonlocative,family,phon,dice,0.4136533940421412,0.7111551188770945,-0.2975017248349532,0.2975017248349532
they_plur,pronoun_anchor,P:they,nonlocative,family,phon,hamming,0.1480452894680624,0.2406181015452538,-0.0925728120771914,0.0925728120771914
they_plur,pronoun_anchor,P:they,nonlocative,family,phon,idf_jaccard,0.7833160050154777,0.9608776773418392,-0.1775616723263614,0.1775616723263614
we_pron,pronoun_anchor,P:we,full,item,phon,jaccard,0.5356703123200417,0.8263087195311104,-0.2906384072110687,0.2906384072110687
we_pron,pronoun_anchor,P:we,full,item,phon,dice,0.3755974763523831,0.7071655526626275,-0.3315680763102443,0.3315680763102443
we_pron,pronoun_anchor,P:we,full,item,phon,hamming,0.1438741721854305,0.2508278145695364,-0.1069536423841059,0.1069536423841059
we_pron,pronoun_anchor,P:we,full,item,phon,idf_jaccard,0.7660096195020784,0.9530288242196976,-0.1870192047176191,0.1870192047176191
we_pron,pronoun_anchor,P:we,full,family,phon,jaccard,0.5403290974113131,0.8263087195311104,-0.2859796221197973,0.2859796221197973
we_pron,pronoun_anchor,P:we,full,family,phon,dice,0.3801904702653667,0.7071655526626275,-0.3269750823972608,0.3269750823972608
we_pron,pronoun_anchor,P:we,full,family,phon,hamming,0.144775570272259,0.2508278145695364,-0.1060522442972773,0.1060522442972773
we_pron,pronoun_anchor,P:we,full,family,phon,idf_jaccard,0.7634441107129896,0.9517650279037344,-0.1883209171907447,0.1883209171907447
we_pron,pronoun_anchor,P:we,nonlocative,item,phon,jaccard,0.5356703123200417,0.8101051162636027,-0.274434803943561,0.274434803943561
we_pron,pronoun_anchor,P:we,nonlocative,item,phon,dice,0.3755974763523831,0.6831673810046467,-0.3075699046522635,0.3075699046522635
we_pron,pronoun_anchor,P:we,nonlocative,item,phon,hamming,0.1438741721854305,0.249448123620309,-0.1055739514348785,0.1055739514348785
we_pron,pronoun_anchor,P:we,nonlocative,item,phon,idf_jaccard,0.7796514030129564,0.9500137229636824,-0.170362319950726,0.170362319950726
we_pron,pronoun_anchor,P:we,nonlocative,family,phon,jaccard,0.5403290974113131,0.8101051162636027,-0.2697760188522896,0.2697760188522896
we_pron,pronoun_anchor,P:we,nonlocative,family,phon,dice,0.3801904702653667,0.6831673810046467,-0.30297691073928,0.30297691073928
we_pron,pronoun_anchor,P:we,nonlocative,family,phon,hamming,0.144775570272259,0.249448123620309,-0.1046725533480499,0.1046725533480499
we_pron,pronoun_anchor,P:we,nonlocative,family,phon,idf_jaccard,0.7773255135203478,0.9483475834413452,-0.1710220699209972,0.1710220699209972
us_pron,pronoun_anchor,P:we,full,item,phon,jaccard,0.5150242030412124,0.8049362744582738,-0.2899120714170613,0.2899120714170613
us_pron,pronoun_anchor,P:we,full,item,phon,dice,0.352748779162996,0.6796303537477306,-0.3268815745847346,0.3268815745847346
us_pron,pronoun_anchor,P:we,full,item,phon,hamming,0.1382450331125828,0.2491721854304635,-0.1109271523178807,0.1109271523178807
us_pron,pronoun_anchor,P:we,full,item,phon,idf_jaccard,0.7764454395529181,0.946448350929713,-0.1700029113767949,0.1700029113767949
us_pron,pronoun_anchor,P:we,full,family,phon,jaccard,0.5202252600766758,0.8049362744582738,-0.2847110143815979,0.2847110143815979
us_pron,pronoun_anchor,P:we,full,family,phon,dice,0.3574463461196179,0.6796303537477306,-0.3221840076281126,0.3221840076281126
us_pron,pronoun_anchor,P:we,full,family,phon,hamming,0.1392568064753495,0.2491721854304635,-0.109915378955114,0.109915378955114
us_pron,pronoun_anchor,P:we,full,family,phon,idf_jaccard,0.7745980280477799,0.9448399320255968,-0.170241903977817,0.170241903977817
us_pron,pronoun_anchor,P:we,nonlocative,item,phon,jaccard,0.5150242030412124,0.7736802109905717,-0.2586560079493593,0.2586560079493593
us_pron,pronoun_anchor,P:we,nonlocative,item,phon,dice,0.352748779162996,0.6338338900100003,-0.2810851108470043,0.2810851108470043
us_pron,pronoun_anchor,P:we,nonlocative,item,phon,hamming,0.1382450331125828,0.2395143487858718,-0.101269315673289,0.101269315673289
us_pron,pronoun_anchor,P:we,nonlocative,item,phon,idf_jaccard,0.7929793176435861,0.943096781763315,-0.1501174641197289,0.1501174641197289
us_pron,pronoun_anchor,P:we,nonlocative,family,phon,jaccard,0.5202252600766758,0.7736802109905717,-0.2534549509138959,0.2534549509138959
us_pron,pronoun_anchor,P:we,nonlocative,family,phon,dice,0.3574463461196179,0.6338338900100003,-0.2763875438903824,0.2763875438903824
us_pron,pronoun_anchor,P:we,nonlocative,family,phon,hamming,0.1392568064753495,0.2395143487858718,-0.1002575423105223,0.1002575423105223
us_pron,pronoun_anchor,P:we,nonlocative,family,phon,idf_jaccard,0.7915933140701509,0.941395286618296,-0.1498019725481449,0.1498019725481449
our,pronoun_anchor,P:we,full,item,phon,jaccard,0.5749506697475206,0.8382649350157385,-0.2633142652682179,0.2633142652682179
our,pronoun_anchor,P:we,full,item,phon,dice,0.4313651633081538,0.7260388235249636,-0.2946736602168098,0.2946736602168098
our,pronoun_anchor,P:we,full,item,phon,hamming,0.1877483443708609,0.3096026490066225,-0.1218543046357616,0.1218543046357616
our,pronoun_anchor,P:we,full,item,phon,idf_jaccard,0.7292070891503626,0.9279114656230012,-0.1987043764726385,0.1987043764726385
our,pronoun_anchor,P:we,full,family,phon,jaccard,0.5736517716234499,0.8382649350157385,-0.2646131633922886,0.2646131633922886
our,pronoun_anchor,P:we,full,family,phon,dice,0.4322806260130091,0.7260388235249636,-0.2937581975119545,0.2937581975119545
our,pronoun_anchor,P:we,full,family,phon,hamming,0.1874540103016923,0.3096026490066225,-0.1221486387049301,0.1221486387049301
our,pronoun_anchor,P:we,full,family,phon,idf_jaccard,0.7239472712918048,0.9282660833660042,-0.2043188120741994,0.2043188120741994
our,pronoun_anchor,P:we,nonlocative,item,phon,jaccard,0.5749506697475206,0.8143316016660065,-0.2393809319184858,0.2393809319184858
our,pronoun_anchor,P:we,nonlocative,item,phon,dice,0.4313651633081538,0.6889042716503876,-0.2575391083422338,0.2575391083422338
our,pronoun_anchor,P:we,nonlocative,item,phon,hamming,0.1877483443708609,0.3013245033112583,-0.1135761589403974,0.1135761589403974
our,pronoun_anchor,P:we,nonlocative,item,phon,idf_jaccard,0.7389006284293249,0.9212277354220628,-0.1823271069927379,0.1823271069927379
our,pronoun_anchor,P:we,nonlocative,family,phon,jaccard,0.5736517716234499,0.8143316016660065,-0.2406798300425565,0.2406798300425565
our,pronoun_anchor,P:we,nonlocative,family,phon,dice,0.4322806260130091,0.6889042716503876,-0.2566236456373784,0.2566236456373784
our,pronoun_anchor,P:we,nonlocative,family,phon,hamming,0.1874540103016923,0.3013245033112583,-0.1138704930095659,0.1138704930095659
our,pronoun_anchor,P:we,nonlocative,family,phon,idf_jaccard,0.7339800641636622,0.9216942426946532,-0.187714178530991,0.187714178530991
ours,pronoun_anchor,P:we,full,item,phon,jaccard,0.475501880263956,0.7310840693316514,-0.2555821890676953,0.2555821890676953
ours,pronoun_anchor,P:we,full,item,phon,dice,0.3240702493093717,0.5804881607051189,-0.2564179113957471,0.2564179113957471
ours,pronoun_anchor,P:we,full,item,phon,hamming,0.1402317880794701,0.2433774834437086,-0.1031456953642384,0.1031456953642384
ours,pronoun_anchor,P:we,full,item,phon,idf_jaccard,0.7171884779036758,0.8884734292378628,-0.1712849513341869,0.1712849513341869
ours,pronoun_anchor,P:we,full,family,phon,jaccard,0.4787162572048521,0.7310840693316514,-0.2523678121267992,0.2523678121267992
ours,pronoun_anchor,P:we,full,family,phon,dice,0.328078236958149,0.5804881607051189,-0.2524099237469698,0.2524099237469698
ours,pronoun_anchor,P:we,full,family,phon,hamming,0.1414643119941133,0.2433774834437086,-0.1019131714495953,0.1019131714495953
ours,pronoun_anchor,P:we,full,family,phon,idf_jaccard,0.7234357987704416,0.8910291117293193,-0.1675933129588777,0.1675933129588777
ours,pronoun_anchor,P:we,nonlocative,item,phon,jaccard,0.475501880263956,0.7066835210136304,-0.2311816407496743,0.2311816407496743
ours,pronoun_anchor,P:we,nonlocative,item,phon,dice,0.3240702493093717,0.5490772552563633,-0.2250070059469915,0.2250070059469915
ours,pronoun_anchor,P:we,nonlocative,item,phon,hamming,0.1402317880794701,0.2362030905077262,-0.095971302428256,0.095971302428256
ours,pronoun_anchor,P:we,nonlocative,item,phon,idf_jaccard,0.7302630405038635,0.8862292999892448,-0.1559662594853813,0.1559662594853813
ours,pronoun_anchor,P:we,nonlocative,family,phon,jaccard,0.4787162572048521,0.7066835210136304,-0.2279672638087782,0.2279672638087782
ours,pronoun_anchor,P:we,nonlocative,family,phon,dice,0.328078236958149,0.5490772552563633,-0.2209990182982142,0.2209990182982142
ours,pronoun_anchor,P:we,nonlocative,family,phon,hamming,0.1414643119941133,0.2362030905077262,-0.0947387785136129,0.0947387785136129
ours,pronoun_anchor,P:we,nonlocative,family,phon,idf_jaccard,0.7367766844388559,0.8883016515982994,-0.1515249671594435,0.1515249671594435
ourselves,pronoun_anchor,P:we,full,item,phon,jaccard,0.5439792484620681,0.7758532024623128,-0.2318739540002447,0.2318739540002447
ourselves,pronoun_anchor,P:we,full,item,phon,dice,0.3898829441405668,0.6361015104001259,-0.246218566259559,0.246218566259559
ourselves,pronoun_anchor,P:we,full,item,phon,hamming,0.156953642384106,0.23841059602649,-0.081456953642384,0.081456953642384
ourselves,pronoun_anchor,P:we,full,item,phon,idf_jaccard,0.7757827758330318,0.9212354549125914,-0.1454526790795596,0.1454526790795596
ourselves,pronoun_anchor,P:we,full,family,phon,jaccard,0.5445113897700784,0.7758532024623128,-0.2313418126922344,0.2313418126922344
ourselves,pronoun_anchor,P:we,full,family,phon,dice,0.3915862759293744,0.6361015104001259,-0.2445152344707514,0.2445152344707514
ourselves,pronoun_anchor,P:we,full,family,phon,hamming,0.1569168506254599,0.23841059602649,-0.08149374540103,0.08149374540103
ourselves,pronoun_anchor,P:we,full,family,phon,idf_jaccard,0.7767387049345871,0.9236554921000536,-0.1469167871654666,0.1469167871654666
ourselves,pronoun_anchor,P:we,nonlocative,item,phon,jaccard,0.5439792484620681,0.7545595034441144,-0.2105802549820462,0.2105802549820462
ourselves,pronoun_anchor,P:we,nonlocative,item,phon,dice,0.3898829441405668,0.6068695375381317,-0.2169865933975648,0.2169865933975648
ourselves,pronoun_anchor,P:we,nonlocative,item,phon,hamming,0.156953642384106,0.2339955849889624,-0.0770419426048564,0.0770419426048564
ourselves,pronoun_anchor,P:we,nonlocative,item,phon,idf_jaccard,0.7891212043964317,0.9229371268857706,-0.1338159224893388,0.1338159224893388
ourselves,pronoun_anchor,P:we,nonlocative,family,phon,jaccard,0.5445113897700784,0.7545595034441144,-0.2100481136740359,0.2100481136740359
ourselves,pronoun_anchor,P:we,nonlocative,family,phon,dice,0.3915862759293744,0.6068695375381317,-0.2152832616087572,0.2152832616087572
ourselves,pronoun_anchor,P:we,nonlocative,family,phon,hamming,0.1569168506254599,0.2339955849889624,-0.0770787343635024,0.0770787343635024
ourselves,pronoun_anchor,P:we,nonlocative,family,phon,idf_jaccard,0.7902724782285786,0.9249913776388692,-0.1347188994102904,0.1347188994102904
you_pron_sing,pronoun_anchor,P:you,full,item,phon,jaccard,0.5336659814675011,0.7714065927827869,-0.2377406113152858,0.2377406113152858
you_pron_sing,pronoun_anchor,P:you,full,item,phon,dice,0.372582678303964,0.6321652756344014,-0.2595825973304373,0.2595825973304373
you_pron_sing,pronoun_anchor,P:you,full,item,phon,hamming,0.1496688741721853,0.2367549668874172,-0.0870860927152318,0.0870860927152318
you_pron_sing,pronoun_anchor,P:you,full,item,phon,idf_jaccard,0.7569135377574967,0.922396937405232,-0.1654833996477352,0.1654833996477352
you_pron_sing,pronoun_anchor,P:you,full,family,phon,jaccard,0.549550526363253,0.7714065927827869,-0.2218560664195339,0.2218560664195339
you_pron_sing,pronoun_anchor,P:you,full,family,phon,dice,0.3863537771506364,0.6321652756344014,-0.2458114984837649,0.2458114984837649
you_pron_sing,pronoun_anchor,P:you,full,family,phon,hamming,0.1525185631145896,0.2367549668874172,-0.0842364037728276,0.0842364037728276
you_pron_sing,pronoun_anchor,P:you,full,family,phon,idf_jaccard,0.7823666774731097,0.9222447474887324,-0.1398780700156228,0.1398780700156228
you_pron_sing,pronoun_anchor,P:you,nonlocative,item,phon,jaccard,0.5336659814675011,0.7422921838962367,-0.2086262024287356,0.2086262024287356
you_pron_sing,pronoun_anchor,P:you,nonlocative,item,phon,dice,0.372582678303964,0.5920385452916294,-0.2194558669876653,0.2194558669876653
you_pron_sing,pronoun_anchor,P:you,nonlocative,item,phon,hamming,0.1496688741721853,0.2284768211920529,-0.0788079470198675,0.0788079470198675
you_pron_sing,pronoun_anchor,P:you,nonlocative,item,phon,idf_jaccard,0.7703970725151491,0.9134616351240558,-0.1430645626089066,0.1430645626089066
you_pron_sing,pronoun_anchor,P:you,nonlocative,family,phon,jaccard,0.549550526363253,0.7422921838962367,-0.1927416575329837,0.1927416575329837
you_pron_sing,pronoun_anchor,P:you,nonlocative,family,phon,dice,0.3863537771506364,0.5920385452916294,-0.2056847681409929,0.2056847681409929
you_pron_sing,pronoun_anchor,P:you,nonlocative,family,phon,hamming,0.1525185631145896,0.2284768211920529,-0.0759582580774633,0.0759582580774633
you_pron_sing,pronoun_anchor,P:you,nonlocative,family,phon,idf_jaccard,0.7965496297738591,0.912008188217213,-0.1154585584433538,0.1154585584433538
you_pron_plur,pronoun_anchor,P:you,full,item,phon,jaccard,0.5363192126519494,0.7899869669201907,-0.2536677542682413,0.2536677542682413
you_pron_plur,pronoun_anchor,P:you,full,item,phon,dice,0.3743393199781426,0.6584355328783099,-0.2840962129001673,0.2840962129001673
you_pron_plur,pronoun_anchor,P:you,full,item,phon,hamming,0.1564569536423841,0.2591059602649006,-0.1026490066225165,0.1026490066225165
you_pron_plur,pronoun_anchor,P:you,full,item,phon,idf_jaccard,0.7534161464948628,0.9253360216922112,-0.1719198751973485,0.1719198751973485
you_pron_plur,pronoun_anchor,P:you,full,family,phon,jaccard,0.5564398874672796,0.7899869669201907,-0.2335470794529111,0.2335470794529111
you_pron_plur,pronoun_anchor,P:you,full,family,phon,dice,0.3918564530690461,0.6584355328783099,-0.2665790798092637,0.2665790798092637
you_pron_plur,pronoun_anchor,P:you,full,family,phon,hamming,0.1611479028697572,0.2591059602649006,-0.0979580573951434,0.0979580573951434
you_pron_plur,pronoun_anchor,P:you,full,family,phon,idf_jaccard,0.7767510950592277,0.923445870767228,-0.1466947757080003,0.1466947757080003
you_pron_plur,pronoun_anchor,P:you,nonlocative,item,phon,jaccard,0.5363192126519494,0.7602530995453743,-0.2239338868934249,0.2239338868934249
you_pron_plur,pronoun_anchor,P:you,nonlocative,item,phon,dice,0.3743393199781426,0.6162138795952096,-0.2418745596170669,0.2418745596170669
you_pron_plur,pronoun_anchor,P:you,nonlocative,item,phon,hamming,0.1564569536423841,0.249448123620309,-0.0929911699779249,0.0929911699779249
you_pron_plur,pronoun_anchor,P:you,nonlocative,item,phon,idf_jaccard,0.7667056886765895,0.9165835862916012,-0.1498778976150115,0.1498778976150115
you_pron_plur,pronoun_anchor,P:you,nonlocative,family,phon,jaccard,0.5564398874672796,0.7602530995453743,-0.2038132120780947,0.2038132120780947
you_pron_plur,pronoun_anchor,P:you,nonlocative,family,phon,dice,0.3918564530690461,0.6162138795952096,-0.2243574265261634,0.2243574265261634
you_pron_plur,pronoun_anchor,P:you,nonlocative,family,phon,hamming,0.1611479028697572,0.249448123620309,-0.0883002207505518,0.0883002207505518
you_pron_plur,pronoun_anchor,P:you,nonlocative,family,phon,idf_jaccard,0.7905580851241253,0.9135143406938596,-0.1229562555697342,0.1229562555697342
your_sing,pronoun_anchor,P:you,full,item,phon,jaccard,0.5883792556926319,0.8358343497046228,-0.2474550940119908,0.2474550940119908
your_sing,pronoun_anchor,P:you,full,item,phon,dice,0.4456932541481768,0.7230472201657944,-0.2773539660176176,0.2773539660176176
your_sing,pronoun_anchor,P:you,full,item,phon,hamming,0.1996688741721854,0.3178807947019867,-0.1182119205298013,0.1182119205298013
your_sing,pronoun_anchor,P:you,full,item,phon,idf_jaccard,0.7289095588079324,0.9199067434838998,-0.1909971846759673,0.1909971846759673
your_sing,pronoun_anchor,P:you,full,family,phon,jaccard,0.6126552968011403,0.8358343497046228,-0.2231790529034825,0.2231790529034825
your_sing,pronoun_anchor,P:you,full,family,phon,dice,0.4694896207774159,0.7230472201657944,-0.2535575993883784,0.2535575993883784
your_sing,pronoun_anchor,P:you,full,family,phon,hamming,0.2079068834035721,0.3178807947019867,-0.1099739112984145,0.1099739112984145
your_sing,pronoun_anchor,P:you,full,family,phon,idf_jaccard,0.7624023097241253,0.9207734032923508,-0.1583710935682254,0.1583710935682254
your_sing,pronoun_anchor,P:you,nonlocative,item,phon,jaccard,0.5883792556926319,0.8100497520159237,-0.2216704963232917,0.2216704963232917
your_sing,pronoun_anchor,P:you,nonlocative,item,phon,dice,0.4456932541481768,0.6832070686489292,-0.2375138145007524,0.2375138145007524
your_sing,pronoun_anchor,P:you,nonlocative,item,phon,hamming,0.1996688741721854,0.3079470198675496,-0.1082781456953642,0.1082781456953642
your_sing,pronoun_anchor,P:you,nonlocative,item,phon,idf_jaccard,0.7375657042302178,0.910013057572678,-0.17244735334246,0.17244735334246
your_sing,pronoun_anchor,P:you,nonlocative,family,phon,jaccard,0.6126552968011403,0.8100497520159237,-0.1973944552147833,0.1973944552147833
your_sing,pronoun_anchor,P:you,nonlocative,family,phon,dice,0.4694896207774159,0.6832070686489292,-0.2137174478715133,0.2137174478715133
your_sing,pronoun_anchor,P:you,nonlocative,family,phon,hamming,0.2079068834035721,0.3079470198675496,-0.1000401364639775,0.1000401364639775
your_sing,pronoun_anchor,P:you,nonlocative,family,phon,idf_jaccard,0.7713937446079893,0.9105330639755508,-0.1391393193675615,0.1391393193675615
yours_sing,pronoun_anchor,P:you,full,item,phon,jaccard,0.4864206169494919,0.7363382052546872,-0.2499175883051952,0.2499175883051952
yours_sing,pronoun_anchor,P:you,full,item,phon,dice,0.3348018294896823,0.5869215701364913,-0.252119740646809,0.252119740646809
yours_sing,pronoun_anchor,P:you,full,item,phon,hamming,0.1466887417218542,0.2499999999999999,-0.1033112582781457,0.1033112582781457
yours_sing,pronoun_anchor,P:you,full,item,phon,idf_jaccard,0.7095399586916924,0.8918881823153013,-0.1823482236236089,0.1823482236236089
yours_sing,pronoun_anchor,P:you,full,family,phon,jaccard,0.5071549442537502,0.7363382052546872,-0.229183261000937,0.229183261000937
yours_sing,pronoun_anchor,P:you,full,family,phon,dice,0.3526581180802649,0.5869215701364913,-0.2342634520562263,0.2342634520562263
yours_sing,pronoun_anchor,P:you,full,family,phon,hamming,0.1525185631145895,0.2499999999999999,-0.0974814368854103,0.0974814368854103
yours_sing,pronoun_anchor,P:you,full,family,phon,idf_jaccard,0.7520928517025466,0.8983299369310306,-0.146237085228484,0.146237085228484
yours_sing,pronoun_anchor,P:you,nonlocative,item,phon,jaccard,0.4864206169494919,0.7124051887055957,-0.2259845717561037,0.2259845717561037
yours_sing,pronoun_anchor,P:you,nonlocative,item,phon,dice,0.3348018294896823,0.5558731674775497,-0.2210713379878673,0.2210713379878673
yours_sing,pronoun_anchor,P:you,nonlocative,item,phon,hamming,0.1466887417218542,0.2428256070640176,-0.0961368653421633,0.0961368653421633
yours_sing,pronoun_anchor,P:you,nonlocative,item,phon,idf_jaccard,0.7214965543454557,0.8895540538050405,-0.1680574994595848,0.1680574994595848
yours_sing,pronoun_anchor,P:you,nonlocative,family,phon,jaccard,0.5071549442537502,0.7124051887055957,-0.2052502444518454,0.2052502444518454
yours_sing,pronoun_anchor,P:you,nonlocative,family,phon,dice,0.3526581180802649,0.5558731674775497,-0.2032150493972847,0.2032150493972847
yours_sing,pronoun_anchor,P:you,nonlocative,family,phon,hamming,0.1525185631145895,0.2428256070640176,-0.090307043949428,0.090307043949428
yours_sing,pronoun_anchor,P:you,nonlocative,family,phon,idf_jaccard,0.764327055759088,0.8951219197603842,-0.1307948640012962,0.1307948640012962
your_plur,pronoun_anchor,P:you,full,item,phon,jaccard,0.5883792556926319,0.8358343497046228,-0.2474550940119908,0.2474550940119908
your_plur,pronoun_anchor,P:you,full,item,phon,dice,0.4456932541481768,0.7230472201657944,-0.2773539660176176,0.2773539660176176
your_plur,pronoun_anchor,P:you,full,item,phon,hamming,0.1996688741721854,0.3178807947019867,-0.1182119205298013,0.1182119205298013
your_plur,pronoun_anchor,P:you,full,item,phon,idf_jaccard,0.7289095588079324,0.9199067434838998,-0.1909971846759673,0.1909971846759673
your_plur,pronoun_anchor,P:you,full,family,phon,jaccard,0.6126552968011403,0.8358343497046228,-0.2231790529034825,0.2231790529034825
your_plur,pronoun_anchor,P:you,full,family,phon,dice,0.4694896207774159,0.7230472201657944,-0.2535575993883784,0.2535575993883784
your_plur,pronoun_anchor,P:you,full,family,phon,hamming,0.2079068834035721,0.3178807947019867,-0.1099739112984145,0.1099739112984145
your_plur,pronoun_anchor,P:you,full,family,phon,idf_jaccard,0.7624023097241253,0.9207734032923508,-0.1583710935682254,0.1583710935682254
your_plur,pronoun_anchor,P:you,nonlocative,item,phon,jaccard,0.5883792556926319,0.8100497520159237,-0.2216704963232917,0.2216704963232917
your_plur,pronoun_anchor,P:you,nonlocative,item,phon,dice,0.4456932541481768,0.6832070686489292,-0.2375138145007524,0.2375138145007524
your_plur,pronoun_anchor,P:you,nonlocative,item,phon,hamming,0.1996688741721854,0.3079470198675496,-0.1082781456953642,0.1082781456953642
your_plur,pronoun_anchor,P:you,nonlocative,item,phon,idf_jaccard,0.7375657042302178,0.910013057572678,-0.17244735334246,0.17244735334246
your_plur,pronoun_anchor,P:you,nonlocative,family,phon,jaccard,0.6126552968011403,0.8100497520159237,-0.1973944552147833,0.1973944552147833
your_plur,pronoun_anchor,P:you,nonlocative,family,phon,dice,0.4694896207774159,0.6832070686489292,-0.2137174478715133,0.2137174478715133
your_plur,pronoun_anchor,P:you,nonlocative,family,phon,hamming,0.2079068834035721,0.3079470198675496,-0.1000401364639775,0.1000401364639775
your_plur,pronoun_anchor,P:you,nonlocative,family,phon,idf_jaccard,0.7713937446079893,0.9105330639755508,-0.1391393193675615,0.1391393193675615
yours_plur,pronoun_anchor,P:you,full,item,phon,jaccard,0.4887110794086465,0.7168182946457088,-0.2281072152370623,0.2281072152370623
yours_plur,pronoun_anchor,P:you,full,item,phon,dice,0.3359730494410563,0.5626619732336351,-0.2266889237925787,0.2266889237925787
yours_plur,pronoun_anchor,P:you,full,item,phon,hamming,0.1495033112582781,0.2433774834437086,-0.0938741721854304,0.0938741721854304
yours_plur,pronoun_anchor,P:you,full,item,phon,idf_jaccard,0.7087235954767517,0.8782662547673464,-0.1695426592905947,0.1695426592905947
yours_plur,pronoun_anchor,P:you,full,family,phon,jaccard,0.5118928480743523,0.7168182946457088,-0.2049254465713564,0.2049254465713564
yours_plur,pronoun_anchor,P:you,full,family,phon,dice,0.3557639494327417,0.5626619732336351,-0.2068980238008933,0.2068980238008933
yours_plur,pronoun_anchor,P:you,full,family,phon,hamming,0.1563315271924543,0.2433774834437086,-0.0870459562512542,0.0870459562512542
yours_plur,pronoun_anchor,P:you,full,family,phon,idf_jaccard,0.7524856731226187,0.8851454963251036,-0.1326598232024849,0.1326598232024849
yours_plur,pronoun_anchor,P:you,nonlocative,item,phon,jaccard,0.4887110794086465,0.6929472686779383,-0.2042361892692918,0.2042361892692918
yours_plur,pronoun_anchor,P:you,nonlocative,item,phon,dice,0.3359730494410563,0.5326608694674456,-0.1966878200263893,0.1966878200263893
yours_plur,pronoun_anchor,P:you,nonlocative,item,phon,hamming,0.1495033112582781,0.2362030905077262,-0.0866997792494481,0.0866997792494481
yours_plur,pronoun_anchor,P:you,nonlocative,item,phon,idf_jaccard,0.7204476844687551,0.8743411693454975,-0.1538934848767424,0.1538934848767424
yours_plur,pronoun_anchor,P:you,nonlocative,family,phon,jaccard,0.5118928480743523,0.6929472686779383,-0.181054420603586,0.181054420603586
yours_plur,pronoun_anchor,P:you,nonlocative,family,phon,dice,0.3557639494327417,0.5326608694674456,-0.1768969200347038,0.1768969200347038
yours_plur,pronoun_anchor,P:you,nonlocative,family,phon,hamming,0.1563315271924543,0.2362030905077262,-0.0798715633152719,0.0798715633152719
yours_plur,pronoun_anchor,P:you,nonlocative,family,phon,idf_jaccard,0.764672929947171,0.8800217573646459,-0.1153488274174749,0.1153488274174749
yourself,pronoun_anchor,P:you,full,item,phon,jaccard,0.5366805774122475,0.7569649430660832,-0.2202843656538357,0.2202843656538357
yourself,pronoun_anchor,P:you,full,item,phon,dice,0.3844766131301161,0.6109798368857347,-0.2265032237556185,0.2265032237556185
yourself,pronoun_anchor,P:you,full,item,phon,hamming,0.154635761589404,0.2293046357615894,-0.0746688741721854,0.0746688741721854
yourself,pronoun_anchor,P:you,full,item,phon,idf_jaccard,0.7489321754161709,0.9128873546624872,-0.1639551792463164,0.1639551792463164
yourself,pronoun_anchor,P:you,full,family,phon,jaccard,0.548815521881986,0.7569649430660832,-0.2081494211840971,0.2081494211840971
yourself,pronoun_anchor,P:you,full,family,phon,dice,0.3956999918105846,0.6109798368857347,-0.21527984507515,0.21527984507515
yourself,pronoun_anchor,P:you,full,family,phon,hamming,0.1561308448725667,0.2293046357615894,-0.0731737908890226,0.0731737908890226
yourself,pronoun_anchor,P:you,full,family,phon,idf_jaccard,0.7849932851293147,0.919944456458482,-0.1349511713291672,0.1349511713291672
yourself,pronoun_anchor,P:you,nonlocative,item,phon,jaccard,0.5366805774122475,0.738137196797911,-0.2014566193856635,0.2014566193856635
yourself,pronoun_anchor,P:you,nonlocative,item,phon,dice,0.3844766131301161,0.5861013061658634,-0.2016246930357473,0.2016246930357473
yourself,pronoun_anchor,P:you,nonlocative,item,phon,hamming,0.154635761589404,0.2262693156732891,-0.0716335540838851,0.0716335540838851
yourself,pronoun_anchor,P:you,nonlocative,item,phon,idf_jaccard,0.7610359975630163,0.9157661272176072,-0.1547301296545908,0.1547301296545908
yourself,pronoun_anchor,P:you,nonlocative,family,phon,jaccard,0.548815521881986,0.738137196797911,-0.189321674915925,0.189321674915925
yourself,pronoun_anchor,P:you,nonlocative,family,phon,dice,0.3956999918105846,0.5861013061658634,-0.1904013143552788,0.1904013143552788
yourself,pronoun_anchor,P:you,nonlocative,family,phon,hamming,0.1561308448725667,0.2262693156732891,-0.0701384708007223,0.0701384708007223
yourself,pronoun_anchor,P:you,nonlocative,family,phon,idf_jaccard,0.7975282037358071,0.9215459941752518,-0.1240177904394447,0.1240177904394447
yourselves,pronoun_anchor,P:you,full,item,phon,jaccard,0.5331484154336638,0.7725477512270555,-0.2393993357933918,0.2393993357933918
yourselves,pronoun_anchor,P:you,full,item,phon,dice,0.3777169062681875,0.6322536316194889,-0.2545367253513014,0.2545367253513014
yourselves,pronoun_anchor,P:you,full,item,phon,hamming,0.1556291390728477,0.2450331125827814,-0.0894039735099337,0.0894039735099337
yourselves,pronoun_anchor,P:you,full,item,phon,idf_jaccard,0.734561547931195,0.9116067839251568,-0.1770452359939619,0.1770452359939619
yourselves,pronoun_anchor,P:you,full,family,phon,jaccard,0.5500787859743332,0.7725477512270555,-0.2224689652527223,0.2224689652527223
yourselves,pronoun_anchor,P:you,full,family,phon,dice,0.3927962621525437,0.6322536316194889,-0.2394573694669451,0.2394573694669451
yourselves,pronoun_anchor,P:you,full,family,phon,hamming,0.1589403973509934,0.2450331125827814,-0.086092715231788,0.086092715231788
yourselves,pronoun_anchor,P:you,full,family,phon,idf_jaccard,0.771858352420892,0.9170660106168972,-0.1452076581960052,0.1452076581960052
yourselves,pronoun_anchor,P:you,nonlocative,item,phon,jaccard,0.5331484154336638,0.7519131471336026,-0.2187647316999388,0.2187647316999388
yourselves,pronoun_anchor,P:you,nonlocative,item,phon,dice,0.3777169062681875,0.6041000174870835,-0.226383111218896,0.226383111218896
yourselves,pronoun_anchor,P:you,nonlocative,item,phon,hamming,0.1556291390728477,0.2406181015452538,-0.0849889624724061,0.0849889624724061
yourselves,pronoun_anchor,P:you,nonlocative,item,phon,idf_jaccard,0.74743598065548,0.9136492445378802,-0.1662132638824002,0.1662132638824002
yourselves,pronoun_anchor,P:you,nonlocative,family,phon,jaccard,0.5500787859743332,0.7519131471336026,-0.2018343611592693,0.2018343611592693
yourselves,pronoun_anchor,P:you,nonlocative,family,phon,dice,0.3927962621525437,0.6041000174870835,-0.2113037553345397,0.2113037553345397
yourselves,pronoun_anchor,P:you,nonlocative,family,phon,hamming,0.1589403973509934,0.2406181015452538,-0.0816777041942604,0.0816777041942604
yourselves,pronoun_anchor,P:you,nonlocative,family,phon,idf_jaccard,0.7850124830577587,0.9180069106326012,-0.1329944275748426,0.1329944275748426
