"stat","q05","q50","q95"
"procrustes_R",0.0552766053202178,0.113561816399984,0.201144857058904
"knn_overlap_anchors",0.0074074074074074,0.0185185185185185,0.0370568783068783
"knn_overlap_reciprocals",0,0,0.111111111111111
"knn_overlap_diff",-0.0800925925925926,0.0148148148148148,0.0342592592592593
