"draw","delta"
1,-0.00116076433332418
2,0.0254262073756689
3,0.0356673827243862
4,-0.0100497857016582
5,0.0372829191236504
6,-0.0245299344251645
7,0.0314412194908976
8,-0.0268215556107211
9,0.0110111022095198
10,-0.010937063471868
11,-0.0552575801245787
12,0.0250950295075466
13,-0.0119152552893954
14,-0.0121574904442517
15,-0.0150689368092195
16,-0.0115971550544171
17,-0.0285127787859478
18,0.00594442144734647
19,0.0309262367514903
20,-0.0100370571096859
21,-0.0461259246664267
22,-0.00702120396918726
23,0.00271461624928998
24,-0.000894947651276956
25,0.0390360581053657
26,-0.0480322690260618
27,0.0156446597924441
28,-0.00537674992543946
29,0.0300033541039674
30,-0.00514762374280309
31,-0.0194824355225733
32,-0.0152338825389599
33,-0.00979288382157939
34,0.024928350164545
35,0.0071447019602428
36,-0.00615787533251361
37,0.0194132858923879
38,0.0260694111075502
39,0.0324127405217208
40,0.00493612565665086
41,-0.00969272862930454
42,0.0349809352076613
43,-0.0206113290670032
44,-0.0121695844110733
45,0.0214535445348422
46,-0.0150612349266334
47,0.00982914628013121
48,0.0206963770796034
49,0.0436273880289548
50,0.0345346957681911
51,-0.0277766305991662
52,0.0247275265941935
53,0.011409388363901
54,-0.0158186358593164
55,0.00429177665395064
56,0.0104087242759081
57,0.0155737882416042
58,0.0114206042770541
59,-0.0288605049594028
60,0.0116981986905635
61,0.0221038429749556
62,0.0260264509702759
63,-0.00321452095843772
64,-0.0167034140999525
65,0.0139735828940171
66,0.00291470347703121
67,-0.0131770052696474
68,0.00798469195302887
69,0.0260105311086388
70,-0.0180551173751562
71,-0.025160609445782
72,0.0218738276087373
73,-0.00750498756756784
74,-0.0418609680229783
75,0.0323375774116982
76,-0.0434566960418596
77,-0.000807765819098583
78,-0.00510437956414334
79,-0.0217924979019665
80,0.0192838595385003
81,-0.0265339633432485
82,0.00482201120289866
83,0.0172831110968463
84,-0.00952277924427014
85,0.0187973424716243
86,0.0301827727323651
87,0.00316181476598837
88,0.0232720369762912
89,0.000274196926092041
90,-0.0320879319618166
91,-0.0243749905258278
92,-0.0240147168592902
93,0.011117348994165
94,0.00235748157268889
95,-0.0472088801459066
96,-0.000756818081495803
97,0.0194341632178455
98,0.0175061118708763
99,0.0016789012963615
100,0.0295368716508556
101,-0.00444311003285469
102,-0.00313307164336607
103,-0.00973238736258425
104,0.0107496635384108
105,-0.0330241280289688
106,-0.000354163626074433
107,-0.0482458218207275
108,0.0423151633752073
109,-0.00662073000622326
110,-0.00552107922956196
111,-0.00840019196995734
112,-0.00588940976931673
113,-0.0191161617668493
114,0.0271573501998055
115,0.0383576023734032
116,-0.00854267609935788
117,0.0207746888289669
118,0.011771492351863
119,-0.0100614194678143
120,-0.00220445339760789
121,-0.028102108134215
122,-0.00322934796304103
123,0.00456361336047828
124,0.0616618300092353
125,-0.0647843138555836
126,0.00135095357728027
127,0.02916997019148
128,0.00784591385035555
129,0.0334665395392855
130,0.0144006825970029
131,0.0178059427474486
132,0.0295210752702241
133,0.00555221673078915
134,-0.00915583232910844
135,-0.027550876796925
136,-0.0387082466252875
137,0.0109405006740548
138,-0.00698245683710602
139,-0.0147777386419459
140,-0.00909303041510706
141,-0.000551438137713745
142,-0.00973199638727545
143,0.00967428710114637
144,-0.03465912401595
145,0.057294893760722
146,0.00262826670187483
147,0.00787006512616001
148,0.017399956178023
149,0.00608664360679467
150,-0.0648054151554867
151,0.00232606085767412
152,0.0179206833724422
153,0.0321241015150742
154,0.00466895240155579
155,-0.00866055323697612
156,-0.00577430977883509
157,0.0110171925734407
158,0.0215150827950375
159,-0.00520144941661843
160,0.0100943498414806
161,0.00531701343648627
162,0.0278695540864045
163,-0.0146943993032197
164,0.0185626049683845
165,-0.00482829953568442
166,-0.0120882141397687
167,-0.0249307927590692
168,-0.011534195031238
169,0.0456447192449093
170,-0.0439196888740228
171,-0.0105861470423688
172,0.000801433443795296
173,0.00517183614680911
174,0.0034477479038329
175,-0.00245757173506261
176,-0.00045437607937221
177,0.0394145244601148
178,-0.0134724042608645
179,-0.000304916454197057
180,-0.0350890620510279
181,-0.0134752106957928
182,0.00653134364562918
183,0.0565617144324904
184,0.0244883164343002
185,-0.0129817879302259
186,-0.0173463951695417
187,-0.0332965216522013
188,-0.018229934204042
189,-0.0159273323765666
190,0.0147461024317047
191,0.0187842879565424
192,0.0190844172490566
193,0.00313276472006635
194,-0.0405311905469734
195,-0.00948974000385328
196,-0.00997917402524401
197,0.00628199567669396
198,-0.0186793555871702
199,-0.00830788617467965
200,-0.00400975135466286
201,0.00598403854472984
202,-0.00330202225010945
203,-0.0256605025080634
204,0.0283324993105293
205,0.0311905803799955
206,0.0175463489036347
207,0.0379751502827079
208,-0.00931122445153115
209,0.00211990352579094
210,0.0151414839139692
211,0.0260176431114369
212,-0.0371090538625753
213,-0.0535258365769115
214,0.004719145891809
215,0.0138885716423996
216,0.0136390786798989
217,0.0157599321498335
218,-0.0058432019235829
219,0.0135378961248591
220,0.0229000564328999
221,0.019770864269652
222,-0.0249013211442501
223,0.00314796901581083
224,0.0485950395619627
225,-0.0379507422880418
226,0.0538695186557202
227,0.0202145297148681
228,-0.00905910318742476
229,-0.0393088075754147
230,-0.00467337565465104
231,-0.0137962128210155
232,0.00192311117188715
233,-0.0170836109816007
234,-0.0270032031019671
235,0.012864635327739
236,-0.00896693222684908
237,0.000941294550975968
238,-0.00795375911118273
239,0.025293250913334
240,0.00435781628293913
241,0.0472004868628366
242,-0.00898318802341769
243,0.0867081947318465
244,-0.0331154164429339
245,-0.0364576157054755
246,-0.025033253246374
247,0.00057942527163779
248,0.0204148808520115
249,0.0112297773792336
250,0.017295674560282
251,0.035486678463328
252,-0.0305096249110298
253,0.0801668812728901
254,-0.0275768456620904
255,-0.00400166594004853
256,-0.0194923443427579
257,-0.0270589723992077
258,-0.00406180069427009
259,0.0192375223939189
260,0.0229049314026656
261,0.0206955993861635
262,0.0633825528901961
263,0.018347232588347
264,-0.000754039402089346
265,0.0238455017399947
266,0.0196154545627811
267,-0.0206043551935688
268,0.0263924216371876
269,-0.0206446153666176
270,-0.0202080450878844
271,-0.00303977954312551
272,-0.0103405115956045
273,-0.00361159618897677
274,0.0125157231058321
275,0.00208321045320536
276,0.0169575170980671
277,-0.00121428106626847
278,-0.00403721605465129
279,0.0614087709799686
280,-0.0220487085138603
281,0.00012434076509038
282,0.00578140994478044
283,-0.0103473887869562
284,0.00520223913102841
285,0.00864417650026822
286,-0.0166552568490406
287,0.026082900205247
288,0.0407783495113574
289,0.031401528860132
290,0.000830332121829591
291,0.0289984932494232
292,0.0158556520850942
293,-0.00939230366684407
294,0.00532594034598682
295,-0.0254101643999721
296,0.0266181560294954
297,0.0252108561742844
298,-0.00737872102498544
299,0.0241302404595514
300,-0.0246374264386962
301,0.000132092544248175
302,-0.000773526599533447
303,0.0423966068614787
304,0.0220785040233845
305,0.00624182536014378
306,0.026532518337521
307,0.087571182010596
308,0.00542004447122968
309,0.0135597628856738
310,-0.00596432441493955
311,-0.020616259782378
312,-0.0638936880862476
313,0.010870304142844
314,0.0345569916004403
315,0.0160313388067771
316,0.0265382733523265
317,-0.0442300679347487
318,0.031012903916222
319,0.00708825394295554
320,0.0247291934293106
321,0.0378400819310373
322,0.0051153776015439
323,-0.00428730135737315
324,-0.00596151400290573
325,0.0223337743845092
326,-0.0269994028353899
327,-0.0272847965601956
328,0.0404073322278847
329,-0.0291465534296472
330,0.0388410339205169
331,-0.0283217994508027
332,-0.00843026253505247
333,-0.0244911990098667
334,0.0471067098157151
335,0.0185084191211856
336,0.0141923184787844
337,0.041919918145904
338,-0.0243930978285257
339,-0.0690841907542174
340,0.0436642938811537
341,-0.000439481134139885
342,0.00849555071488145
343,-0.0259939411893236
344,0.00697313435189484
345,-0.00986807541147156
346,-0.0153508208996643
347,0.023756050108156
348,0.0167531704010337
349,0.0465969772163753
350,-0.0268348335861635
351,-0.0319722253113061
352,0.0141980556885095
353,-0.0264870616410314
354,0.0418564124760323
355,0.00445584310528874
356,0.0396029406983927
357,-0.0077439681507423
358,-0.0357417371436262
359,0.0137354530903472
360,-0.0104708006532432
361,-0.0043889039653191
362,-0.0136189417909551
363,0.0114796116988526
364,-0.0133581207028033
365,0.000720044854207069
366,-0.0330440094093095
367,0.0513409923992402
368,-0.0422621193767657
369,0.0568002455487664
370,-0.0036708091901233
371,0.018029044973527
372,-0.00232078562137189
373,0.0157334482502366
374,-0.00882985923706342
375,0.000257985516978254
376,0.0345416492195468
377,-0.0244456794033184
378,-0.0393262779788715
379,0.0205655925069844
380,0.00589700024434447
381,-0.00690794774096037
382,0.0166749553471379
383,-0.0181595348715662
384,0.00934853236692462
385,0.00966302180820422
386,0.00235062450890627
387,-0.0546762368771819
388,-0.0338736358379536
389,0.0202704431370167
390,-0.0100874204991398
391,0.0299799560722885
392,0.0285874700054924
393,-0.011899933841271
394,-0.0272037364569227
395,-0.0323980286904206
396,0.0378297665637548
397,-0.0204995535086901
398,0.0228413020242556
399,-0.0321684486351265
400,0.015156742581411
401,0.0236646143497378
402,0.0119832608376071
403,-0.0266735371692531
404,0.0104612865633424
405,0.012045287447044
406,-0.00631878743287323
407,-0.0178981869389223
408,0.0191442161451308
409,-0.0209737798862536
410,-0.0192381284772379
411,-0.0231686537799335
412,0.0338881548976852
413,-0.00438884598076156
414,-0.0146737948603025
415,0.0253169972968157
416,-0.00971456169893214
417,-0.0067312831044471
418,-0.0464394379356062
419,-0.0107791839220442
420,0.031579287300943
421,0.00763838824959806
422,0.038221347930242
423,0.0271812545598103
424,0.00767187368607813
425,-0.0116537592388609
426,0.0123671035577326
427,0.0291516745409071
428,0.0156004293139303
429,-0.00248311899364156
430,-0.0180441537697012
431,0.0195012607439546
432,0.0166718214774776
433,-0.00397132767003827
434,0.0182212284505676
435,0.0430335148137047
436,-0.0197669421717753
437,0.0126129112142427
438,0.0105522258791121
439,-0.0163309688439255
440,0.0230568042664512
441,-0.0318992160503611
442,-0.0489129837137577
443,0.0415992898187491
444,-0.00675485555177291
445,0.0150938981255722
446,0.0211518464162731
447,-0.0317377017748923
448,0.0218468897043868
449,0.00774153692164725
450,-0.0485760717708708
451,-0.0277048743589683
452,0.027376361083111
453,-0.0047045073995835
454,0.0114144233372316
455,-0.00686324230623137
456,-0.00902126857981456
457,0.0203287442863893
458,-0.0112691784827225
459,0.0332899700753664
460,-0.000727411454329863
461,-0.0402530218559462
462,0.0113563292816934
463,0.0235406872026312
464,-0.00660517652350795
465,0.0102217616472735
466,0.0461817752544254
467,-0.039430102232057
468,0.0226083494346891
469,0.0389311166857301
470,-0.00373232004065271
471,0.00452642029350386
472,0.0276012979210908
473,0.00761029081929449
474,-0.0174855564614118
475,-0.00984840904926593
476,-0.0273953671909898
477,-0.018560388485063
478,0.0257533456771159
479,0.0308854838471563
480,0.041580066402915
481,0.00495428977714479
482,-0.00887630320332083
483,0.0089445834865467
484,-0.0035530965272958
485,0.0162175810972131
486,0.0147347553226216
487,-0.0134562281752257
488,0.0355788975726227
489,0.00396505099869132
490,-0.000663691572874658
491,0.0249733008937167
492,0.0116500966084527
493,0.0376710526155386
494,-0.000884416276173194
495,0.0514779676889881
496,0.00110335464644912
497,-0.00926249629600995
498,-0.023880295831276
499,0.0511748612065874
500,-0.0140697410969749
501,-0.0480314306616785
502,-0.00516958400398804
503,-0.0249004076304778
504,0.0230832066471832
505,0.013815957791633
506,0.0131035925268337
507,0.0384901963798282
508,-0.0179867277881803
509,0.00387703393496647
510,0.0363086327115658
511,-0.017145682327797
512,0.00568416183128856
513,0.00672314350095726
514,0.0180980442245215
515,0.0161044237551431
516,0.0411829418627879
517,-0.0149715025751621
518,0.0063921185142044
519,-0.0279367221665519
520,-0.0134449118965549
521,-0.0309925649582416
522,-0.00875963716234057
523,0.00239001452197979
524,-0.0141748712842627
525,-0.0324666122350297
526,-0.014663388249772
527,6.10377188457467e-05
528,0.01221924206728
529,0.0372754875886192
530,-0.0338315121260178
531,0.0130853420200589
532,0.0103466824627658
533,0.0119864869267404
534,-0.0275866565433939
535,0.0551033808690624
536,-0.00991856740788977
537,0.0136470557605468
538,-0.021037980978664
539,0.0132747548302574
540,0.0231439290262937
541,0.0332378139394074
542,0.052984823964138
543,0.0140373688897937
544,0.036964574035937
545,-0.0067600382062174
546,-0.0261712904431381
547,-0.0154920233512205
548,-0.0217862604801835
549,-0.0103909226174304
550,0.0129731169313106
551,0.000797749231613631
552,0.0118466120370135
553,-0.00466062966062969
554,-0.0126248907597614
555,0.0193674019795098
556,-0.00211259805410219
557,-0.00366684960635455
558,-0.0146943086279072
559,0.0538285696674076
560,0.0024189598015612
561,0.00950567262880331
562,-0.00192043953664839
563,0.0334178739411528
564,0.025590809970509
565,0.006906084512042
566,0.015115156264048
567,-0.032900996366613
568,-0.00586375841794895
569,0.00646402038775062
570,0.0576415492274954
571,0.0145229960848731
572,0.0262731836444461
573,0.00614434352433829
574,-0.0582095346768952
575,0.00501429108464491
576,0.00853938485033606
577,0.0537692054745099
578,0.0268115401968054
579,0.00920194749282943
580,-0.0223925542640116
581,-0.0217885956152478
582,0.0417393496174183
583,0.0132208460533788
584,0.0102560632070028
585,-0.00911191653849119
586,0.0167977111262273
587,0.0377751636255619
588,0.00172322167756372
589,-0.00523772431156089
590,0.0405454199242063
591,0.00691044539649421
592,0.010457946506046
593,-0.021061536247678
594,-0.0158047333899878
595,-0.0372967704573569
596,0.0137593511097138
597,-0.0421846522243524
598,-0.0104760659085358
599,0.0571410933667652
600,0.0140117456553389
601,-0.0232244803887845
602,0.0250334921116519
603,0.0354156645891877
604,-0.00709621584254794
605,-0.00792475012223509
606,0.00172249044806544
607,-0.0389858534886448
608,-0.0017600328928617
609,-0.00700906981394789
610,0.0215180339050753
611,0.0424603011253321
612,-0.0339462143330617
613,-0.046973641831512
614,0.000686917693226485
615,-0.00770000452907832
616,0.00223885823992637
617,0.0232612215134523
618,-0.0501050485898274
619,-0.0255900255584251
620,-0.0130261387312831
621,0.0809952882350954
622,0.0133314860966293
623,-0.048463575278611
624,-0.0194353365267848
625,0.0194816090738639
626,-0.00307654060992552
627,0.00644174218925953
628,0.00623490713377689
629,-0.0181524630042035
630,-0.0343632829210554
631,0.00155935938978163
632,0.0294653635986586
633,0.0179249672872702
634,-0.00122587964548287
635,-0.0366099351293387
636,-0.00829355902045253
637,-0.0111081991412179
638,0.032723699542316
639,-0.0151811662455799
640,0.0539657969845125
641,0.0247887557496418
642,-0.00368683957498184
643,-0.0173102559202921
644,0.0332065521328
645,0.00875930668001795
646,0.011379809018718
647,-0.00989817808817733
648,-0.0160842885637244
649,-0.0170362668042745
650,0.0399096029568048
651,0.0157280593256203
652,0.0227565278548408
653,0.0777114708125501
654,0.0178882649124387
655,0.0192623063871092
656,-0.0234110550059087
657,-0.00737221348726008
658,-0.00336664319897001
659,-0.0202718877830532
660,-0.0235219610932758
661,0.00859476060827641
662,0.0150334028405155
663,-0.00829658945650025
664,0.01702276186316
665,-0.016657915557474
666,-0.0095701202297867
667,0.0129180888505097
668,-0.0357754827476485
669,0.00250767016028353
670,0.00330024923335132
671,0.00818127084431641
672,-0.00135338659296352
673,0.047440089923395
674,0.00175250100454305
675,-0.0125216033328827
676,0.0361208637887706
677,0.0215415724565149
678,0.0673333044368601
679,0.00753973768348193
680,-0.0165428526461913
681,-0.0189703348141886
682,0.00915923639222826
683,0.00789108451039494
684,3.2833737520499e-05
685,-0.00457274251755851
686,7.35483512289137e-05
687,0.0421689655788581
688,-0.012697064408832
689,0.0177500561867155
690,0.000329713430904932
691,-0.0135179697545552
692,0.025961453749117
693,0.0242308989500735
694,-0.0399109446641688
695,-0.0329316882174775
696,0.00551977535293185
697,1.48331436527482e-05
698,0.0234726138148321
699,0.0105237282703013
700,0.0312271331889356
701,0.0242935060949073
702,-0.0519658435716683
703,0.0110320959062986
704,0.0226826847659211
705,0.0289185611426149
706,-0.0166118934793932
707,-0.0209960272426894
708,0.0475549725353355
709,0.000401664522761691
710,0.00921382981942598
711,0.0338794808721012
712,-0.0267979897132503
713,-0.0218541171031223
714,-0.00892613628373579
715,0.0512056041760479
716,0.000217309291698164
717,-0.029445571504978
718,-0.016013202702361
719,0.0195687805395905
720,-0.0231515611656201
721,0.0278072695896336
722,0.0144139825345018
723,-0.00344361635380286
724,0.00787911383838891
725,-0.0275438969372503
726,-0.020381036853889
727,0.0104510955793144
728,0.0255609521437723
729,-0.00232654838100166
730,0.0115941415007042
731,-0.040606912209717
732,0.0217059635221581
733,0.00252701625728541
734,-0.018799194309406
735,0.0217860209833168
736,0.00065332719713912
737,-0.0184044736972538
738,-0.0196595629726956
739,-0.000821263649192217
740,0.0246842305180728
741,0.00185869266228383
742,0.0403683549479619
743,0.000812385500166324
744,-0.0175439052290483
745,0.0157387502157832
746,-0.0101066720740076
747,0.024753806580878
748,0.0128333238299779
749,0.0522590338013585
750,0.0331164270266779
751,-0.0181001782094605
752,0.00488291122527224
753,-0.0195797671781326
754,0.0434055000055111
755,-0.020231308971002
756,-0.0285809496178587
757,-0.0172589288210136
758,-0.00181741771354155
759,-0.0237267741316814
760,0.0243677692391078
761,-0.00966727041811005
762,-0.00373446334463196
763,-0.00328368124265532
764,0.00859750593402109
765,0.024128274781092
766,-0.0214129762011245
767,-0.0127705362405943
768,0.0118087284220377
769,-0.0317036929163962
770,0.00240885390516521
771,0.00575847922199835
772,0.0227481847196656
773,-0.0216239435833552
774,0.0200813009631819
775,-0.021334244221437
776,-0.0150331587514497
777,-0.0194949326378431
778,-0.0168378483419007
779,0.0160309073402706
780,0.0320396622942201
781,0.0111800828456716
782,-0.0119849949678978
783,0.00883650686820858
784,0.0184541107934513
785,0.0138397930021686
786,-0.00748568471476496
787,-0.000274404678566931
788,-0.0144366686783915
789,0.01157149304449
790,-0.0416927620376161
791,-0.0245237484619645
792,0.0121604339492228
793,-0.0132848850298209
794,-0.0111033749564919
795,-0.0358538974862448
796,-0.00912570357430531
797,-0.00558331720369803
798,0.0216158922267297
799,-0.00402701144633261
800,-0.000519716694364403
801,-0.0112823683792599
802,0.0187226840256669
803,-0.00642931785218387
804,0.000927480944887593
805,-0.00952931512237354
806,-0.00678289552402073
807,-0.0444240994415154
808,0.000367552531198911
809,0.0244354586877552
810,-0.0106897408022323
811,0.0162303123696862
812,0.00285463816131637
813,0.00419146522998914
814,-0.0171848276987077
815,-0.0230475700346292
816,-0.00997901350776997
817,0.0671136723428181
818,-0.0313412164542567
819,0.0241277255525527
820,0.00758154158892971
821,-0.0105937558220188
822,-0.090868008080855
823,0.0238454889244155
824,0.0291968236054478
825,-0.0300268438497235
826,-0.026040290992687
827,-0.0331180262628395
828,-0.0192090692460944
829,0.0271067659870715
830,0.00121391104232088
831,-0.0120457669338367
832,-0.0278275365448191
833,-0.0297081804829902
834,-0.0219292003331907
835,0.0188507990636542
836,-0.00413816054954563
837,0.00504172541785541
838,-0.00604170690722916
839,-0.0221847460961111
840,-0.0245167829759475
841,-0.00267995011610117
842,0.00546412172630639
843,-0.00668326947811715
844,0.00215295980990604
845,0.0108706846119478
846,-0.0118378833334075
847,0.00354014289637566
848,0.0238685666170326
849,-0.0280730044219125
850,0.0279898773216294
851,0.0113418039619116
852,0.00195569937874085
853,0.00263543470522232
854,0.0489447125882413
855,-0.0214594798151074
856,0.0382667001338932
857,-0.0358758234418174
858,0.0110942542324666
859,0.00522924268712133
860,0.0419249475630417
861,-0.0543000611442792
862,0.0261236224312261
863,0.00743893680275637
864,0.000925807696252667
865,-0.0260894985962899
866,0.00953710182739681
867,-0.0345468138962908
868,0.0549992979816362
869,0.0368606632108374
870,-0.00776636619206394
871,-0.023835285564867
872,-0.00346304509805295
873,0.00619398461238352
874,-0.0053359146787802
875,-0.0262137043337489
876,-0.0213602503681077
877,0.00444529258732834
878,-0.00648569358203804
879,0.0194631058431746
880,-0.0150880005561713
881,-0.019577017867274
882,-0.00750384006790367
883,0.0282223920630072
884,-0.0041021082495879
885,-0.0297937160064563
886,0.0255348044319412
887,0.0269530288068107
888,0.0103513657564884
889,-0.000515525869997924
890,-0.0064818383431135
891,0.0333883886238701
892,0.0173799060738133
893,0.0344595605144334
894,-0.0217602893850644
895,0.016407530893193
896,-0.0267807427938533
897,-0.021703600233008
898,0.0156357144109625
899,-0.072996742461675
900,-0.0181146683240573
901,-0.0128422978220919
902,-0.0015558368706533
903,0.0118863513342733
904,0.0126524996368707
905,-0.000986276258423846
906,-0.0286368942565006
907,-0.0142745791991741
908,-0.005987434028841
909,-0.0244846241608384
910,0.0162047945032466
911,0.0116258185399892
912,-0.0389687630399863
913,-0.0306299741570713
914,-0.00746818533746751
915,-0.0318238914140643
916,-0.0135721797339111
917,0.0284304483735984
918,0.00928082854750234
919,-0.011221793846005
920,0.0160412717694899
921,-0.0268192216807578
922,-0.0296215415541035
923,0.0190072500767302
924,-0.0254209498001191
925,0.0465935882221534
926,-0.000840531732757221
927,0.0195284642079496
928,0.0414399293796891
929,-0.0298390673251141
930,0.0239927775982161
931,0.0618597119823737
932,0.0252799501216516
933,0.00744906892585373
934,-0.0158527226108772
935,-0.0127398588066354
936,-0.0283341112158319
937,0.029349040558783
938,0.00708840736418032
939,0.0257938996798533
940,-0.00241773518075111
941,-0.00895855073405527
942,-0.022629234107291
943,0.00642930578872336
944,-0.0377028121893901
945,0.0466263020320565
946,0.0050776167945048
947,0.00506143219581451
948,0.00389574458091785
949,-0.0290905678122302
950,-0.0262841642671836
951,-0.00148288483361952
952,-0.00290678150149604
953,0.00240723690166633
954,-0.0101620762924026
955,0.0103816267258252
956,0.00727893137007968
957,-0.0163045463529463
958,-0.0158913380032156
959,-0.00549091712724942
960,-0.0130626889393818
961,0.00716542827631161
962,0.00727016979386336
963,0.0377199773582005
964,-0.0252203170569054
965,0.019903573751587
966,-0.0117612968663251
967,-0.0219619876930311
968,0.000121236437156447
969,-0.00790449364845758
970,0.0185681666414679
971,-0.0507472192974991
972,0.0228636993614597
973,0.0314965900525159
974,0.0230134105745431
975,-0.0172842856769483
976,0.00712477747182994
977,0.0179961732382938
978,0.0274311593192533
979,-0.0169374188046853
980,-0.00260870126456647
981,-0.00934433191737727
982,-0.0102223896862588
983,0.0332255084067154
984,-0.0118958906037502
985,0.0251543597865158
986,0.0107630427209709
987,-0.00951942243016385
988,-0.000154435937038011
989,0.00749333644338157
990,-0.0475164375373094
991,0.0341890484710924
992,0.0154699132253842
993,-0.0300470262258818
994,-0.0394490817605201
995,0.0204105238580794
996,-0.00961326369353083
997,0.00456719193826444
998,0.00591231538769327
999,-0.0131411568085573
1000,-0.036700219544522
1001,-0.0184334835988686
1002,0.0129581360165443
1003,-0.012881449259905
1004,0.0094763388668585
1005,0.00330967145916417
1006,0.0407060240832776
1007,-0.027110824190516
1008,-0.00716624742452426
1009,0.055579814063996
1010,0.0544091681991551
1011,0.0415536388954301
1012,0.0130139363006271
1013,0.00531049809672207
1014,0.0563288616895827
1015,0.0325374782556573
1016,-0.0141736148286519
1017,-0.0326388328804451
1018,0.0297315513572336
1019,-0.00468843044867573
1020,0.0130459875224647
1021,-0.0127412880977213
1022,0.000600991003599838
1023,-0.029503962861274
1024,-0.0330317331266011
1025,0.0512991948377287
1026,-0.059618672188706
1027,-0.00782896912562775
1028,0.0117548058798414
1029,-0.00171167968216085
1030,0.0152343542060669
1031,-0.0311464581671348
1032,0.00877916329207534
1033,0.0115786517013008
1034,0.0640839632527322
1035,0.00879903236287782
1036,-0.000232678776756923
1037,-0.00971924335602431
1038,0.0422253281610583
1039,0.0195607610338242
1040,-0.00801472602883924
1041,-0.01881671196618
1042,0.017008509930037
1043,-0.0219660575518414
1044,-0.00515270015932318
1045,-0.0422658933358315
1046,0.0198938086058209
1047,0.0147137468213011
1048,-0.0100130732678493
1049,-0.00589406325623948
1050,0.0148339499118427
1051,0.0190552676116262
1052,0.0179680661672039
1053,-0.0313286181643013
1054,-0.026030385717107
1055,0.0461779111502738
1056,0.0079441273744747
1057,0.0369669410033616
1058,-0.0302334005060466
1059,-0.00665810955948881
1060,-0.0343402916942995
1061,0.0149990988554223
1062,0.0158111366844215
1063,-0.0400295691534459
1064,-0.0073357365389512
1065,0.00680619160487855
1066,-0.000215302221187041
1067,0.00585057109370002
1068,0.0102229558898602
1069,0.0237682228346998
1070,0.0322882500129178
1071,-0.0222527692836468
1072,0.0375577383588455
1073,0.00631318323589036
1074,-0.0264217092181164
1075,-0.03491419134114
1076,0.0351113347878876
1077,-0.0233510560154905
1078,0.00576613201035703
1079,-0.0144774804208402
1080,-0.00412018926488972
1081,-0.0231189135895004
1082,-0.00907799688871941
1083,-0.00886583984305422
1084,-0.00710241681049756
1085,0.0186592783784908
1086,-0.00225008781320446
1087,-0.00942029144284207
1088,0.0132534431775496
1089,0.0135238703522481
1090,0.0533369350486905
1091,0.0217805371304841
1092,-0.0219033498558511
1093,-0.0150164244031399
1094,0.0338078664205366
1095,0.0287774154532123
1096,-0.0670915947081517
1097,0.0251322552827361
1098,0.0518079363114284
1099,-0.0176609395373397
1100,-0.00810475163037161
1101,0.0557266807545707
1102,0.0264423849353591
1103,-0.00320370859657798
1104,-0.0137435866485296
1105,0.00153313805698552
1106,0.0181157002618893
1107,0.0327926415289848
1108,0.00197176175913816
1109,-0.0109097436319837
1110,0.000693695077385537
1111,-0.00908771190105295
1112,0.00585824765901893
1113,-0.0101128229239801
1114,0.0270672035161866
1115,-0.0410087830683487
1116,0.00396846379448162
1117,0.0423696101279951
1118,-0.0537471710092944
1119,-0.0062164473760119
1120,-0.00911616665891102
1121,-0.0187648386457155
1122,0.0170327199473496
1123,0.0259325510043038
1124,0.030984099787348
1125,0.0134858130981435
1126,-0.0218951093497365
1127,-0.00883217186712826
1128,0.0450412631461461
1129,-0.0110426092916953
1130,0.0206265690905119
1131,-0.00867471532692854
1132,-0.0310613977687039
1133,0.0167959436788868
1134,-0.0340819877672258
1135,0.0181502809927576
1136,0.0146740394869134
1137,-0.00488412642000724
1138,0.00903779811279726
1139,-0.0249594525429732
1140,0.0120102156764075
1141,-0.00189702014519189
1142,0.0140165492720536
1143,0.0374856087896905
1144,-0.00909849672206392
1145,0.0239072696828109
1146,0.0404714772894564
1147,0.0694863747867171
1148,0.0276036810136407
1149,-0.0433256995159719
1150,0.0163610792309398
1151,0.0430032384931064
1152,-0.00902274583716894
1153,-0.010083607257227
1154,0.0102939636121378
1155,0.013762493146271
1156,-0.00160446817628007
1157,0.0181119474166835
1158,-0.0387971292353105
1159,0.0317170028805435
1160,0.0154723153827512
1161,-0.0368806682613778
1162,-0.0284006194330793
1163,0.000555859320162999
1164,0.00642261200548405
1165,-0.0442746430920296
1166,0.0425343037782779
1167,-0.00338319140673476
1168,0.00637954595608947
1169,-0.022357513650656
1170,-0.0389734849763926
1171,-0.00973536783733892
1172,0.0386056156135287
1173,-0.0340857264472911
1174,0.0226584028422395
1175,0.0382290967932052
1176,-0.00798906359537077
1177,-0.0246909113218678
1178,-0.0297517986417255
1179,0.0134225836239192
1180,0.0373674596875453
1181,0.0297872993109033
1182,0.00147873126578862
1183,-0.00855238601902958
1184,0.0165638994383938
1185,-0.0314342180043009
1186,0.00723902719343705
1187,0.0329184478887101
1188,-0.0204274277313586
1189,0.0436281459830783
1190,0.0605688897161276
1191,0.0323198497043333
1192,0.00795701414990224
1193,-0.0328692875132401
1194,-0.0199366678476441
1195,0.00806217852196783
1196,-0.0105523864587541
1197,0.0127354185966618
1198,0.0148300199519747
1199,-0.00360702285457343
1200,-0.0354444828213915
1201,0.044431771771747
1202,-0.0293925067953331
1203,0.0487538807250411
1204,-0.0170925933102746
1205,-0.000595012982438414
1206,0.00934119725965277
1207,0.0333468134853069
1208,-0.00144993382327535
1209,0.0253435498428033
1210,-0.00107384447579173
1211,-0.030885404819005
1212,0.0501044060005763
1213,0.00330564128882133
1214,-0.0192688386453314
1215,0.00529210797094243
1216,-0.0268383369563261
1217,-0.0369295059401344
1218,-0.0313354508299205
1219,0.039038484395398
1220,0.0251701237985081
1221,0.026592972004193
1222,0.00500598121918683
1223,0.00557678282274454
1224,0.0297363325121253
1225,-0.0311495358551632
1226,-0.00425823693489519
1227,0.0208492072142974
1228,0.0106278242808193
1229,0.0103728673749606
1230,-0.0316860684956493
1231,-0.0117956997258892
1232,-0.0126299246338019
1233,-0.00726227213307395
1234,-0.0624726921028365
1235,-0.0447400885591461
1236,0.0251600548811119
1237,-0.0222378417129769
1238,0.0338472851154488
1239,0.0648351578805501
1240,0.0154964789507053
1241,-0.0309133589280727
1242,-0.0394274740313293
1243,-0.0127463992629089
1244,0.0338214760106106
1245,-0.0434015401473912
1246,0.0028552994821085
1247,0.0346887349398283
1248,-0.0224538672632456
1249,-0.000105969501906944
1250,0.00321711607632108
1251,-0.00250782820768541
1252,-0.00877057357520744
1253,-0.00211041458814626
1254,-0.0277574939177143
1255,0.0176718921729953
1256,0.0299336402115138
1257,5.62751406008033e-05
1258,-0.00759564546852037
1259,0.0130082466938498
1260,-0.00497064532457897
1261,0.00974570118572032
1262,0.0295637674532454
1263,-0.0205929342867244
1264,0.0483255441947052
1265,-0.0177584882269877
1266,-0.0184614040285132
1267,0.0139658346017774
1268,0.0316594331423843
1269,0.0200546979653414
1270,-0.0327756576326566
1271,0.0301495478408997
1272,0.0391416831453142
1273,-0.0207694946763619
1274,-0.000300789936236778
1275,-0.0348146343566735
1276,0.0144548205893726
1277,-0.0320846908998643
1278,0.0150915272323925
1279,-0.0292748280557878
1280,-0.0122412132274875
1281,0.0196881647443005
1282,0.0118733205763275
1283,-0.0455554303870316
1284,-0.0355819774603142
1285,0.0388015029495006
1286,0.0219668085148468
1287,0.0322732901605099
1288,-0.00387794040599837
1289,0.000736438077802881
1290,0.00532110318526036
1291,0.0125112692182682
1292,0.00740634937696388
1293,-0.0319563134377441
1294,-0.0330372577313421
1295,0.015334525020467
1296,-0.00184808029468414
1297,-0.00639553580115226
1298,0.0091010321586521
1299,-0.00591685849919632
1300,-0.0292042806518446
1301,0.0215492589863618
1302,-0.031151287165416
1303,-0.0131184547517609
1304,0.0118136605336229
1305,-0.00182508129289088
1306,-0.00680451191804499
1307,0.00472399008965724
1308,-0.0211329742049167
1309,-0.0405848560527596
1310,-0.00284422118682248
1311,-0.024378360355251
1312,-0.0100222626300757
1313,-0.00418990230022481
1314,0.012966915191441
1315,0.0146924481828419
1316,-0.0243788869130191
1317,-0.0163590731902113
1318,0.0328312695030752
1319,-0.0262875692530983
1320,-0.00784675884709701
1321,0.00716315679678842
1322,0.0173334496820143
1323,-0.0753111249548147
1324,-0.016830560044958
1325,-0.0278615311924265
1326,0.0445538065637752
1327,-0.0191260263050274
1328,0.0152845572717661
1329,-0.00826964868151631
1330,-0.0342311004640467
1331,-0.0168308729889695
1332,0.00373278043111508
1333,-0.00746744381321834
1334,-0.0135017366395843
1335,-0.0379922314475319
1336,0.0211247974009021
1337,-0.0201640448995229
1338,0.0287972664646642
1339,0.0329710390964477
1340,-0.0637755174890745
1341,-0.00722222386251997
1342,0.0251463324983312
1343,0.00170864677253069
1344,-0.0203306621650932
1345,-0.0329541366728182
1346,0.00566274869121935
1347,-0.00908627140410179
1348,0.0404567611099815
1349,0.00968482752512512
1350,-0.00632368474071315
1351,-0.00102442767356947
1352,0.0116355949514595
1353,-0.0118836841676915
1354,0.0509974307516392
1355,-0.0202005138307249
1356,0.00147090382646953
1357,-0.0561330794911455
1358,0.00430942746674379
1359,0.00174272527733649
1360,0.0550548476051781
1361,0.0310610316457021
1362,0.000606971735637063
1363,0.0145711033848483
1364,-0.0324869742244128
1365,0.0041626549355061
1366,0.0214608753727019
1367,0.00864916534450016
1368,-0.012140161386157
1369,0.040757664656617
1370,-0.0388308215570136
1371,-0.0100809883164453
1372,-0.00147588501974361
1373,-0.000768050593392411
1374,-0.00814245959432552
1375,0.0187840903130308
1376,-0.0285726439047012
1377,-0.000483585443784684
1378,-0.0276987568667608
1379,-0.00518533141259953
1380,-0.0306981729464082
1381,0.0289508029637087
1382,-0.0246247134295147
1383,0.0377897013921652
1384,0.00838216764356109
1385,0.0801381397733126
1386,-0.00319352092488728
1387,-0.043213895978205
1388,-0.0140072518061948
1389,-0.0353750631373897
1390,-0.0277511601434247
1391,-0.00966526737052636
1392,0.0192246988731412
1393,-0.0106043042901867
1394,-0.0280220696650483
1395,-0.0161158876094009
1396,0.024423615603292
1397,-0.00487415514351736
1398,-0.0231912832000936
1399,0.015220390719112
1400,-0.0385263995335952
1401,0.0385238228838619
1402,0.00294819622315851
1403,0.0245655884028064
1404,0.0282006383391991
1405,-0.0358918470749931
1406,0.0134685654235206
1407,0.039142956352476
1408,-0.0110247597051877
1409,0.00955434330863714
1410,0.0355523179946932
1411,-0.000177805042003154
1412,-0.0217818391575995
1413,0.0298822324311704
1414,0.0387016150123371
1415,-0.0107981367579233
1416,0.00236982720327555
1417,0.0235999616013174
1418,-0.0312217711237863
1419,0.0397062479320867
1420,-0.0272240537459689
1421,0.0173029665307038
1422,0.0157804320613504
1423,0.0242237164382374
1424,-0.012755324757506
1425,0.032044155446061
1426,0.00467573268217125
1427,0.00598121432225979
1428,-0.00132439393588635
1429,0.0417577875947392
1430,0.0852127869322351
1431,0.0246624594912686
1432,0.0238999343126415
1433,0.0144014092076935
1434,0.026710928294814
1435,0.0202352403084667
1436,-0.0381382348668388
1437,-0.00134183296482598
1438,-0.0347836210881782
1439,-0.00278017444227663
1440,0.0332083423080511
1441,0.036296666447538
1442,0.00158489753072721
1443,-0.0220407178040403
1444,-0.0259713936453018
1445,-0.00131520985835204
1446,0.0239327057482735
1447,0.0425176434934649
1448,-0.000274149161007986
1449,-0.00495934618987298
1450,0.00983772982340586
1451,-0.0269481308094628
1452,-0.00656638065816301
1453,0.0148230713062392
1454,-0.0628331430672537
1455,0.0071169351845452
1456,0.031351066324816
1457,-0.0126385860368156
1458,-0.00371906480756184
1459,0.0159906058172213
1460,0.00796653086579752
1461,0.00229775719418646
1462,-0.00282108796058078
1463,0.0197747023065984
1464,0.0229196495195766
1465,0.000167258595694664
1466,-0.0250020877232752
1467,-0.00139956395320606
1468,0.0180786974095058
1469,0.01805904678064
1470,0.00273929111390303
1471,-0.00262671308210399
1472,0.0250229124673916
1473,-0.0278689479362767
1474,0.019768305527989
1475,0.000480313754328443
1476,0.0181018760986256
1477,-0.0241839982333019
1478,-0.00160675034799429
1479,-0.0460133640050872
1480,-0.0335762379949954
1481,0.0120308259813807
1482,-0.0257763397880544
1483,-0.0234454822541942
1484,0.0394428243986811
1485,-0.020412382125331
1486,0.0130790997583161
1487,-0.0308919508953449
1488,-0.0201983611890733
1489,-0.023045836780346
1490,-0.0037486130341397
1491,0.000954744971092214
1492,-0.00632636175198487
1493,-0.0197731314964609
1494,0.00951951660524497
1495,-0.00495860935994574
1496,-0.0171586350251628
1497,0.00942160374839679
1498,-0.0686732670608997
1499,-0.00970872382867144
1500,-0.0518404066713328
1501,-0.0092922215400818
1502,-0.0392649524171487
1503,0.00646585511303066
1504,-0.0189769955001114
1505,-0.00541743043058907
1506,-8.45709295217989e-05
1507,-0.0146593039802236
1508,0.0106525742701759
1509,0.0164282143415725
1510,-0.0372629840081654
1511,-0.035164524021865
1512,1.30847223497321e-05
1513,0.0283462503711485
1514,0.00671752229243544
1515,0.0180156122204739
1516,-0.0476174391850056
1517,-0.0175571561157571
1518,0.023017410318126
1519,0.0167684840240413
1520,0.00212519303376846
1521,0.00433488084074252
1522,-0.0202762106402237
1523,-0.00194181527427123
1524,0.0343219690107422
1525,0.0212106322726949
1526,0.0335045171774672
1527,0.0501596450892777
1528,0.0231733429068682
1529,0.0460157462280868
1530,-0.00397613464260105
1531,0.0378760351706972
1532,0.000375302901387264
1533,-0.0169854537430442
1534,-0.0162399704874462
1535,-0.00816566121382739
1536,0.0373862600479627
1537,0.041552807157849
1538,0.0168272109863894
1539,0.0352388628265506
1540,-0.0244559404249484
1541,0.0115857701656802
1542,-0.0427149070110383
1543,0.0652743841599034
1544,0.0472704589888184
1545,0.00854131966126004
1546,0.0154515501544661
1547,0.0243586621186531
1548,-0.0404712986750339
1549,0.0264415935721642
1550,-0.00195792294006891
1551,-0.0070621097299815
1552,-0.0313129170903231
1553,-0.00471517282238043
1554,-0.0294690268331965
1555,0.0747898395816076
1556,-0.0112792172238681
1557,0.0111637247876796
1558,-0.0114965138192885
1559,-0.0285847627324642
1560,0.0408486744030647
1561,-0.0057753818535965
1562,0.0426083089152596
1563,0.0253381621952672
1564,0.0300464780993423
1565,0.00575755727255728
1566,0.0335843269043392
1567,-0.0306522874346206
1568,0.0316856703855648
1569,-0.00747155015530693
1570,0.0317381997220821
1571,0.027197856749782
1572,-0.0350269573577919
1573,-0.00226029262396904
1574,0.0132389820726516
1575,-0.0354294220810916
1576,-0.0155592879765858
1577,0.0282320832826737
1578,-0.00564591652509294
1579,-0.0202149907427017
1580,0.0363102887763996
1581,-0.0364395199600512
1582,-0.0467966998925818
1583,0.0175960688528312
1584,-0.0184693152214748
1585,0.0317685645108689
1586,-0.0420277492861703
1587,-0.00908047405560247
1588,0.0628024528564907
1589,0.000924604920075955
1590,-0.0347119323495463
1591,-0.0328143298596141
1592,0.0279492170945428
1593,0.0532778103948402
1594,0.00889616073421134
1595,0.0364955321511424
1596,0.00709063613067995
1597,0.0220783190646752
1598,-0.00843224647028135
1599,-0.0327057129907012
1600,0.0244405354805661
1601,0.0151548318453353
1602,-0.0271916602134988
1603,0.0457582319163156
1604,-0.0468833531021574
1605,0.0181171568736776
1606,0.0418788876115388
1607,-0.0226654186491804
1608,0.00860169858953547
1609,-0.00426525504945113
1610,-0.0457739165854446
1611,0.0102491349292941
1612,0.0406930064729122
1613,0.0371425826137384
1614,0.0160693360240742
1615,0.0457360638814654
1616,-0.0296912884797108
1617,0.0414017651623907
1618,0.0329500758244644
1619,-0.0067381331582303
1620,-0.0213510169467301
1621,0.0503033780682245
1622,-0.0339843898098621
1623,0.020527586826904
1624,-0.0609219715999861
1625,0.0126695491708486
1626,-0.00568779594218322
1627,0.0140282374460711
1628,0.00150605244515817
1629,-0.0172523179907464
1630,-0.00573464967734316
1631,-0.00354685063510607
1632,0.0195795778554707
1633,0.0090822888956264
1634,0.00286751044510819
1635,0.010283659013557
1636,-0.00253026662824074
1637,-0.00773501164642026
1638,-0.00328907099552422
1639,0.0436104400098993
1640,0.00141576688798606
1641,-0.00119608076502553
1642,-0.0322018403087701
1643,0.0359229452060899
1644,0.0102470564434465
1645,0.00816840942242836
1646,-0.00497196354267276
1647,0.0825207317101836
1648,-0.0398280143830201
1649,0.0218907874768181
1650,-0.0320447836691828
1651,0.0450485391798998
1652,-0.0448094621580796
1653,-0.00884188972994526
1654,-0.0524560420062696
1655,0.0325604077441913
1656,0.0721081765623663
1657,-0.00783803028892383
1658,0.0333331404124957
1659,0.00865612280578909
1660,-0.0266905044561839
1661,0.014372338105156
1662,0.0067644972485647
1663,0.00486734895754898
1664,-0.00363917211316123
1665,-0.0159389509140047
1666,0.059145267936661
1667,-0.00627902844779088
1668,-0.0114855719733939
1669,0.00783557623147446
1670,0.0205967898781003
1671,-0.0091033234652439
1672,-0.0544314574623239
1673,0.021045928139714
1674,-0.0144941039586688
1675,0.0332947144516653
1676,-0.00786165552705503
1677,-0.0126441599010578
1678,0.0367947216591927
1679,-0.0160265830345253
1680,0.0054071034086951
1681,-0.0408644286182374
1682,0.00880429228360635
1683,-0.0219550868710342
1684,0.0782156537139929
1685,-0.0207476949694537
1686,0.0137111422121265
1687,-0.0443953840477783
1688,0.0182115623747422
1689,0.0168629645997133
1690,-0.0110212173778245
1691,-0.0110881050091508
1692,-0.00124298872081463
1693,-0.00237240405355377
1694,0.0370512441315203
1695,0.0340501427195197
1696,0.0522314219335803
1697,-0.023059694067797
1698,0.0281312119359983
1699,-0.0658113423770589
1700,-0.00951308507215531
1701,-0.0133798053740877
1702,0.00852676058151314
1703,-0.0452708325610857
1704,-0.00429115347465664
1705,0.0502478321729272
1706,0.0139697933935124
1707,-0.0317255947079843
1708,0.0660033632774814
1709,-0.0187840588807067
1710,0.000990090438256874
1711,-0.0238597415199427
1712,0.0102277702709976
1713,-0.0301619432345581
1714,0.00818712092342216
1715,0.0116721762628683
1716,0.00813201529031321
1717,-0.0106867168422878
1718,0.00886713535672257
1719,0.00499592231413343
1720,0.00145277610607381
1721,-0.0206642396011604
1722,-0.0144100648551113
1723,0.0355991397814427
1724,0.0538449206589637
1725,0.025472941611011
1726,0.0644368495059497
1727,-0.0123973537698143
1728,-0.0058470712616881
1729,-0.00931096862004888
1730,0.0151972704676492
1731,0.0231383285562048
1732,0.0326487497686286
1733,0.0278370996809401
1734,0.00433065737235538
1735,-0.0125133002577854
1736,0.0940970617015049
1737,0.0130226405335463
1738,0.0353764520801591
1739,-0.0375180050158502
1740,-0.0304514381057144
1741,-0.0109672469073104
1742,0.0167834639962368
1743,0.0098100763470646
1744,0.0198404790406007
1745,0.0334688582230689
1746,0.0252514108614855
1747,-0.00548681161520764
1748,0.0158986825412745
1749,-0.000381078455627848
1750,-0.000808074908340839
1751,0.0152703737620038
1752,-0.00870711976682204
1753,-0.053337786435252
1754,-0.0131937350675709
1755,-0.0425081937098661
1756,0.0184085588447149
1757,-0.0112802295001118
1758,-0.00990027439873775
1759,0.00267383559377882
1760,0.0107989545401185
1761,-0.0215202466073366
1762,-0.0256839858617718
1763,0.0351012008826515
1764,0.0453746125267228
1765,-0.00951373112717946
1766,-0.0253550147143021
1767,-0.0356693402900423
1768,0.0230328417066222
1769,-0.0426567488520843
1770,0.0118260598639881
1771,-0.0217320521246984
1772,-0.0404233367727615
1773,-0.0215826971185011
1774,0.0154232319842444
1775,0.013936773304177
1776,0.0322845045939388
1777,0.0272060256972994
1778,0.0201814061504098
1779,0.0193853462649561
1780,0.03734613666283
1781,-0.00589714840684546
1782,-0.00592639478328483
1783,-0.00798088235633071
1784,0.00592350050264395
1785,-0.00218331901698821
1786,0.0185463159252018
1787,-0.0501974069961398
1788,0.00489891061132974
1789,-0.0080413846508337
1790,-0.0310872895003888
1791,0.0379787014484694
1792,-0.0179238261102015
1793,-0.0373331654888864
1794,-0.0204418771824655
1795,-0.000951022346177277
1796,-0.038402752909302
1797,0.053570287758719
1798,-0.0163078728930992
1799,-0.0593203011221221
1800,-0.0141813315249061
1801,-0.034116917619093
1802,-0.0318110539472452
1803,0.0175190162496017
1804,0.0127256643085121
1805,-0.0107899641818197
1806,-0.0233444334877628
1807,0.0495794735774621
1808,-0.0219851120329843
1809,0.00930105429854478
1810,0.0348154346637887
1811,0.010653496007551
1812,-0.020279464216998
1813,0.00769603772678717
1814,0.00856289433011509
1815,-0.0275169799294097
1816,0.023644099069542
1817,0.0157935167767302
1818,-0.0239955081434432
1819,-0.0170749034432139
1820,0.00115243317130881
1821,-0.0323672526427953
1822,0.0234945923158783
1823,0.0061117764008185
1824,0.0204201041717262
1825,0.000693107385756064
1826,-0.00605515325754308
1827,-0.0210366276465744
1828,-0.0160388662392788
1829,0.0427656768920379
1830,0.0265793706102628
1831,0.00658626965874337
1832,0.0166784361646969
1833,0.00860359988238574
1834,-0.0116209350949582
1835,0.00317369039825888
1836,-0.0189323599934978
1837,0.045418594283418
1838,0.043543028325039
1839,0.0121216337747918
1840,-0.00125997945345874
1841,0.0114797454339881
1842,0.0336222643054938
1843,0.00802987155305362
1844,-0.0099229996645479
1845,-0.00907997575597191
1846,0.00803719673483894
1847,0.0430390232424461
1848,0.00228706403652768
1849,-0.0122234277101164
1850,-0.000117241810991431
1851,0.00332575582862921
1852,0.057465777418449
1853,-0.0284436893174055
1854,-0.0284018678151898
1855,-0.0116530746485015
1856,-0.0484344559727377
1857,-0.0198419435279238
1858,0.016069263048535
1859,-0.0251416683318518
1860,-0.0012898011665089
1861,0.0395044954418741
1862,-0.00142853493558842
1863,0.0139881575532549
1864,-0.00833756444018341
1865,0.00399744568842564
1866,0.0367048506121056
1867,0.0130246861784654
1868,-0.00405796293954186
1869,0.0420979763216446
1870,0.0247785972316949
1871,0.0141517046778262
1872,-0.0261985037761134
1873,-0.0296891751260983
1874,0.0365936478046366
1875,-0.0226386970514244
1876,0.00872460666392572
1877,0.0424017609372349
1878,0.0183258175425941
1879,0.0339506247957209
1880,0.0129650062004809
1881,0.00266287358680994
1882,0.0123803350501404
1883,0.0393295689177616
1884,0.022235791632995
1885,-0.0368388017585068
1886,-0.0175175519865279
1887,-0.00267654005781515
1888,-0.0400710838699049
1889,-0.0276121112532294
1890,0.0114620196633596
1891,-0.0328958505470932
1892,-0.0600936946069188
1893,0.00167755601881581
1894,-0.0210398749531555
1895,0.0115234522895997
1896,0.0117779323410089
1897,0.0215223348237957
1898,0.043563597484918
1899,0.0143992812990802
1900,0.0341694925379071
1901,-0.000915323193534934
1902,-0.00198220547327205
1903,-0.0153201382161507
1904,-0.00254273870727112
1905,0.00223296440401705
1906,-0.017071685585644
1907,0.0409155101892916
1908,0.0275208832550988
1909,0.00884316503939314
1910,-0.0114623874967517
1911,0.0132049576381558
1912,-0.000547906761400818
1913,0.00816453020745023
1914,0.0248143695114767
1915,0.0173925952458073
1916,-0.0319336226345697
1917,-0.0166524271759552
1918,0.00262595544957966
1919,0.05911751715876
1920,0.0213160933372124
1921,0.00201576819235672
1922,-0.0292817582466898
1923,0.00515570122489728
1924,-0.0409311054187368
1925,0.00732458951697745
1926,0.0503690951870266
1927,-0.02128768549975
1928,0.0107528490965433
1929,-0.0103903394680216
1930,0.0366872237565721
1931,-0.0418716679066756
1932,0.0187599529511271
1933,-0.0124979852194391
1934,0.0101886833470656
1935,0.0244121514742642
1936,-0.0108660000825344
1937,-0.0224459736038615
1938,0.00836770125732328
1939,-0.00487365402271589
1940,0.0141700884501452
1941,0.0226684775465263
1942,-0.0197769982701732
1943,0.00476868898026644
1944,-0.0163020783063899
1945,-0.020807847215874
1946,0.0477795718290697
1947,-0.00901387274290422
1948,-0.0254676906735483
1949,-0.0359909556851066
1950,0.0159244939190927
1951,-0.0283154232897765
1952,0.0233649231270022
1953,-0.00884200997455814
1954,0.00881801947841082
1955,-0.0224105269623242
1956,0.0359392895421232
1957,0.0250263296828431
1958,-0.0410815916476303
1959,-0.0135557286662045
1960,0.014964265157343
1961,0.012116989561878
1962,-0.00366878129983295
1963,0.0129440923871493
1964,0.00402355657722747
1965,0.0299825672543132
1966,0.0106310843940978
1967,0.00813023291763582
1968,0.042886337080378
1969,-0.00328807402098491
1970,-0.0108009889891503
1971,-0.0383132733833186
1972,0.000934679838632546
1973,0.0247819397072229
1974,-0.0333690115924236
1975,-0.00930013552612574
1976,-0.0502218213295959
1977,-0.0146790402829947
1978,0.0337648548977254
1979,0.00686296849536883
1980,0.00454301418672332
1981,-0.0344940413908014
1982,-0.000305483215331415
1983,-0.00469759238292694
1984,-0.0131110896508284
1985,0.00704751230422956
1986,-0.0320426739864104
1987,-0.0160549718473932
1988,-0.0242590824794354
1989,0.00257426802702271
1990,-0.0667036264737171
1991,0.00645104676927238
1992,-0.0581739628105278
1993,0.0241529572888791
1994,-0.0261676266052795
1995,-0.00809592801655529
1996,0.0222114506473926
1997,0.00421327482707401
1998,0.00913701191677979
1999,0.0388795301952118
2000,-0.00214149277944942
2001,0.0234807127474377
2002,-0.0182478691866753
2003,-0.0418080951871697
2004,-0.00255223777157143
2005,-0.0171782697259212
2006,-0.0260159283541848
2007,0.00083685897205299
2008,0.024336227852212
2009,-0.0152811838820851
2010,-0.00487328378280205
2011,-0.0235474565715395
2012,0.032308081316552
2013,-0.0151300792795264
2014,-0.00375135049546688
2015,0.00247086479284514
2016,-0.0100789926692036
2017,0.008062134486021
2018,0.0272669741187836
2019,0.00538894419461422
2020,0.0226072701536505
2021,-0.00485396042802644
2022,0.0347794324939666
2023,-0.00212133753946836
2024,0.0130445907142943
2025,0.0530497213467572
2026,0.010108035929517
2027,-0.0100301029410041
2028,-0.0232396169024246
2029,-0.0122243301358376
2030,0.0238013365820529
2031,0.0542007571722737
2032,-0.00293977313993421
2033,0.0035872646977746
2034,-0.029673302113055
2035,-0.00231167525917436
2036,-0.0322950239482128
2037,0.037694160540697
2038,-0.00214695219041833
2039,-0.0163554128741695
2040,0.00108620229641371
2041,-0.0111136432763163
2042,-0.0152555897603373
2043,0.00555014898935885
2044,0.0497508607870785
2045,-0.0206237717973555
2046,-0.0207337986353525
2047,0.0228294781530453
2048,0.0307225998051452
2049,0.0066453312450156
2050,-0.00629567275494647
2051,0.0582199720029383
2052,0.00874716114820051
2053,0.000424297311331978
2054,-0.0343034195532079
2055,0.0142368607814832
2056,0.0195454497022344
2057,0.0307524145884022
2058,0.00429376918390861
2059,0.0089666488683941
2060,0.00893962119735714
2061,0.0247766062294411
2062,0.0213130984148035
2063,-0.0118246058289242
2064,-0.0188420498834491
2065,0.00971464103270764
2066,0.0245347041590782
2067,-0.025692043324286
2068,-0.0108810033845888
2069,0.00853475778390334
2070,0.0155284611805718
2071,0.0139954498382572
2072,0.0624763291038547
2073,0.0253740544441541
2074,0.0246426120154036
2075,0.0201543037582725
2076,-0.0150893835977089
2077,-0.0265714176068819
2078,-0.022182433805806
2079,0.0369608739187748
2080,-0.0279813640204562
2081,-0.0492408331181995
2082,0.0349271828990396
2083,-0.0374227082706573
2084,0.0349530919214728
2085,-0.011687841375684
2086,0.0373991222832812
2087,0.0191612840448017
2088,0.0301694300537677
2089,-0.0309434690019717
2090,-0.00574101691746315
2091,-0.0116705074722377
2092,-0.00183823678309286
2093,-0.0150141203479136
2094,-0.00925132537476792
2095,0.0048854937218093
2096,0.0412760500331855
2097,-0.0159107775723541
2098,-0.032538695447571
2099,0.00824194974245807
2100,-0.0134773086457192
2101,-0.0151331673170231
2102,-0.000352955482705919
2103,-0.0155505865667585
2104,-0.0152282067553058
2105,0.0181475610557555
2106,0.0122189187686
2107,0.0344123096226363
2108,-0.0545286110457534
2109,0.05544940574263
2110,-0.0471648338439736
2111,-0.00331968474368394
2112,-0.0208335730263883
2113,-0.0204601484109517
2114,-0.00859211898257017
2115,-0.0100344835713879
2116,0.0314067519149642
2117,0.0132723193714407
2118,-0.0147508309151373
2119,0.0176753797892241
2120,-0.012544485179742
2121,0.000345778281028664
2122,-0.00744857634872315
2123,-0.0301922835275424
2124,-0.0268260275352273
2125,-0.0187672431925449
2126,0.00413012848933852
2127,-0.00681151397376673
2128,-0.0140207367486156
2129,0.0491655143420056
2130,0.0117802432143311
2131,-0.00494996085498112
2132,-0.0139695050265928
2133,0.0268021219071133
2134,-0.0612774883860626
2135,0.0065676564019394
2136,-0.0342552979825655
2137,0.074378106711946
2138,0.0226220948590785
2139,-0.0278381160396604
2140,-0.00287653252279252
2141,-0.0109706376200927
2142,-0.0176475204445993
2143,0.0368570488216046
2144,-0.0398133253623777
2145,0.0284518000807458
2146,0.0162067165357108
2147,0.0372354366918201
2148,-0.0259098380563149
2149,0.0107464722838124
2150,0.0723601796341695
2151,0.0171565725774452
2152,0.0178052291641384
2153,0.0377589862460888
2154,0.0353702172224544
2155,-0.0284268490227629
2156,-0.0161218444553793
2157,0.0218152309334733
2158,-0.0352854634312161
2159,-0.0311356377557452
2160,0.0266269602204552
2161,-0.0108376461714275
2162,0.0377626144637993
2163,-0.00341871053053044
2164,0.0471500241276943
2165,-0.0176623129081844
2166,0.00234299840649632
2167,0.0459965288441025
2168,0.0289328553420379
2169,-0.00128563701488832
2170,0.0241392979968339
2171,-0.00087210776898311
2172,0.00630279450667004
2173,-0.00936386873435352
2174,0.0348732835171052
2175,0.0163144143952337
2176,0.0502451156835115
2177,0.00253609096996998
2178,0.00506258379075264
2179,-0.001744644382981
2180,-0.0396959735730177
2181,0.0404806909047206
2182,-0.0354290460352474
2183,0.0152845249096921
2184,0.0376823666711892
2185,-0.0178312999457431
2186,-0.00216152422692023
2187,0.013168206634675
2188,-0.0340428707754842
2189,0.0116235010943279
2190,-6.4748681978033e-05
2191,0.00874198611769661
2192,0.0242058260893497
2193,0.00561112118739443
2194,0.00966705590779698
2195,-0.00189937669249091
2196,-0.0173769053297473
2197,-0.00965670001528701
2198,0.0253779087856945
2199,-0.00430057837658082
2200,-0.0392583601547853
2201,-0.00158824624216919
2202,-0.0375290606369016
2203,0.0178006116973001
2204,-0.028473286273834
2205,0.0256192281109754
2206,0.0306960499039286
2207,0.038177040045494
2208,-0.0615689078032772
2209,-0.036798082140197
2210,-0.025970134945358
2211,-0.016703022677046
2212,0.0432186364181045
2213,0.000700655821406326
2214,-0.00301361537350148
2215,-0.0140229389124412
2216,0.038420087473744
2217,0.02319980522436
2218,-0.00689514674392155
2219,0.0130494074469161
2220,-0.0127829907439491
2221,0.015740170989007
2222,0.00822597965829841
2223,-0.0381694473799477
2224,0.00728234389464544
2225,-6.25094815088212e-05
2226,0.00627934474049591
2227,-0.0482266638025693
2228,0.0195768676102014
2229,0.019409610004947
2230,0.0070202139266865
2231,-0.062570793785046
2232,0.00041548909850464
2233,-0.0306642680137752
2234,0.00680026685318064
2235,0.000637257386382317
2236,0.0565145657224312
2237,-0.00733803571230984
2238,-0.00516157052481381
2239,-0.00673961259111611
2240,0.00614213164162752
2241,-0.00209303922057791
2242,0.0141676135646807
2243,0.0133007931279938
2244,0.00115545286288188
2245,-0.0134372628111815
2246,0.011659362375163
2247,-0.0195854518703796
2248,0.00184964743765875
2249,-0.000665651489092423
2250,0.0109607140582882
2251,-0.0085066679491444
2252,0.0135181580950806
2253,0.0264074080192875
2254,0.0104952888518207
2255,-0.0107623744139491
2256,-4.47736531865028e-05
2257,0.0160481332486102
2258,0.0260299602769617
2259,-0.00819315272261817
2260,-0.000923663495432603
2261,0.0184141705454176
2262,0.0174619793831542
2263,-0.0253496620000315
2264,-0.00193159944546062
2265,-0.0729547408176662
2266,0.0259443704313979
2267,0.00858363973631598
2268,0.00664519044979445
2269,-0.0210708483648322
2270,-0.0527091692960112
2271,0.0130915465226824
2272,0.0160595832044589
2273,-0.0345372533819864
2274,0.00317961040141429
2275,0.0250171781033905
2276,0.0044899256144163
2277,0.0488611442682796
2278,0.0343937074699425
2279,-0.0602338589245788
2280,0.026575882934713
2281,0.011437126302174
2282,0.0206986717278114
2283,-0.0388289014531427
2284,0.0518105468898503
2285,-0.0115599807823536
2286,0.0298480984297858
2287,-0.0240576821319933
2288,0.00850897256781802
2289,0.00803381147493398
2290,-0.0119067358006322
2291,-0.0123927626900185
2292,0.000762713238783463
2293,0.0031539887931592
2294,-0.0272227903555896
2295,-0.0153489118810275
2296,0.00986932268189933
2297,0.00351128021659486
2298,0.00462070873236614
2299,0.0209575253607679
2300,0.00996377355362399
2301,0.0250622633917309
2302,-0.00419507244298745
2303,0.011746381367384
2304,0.0184306534118911
2305,-0.0349364950139684
2306,-0.0081306654747661
2307,-0.0259657358748608
2308,0.00498041364528834
2309,-0.0309388371073486
2310,-0.001213909272335
2311,0.00252596481716644
2312,0.0209000260610565
2313,0.00653822174702168
2314,-0.00880662908071111
2315,0.0133704279358734
2316,-0.0232525348487499
2317,0.0348837597232134
2318,0.0266683812906224
2319,0.0141506493654306
2320,-0.0173506379182101
2321,0.00693301714522593
2322,-0.00904299384135709
2323,0.0712659492149828
2324,-0.00600703308651035
2325,-0.0162997863132512
2326,0.032903543375339
2327,-0.014434788870468
2328,0.0306534406726163
2329,0.0215581612187615
2330,-0.0149872119139983
2331,0.0192457497454449
2332,-0.0128873090208291
2333,-0.00337057393757167
2334,0.0147550683343615
2335,-0.00115201455958575
2336,-0.00802250916080055
2337,0.00172712081270776
2338,-0.016249232385931
2339,-0.0114016583696051
2340,0.00740893763802108
2341,0.00446429251150332
2342,0.0332412678699286
2343,0.00601627458318715
2344,0.054727945007176
2345,0.0197335284617031
2346,0.011275837612831
2347,0.0098264576645421
2348,0.00935423587410755
2349,0.0175358077269069
2350,0.0371279381912695
2351,-0.0503303637690413
2352,-0.0362239403663253
2353,0.0282336965290746
2354,-0.0173981201293377
2355,0.00864471380402748
2356,-0.0107135615602955
2357,0.025753436083346
2358,-0.0389054342118146
2359,0.0201305170427671
2360,-0.0860527700224401
2361,0.000656882521940516
2362,0.0519015124632482
2363,0.0387356137768686
2364,0.0345983509360454
2365,0.0322524722280671
2366,-0.0206719154635275
2367,-0.000159299292594728
2368,-0.00233799864111822
2369,-0.0577949799903598
2370,0.000821778348662316
2371,-0.0121165720358282
2372,0.0311217950553705
2373,0.0555753425844768
2374,-0.013087316859373
2375,-0.0052608072275992
2376,0.0281605265907314
2377,-0.0121059500447791
2378,0.00680032029857119
2379,0.012492181436523
2380,-0.0378753294194834
2381,0.0086055491852633
2382,-0.0382599587467903
2383,0.0219697311192343
2384,-0.0166488694211198
2385,0.0431913632948427
2386,0.0227384391639239
2387,-0.0275738010774767
2388,0.00411878047502112
2389,-0.0352592950352062
2390,-0.00779635578796539
2391,0.00854834540652527
2392,-0.0263091866720441
2393,-0.0327886788772137
2394,0.0132733627633677
2395,-0.00783016728039709
2396,-0.00113707375923794
2397,0.0287962899611254
2398,0.0307060669262451
2399,0.0186222799744525
2400,-0.0132471446157179
2401,-0.046561262172307
2402,-0.00697166219478496
2403,-0.00392404129747254
2404,-0.0380465513524895
2405,0.0135876510210672
2406,-0.0237959102128557
2407,-0.00809104435701835
2408,-0.000277919414075067
2409,-0.0100218902899318
2410,0.0108112762934861
2411,0.0250237669037016
2412,0.00312448731802345
2413,-0.0417671050629766
2414,0.0310377283438046
2415,-0.00618453281768033
2416,0.015725589471984
2417,-0.00590628639296931
2418,0.0289171517607799
2419,-0.0599020816281341
2420,0.02775649268468
2421,0.035497534910438
2422,0.0124709502221187
2423,-0.0436947594811435
2424,0.0647583121902908
2425,-0.0208109731983778
2426,-0.00751055143345525
2427,-0.0505098826411106
2428,0.00479072687665993
2429,0.00125557478189564
2430,0.0123022153766895
2431,0.00445298594961363
2432,0.00715916479722478
2433,0.0108749782930607
2434,0.00192842460930498
2435,-0.0390643382236446
2436,-0.0231896116190695
2437,0.0125702717036476
2438,0.0157646006203673
2439,-0.0437651478288524
2440,-0.0678835542232288
2441,0.00395913537989961
2442,-0.0109852999509556
2443,-0.015578013118918
2444,-0.0394520828622104
2445,0.00329625927709642
2446,0.0416795279501397
2447,0.0542711112040262
2448,0.0656780530781351
2449,0.000184353292347061
2450,0.00390529593184735
2451,0.00193280986687439
2452,0.0204676965063176
2453,0.0242054421198626
2454,0.0159279166095777
2455,0.00850328792379984
2456,0.0167642891388675
2457,-0.00567043409186224
2458,0.0465230191805794
2459,0.0272946353134904
2460,0.000774578548780436
2461,-0.00971268623784305
2462,0.0104658095109377
2463,-0.0224093239884616
2464,-0.0269002922570814
2465,0.0465326438235028
2466,0.0322891768155553
2467,0.0332689602320937
2468,0.0509811072725662
2469,0.0271914704730097
2470,0.0101244000797067
2471,-0.0131716514574548
2472,-0.00932656678276661
2473,0.0222598265873258
2474,-0.0362123078317546
2475,0.0136667964450117
2476,0.0260087059903832
2477,-0.00576594499580374
2478,-0.0328704504153591
2479,0.0221287381928243
2480,-0.0244719182973822
2481,0.0444048924867618
2482,0.0276510758981991
2483,0.0192231326858236
2484,-0.0190845368053092
2485,0.0273471389854014
2486,0.00394601324898758
2487,0.00596010846776329
2488,0.0413210563425155
2489,0.0247564613802154
2490,0.0185693735774337
2491,0.0353697785350465
2492,0.00740553774420821
2493,0.0352456245863321
2494,-0.0320368146912883
2495,0.0694341294094426
2496,0.011693589238809
2497,0.00349900692617949
2498,-0.000835072322778185
2499,0.0283814966949351
2500,-0.0242635870216325
2501,-0.00729000207621611
2502,-0.0210661236304593
2503,-0.0145318785699771
2504,-0.034253004501252
2505,-0.0458393201108391
2506,0.00717004101497298
2507,-0.00895866094324066
2508,0.0105879363088093
2509,0.0406578625427231
2510,0.0179890919181005
2511,-0.0119419007933663
2512,0.0178245190367021
2513,0.000704400656177995
2514,0.0477347233250235
2515,0.0248282446517774
2516,0.00573912084253936
2517,0.0258544192936161
2518,-0.00536479623868208
2519,0.00194282233057963
2520,0.0170482043774778
2521,-0.0328243796636198
2522,-0.0342971171594729
2523,-0.00811320708246094
2524,0.0105694243714143
2525,0.0179022545131466
2526,-0.087051396906204
2527,0.00973659855938691
2528,-0.01752045396993
2529,0.000844959036429116
2530,-0.0346849047928289
2531,-0.0488279052293822
2532,-0.00420087152277887
2533,0.0400263635412934
2534,-0.0116887837927689
2535,0.00845613343798257
2536,0.0391746576260727
2537,0.0242578699934367
2538,0.0368619491728419
2539,0.0171720967033785
2540,0.0104281515847328
2541,0.0173136507653405
2542,0.0443139953593992
2543,0.0100932238855171
2544,0.0270446613983601
2545,0.0198678934238124
2546,0.0163571228864919
2547,0.0054398738024008
2548,-0.0155165532042091
2549,0.00101000167654208
2550,-0.0496273065876233
2551,-0.0393391414422522
2552,-0.04958901363484
2553,-0.0273732910413258
2554,-0.00623530532547095
2555,0.0117792779156259
2556,0.0301665287884637
2557,0.0326988615907882
2558,0.0400080346041011
2559,0.0168963813530815
2560,0.0255144572720545
2561,-0.0226954853526282
2562,0.027266884782981
2563,-0.00404631960766844
2564,0.00868819109890534
2565,-0.0340065720722011
2566,0.0162151453098297
2567,0.0286051949012628
2568,-0.0537497506105726
2569,-0.0234339826243312
2570,0.0344991534703121
2571,0.0228703307720664
2572,-0.0320956664317272
2573,0.00232052989889181
2574,0.0163462459197798
2575,-0.00241370438990868
2576,0.00675164935620365
2577,0.0356008940004318
2578,0.0108118194417176
2579,0.0115021102072602
2580,-0.013405533693871
2581,0.00666799212114538
2582,-0.0206765666101861
2583,-0.000141693964804068
2584,0.00184151769772911
2585,0.0587711498719923
2586,0.00691752344207541
2587,-0.0198233408760639
2588,0.0102637537963349
2589,0.00919119722896122
2590,-0.00388749061353089
2591,0.0007233074364974
2592,-0.00837766815696422
2593,-0.03091219168258
2594,-0.0511592048746915
2595,-0.00192885710811436
2596,0.0175722729577182
2597,0.0131665958503996
2598,-0.0091124906049595
2599,0.0718693324173303
2600,-0.0207945924651688
2601,0.0330697411755925
2602,0.00166638536374719
2603,0.023622054641539
2604,0.00493928045348246
2605,-0.00579228329376169
2606,0.00896614305707372
2607,0.0311910045268001
2608,-0.0402311726071555
2609,-0.0303723227315789
2610,0.0197681289753998
2611,0.0182831090888804
2612,0.00995692672905357
2613,0.00510997684421916
2614,-0.000307591844628419
2615,-0.0309474801853419
2616,-0.0165014255781603
2617,-0.0422037349521033
2618,0.0167457384588116
2619,-0.047037325637702
2620,-0.00284504294267585
2621,-0.0397113624326917
2622,0.0242957778884946
2623,-0.0296485638493719
2624,0.00336367338116778
2625,-0.0487831127822374
2626,0.00368816784059101
2627,0.00521720223095157
2628,0.0363977204028208
2629,0.01669565218569
2630,0.0100862039074422
2631,0.00103102872484767
2632,0.029916578434212
2633,0.00828082839098965
2634,0.0276688958327624
2635,0.00508687661181401
2636,-0.0508039675871266
2637,0.0233154408546244
2638,0.0168306900123682
2639,0.0482812336756845
2640,0.0316990326663329
2641,0.0192679950070963
2642,0.00820574720773193
2643,0.0129287240785176
2644,0.0526841500584201
2645,-0.0249386519445583
2646,0.0477883792804209
2647,0.0313110538688454
2648,0.0152356097361944
2649,-0.022313071749167
2650,0.0300595087462942
2651,0.0614938899013778
2652,-0.0246540801439434
2653,0.000456653363818671
2654,-0.0092483619319576
2655,0.0200857083817767
2656,0.0518877901197115
2657,-0.0131867050017159
2658,-0.00182246561630844
2659,0.00240408237726253
2660,0.00974116159631561
2661,-0.0233602661156788
2662,0.0396967041777115
2663,-0.050848463678479
2664,-0.0135728191127248
2665,0.00589201506273412
2666,-0.0187013584516039
2667,0.0226834477465874
2668,-0.007866095476732
2669,0.0525009703254476
2670,-0.0257058305949275
2671,-0.0515666244692032
2672,0.00040726512810807
2673,-0.0454591405433852
2674,0.0165069914766409
2675,0.00676054251332014
2676,-0.00157044147271634
2677,0.0572759375278679
2678,0.0264422402815909
2679,-0.0400030494116208
2680,0.00973234459461414
2681,-0.00387808514587551
2682,-0.0256180773941449
2683,-0.0265924448701931
2684,0.0187943700544752
2685,0.00485013604467671
2686,0.0146637379791371
2687,-0.0460168099612612
2688,-0.0198704735326924
2689,-0.0203160554108466
2690,-0.031071066582828
2691,-0.0190149341508375
2692,0.0298986522585988
2693,-0.00316758648298371
2694,-0.0187689234301786
2695,-0.0562539412650365
2696,-0.0427708468368707
2697,0.00600963450486958
2698,-0.0112444994426011
2699,0.0160595715564102
2700,0.0096135961020527
2701,-0.0415267457248902
2702,-0.0351724734539236
2703,0.0529301408945217
2704,0.0200053356359567
2705,-0.0601857358040024
2706,0.0127565681773112
2707,0.0151568211506444
2708,0.00020822762222672
2709,0.0349825396558994
2710,0.0101649969413804
2711,0.00748596627568399
2712,0.0138778272081546
2713,0.0282413215125351
2714,0.00250418765191979
2715,0.00342619434910263
2716,-0.000344511937315828
2717,0.0123155161677714
2718,0.00544305862042671
2719,0.0233793346845041
2720,-0.038047297753851
2721,0.0116286419340699
2722,-0.0358406562276354
2723,-0.0428853441361184
2724,0.0246924672473062
2725,0.00728253850513938
2726,-0.00839637726356585
2727,-0.0537865077779903
2728,-0.0338776025986372
2729,-0.0122942690522623
2730,0.00840863707730083
2731,0.0245572393081311
2732,0.00648507057113606
2733,0.0108654186763923
2734,-0.00901814879278484
2735,-0.0282485555354029
2736,-0.0369173302628371
2737,-0.0407760421796194
2738,-0.000409457000418945
2739,0.00464161422908027
2740,0.00222456162022844
2741,-0.0111135832771159
2742,-0.00772215531215176
2743,-0.01840063820525
2744,-0.00709155887884505
2745,0.053980287392161
2746,0.00596622796229451
2747,0.0163298149341967
2748,0.00716942708977641
2749,0.0224889463174502
2750,-0.0119128298776506
2751,0.0204949538032332
2752,-0.00276457091551213
2753,-0.00359187559223029
2754,0.00351558233902971
2755,-0.00278827225464595
2756,-0.0142395677135519
2757,-0.021392112743886
2758,-0.0338073284782347
2759,0.0302959426296547
2760,-0.048635950301415
2761,-0.0325888816080969
2762,-0.0301659938429133
2763,0.033476168607266
2764,-0.0103867331227399
2765,-0.0137230914279301
2766,0.0687961728213392
2767,0.0134084241853769
2768,-0.0179796200629874
2769,-0.0259070325309364
2770,-0.00736379430165685
2771,0.000114372876307278
2772,0.0219767643516094
2773,0.0349890925302117
2774,0.028841351189709
2775,0.0151094399195705
2776,-0.0103086032433858
2777,0.0624238786323299
2778,0.0221574159523563
2779,-0.00527400825924706
2780,-0.0161650230385966
2781,0.0059864134586004
2782,0.0320532688578968
2783,-0.0163075854224008
2784,-0.0238212460928741
2785,-0.0182727728112296
2786,0.00502222176851047
2787,0.0126688530511094
2788,0.00123953436254731
2789,-0.00346018119815772
2790,0.0238728323341797
2791,0.0272862412849576
2792,-0.0117343346093344
2793,0.0100509195783964
2794,-0.0253436857301646
2795,0.00633920537155636
2796,0.010872947338699
2797,0.00061580993901561
2798,0.0183911929985467
2799,0.0015259607737203
2800,-0.0373036112380015
2801,-0.0082419991036598
2802,0.0251905178008853
2803,0.0250806383810863
2804,-0.021670678348576
2805,0.0415684207003827
2806,-0.0102082760306845
2807,-0.0154164969929722
2808,0.0312156023467162
2809,0.0111421747970346
2810,0.0433501007311153
2811,-0.0107754131643247
2812,-0.00994074881095586
2813,0.00170862149740342
2814,0.00401754277172789
2815,-0.046001122229977
2816,-0.0228588578613375
2817,0.0136164122472634
2818,-0.0274927435970256
2819,-0.00193910000008435
2820,0.0141022503725357
2821,0.00602161990797057
2822,0.0498282358469485
2823,0.0258649722790572
2824,0.003840933064164
2825,0.0658932892026297
2826,-0.0150548806270328
2827,0.0287225592411391
2828,0.0083961486292583
2829,-0.0123881318628724
2830,-0.0111911787487415
2831,-0.0520225690939957
2832,0.0274018142379204
2833,-0.0095068843514205
2834,0.00242852126910975
2835,0.0169622329201918
2836,-0.0143719056908834
2837,-0.00666315842962623
2838,0.0231212140166134
2839,0.0026704773069533
2840,0.00891701773992065
2841,-0.0174825960545367
2842,0.0347299632665986
2843,-0.0493762341650859
2844,0.0140530099732582
2845,0.0124694708839083
2846,0.00474580043770773
2847,-0.0165845876748982
2848,-0.00200165510538569
2849,-0.0342811112623936
2850,-0.00691473496008282
2851,0.0820728247610508
2852,0.0259219670803966
2853,0.0393860891069404
2854,-0.0344408083489682
2855,-0.00147173677052082
2856,0.0331347412122058
2857,-0.0093613705565449
2858,0.00689781057303901
2859,-0.021129868261693
2860,-0.0173821451848725
2861,-0.0307395865560244
2862,0.011306262124619
2863,-0.031759705975056
2864,-0.0257404723498987
2865,0.0220393995560742
2866,-0.016736656797052
2867,-0.00848802775437801
2868,-0.00368295669682706
2869,0.041153006333538
2870,-0.0312076501923678
2871,0.00374980118433549
2872,0.0190388785163219
2873,0.011215979138831
2874,-0.0120810997781892
2875,-0.0242970556114251
2876,-0.0211217106686148
2877,-0.0234232641728591
2878,-0.0302195667072998
2879,-0.0353742095667994
2880,-0.0170600424617229
2881,0.0053235947447669
2882,0.0170558479344752
2883,0.00197462362437517
2884,-0.00151911266992472
2885,-0.0153398309534801
2886,0.0627043681502283
2887,0.018163448076774
2888,-0.0257789699649538
2889,-0.00094570223234447
2890,-0.00140222632059517
2891,0.0521319551729247
2892,-0.0405676000671644
2893,-0.0530645598654955
2894,0.00401072302029631
2895,-0.0193560532800842
2896,0.0310642595036116
2897,-0.0126518414497578
2898,-0.00251125987572881
2899,-0.0110274071130692
2900,-0.0255971882262475
2901,0.0422734627970456
2902,0.024461691528666
2903,0.037395024303557
2904,-0.00922257000341326
2905,0.0112566426359563
2906,-0.0038507639955157
2907,-0.00437582185672297
2908,0.00119087071620022
2909,0.0304225031656458
2910,0.0334141040642117
2911,0.0434639114024868
2912,0.00117094345674157
2913,-0.0206407751408489
2914,-0.0388180082512369
2915,-0.00887256141097026
2916,-0.00121731370373729
2917,-0.0458657015563914
2918,0.0203592528978315
2919,0.0281969449366742
2920,0.0194333731960474
2921,0.0243361885155138
2922,0.0164980464901446
2923,0.0145849210188173
2924,-0.0193670824452965
2925,0.0250399197059907
2926,0.0295935522662519
2927,0.0381103367261972
2928,0.0479144091910799
2929,0.0203844741495214
2930,0.0113018169786831
2931,0.00354371201687637
2932,0.00444198841363491
2933,-0.039722994072718
2934,0.0403429104228131
2935,0.030436363923277
2936,-0.00910293603956036
2937,0.0055170518151807
2938,0.00991353663476552
2939,0.0405342502398564
2940,0.0112009161312375
2941,0.00032775043887795
2942,0.00634847592997068
2943,-0.0249608795288698
2944,0.0402428908952472
2945,0.0367992024395547
2946,-0.0389848488175099
2947,0.0296515902278708
2948,0.0298368029404367
2949,0.0237056851261205
2950,0.015106795160349
2951,0.0394349450526216
2952,0.0231795733494568
2953,0.0075781684016365
2954,-0.0124050023890164
2955,0.00646254400918767
2956,-0.00523860213076954
2957,0.000775305360716849
2958,0.0371000650417654
2959,-0.0165575715584322
2960,0.0547045396621798
2961,-0.0117782860167653
2962,0.03466325215966
2963,0.0226028848030764
2964,-0.0273379506909235
2965,0.00210415018387838
2966,-0.000655079331807085
2967,-0.0284854601850657
2968,0.0469016814886106
2969,-0.040246501584292
2970,-0.00437971288767791
2971,0.0260875732307765
2972,0.0249436468866033
2973,-0.00864946466107075
2974,-0.0188986850827837
2975,-0.00951633373854183
2976,0.0575841333444664
2977,0.00357242949197933
2978,-0.0126765186982455
2979,-0.0116812324957516
2980,0.0182025438182452
2981,0.000225602691645233
2982,0.0323803704041939
2983,-0.0101578292778631
2984,0.032029061219854
2985,-0.0254475105506947
2986,-0.00364994738490931
2987,-0.00528246580460084
2988,-0.0359536316774855
2989,-0.0383438631964509
2990,-0.0239155149183892
2991,-0.00166043988348896
2992,0.00807922646759818
2993,-0.0174580877011298
2994,0.0523496206249607
2995,0.00974479695711133
2996,-0.03553393248515
2997,0.0101791806302666
2998,-0.0437319691073471
2999,-0.037561170523142
3000,-0.00370917660363435
3001,0.000658733228935726
3002,-0.0433656819261437
3003,-0.0225823599427455
3004,0.0277365136526324
3005,-0.00833063953023039
3006,-0.0110636843995522
3007,0.0189198788407838
3008,0.0006732596774775
3009,0.0204128055657105
3010,-0.0311753277281434
3011,-0.0257511224477355
3012,0.0211323475941656
3013,0.0315223217542836
3014,-0.00695561218901714
3015,0.0612173388477006
3016,-0.014402397762507
3017,-0.00986188333547855
3018,-0.00795433677221519
3019,-0.0334072995302158
3020,0.0145021114456689
3021,-0.0285603669878187
3022,0.00540090633793239
3023,0.0251027401610452
3024,0.0315315241350108
3025,0.00993322345733327
3026,-0.0230673361776744
3027,0.0203325188874744
3028,0.00408243689992066
3029,-0.0168966734067267
3030,-0.0429401542379834
3031,0.0160466845984968
3032,0.0169715337879651
3033,-0.0290760853911815
3034,0.0164881218977467
3035,-0.0145005553300533
3036,0.0395971537951187
3037,-0.0206375435609948
3038,0.00123042970469683
3039,0.000175589547253774
3040,-0.0269544258550336
3041,0.0238658558042306
3042,-0.00237990803088933
3043,0.0261565266580618
3044,0.0140412995358213
3045,0.0260140659863207
3046,0.00949326354867175
3047,-0.00260237015493203
3048,0.0724438270811827
3049,0.0316293432009552
3050,0.0527870115962251
3051,-0.00282026732174157
3052,0.0216800934732844
3053,-0.0037768548311734
3054,0.0103355457808558
3055,-0.0471523462498177
3056,-0.0114176109430835
3057,-0.0106453476325885
3058,-0.00694623630579666
3059,-0.0214570616947423
3060,-0.00872316742926227
3061,0.0111565986739686
3062,-0.00686994457525614
3063,-0.032760339763522
3064,0.0162628814526055
3065,0.00903797919547655
3066,-0.0616815142716716
3067,0.00470681483971847
3068,-0.0236506027673591
3069,-0.0465036681017107
3070,0.02964746833931
3071,0.018506409519525
3072,-0.0134533712812949
3073,-0.0281479893224975
3074,0.0261173782625694
3075,0.0427794266496216
3076,-0.0106461547285678
3077,-0.000659311295366116
3078,0.0134608232765451
3079,0.00305273662334477
3080,-0.0149996005219231
3081,0.0634769411898913
3082,-0.0138832399803078
3083,0.0149853628729535
3084,0.0196716331609963
3085,0.014373768257438
3086,-0.0072787235666541
3087,0.00910436089661387
3088,-0.0028530632626726
3089,-0.0392185719886598
3090,-0.0141760131139891
3091,-0.0143901181831518
3092,0.0696892674569969
3093,0.0264366009491656
3094,0.000960728241306885
3095,0.0688736005005018
3096,0.0100565416436945
3097,0.00150502559135934
3098,-0.0211433386761588
3099,-0.0604755264994094
3100,-0.0415536682864489
3101,-0.00577460117574119
3102,0.0235372994702704
3103,-0.0157110826754459
3104,0.0155521135637538
3105,-0.00939332909154539
3106,0.017353367922767
3107,0.0157935036736318
3108,-0.0111703140645408
3109,0.0113733342961646
3110,-0.0333522241728005
3111,-0.0167071238770587
3112,0.0240394328878283
3113,0.00375846095146243
3114,0.0209053900928238
3115,-0.0219800871412132
3116,0.05602456742137
3117,-0.0221602648409273
3118,0.0174747389504211
3119,0.0134365312349826
3120,0.0259795487002984
3121,0.0159806076643312
3122,0.0481882803854458
3123,-0.0136815215929024
3124,-0.019827735625058
3125,-0.0271049392331997
3126,0.0231731622844589
3127,0.00919987100066949
3128,-0.0116039826281229
3129,0.0346383513134443
3130,0.00225654168190254
3131,0.0283785646558161
3132,0.0083337464282674
3133,0.030725145199089
3134,-0.0132026296648982
3135,0.0230531118268286
3136,-0.00283218249827205
3137,0.0455456698928615
3138,-0.0254765836112544
3139,-0.00936031606594612
3140,-0.0276404251754255
3141,-0.0177570504929503
3142,0.0100386996961876
3143,-0.0232218708014532
3144,0.0280053206931563
3145,0.0106097551544238
3146,-0.0172652660727093
3147,-0.00820995335989216
3148,-0.0161647400153833
3149,-0.00458818225193391
3150,0.0373882530717471
3151,-0.0436556481296387
3152,-0.00297124984175107
3153,0.032146117134165
3154,-0.0357379996578462
3155,0.0164454532585139
3156,0.0331685300625636
3157,-0.0235583298338709
3158,-0.0189375868883203
3159,-0.0188753085688892
3160,0.0268248436774515
3161,0.0203576886875802
3162,-0.000273814068452671
3163,0.0199409008426135
3164,-0.0162595522646022
3165,0.00718214528793926
3166,0.0341349673456017
3167,-0.0361348369020184
3168,0.0407139943935199
3169,-0.00339693390342588
3170,0.0123352693722837
3171,0.0565793549494979
3172,-0.00657921338107709
3173,-0.00335690525306698
3174,0.00666935089423115
3175,0.0496373479391278
3176,-0.000567119110477465
3177,0.020753244072256
3178,-0.029735305937066
3179,-0.0169388433223059
3180,0.0203350177251758
3181,-0.0198305326829705
3182,0.00860177672878892
3183,0.00703883106850162
3184,0.0429772426318704
3185,-0.061250236694686
3186,0.0160556437311348
3187,0.055105284865648
3188,0.0110638899381788
3189,0.0321290979122926
3190,0.0224246534246834
3191,0.00933089200465964
3192,-0.0100546641390115
3193,0.01478437135684
3194,-0.0153984508742704
3195,-0.0291601302071757
3196,0.031265479540338
3197,-0.00765475423894224
3198,0.036564434917889
3199,0.0310591367705422
3200,0.0474771763685689
3201,-0.0146418625577989
3202,0.00606744669856629
3203,0.004511745194831
3204,-0.0373629168815227
3205,0.000353190410655901
3206,-0.0154089584933152
3207,0.00387212493139788
3208,-0.00486238906696673
3209,0.0311363819163674
3210,0.0303026490778379
3211,0.00564146075556532
3212,0.0505230140816707
3213,-0.0364292532109534
3214,-0.0087060482809484
3215,0.000427549130714688
3216,0.0410600531248918
3217,0.0194642872048401
3218,0.0425149793343758
3219,-0.0206426121701865
3220,0.0104256333644804
3221,0.015319228979143
3222,-0.0553155352967074
3223,0.0109337038127258
3224,-0.00424198217977295
3225,0.000363325069426823
3226,-0.00422903173035832
3227,-0.0118724740924372
3228,-0.00390550292060254
3229,0.0232353646709483
3230,-0.000847771344802795
3231,-0.00526817775350497
3232,0.00821994551936778
3233,-0.0192869872380331
3234,0.00247426374409865
3235,-0.0252793767660661
3236,-0.0318495592504995
3237,0.0139576018885959
3238,-0.0407922208898769
3239,-0.0207780941263697
3240,-0.000482911592761703
3241,-0.0114397935437879
3242,-0.0208230379109373
3243,-0.0119097989811839
3244,0.00507502598767995
3245,0.00701511746791628
3246,0.0234319510399182
3247,-0.00716117555707907
3248,-0.0131399453991127
3249,-0.00126730162357019
3250,-0.0413267516128691
3251,0.0234304748981994
3252,0.0211814634875523
3253,-0.0419006933099199
3254,0.0131919976983618
3255,-0.0377455287738188
3256,0.0259817729013104
3257,0.0535194438047259
3258,0.0341817664460972
3259,0.0204106739745586
3260,0.0160045484607775
3261,0.0243428631116213
3262,-0.0157795940163614
3263,0.0276812420381174
3264,0.0303772363482483
3265,0.0311631551201884
3266,-0.0273279687114933
3267,-0.0138405584558601
3268,0.0228576310727265
3269,-0.0480289842923826
3270,0.0231584983914845
3271,-0.0205408448033844
3272,-0.0256127575843214
3273,-0.00027112863261558
3274,0.00282900041988898
3275,0.016125943983914
3276,0.0077232634274334
3277,-0.0197796461406097
3278,0.0319827696050904
3279,-0.00661650480986575
3280,0.00783655116231746
3281,-0.0207776522941095
3282,-0.00152067456521648
3283,-0.0135504939878333
3284,-0.00926536947542561
3285,-0.0316272960182946
3286,-0.0053020517652575
3287,0.0358362980725231
3288,-0.0201882402220092
3289,-0.0014085804091874
3290,0.00752110389227945
3291,-0.0413692759804396
3292,0.0226806986546728
3293,0.00350971160467201
3294,0.00513439130790166
3295,0.0449805954992321
3296,-0.000336073120843217
3297,0.0175071916670379
3298,0.0289291367205791
3299,0.00822427322856395
3300,-0.0157549906764538
3301,-0.013564495265795
3302,-0.0111809644669909
3303,-0.0177230948409954
3304,0.049911752323977
3305,-0.0231355842584374
3306,0.0125626797684451
3307,-0.0476710098862693
3308,0.000769403386193579
3309,0.0433683063516992
3310,-0.0323166167575338
3311,-0.0105576848064174
3312,0.000458068277825907
3313,0.0518867381816505
3314,0.0306933258492869
3315,-0.000386629238042169
3316,-0.0231802514829726
3317,-0.0051169092254571
3318,0.0178084985644841
3319,-0.036401774602754
3320,-0.00102428580637559
3321,0.0407436594816248
3322,0.00812466904429143
3323,0.0162350978572057
3324,-0.0256647840323244
3325,-0.0136557789386291
3326,-0.0189659585640374
3327,0.0232420113852926
3328,-0.0160875915473965
3329,0.0208930857296366
3330,0.0272528827944981
3331,0.0152927750630177
3332,0.0318131142120466
3333,0.0395161631958935
3334,-0.0407905731222949
3335,0.00534187659482876
3336,0.0232093756834106
3337,0.0403184458697772
3338,0.0278239526764378
3339,-0.03605363733953
3340,0.00773456643504544
3341,-0.0304916886397583
3342,0.0320236545442197
3343,0.0129466248653541
3344,0.00292178965554396
3345,0.0269605867326279
3346,0.04154651996893
3347,0.0508870839061789
3348,-0.0102574669160856
3349,-0.00785083542305404
3350,0.00429253020660658
3351,-0.00743426301118044
3352,-0.0418940339171325
3353,-0.0529052989135844
3354,0.0234426262310791
3355,-0.0176889960577659
3356,-0.0236088227359988
3357,-0.00482842651254928
3358,0.0126501756977206
3359,0.0377275100638181
3360,-0.0181828284773962
3361,0.00479308114329086
3362,-0.0202195404741346
3363,-0.0128039779641215
3364,-0.00903736410959216
3365,-0.0357437567422199
3366,-0.0198177167263274
3367,0.00762539078308877
3368,-0.0335103287211426
3369,0.00668050346582172
3370,-0.00571744105061056
3371,-0.0173507497188578
3372,0.0201417450013406
3373,-0.0110174052168699
3374,0.00980040109564329
3375,0.0573003895327682
3376,-0.0396889916412674
3377,0.0427610314544969
3378,-0.020252842595772
3379,0.0220222234130225
3380,0.00404288267757158
3381,-0.0217266397724869
3382,0.0122234260339181
3383,0.0167027901023003
3384,0.020408349045978
3385,0.00705627253658564
3386,-0.00583458769545148
3387,0.0179481080925938
3388,-0.0033599678250063
3389,-0.0498576888005419
3390,0.0256106535558403
3391,-0.00538944445156042
3392,-0.00250275453744214
3393,-0.0202218857190738
3394,-0.0289627697981432
3395,-0.0247675434207997
3396,-0.0347376726471307
3397,-0.00300200868680123
3398,0.0195039434940449
3399,0.0349635508514934
3400,-0.0237408699941843
3401,-0.00178747201746748
3402,0.0164985831549309
3403,0.0195684194682303
3404,0.0194273165517589
3405,0.0423051224496148
3406,0.00849718407857203
3407,-0.0498843937554189
3408,-0.0146652096366832
3409,0.00589371423558044
3410,0.032013800235856
3411,-0.037555150277463
3412,-0.0260219313492073
3413,0.00637984605690556
3414,-0.00352756183395586
3415,0.0191180205379476
3416,-0.0484087183712539
3417,-0.0314125059005104
3418,0.0321850843582084
3419,-0.0331623530416512
3420,0.000957346203210419
3421,0.00179872277042353
3422,0.00994238651692719
3423,0.0528483468622404
3424,-0.0280333857028585
3425,-0.0279192683171025
3426,0.0175111372895231
3427,0.0154342406487823
3428,0.00858751229359411
3429,0.0157948803250657
3430,0.00830311319167748
3431,0.0100351195994767
3432,-0.0336044636018943
3433,-0.0167667772715844
3434,-0.0216276051767039
3435,-0.0176932438862877
3436,0.0312951503514929
3437,0.018882400550031
3438,0.00947666985272677
3439,-0.0146077869374248
3440,-0.0256308485993124
3441,0.00282970592473603
3442,0.0154181887367882
3443,0.0614790058076499
3444,0.00691440332707144
3445,0.0242975373590379
3446,0.0232375134038752
3447,0.0693685214233696
3448,-0.00421075955214412
3449,-0.0228832880756284
3450,-0.00537437161305548
3451,0.03272310285918
3452,-0.0198900466286506
3453,0.0132614167303638
3454,0.0196938578724277
3455,-0.00176928869593035
3456,-0.0186515849489909
3457,0.0768384609044769
3458,-0.0504877462107924
3459,-0.0133491545418869
3460,0.0207659511337061
3461,-0.00584818643535256
3462,0.0134339635529975
3463,0.00254043667787368
3464,-0.00788720191238645
3465,-0.00261401474538175
3466,-0.0425940644982389
3467,0.00128777008745767
3468,-0.0421753777167402
3469,0.00563091029519353
3470,0.0152224641905725
3471,0.0317887068676134
3472,-0.00117900567770396
3473,-0.0468813532812601
3474,-0.00707084426301574
3475,-0.0158900760013859
3476,-0.00464745288180896
3477,-0.0300912372531676
3478,0.01309453856446
3479,-0.0529642860240035
3480,-0.0178522826398922
3481,0.0267130024121208
3482,-0.0332585813145895
3483,0.00556257326984355
3484,0.0286512038601056
3485,0.0241603436024415
3486,0.010945382719401
3487,0.00251681861146452
3488,-0.0127897802744287
3489,-0.0105298137716753
3490,-0.0346128602144769
3491,0.0536827512005356
3492,0.0284065158749546
3493,0.0241700360998163
3494,-0.0166864325816709
3495,-0.065958760456658
3496,-0.00591560111981765
3497,-0.0124411162833026
3498,0.00271461993319089
3499,0.0279144940613485
3500,-0.00941377689078288
3501,-0.00744309888261374
3502,0.0377215005546367
3503,-0.0171424130300397
3504,0.0145453357386537
3505,0.0352930429365887
3506,-0.0115376966104082
3507,-0.00160220287882362
3508,-0.0351634671015898
3509,0.029914140273372
3510,0.040905942149339
3511,0.026042236506612
3512,-0.00237869134550733
3513,0.0298258314439598
3514,0.0179013768697303
3515,0.016539339477122
3516,-0.00298613796687458
3517,-0.00328437771813622
3518,-0.00730778491412737
3519,0.0619438842717984
3520,-0.0158771174894732
3521,0.0173903805782409
3522,-0.0317209586956581
3523,-0.0147003782674304
3524,-5.65696256102366e-05
3525,0.00953798719811638
3526,0.00206005011551308
3527,-0.0145095695090269
3528,0.00774422577159145
3529,0.0293535080515757
3530,0.0496373359103238
3531,-0.00623788231510131
3532,-0.0111805363101208
3533,-0.0285663584375994
3534,-0.0603322018523563
3535,0.0144607892874972
3536,0.00236369263854602
3537,-0.00732642658724159
3538,0.0238557373989157
3539,0.0120780710149857
3540,0.000629456952188134
3541,-0.00945692686408789
3542,0.0428713212329226
3543,-0.00288259248515949
3544,0.0306309909288927
3545,-0.0333141178806727
3546,-0.0166662739812947
3547,-0.0274886548803819
3548,-0.0251997289773003
3549,-0.0285891821859716
3550,0.0309343248253638
3551,-0.0370147362080559
3552,-0.00280508916265609
3553,-0.0208834195052542
3554,-0.00930311504020931
3555,0.0129653348283131
3556,-0.00472791184895349
3557,-0.0124689431721806
3558,-0.00911833945360635
3559,0.0325538631652665
3560,0.0114527455700347
3561,-0.0175025743549851
3562,-0.042027680371194
3563,0.0434362313085329
3564,0.0183462969001275
3565,-0.016003724824664
3566,-0.00483542659457004
3567,0.0035805769267902
3568,0.0182595386930421
3569,0.0223132733747133
3570,-0.0215364494158721
3571,-0.0196136902052026
3572,-0.00743506186273796
3573,-0.0314650679520768
3574,0.0487461862825148
3575,0.0284417065799703
3576,-0.013551822974345
3577,-0.00906038423943695
3578,0.0464575476663696
3579,0.000685379989740165
3580,0.0068500883118901
3581,0.00443562024866612
3582,0.0316128057614053
3583,0.0125322876941095
3584,-0.0185759566576168
3585,0.0225559880708447
3586,0.00699453870271094
3587,-0.0284546045924218
3588,-0.012039547090525
3589,0.019852138154893
3590,0.0191479886483449
3591,-0.00112102298027139
3592,-0.0725573799373648
3593,-0.0175804870030135
3594,-0.0115497943221321
3595,0.0508046907918538
3596,0.0314207961841304
3597,-0.0469068228159732
3598,-0.00555254956194118
3599,0.059465944006962
3600,-0.0310030810128089
3601,0.00150745356235854
3602,-0.00728101655398355
3603,0.0268409352796337
3604,-0.015912703076184
3605,0.00439721164396334
3606,0.060870791651093
3607,-0.0197916399244182
3608,0.0545546258839597
3609,0.038876060657945
3610,0.00292439397482475
3611,0.00115053584392399
3612,-0.0271123156459283
3613,-0.0162548858900288
3614,0.034502790721134
3615,0.00904740574835433
3616,-0.023589497504312
3617,0.00733514140680758
3618,-0.00511754680488852
3619,0.0392216788693108
3620,0.0540851375958527
3621,0.0415292108495713
3622,0.00864324985956078
3623,0.0168079155910963
3624,0.0400556534257039
3625,-0.00735073070053521
3626,-0.00254964233016375
3627,0.00772108746163491
3628,0.0198592945408474
3629,-0.00293152052809881
3630,-0.0218233582562852
3631,-0.0232675173054053
3632,0.0118858384922039
3633,-0.0185327043788837
3634,-0.0239508210454193
3635,0.0067987025968887
3636,0.015202562739465
3637,-0.0343364966253956
3638,-0.0103257231413718
3639,0.0122996458645924
3640,-0.0206298003492529
3641,0.0378829924139019
3642,-0.0221110694167881
3643,0.0152437825871877
3644,-0.013926571849633
3645,-0.0504254409958564
3646,-0.0209591516309769
3647,0.0219530889786043
3648,-0.0100484281125299
3649,0.0281257724963489
3650,-0.0033166146232893
3651,-0.00434395197148046
3652,0.0168110054886719
3653,-0.00391064940016894
3654,-0.00990658271439776
3655,0.017690743740358
3656,0.00243956982603083
3657,-0.00991561146247211
3658,-0.025075590821199
3659,0.0442993044928293
3660,-0.0323218608179454
3661,0.0440028855145377
3662,0.0306378482479787
3663,-0.0196096934343886
3664,0.0255266935915552
3665,-0.0259758971042993
3666,-0.0264382937392079
3667,-0.00585822019909649
3668,0.0266230766470921
3669,-0.00102529751027647
3670,0.0213118615305085
3671,-0.0473546544152234
3672,-0.0236377545899668
3673,0.065187868543682
3674,-0.0121348965231695
3675,0.0335721586174725
3676,-0.00283925847321043
3677,-0.0275497640547256
3678,0.0443541303883447
3679,-0.0740107910318344
3680,-0.00488333266778584
3681,0.037419645792815
3682,0.032529035662168
3683,0.00838904288458298
3684,-0.00102029129685105
3685,0.00946723090543855
3686,0.0349338729775783
3687,-0.0299537927730916
3688,-0.0138849460737953
3689,0.0310076044944655
3690,-0.00228232024629355
3691,0.0182189131057701
3692,-0.000926336848674159
3693,-0.0635857709219223
3694,-0.0203810429295645
3695,0.0193957195181185
3696,0.00139165971316546
3697,-0.0164686796886781
3698,-0.0208688899737157
3699,-0.0286268154828982
3700,0.0331723770249831
3701,-0.00274699879108403
3702,0.0117478917187121
3703,0.027052731241341
3704,-0.0241341468201601
3705,0.00595230491180665
3706,-0.00365097749867943
3707,0.000463884550016169
3708,-0.0331580525224933
3709,-0.00389932653306924
3710,-0.0307796246623584
3711,0.00393083712741182
3712,0.00178223441654529
3713,0.0172128487227892
3714,-0.0238055862088882
3715,0.0331245963751016
3716,-0.0356273615813834
3717,-0.0160916851496511
3718,-0.0242934714955401
3719,0.0340719568049606
3720,0.0209822893747291
3721,0.00526165551877505
3722,0.026764109400195
3723,0.0230693626796613
3724,0.041219809566398
3725,0.00282830436771658
3726,-0.0582041311475474
3727,-0.00826974005230108
3728,0.0146393971264085
3729,0.0339911183760823
3730,-0.00784597392906983
3731,-0.000935825183224048
3732,0.000643075250142344
3733,-0.0309276117584045
3734,-0.0194389844092008
3735,0.023111936143465
3736,-0.0145263646212691
3737,-0.00233906926887062
3738,-0.0591899148624999
3739,0.00376663337643129
3740,0.00514951036905481
3741,-0.0232653470684095
3742,-0.0101588670607395
3743,0.0162318126038766
3744,-0.0233508505644221
3745,0.0161081957001841
3746,-0.0347518040568336
3747,0.0234408260158963
3748,-0.0436323726172229
3749,-0.0195172489640491
3750,-0.00479605221388041
3751,0.028928427720798
3752,-0.00465046326561586
3753,0.0358034224207781
3754,0.0172217252311834
3755,0.0077048864554089
3756,-0.0271520603789787
3757,-0.0209438667106104
3758,0.0429766754884356
3759,-0.0708943668352704
3760,0.0547038361708014
3761,-0.033315312140458
3762,-0.000681951007728665
3763,-0.0254175832346902
3764,-0.0480373294624659
3765,0.0033812413427658
3766,0.0119108015424403
3767,-0.0133857082734306
3768,-0.062757058887257
3769,-0.0246238101766648
3770,0.00235023471890911
3771,-0.0106610148195853
3772,0.00388662552572949
3773,0.00973665971678117
3774,-0.0250497794217195
3775,0.025018150301229
3776,0.0150054535838482
3777,-0.0103092106719947
3778,0.0117762914994932
3779,-0.0797282042018775
3780,0.0223059207485908
3781,0.00943632051270454
3782,0.0249460249639377
3783,0.00591386985036085
3784,0.0234441518545887
3785,0.0153377892604168
3786,0.0129307250302285
3787,0.0152119452019889
3788,-0.000703653630837187
3789,0.0127735021430603
3790,0.0230074176498263
3791,0.0101807508604145
3792,-0.0045782112850874
3793,0.0188076593553934
3794,-0.00373371807458156
3795,0.0252665534803581
3796,0.0258676869281839
3797,0.0307778879277087
3798,0.0533068849888748
3799,-0.00219834889871101
3800,0.00752784063664352
3801,0.00516884076379082
3802,0.00657085205657693
3803,-0.020986448774503
3804,0.0311181201644056
3805,0.0132834550635674
3806,0.0220967851212892
3807,-0.00776907724274728
3808,-0.0199714447024
3809,-0.036848273803857
3810,-0.00493302217484087
3811,-0.011109177848677
3812,-0.0035270093267612
3813,0.0284269156638585
3814,-0.0123128098710664
3815,-0.0156405921073034
3816,-0.0281872533515813
3817,0.00972644993999061
3818,0.0132662858784073
3819,0.00968874874360542
3820,0.0304536302126849
3821,-0.00675947297297741
3822,0.0514428989034083
3823,0.0142754575836603
3824,0.00861535352850973
3825,0.0245051618611282
3826,-0.0382800734624199
3827,-0.0139800143317789
3828,0.00103441825310396
3829,0.0487284056280472
3830,0.0575930942310975
3831,0.00128638649673241
3832,0.00491327502860761
3833,-0.0346993411992684
3834,0.0095102733449729
3835,-0.00943531718439866
3836,0.0331918480390155
3837,0.0163301001544708
3838,0.00809525764347774
3839,-0.0470653962540355
3840,0.0225957946961881
3841,0.0302962748854798
3842,0.0122619890160832
3843,-0.0346489874386942
3844,0.0285134909915325
3845,0.0224908755607526
3846,0.076179799882245
3847,0.0133493113617929
3848,0.0241222410800326
3849,0.0172132308294076
3850,0.0265733202867109
3851,-0.0186061219843434
3852,0.00273683513358736
3853,-0.0465325978390237
3854,0.0399817645956913
3855,-0.0156612311340369
3856,-0.0192515853509729
3857,-0.00152587535594356
3858,0.0011460984445647
3859,0.0356273823688941
3860,0.0490521852839236
3861,-0.044978087822545
3862,-0.0163264790344633
3863,-0.0290415173489179
3864,0.0142338203724656
3865,-0.0136180941940719
3866,0.0153311210046458
3867,0.0119748915783794
3868,0.00725584020639858
3869,-0.0198513891657479
3870,0.0135914607440434
3871,0.00268150021456209
3872,0.000777586960266807
3873,0.0136503621801541
3874,0.0235374895545489
3875,0.0153907255734134
3876,0.0199741743593536
3877,0.0334919907970293
3878,0.00598803988263386
3879,-0.0287049533092275
3880,-0.00747544003852041
3881,0.00955373310107366
3882,-0.0421305472049545
3883,0.0365094245089611
3884,0.0291541551169388
3885,-0.0174066813195971
3886,-0.0233703477125747
3887,0.0173160237040804
3888,-0.0151261485196164
3889,0.00351825699781572
3890,0.00825238793126387
3891,0.0444040544132843
3892,-0.00413180068703245
3893,0.0379888854017267
3894,0.00581409833284541
3895,0.01538255102218
3896,0.0128393255561205
3897,-0.0133604383027789
3898,0.0488605900160926
3899,0.0272620468746123
3900,0.00799353107106304
3901,0.00793775753330866
3902,0.0128683353497208
3903,0.00473435360248203
3904,0.0515525145385831
3905,0.00340638614304045
3906,0.00798703515961979
3907,-0.00251435079594869
3908,-0.0016216070832773
3909,0.019696110838104
3910,-0.019491556231141
3911,0.0170622431306224
3912,-0.00769041851430063
3913,0.0753815481806563
3914,0.0159581807792354
3915,-0.0193744720633652
3916,-0.0135629865388527
3917,0.0199196680785108
3918,-0.00664170228164129
3919,0.00510821723382454
3920,-0.012486972535621
3921,-0.0188782157545502
3922,-0.0182014403734893
3923,0.0088611343812483
3924,0.0165861703333052
3925,-0.00848788826695435
3926,-0.00268323246937502
3927,-0.00351800186631629
3928,0.0103906885658663
3929,-0.0126353152477896
3930,0.0601180829058147
3931,0.00287766470322359
3932,-0.0108583892341429
3933,0.0345270727400677
3934,0.00435532906459851
3935,0.00653006289705282
3936,-0.00889442783494826
3937,0.0204487572627223
3938,0.00679272329729702
3939,0.0131696829536414
3940,0.075293036343756
3941,-0.00872710220118067
3942,-0.027760365758013
3943,0.00260481841752724
3944,0.0022087621434832
3945,-0.0204195122428205
3946,-0.0458851480270861
3947,-0.0108464946088661
3948,-0.0289563451972578
3949,0.00412386294440059
3950,0.0368018860784844
3951,0.0263966158144938
3952,0.0106830598454686
3953,-0.00231522225678782
3954,0.0270291485270268
3955,0.01805778955084
3956,-0.0374981606063279
3957,-0.000864847529528256
3958,-0.0154925656327847
3959,-0.0489458509457649
3960,0.0396978238683097
3961,0.00504076958264243
3962,-0.000300461055806556
3963,0.0180727690045456
3964,-0.00323348511723998
3965,0.00852227122452065
3966,0.039106184146579
3967,-0.0263221670370071
3968,-0.0171986550625969
3969,-0.0165137155890951
3970,0.0140911586852361
3971,0.0133901821913467
3972,0.0425734748088899
3973,-0.0102862427373915
3974,-0.0180679725060032
3975,0.0103200560233304
3976,-0.0276354956206958
3977,0.00775013072941194
3978,0.018490021403494
3979,0.00563096772315796
3980,0.00408892608030781
3981,-0.0250947766576518
3982,-0.0134250842524524
3983,-0.000501691883607325
3984,0.020987899793547
3985,-0.0169875570820213
3986,-0.0424518214431172
3987,0.0285448830219509
3988,-0.0167765561359937
3989,-0.0202058181551028
3990,-0.0173681333095979
3991,0.0224613205597697
3992,-0.0181905463489868
3993,0.0241664423182909
3994,0.0404066431741621
3995,0.00804291711581506
3996,0.0233331375390873
3997,0.0181355596609723
3998,-0.0315369298689889
3999,0.0285331810814787
4000,0.0451437772461154
4001,0.0476668058171725
4002,0.000768168067366792
4003,-0.0169551609412197
4004,-0.00558815348003561
4005,0.0163105511586707
4006,-0.0205516716893497
4007,0.00353340619996234
4008,-0.0119067630359143
4009,0.0331744683985284
4010,0.0247327944258297
4011,-0.00555183195427866
4012,0.0737088431596748
4013,0.0247461256999561
4014,-0.011564048228189
4015,-0.0214085077102083
4016,-0.0320433607243835
4017,-0.0420175005045651
4018,0.0452995361654002
4019,-0.0134263214680296
4020,0.0213568583283615
4021,-0.0104052673501231
4022,-0.0165482262793097
4023,-0.0246001102963028
4024,0.015759031102368
4025,6.59606423892845e-05
4026,0.0136269517489646
4027,-0.0191218717110388
4028,0.0307693585982427
4029,0.00379351919860155
4030,0.0534619034143778
4031,0.0171771861234622
4032,0.0308257484379313
4033,-0.0194450589133078
4034,-0.0379289030059369
4035,0.009709486933208
4036,0.0289435948469062
4037,0.0518961032948961
4038,-0.016367823208745
4039,0.032804516532411
4040,0.0416122592772343
4041,0.00160092228360964
4042,-0.00286182424334147
4043,0.0167650069064242
4044,0.00979881018862666
4045,-0.00490053967906501
4046,0.0197476821092579
4047,-0.00419538372405653
4048,-0.00439845825331764
4049,0.00221959287421797
4050,-0.0408272802481118
4051,0.00649327655612209
4052,-0.0439141455128401
4053,0.0340644481870464
4054,-0.00707215584104065
4055,0.0307231570110635
4056,0.00632864194669308
4057,0.0100625706242017
4058,0.00382408815645569
4059,-0.0527881792266679
4060,-0.0337100246103785
4061,0.0383885318842793
4062,0.0542122894819579
4063,0.0384330672799319
4064,-0.00848829120723943
4065,0.0150851099192938
4066,-0.0119951083288575
4067,-0.00829068485666529
4068,0.0327209916920911
4069,-0.00358386832518098
4070,0.0121145453047075
4071,-0.0205000508978815
4072,-0.0209164808679582
4073,-0.00564439198640587
4074,0.00478641888708281
4075,0.0407717368345067
4076,-0.0361553286999218
4077,-0.0285864593670144
4078,0.0201014986525766
4079,-0.0271296336520462
4080,0.00673628541590598
4081,0.0487262381589494
4082,0.00855475682911844
4083,-0.0315777800618599
4084,0.0401760708085652
4085,0.033454698573603
4086,0.00936091334077865
4087,0.0151983785267072
4088,0.0277652365741342
4089,0.0360157428819461
4090,-0.00349240737047318
4091,0.0101209804637999
4092,-0.00502591060965135
4093,0.0215218542311118
4094,0.0252141000463347
4095,-0.0504664809641748
4096,0.00125510982967836
4097,-0.0108855678907642
4098,-0.0405201472187782
4099,0.0167270903439977
4100,0.0154658623358345
4101,0.00912667894813446
4102,0.0147974747435471
4103,0.0174582636074543
4104,0.00415585853466566
4105,-0.0101673245213302
4106,0.0228542138813615
4107,0.0310264223148404
4108,-0.0341739569973563
4109,-0.0150802552826043
4110,0.00486441041248181
4111,0.0108561620606851
4112,0.0353820376378787
4113,-0.0435842038421269
4114,0.0477684851268058
4115,0.0391983574854451
4116,0.0340584029202345
4117,-0.0242471220515301
4118,0.0480888207274094
4119,-0.00397207482310058
4120,-0.00553784868296325
4121,-0.029589324434012
4122,-0.0164826657643617
4123,0.015858354731115
4124,0.0339021922624529
4125,-0.0377552677681571
4126,0.0530637054892807
4127,-0.0325161402487286
4128,0.00592009390387016
4129,-0.0498918189820931
4130,0.00941567334073401
4131,0.00922252750314501
4132,0.0101449273599817
4133,0.00165158957029554
4134,0.0158692619587743
4135,-0.00746645844095811
4136,-0.0293971602146338
4137,0.0105739467441016
4138,0.0420642298597592
4139,0.0202498259415941
4140,-0.0129400112250597
4141,0.0100083298716099
4142,0.0420076501705514
4143,-0.0180792769063108
4144,-0.0215687387939578
4145,-0.0111121946824173
4146,-0.00827529491717455
4147,-0.0179686794581591
4148,-0.0241102637454343
4149,-0.0213576889856609
4150,0.0857255924304472
4151,0.0144082970952252
4152,0.000941493853389541
4153,-0.0570756690095735
4154,-0.043053174066772
4155,0.0166352807931984
4156,-0.0281518376034237
4157,0.00405058996028029
4158,-0.00251615006607575
4159,0.0269754795488653
4160,0.000627329494879425
4161,-0.0160862953517885
4162,0.0162430217309263
4163,0.00806700856493897
4164,0.0112906634138427
4165,0.0482160718510973
4166,-0.00794355952774317
4167,0.0258323425376713
4168,-0.0104422715638338
4169,0.0160548693146856
4170,0.00688223004805139
4171,-0.00647292830375779
4172,-0.0528255479661568
4173,0.0122043217612926
4174,0.00477733538618452
4175,0.0544854461627273
4176,-0.000139377274606722
4177,0.00810587279836295
4178,0.00191450791440667
4179,0.016392967894756
4180,0.0457224681171665
4181,0.00290359176789079
4182,0.0264467350282714
4183,0.0195684838333965
4184,-0.0155943079905247
4185,-0.00792785703251409
4186,0.00578850880452519
4187,0.00791635605388202
4188,0.0415690743864364
4189,0.00679766771397838
4190,-0.0175625460170734
4191,0.00338135870381628
4192,-0.00605294385825106
4193,-0.0275758016829403
4194,0.0544214752626007
4195,-0.0265584019794074
4196,0.0304697059988735
4197,-0.0125576911164054
4198,-0.0176940889127988
4199,-0.0456456227865997
4200,0.0388528300746663
4201,0.00418448492401252
4202,0.0130627397058599
4203,-0.0155158017330398
4204,0.0220136872525317
4205,-0.017174877885485
4206,0.0131816576897743
4207,0.0656428987718622
4208,0.00425007055666299
4209,0.0289650154145692
4210,0.0159259033007838
4211,-0.00253761443244988
4212,-0.0174403896912167
4213,-0.00924440129984655
4214,0.0178133710310038
4215,0.0483441970103096
4216,0.0378090648481101
4217,-0.054614567285512
4218,-0.0213982112367582
4219,0.0185874392752374
4220,-0.00845960605484825
4221,-0.0563547541094161
4222,0.0298183407469684
4223,-0.0129269815096287
4224,-0.0396087373063069
4225,-0.0125224255759782
4226,-0.03781154531315
4227,0.00587729361684525
4228,-0.0145887703595419
4229,0.0202448774238048
4230,0.00201758521023016
4231,0.0516411029368196
4232,0.0330890253064904
4233,-0.0118647125955743
4234,-0.0102965532570057
4235,-0.0519816478585693
4236,-0.0205905199368225
4237,-0.000597933492670344
4238,0.00727594774514856
4239,0.0156697561894864
4240,-0.0319249093186377
4241,-0.0122539377726136
4242,0.00732566287359543
4243,-0.00174513300883539
4244,0.0182302829716035
4245,0.0308347060254077
4246,0.0133610863637787
4247,-0.0130283184418923
4248,-0.0153431572559462
4249,0.00198179560889938
4250,0.0114911812871705
4251,-0.0132305546694022
4252,0.00666054786723103
4253,0.0179666172748292
4254,-0.0276111536490055
4255,0.057145809162352
4256,0.0163230511931706
4257,-0.0310156906789992
4258,0.00562578710666273
4259,0.00775390062341136
4260,0.0347397781894349
4261,-0.00939461508860456
4262,-0.0202889773251589
4263,-0.0196900284749703
4264,0.0355135174315708
4265,0.00827021810327411
4266,0.0448967625041044
4267,0.0523579317787894
4268,0.00602465957662851
4269,0.0104951016045064
4270,0.0322042369753749
4271,-0.0266958533732596
4272,-0.0754956446855445
4273,0.00711984632325879
4274,0.0187156133570856
4275,-0.0108914098077213
4276,-0.00103416681509738
4277,-0.045925133977947
4278,-0.00755489897014161
4279,-0.0252535685512892
4280,-0.0001716746825835
4281,0.0142777464773062
4282,-0.00186853838795625
4283,-0.0210071389115797
4284,-0.044042071875348
4285,0.00387908533156711
4286,0.0173962790528658
4287,-0.001677832726735
4288,0.0403769382441785
4289,-0.0136062500889315
4290,-0.0150898305997295
4291,-0.014394065608331
4292,0.0518984030020279
4293,-0.000842899883523596
4294,-0.00920564040477073
4295,-0.00903100415985825
4296,-0.0759947813374443
4297,0.00997348160749312
4298,0.0207374912443983
4299,0.00154223587954155
4300,0.00859345342260737
4301,0.0184278240184934
4302,0.0104866864686449
4303,-0.00372534927159224
4304,-0.0570285954420323
4305,-0.00165936752812834
4306,-0.0194684332703267
4307,0.0113477355374558
4308,-0.00278684345832331
4309,-0.00755699038435653
4310,0.00565165265803907
4311,0.00763327187145069
4312,-0.0165160144155314
4313,0.0228914469462645
4314,0.0400203981119732
4315,0.0400182654965657
4316,0.0307719644178615
4317,-0.0153095296825486
4318,-0.0440693963081668
4319,0.0171767811040501
4320,-0.0541029895421435
4321,-0.0174077020981203
4322,0.0364214778366321
4323,-0.0198432774641856
4324,0.051011911794019
4325,0.00429825624573305
4326,0.00639579201335194
4327,-0.0169299946956771
4328,0.0244868819827593
4329,-0.0480463594514562
4330,-0.00755369381943954
4331,-0.00175264207612053
4332,-0.0325611150757238
4333,-0.026962241730161
4334,-0.0376306570387384
4335,0.00526482211508039
4336,-0.0036952614171844
4337,0.0114461523312219
4338,0.011478780589086
4339,0.0267629220912919
4340,-0.0319560718816622
4341,0.0318525086182486
4342,-0.00773866983691768
4343,-0.00429937773706279
4344,0.0233835061810108
4345,0.0317968416037382
4346,-0.0199341700528695
4347,0.00924493862121473
4348,0.00134767705664185
4349,-0.0225847537009621
4350,-0.0046224559539339
4351,-0.00106492949874054
4352,-0.036190194057065
4353,-0.0264134522732967
4354,-0.0430020342027211
4355,0.0161192035625837
4356,-0.00290745258680047
4357,-0.0127986727932529
4358,0.0168269804990929
4359,0.026954788006058
4360,-0.0333098061628624
4361,0.0348264072762265
4362,0.0432961383058593
4363,-0.00555429156702952
4364,-0.0111600732774146
4365,-0.0489520564217341
4366,0.00545893114354451
4367,-0.00834359464352313
4368,0.00607788895657957
4369,-0.0117227042778192
4370,-0.00524930715482053
4371,0.00789058962613759
4372,0.0125621016400009
4373,-0.0044778482156379
4374,0.0152289297361286
4375,-0.0200469515569781
4376,0.018363325717175
4377,-0.0108056963934314
4378,-0.00424322684100037
4379,-0.00845558526002499
4380,0.0407633810571428
4381,0.0539952316155997
4382,-0.0284871454043301
4383,-0.0276817268696766
4384,0.00240500747556688
4385,-0.0376215776467951
4386,0.0234500254798714
4387,-0.00942987335471585
4388,0.0172712529955343
4389,0.0339703867083914
4390,-0.0223563984128176
4391,-0.0754315581943442
4392,-0.08686482893326
4393,0.0091985001107916
4394,0.0223467894814936
4395,0.030758362717039
4396,0.0192684362213536
4397,0.0101277724786006
4398,0.0152740786204117
4399,-0.023789381663071
4400,0.0787239376285037
4401,-0.00837361281041943
4402,0.0152705478224324
4403,-0.0146234037508918
4404,-0.0030555712498595
4405,0.0216634686640836
4406,0.0121450252011229
4407,0.00780138542047115
4408,-0.0362328687699254
4409,0.0516863382861592
4410,0.030560528422272
4411,-0.0425504756663035
4412,0.00274550050094802
4413,-0.00573503686737892
4414,-0.0238635634998728
4415,0.0629816219967501
4416,-0.0111896368336742
4417,0.00865328594639819
4418,0.0209922905786296
4419,0.00526963564965416
4420,0.0195898980770166
4421,0.0321190892415149
4422,-0.0372907753578505
4423,-0.0407563524050547
4424,-0.00789770100934079
4425,-0.00186933298974057
4426,0.0310244616900471
4427,0.0192278650447589
4428,0.0330489429263848
4429,0.0318846280129011
4430,0.0486444118261248
4431,-0.00158917013980647
4432,-0.0254354270889001
4433,-0.00363392456807249
4434,0.00120402781635637
4435,0.0349466038583232
4436,-0.0281102978781838
4437,-0.0179051632137185
4438,0.0423037931241735
4439,0.0318015972908751
4440,0.0199166198743346
4441,-0.00676164598563161
4442,-0.0449582095699472
4443,0.0389671287056645
4444,0.0589184672887699
4445,0.000433222203751082
4446,0.0388553507067048
4447,0.0285197813734113
4448,-0.0221130109661153
4449,0.0182486551530985
4450,0.0309737251677865
4451,-0.0224833697835924
4452,-0.00989541265628069
4453,-0.0275809867917322
4454,0.0139790122605565
4455,-0.0553403635297338
4456,-0.0352932150425603
4457,0.0145366088061981
4458,0.000882816493301297
4459,0.00540489480251594
4460,0.00964861249234189
4461,0.00025012569787769
4462,-0.00865656931120667
4463,0.0297833236526238
4464,0.038207175083347
4465,0.056656968512378
4466,-0.0254340555194794
4467,-0.0331370836287698
4468,0.0143015843473372
4469,0.00713208400555149
4470,-0.0227541966651321
4471,0.091499699552217
4472,0.0445873362223155
4473,0.0449935619094938
4474,0.036614983515771
4475,0.0236922151180601
4476,0.011122302482882
4477,-0.00413601754375542
4478,-0.00932143199561242
4479,-0.00902283658823211
4480,0.0227716730181016
4481,0.00507813414952679
4482,0.0459948673420261
4483,0.0476045585220388
4484,-0.0304326268545055
4485,-0.0293202912581537
4486,0.0268019816200931
4487,0.0135408835296671
4488,-0.0233144859954432
4489,0.0268805402271765
4490,0.0189958914721012
4491,-0.025873437321369
4492,-0.06524636192091
4493,-0.010550280862972
4494,0.0138547844599552
4495,0.00352443675730929
4496,-0.044357259214933
4497,-0.00451657526448207
4498,0.0255463061319182
4499,-0.039017891112782
4500,-0.00986695533244714
4501,-0.00268924584243574
4502,-0.0224148613304083
4503,-0.0200683527984934
4504,0.0273481140996289
4505,0.0474215798167937
4506,0.0154575406594294
4507,-0.00327688659110592
4508,-0.00478083560739312
4509,0.0407468795247889
4510,-0.00749156974436477
4511,0.0551292997466485
4512,-0.0144890727707999
4513,0.00374514053752562
4514,-0.0410484468936654
4515,0.0391006008419985
4516,0.0722246071183048
4517,0.0096948346841822
4518,0.0568090382646882
4519,0.0242577416534203
4520,0.0219338112744063
4521,-0.00490344352693878
4522,0.0201837329188913
4523,-0.0195630868596514
4524,-0.0253336000602385
4525,-0.00177216720349432
4526,0.0485375301920304
4527,-0.00336921684797098
4528,0.0192206380685623
4529,0.005715321818691
4530,-0.0142889497568722
4531,-0.0233355325656351
4532,0.0105770068712042
4533,0.0328546240959661
4534,0.0474261654952567
4535,0.0141138350780719
4536,-0.0220014739107343
4537,0.0111924030333173
4538,-0.0602957058190755
4539,-0.00785177593623859
4540,-0.0173935752677879
4541,0.0605541750577695
4542,-0.00968723857704512
4543,0.0107827581263309
4544,-0.0489765841487161
4545,-0.0482848616797585
4546,-0.0115378941686069
4547,0.0129126608122351
4548,-0.0138429000180383
4549,0.00417160197831051
4550,0.0206121463874211
4551,-0.00414916142400612
4552,0.0124959591965995
4553,-0.0149500800584743
4554,-0.0123444081227943
4555,0.032878194224034
4556,-0.0204991537500196
4557,0.00539648559634159
4558,-0.0215717044316833
4559,0.0284853381205507
4560,-0.0121791466979473
4561,0.0560389793547059
4562,0.00671489869259884
4563,-0.0170610486675014
4564,0.0255255996660653
4565,-0.0149495964190198
4566,0.0303595797169062
4567,-0.0200235754504972
4568,-0.0156389142160256
4569,-0.0163656452580755
4570,0.028713771740461
4571,0.0194577252010664
4572,0.00170914974827047
4573,-0.0389407246086079
4574,-0.0131298125846798
4575,0.0126781319092149
4576,-0.00664786864998984
4577,-0.00248874819823297
4578,-0.0494844107179461
4579,-0.0373597445851321
4580,0.0215189733041413
4581,-0.00752364354980661
4582,0.0326233633748464
4583,0.0132254850449399
4584,0.00110041001723338
4585,0.00851389897139326
4586,0.0179726712756468
4587,-0.00462112830377992
4588,-0.0300986298148871
4589,-0.00999251759555769
4590,-0.0296357706527469
4591,-0.0231557042926216
4592,0.010746549763891
4593,0.000281587200747335
4594,-0.0133474982576552
4595,0.0293682696008764
4596,0.0238091435750287
4597,0.0400964745017303
4598,-0.0126230899773375
4599,0.0278731362572419
4600,0.00363295316625306
4601,0.0158553273724928
4602,0.0216895415351498
4603,0.00624452682404425
4604,0.00314119244869299
4605,-0.0380580958306006
4606,0.00642626642874261
4607,0.00107190275724395
4608,-0.000909459866510032
4609,0.0310558804483096
4610,-0.0310433651987763
4611,-0.0292582665650619
4612,-0.0421195750225759
4613,0.0424288425314194
4614,0.0442079538961166
4615,-0.0300548958067337
4616,0.0446624904961769
4617,0.0217383132553821
4618,-0.0106940380892686
4619,0.0492870681315459
4620,-0.0249373036877531
4621,0.0332765320651936
4622,0.0187609970405513
4623,0.0260849926980549
4624,0.000197190515239754
4625,-0.0121931837477827
4626,-0.0598142205222268
4627,-0.0398871949925278
4628,0.0421158229498566
4629,0.0651904382444861
4630,-0.00915405010267983
4631,-0.0120109341598466
4632,-0.0198627139918536
4633,0.0102052820833102
4634,0.0125674240907238
4635,0.000108412064067809
4636,0.000385809631621825
4637,-0.0422979304286388
4638,0.0128437356778052
4639,-0.0155172034175489
4640,-0.0103853497929318
4641,-0.00729287622829322
4642,-0.0257174371883338
4643,0.01822529643767
4644,0.00992966245493526
4645,0.0253885380675424
4646,0.0203909447388077
4647,0.00293728042357283
4648,-0.0362374848651416
4649,-0.0467607053494821
4650,0.0088013018706582
4651,0.0121925065267574
4652,-0.0326770005846183
4653,-0.0202753743457665
4654,-0.0191539277578052
4655,0.0415705384556885
4656,-0.00788085220314066
4657,0.0216453111276196
4658,-0.0472027304327678
4659,0.042289489311029
4660,-0.00531225617758274
4661,0.00178621137185431
4662,-0.00725836789780743
4663,-0.0407357696207751
4664,-0.0457617994979947
4665,-0.012852215628703
4666,0.0207719258776575
4667,0.0221651505363082
4668,0.015902275628513
4669,0.0447851678447834
4670,-0.00361163630295053
4671,0.0257494659550966
4672,0.0330008168659983
4673,-0.0242444202043736
4674,0.0206116725159463
4675,0.00822600976654031
4676,0.0184759269330968
4677,-0.0182312160197369
4678,0.0125398650343903
4679,-0.0198996269206098
4680,0.000745860117437436
4681,-0.0367883965947779
4682,0.0503513004118262
4683,0.00156678905146085
4684,0.0056651402048854
4685,0.0197345540516481
4686,-0.00159540955268966
4687,0.0130843762564294
4688,0.000308962137970881
4689,0.011516765752153
4690,0.0216417294779518
4691,0.00933223706179315
4692,0.0399169782665253
4693,0.00446901214529249
4694,0.0190560880190334
4695,0.026428948817602
4696,-0.0439130711515179
4697,0.00611166748513686
4698,0.00503168758658856
4699,-0.0272208595615665
4700,0.00888171346709848
4701,-0.00109020696958662
4702,-0.00902651566125046
4703,-0.0358242066195074
4704,-0.0399799244218587
4705,0.0113082694109879
4706,-0.00896089895004948
4707,0.0418436711899624
4708,0.0537430133245173
4709,-0.0317857245634711
4710,-0.0304836812341581
4711,0.00302673829697137
4712,-0.00514280742027462
4713,-0.0424198859343265
4714,-0.00163495441036848
4715,-0.00109903377410281
4716,-0.0456351080274333
4717,0.0170366884609082
4718,-0.0106735381512963
4719,0.00524156603877113
4720,-0.0137123718240543
4721,-0.0375152337110955
4722,-0.0212725426149847
4723,0.0429897424870672
4724,0.00126752373556233
4725,0.00930771666349656
4726,0.0328865078092558
4727,0.0761384399450968
4728,0.0159584504767729
4729,0.0008082453919937
4730,0.0408325128037901
4731,0.0347857789963445
4732,0.000507004087179519
4733,0.0291140384454806
4734,0.0178211008842376
4735,0.00278238260430808
4736,-0.0100718061998263
4737,0.000916200609743512
4738,-0.00319136450627372
4739,-0.00858572006749347
4740,-0.0285157264624865
4741,-0.00999764090329047
4742,0.00504705767707903
4743,-0.0495887174554165
4744,0.0337989873761376
4745,-0.0324725581126625
4746,0.0375556548985977
4747,-0.00221716001557598
4748,0.048584211186172
4749,-0.0352620884737711
4750,-0.00990546421179822
4751,-6.47296357183524e-05
4752,-0.0308734631379535
4753,-0.000240217099116702
4754,0.0612898530581503
4755,0.0356238105169527
4756,-0.00925509273492675
4757,-0.0204186870445953
4758,-0.000107336332643981
4759,-0.0375530081389177
4760,-0.0320412344533779
4761,0.0178878166350925
4762,-0.0428559258837948
4763,-0.00162568135231056
4764,0.0828732259179835
4765,-0.0273163998048011
4766,-0.0350066185838793
4767,-0.000618974760502378
4768,-0.0140911389500583
4769,0.0311621037964585
4770,0.0307872824584308
4771,0.0403411935374321
4772,0.0172717113210696
4773,0.0119023619759517
4774,0.00149239116867711
4775,-0.00981978336541889
4776,0.0175451413964487
4777,-0.0130298692484501
4778,-0.0495913142363666
4779,-0.000205875115438958
4780,-0.0311626057269973
4781,-0.0190543592970096
4782,0.0148455945871366
4783,-0.026616530916916
4784,-0.0382501598839434
4785,0.0414335161440973
4786,-0.0043244792443986
4787,0.008421449047605
4788,0.0368141891392683
4789,-0.0257309623789289
4790,-0.0143758618650007
4791,0.0139876929675349
4792,-0.021702931931588
4793,-0.0100371656689485
4794,0.00679474549947962
4795,0.0266072871758812
4796,0.00346407098484136
4797,0.0526952711476434
4798,-0.0147509088415871
4799,-0.0556964493672426
4800,0.054813477881206
4801,0.00927229570977839
4802,0.0167193166948886
4803,0.0107308119653239
4804,-0.00855260255849677
4805,0.0152123532045333
4806,0.00914988003917044
4807,-0.0100801913813401
4808,0.0164785175831457
4809,0.0426359562742132
4810,0.000901496262131374
4811,0.0436675890856583
4812,0.0224467049690624
4813,0.0245521716422172
4814,-0.00428771288431623
4815,-0.0176534872476269
4816,-0.018026872673106
4817,-0.00158691868564975
4818,0.0322755772449869
4819,0.00514019587642589
4820,0.0286338938441715
4821,-0.0120536056490765
4822,-0.0386504956275178
4823,-0.021415886017774
4824,-0.0096806136851903
4825,-0.0075250910365291
4826,0.00167628808766457
4827,0.0354421800827449
4828,-0.0217598368235714
4829,-0.00754075016293704
4830,-0.0543590259749969
4831,0.0108113008892873
4832,0.00245734840176765
4833,0.0174283919868177
4834,-0.0242131292710634
4835,-0.00281084327177838
4836,0.00870603103162088
4837,-0.0109850499416567
4838,-0.00728924257629943
4839,0.0237512122551093
4840,-0.00611914632228622
4841,-0.0075697128620501
4842,0.013306682802661
4843,0.0085731127976198
4844,-0.0161359003437005
4845,0.0114578749036414
4846,0.0382383343977243
4847,-0.0423813434028638
4848,0.0666804355759231
4849,-0.0501205034210313
4850,-0.00903027338334328
4851,-0.00280696993641516
4852,0.0244366720041021
4853,-0.0168013083546784
4854,0.0259320234784038
4855,-0.0404671208498857
4856,0.0123171844628494
4857,0.0235264089058479
4858,-5.56539681045853e-05
4859,-0.0147915770517902
4860,0.00120273924244485
4861,-0.00976159562862416
4862,-0.0228233252617092
4863,-0.0548111051088829
4864,0.00894538995032057
4865,0.0485713916007058
4866,-0.0146523938624704
4867,-0.0344024891237316
4868,-0.00445625766736585
4869,1.23419981915007e-05
4870,0.0335064357222083
4871,-0.0124067402462819
4872,-0.0565805318006719
4873,0.0301786209908159
4874,-0.0161209580806351
4875,-0.01257423790505
4876,-0.00986426662475809
4877,-0.0134227153071018
4878,-0.00821060447341587
4879,-0.0274535533398948
4880,-0.0530539269869507
4881,0.02631873737936
4882,-0.0064313674132585
4883,-0.0199676240348726
4884,-0.0455379186536649
4885,0.0203652985617942
4886,-0.0433685411938128
4887,0.00686646619132786
4888,-0.00177420765060998
4889,0.0316323630218355
4890,0.0364768223789586
4891,-0.0135115914810738
4892,-0.0146056737792506
4893,0.0352890588615705
4894,-0.031190128336981
4895,0.014060591631409
4896,0.00932748243797621
4897,-0.00876845524695458
4898,-0.00457867704801551
4899,-0.0385549795533386
4900,0.0132859965971623
4901,0.0489514156907554
4902,0.0532533661336774
4903,-0.0166899149683319
4904,-0.00683237943584569
4905,-0.0435551660760936
4906,0.0565384253847765
4907,-0.0154167333422731
4908,0.0119119539027142
4909,-0.0161616199281231
4910,-0.0542243813593913
4911,-0.00364773214050629
4912,-0.0130414772617786
4913,-0.0522471234565212
4914,0.0379907132393499
4915,0.0337616687131634
4916,-0.00579422954101833
4917,-0.00171570421605211
4918,0.0204513340224177
4919,0.0075693520830663
4920,0.0614382457009874
4921,0.00767557208699682
4922,0.0229576746222245
4923,0.0107689090908734
4924,0.010788797777654
4925,0.0193114696660816
4926,-0.0376088226796417
4927,0.00449837585861934
4928,0.0146685142461009
4929,-0.0074111297671563
4930,-0.0203998728760093
4931,-0.00691990883999188
4932,-0.000505691115224971
4933,-0.00818833472015423
4934,0.0163157913296745
4935,0.0076557886312647
4936,0.0277750056012044
4937,0.0127337395249069
4938,-0.0203579989002565
4939,-0.0316319016122686
4940,-0.0320416220367057
4941,0.0612687838329162
4942,0.00616845003989924
4943,0.0164746127721235
4944,0.0104971201749668
4945,-0.0379197045763361
4946,-0.00838414447111663
4947,0.0290403684902506
4948,0.0154956865445052
4949,0.000601722882048017
4950,0.00844399878657853
4951,0.0140899315771801
4952,-0.0107599624526222
4953,-0.0054908793872358
4954,0.00512295489201259
4955,0.0206400282088728
4956,0.0488631916177601
4957,-0.0173173673005099
4958,0.0537118173814763
4959,-0.0283137397884217
4960,-0.0597491203520909
4961,0.0018222534436681
4962,0.0203024116353858
4963,-0.0340873897215696
4964,-0.00173718041873405
4965,0.0138551086960836
4966,0.00586253039344636
4967,0.0162115792872652
4968,9.5077382558928e-05
4969,-0.0354362438143055
4970,0.00429424006322326
4971,-0.00678712994684516
4972,0.0453621514480423
4973,0.0398937925302312
4974,-0.0178017745945099
4975,0.0180530652621234
4976,0.0217647094603317
4977,0.0340278971144424
4978,-0.0488063575314535
4979,-0.0367897702296425
4980,-0.00976092632601028
4981,0.01406949572622
4982,0.0273230635967301
4983,0.0117323971597948
4984,-0.00659449661102557
4985,-0.028411586558101
4986,-0.0209422739461985
4987,0.0367214916255777
4988,-0.00154046484154435
4989,0.00443932314481271
4990,-0.0362024585945027
4991,0.0275355747274894
4992,-0.018847052374002
4993,0.0691297244964801
4994,0.0129104339446783
4995,-0.011506163084038
4996,0.0139245577990111
4997,0.0346828725457727
4998,0.00707276680189506
4999,-0.0353611004783327
5000,-0.0329193599384938
