"metric","mean","q05","q50","q95"
NA,NA,NA,NA,NA
"delta_each",0.00311501862765562,-0.0575999095511151,0.001595525140761,0.0658772883303988
"delta_onean",-0.00197052854610637,-0.0657126850776763,-9.6758631726368e-05,0.0589782028809457
"share_pron_each",0.3024,0,0.2,1
"share_pron_onean",0.346,0,0.2,1
"P_each",0.413466532604697,0.326863967136398,0.41480251585635,0.499608824050118
"P_onean",0.422173254235986,0.337376873924921,0.420677661150585,0.513331720961637
