"metric","mean","q05","q50","q95"
NA,NA,NA,NA,NA
"delta_each",-0.0693049647591375,-0.132411637732679,-0.0693967988771721,-0.00512557320165683
"delta_onean",-0.066691307266638,-0.131183286185365,-0.066634233691191,-0.00113155478949569
"share_pron_each",0.8544,0.4,1,1
"share_pron_onean",0.828,0.2,1,1
"P_each",0.526878539662921,0.441760932572976,0.523978537724723,0.60918530743879
"P_onean",0.52595168767054,0.425353161054369,0.522979734647709,0.624172961820997
