"metric","mean","q05","q50","q95"
NA,NA,NA,NA,NA
"delta_each",-0.0343889868060892,-0.0991219190455267,-0.0351572719809088,0.0313787883056692
"delta_onean",-0.0331060883386427,-0.0935788789447708,-0.0326171250298092,0.0287755027451099
"share_pron_each",0.6128,0,0.6,1
"share_pron_onean",0.6208,0,0.6,1
"P_each",0.474221429019844,0.386719419918119,0.472909246481115,0.5685586602802
"P_onean",0.471850495108657,0.383927098252511,0.471567822636938,0.562973908513511
