diagnostic,weighting,altered_dummy_it,holdout,lemma,role,features,d_pronoun,d_compound,delta
all,equal_feature,False,item,anybody,compound_anchor,154,0.7815811418872559,0.4590281180386543,0.3225530238486016
all,equal_feature,False,item,anyone,compound_anchor,154,0.7815811418872559,0.45915544169538974,0.32242570019186617
all,equal_feature,False,item,anything,compound_anchor,154,0.7810744291535544,0.4709966142375717,0.3100778149159827
all,equal_feature,False,item,anywhere,compound_anchor,154,0.8547436166810497,0.5504100141072689,0.30433360257378084
all,equal_feature,False,item,everybody,compound_anchor,154,0.7336607708435667,0.486750788332945,0.24690998251062174
all,equal_feature,False,item,everyone,compound_anchor,154,0.7336607708435667,0.4868468357974135,0.24681393504615323
all,equal_feature,False,item,everything,compound_anchor,154,0.7565489242797919,0.46809035160428347,0.28845857267550845
all,equal_feature,False,item,everywhere,compound_anchor,154,0.8135989693675667,0.5318057159475384,0.28179325342002826
all,equal_feature,False,item,nobody,compound_anchor,154,0.7705789558217473,0.43446184021559736,0.33611711560614993
all,equal_feature,False,item,no_one,compound_anchor,154,0.7754013003995375,0.44878906503418353,0.32661223536535394
all,equal_feature,False,item,nothing,compound_anchor,154,0.8067725810655891,0.4710623302535067,0.33571025081208244
all,equal_feature,False,item,nowhere,compound_anchor,154,0.8584330825097515,0.5444666072252279,0.3139664752845236
all,equal_feature,False,item,somebody,compound_anchor,154,0.7757050657521305,0.45134691345854333,0.32435815229358717
all,equal_feature,False,item,someone,compound_anchor,154,0.7757050657521305,0.45151268406786227,0.3241923816842682
all,equal_feature,False,item,something,compound_anchor,154,0.7901232554010195,0.4746465036050526,0.31547675179596685
all,equal_feature,False,item,somewhere,compound_anchor,154,0.8650968604783404,0.5701490339725636,0.2949478265057769
all,equal_feature,False,item,each_other,target,154,0.7088579692854635,0.6690820933080995,0.039775875977363984
all,equal_feature,False,item,one_another,target,154,0.7228114730155731,0.6772670296559097,0.045544443359663456
all,equal_feature,False,item,he,pronoun_anchor,154,0.5636031979318773,0.8092856407451141,-0.2456824428132368
all,equal_feature,False,item,him,pronoun_anchor,154,0.528090886571283,0.8057506137155528,-0.2776597271442698
all,equal_feature,False,item,himself,pronoun_anchor,154,0.554495971559321,0.7604470414613891,-0.20595106990206813
all,equal_feature,False,item,his,pronoun_anchor,154,0.4880424328803259,0.742109479495717,-0.25406704661539115
all,equal_feature,False,item,she,pronoun_anchor,154,0.5437060085442911,0.813962682945353,-0.27025667440106194
all,equal_feature,False,item,her_acc,pronoun_anchor,154,0.49301807027319733,0.7834820942999945,-0.29046402402679716
all,equal_feature,False,item,her_dep,pronoun_anchor,154,0.5812561284877116,0.833527924107552,-0.2522717956198405
all,equal_feature,False,item,hers,pronoun_anchor,154,0.4779141001926311,0.7386792842136856,-0.2607651840210545
all,equal_feature,False,item,herself,pronoun_anchor,154,0.5354097698147918,0.7657781804126589,-0.23036841059786706
all,equal_feature,False,item,it_plain,pronoun_anchor,154,0.5972949366244503,0.8040189737051583,-0.20672403708070797
all,equal_feature,False,item,it_dum,pronoun_anchor,154,0.7647617862771634,0.8077558632194839,-0.04299407694232049
all,equal_feature,False,item,its,pronoun_anchor,154,0.6031273246257806,0.7895659837852846,-0.18643865915950408
all,equal_feature,False,item,itself,pronoun_anchor,154,0.6077943668553462,0.7395259141501342,-0.1317315472947881
all,equal_feature,False,item,I,pronoun_anchor,154,0.5527598492087255,0.8313743634948705,-0.27861451428614503
all,equal_feature,False,item,me,pronoun_anchor,154,0.5251018423694485,0.8254103533032191,-0.30030851093377064
all,equal_feature,False,item,mine,pronoun_anchor,154,0.44871803763772783,0.7386792842136856,-0.28996124657595773
all,equal_feature,False,item,my,pronoun_anchor,154,0.587188726181765,0.8462358725204686,-0.2590471463387036
all,equal_feature,False,item,myself,pronoun_anchor,154,0.5262177395510541,0.7657781804126589,-0.23956044086160477
all,equal_feature,False,item,their_sing,pronoun_anchor,154,0.5780491743191783,0.8225295474841754,-0.24448037316499704
all,equal_feature,False,item,theirs_sing,pronoun_anchor,154,0.48810003801300467,0.736338205254687,-0.2482381672416823
all,equal_feature,False,item,their_plur,pronoun_anchor,154,0.596124537672239,0.83837495161198,-0.2422504139397409
all,equal_feature,False,item,theirs_plur,pronoun_anchor,154,0.5053583753706657,0.7512284962061748,-0.24587012083550908
all,equal_feature,False,item,them_sing,pronoun_anchor,154,0.5097879269274884,0.8006913449034571,-0.29090341797596864
all,equal_feature,False,item,them_plur,pronoun_anchor,154,0.5323823432851988,0.8345124490398996,-0.3021301057547008
all,equal_feature,False,item,themself,pronoun_anchor,154,0.5512927280874897,0.7657781804126589,-0.21448545232516913
all,equal_feature,False,item,themselves,pronoun_anchor,154,0.5514914373328222,0.7897178855931827,-0.23822644826036043
all,equal_feature,False,item,they_sing,pronoun_anchor,154,0.5569531222211745,0.8083710121210341,-0.2514178898998596
all,equal_feature,False,item,they_plur,pronoun_anchor,154,0.5728518715553823,0.8418691732473196,-0.26901730169193727
all,equal_feature,False,item,we_pron,pronoun_anchor,154,0.5466761450495666,0.8263087195311103,-0.27963257448154366
all,equal_feature,False,item,us_pron,pronoun_anchor,154,0.5138091125235922,0.8090524400671462,-0.295243327543554
all,equal_feature,False,item,our,pronoun_anchor,154,0.5821787750057494,0.8382649350157386,-0.2560861600099892
all,equal_feature,False,item,ours,pronoun_anchor,154,0.47556024595863383,0.736338205254687,-0.26077795929605313
all,equal_feature,False,item,ourselves,pronoun_anchor,154,0.5419898409601941,0.7806054719549766,-0.23861563099478256
all,equal_feature,False,item,you_pron_sing,pronoun_anchor,154,0.5319928755927801,0.7762936940911997,-0.24430081849841967
all,equal_feature,False,item,you_pron_plur,pronoun_anchor,154,0.5346881530272294,0.7941867151051132,-0.2594985620778838
all,equal_feature,False,item,your_sing,pronoun_anchor,154,0.5951276386493797,0.8358343497046228,-0.2407067110552431
all,equal_feature,False,item,yours_sing,pronoun_anchor,154,0.48615369611194054,0.7413908896012115,-0.25523719348927093
all,equal_feature,False,item,your_plur,pronoun_anchor,154,0.5951276386493797,0.8358343497046228,-0.2407067110552431
all,equal_feature,False,item,yours_plur,pronoun_anchor,154,0.4883090253831585,0.7222448497108597,-0.23393582432770116
all,equal_feature,False,item,yourself,pronoun_anchor,154,0.5348508874870339,0.7622075652176947,-0.22735667773066082
all,equal_feature,False,item,yourselves,pronoun_anchor,154,0.5314733109040033,0.7772152900318432,-0.2457419791278399
all,equal_feature,False,family,anybody,compound_anchor,154,0.7815811418872559,0.5044136489488781,0.27716749293837784
all,equal_feature,False,family,anyone,compound_anchor,154,0.7815811418872559,0.5045728035197975,0.2770083383674584
all,equal_feature,False,family,anything,compound_anchor,154,0.7810744291535544,0.5019959163412309,0.27907851281232354
all,equal_feature,False,family,anywhere,compound_anchor,154,0.8547436166810497,0.5822675681391365,0.2724760485419132
all,equal_feature,False,family,everybody,compound_anchor,154,0.7336607708435667,0.5417937156464114,0.1918670551971553
all,equal_feature,False,family,everyone,compound_anchor,154,0.7336607708435667,0.5419137749769971,0.19174699586656963
all,equal_feature,False,family,everything,compound_anchor,154,0.7565489242797919,0.5118558588953325,0.24469306538445945
all,equal_feature,False,family,everywhere,compound_anchor,154,0.8135989693675667,0.5612197840441211,0.2523791853234456
all,equal_feature,False,family,nobody,compound_anchor,154,0.7705789558217473,0.4701415853617991,0.30043737045994817
all,equal_feature,False,family,no_one,compound_anchor,154,0.7754013003995375,0.485000816919791,0.29040048347974645
all,equal_feature,False,family,nothing,compound_anchor,154,0.8067725810655891,0.502760436583966,0.30401214448162317
all,equal_feature,False,family,nowhere,compound_anchor,154,0.8584330825097515,0.5672625519608279,0.2911705305489236
all,equal_feature,False,family,somebody,compound_anchor,154,0.7757050657521305,0.4864472205383708,0.2892578452137597
all,equal_feature,False,family,someone,compound_anchor,154,0.7757050657521305,0.48665443380001955,0.28905063195211095
all,equal_feature,False,family,something,compound_anchor,154,0.7901232554010195,0.5006557997572119,0.2894674556438076
all,equal_feature,False,family,somewhere,compound_anchor,154,0.8650968604783404,0.5849085146879266,0.28018834579041385
all,equal_feature,False,family,each_other,target,154,0.7088579692854635,0.6690820933080995,0.039775875977363984
all,equal_feature,False,family,one_another,target,154,0.7228114730155731,0.6772670296559097,0.045544443359663456
all,equal_feature,False,family,he,pronoun_anchor,154,0.5719610109312047,0.8092856407451141,-0.23732462981390945
all,equal_feature,False,family,him,pronoun_anchor,154,0.5378988684170526,0.8057506137155528,-0.2678517452985002
all,equal_feature,False,family,himself,pronoun_anchor,154,0.5614373071794814,0.7604470414613891,-0.1990097342819077
all,equal_feature,False,family,his,pronoun_anchor,154,0.48687288801602885,0.742109479495717,-0.2552365914796882
all,equal_feature,False,family,she,pronoun_anchor,154,0.54946873262238,0.813962682945353,-0.26449395032297296
all,equal_feature,False,family,her_acc,pronoun_anchor,154,0.5025491432190912,0.7834820942999945,-0.2809329510809033
all,equal_feature,False,family,her_dep,pronoun_anchor,154,0.5816883951085401,0.833527924107552,-0.25183952899901196
all,equal_feature,False,family,hers,pronoun_anchor,154,0.4823636859739174,0.7386792842136856,-0.2563155982397682
all,equal_feature,False,family,herself,pronoun_anchor,154,0.5393269489941797,0.7657781804126589,-0.22645123141847923
all,equal_feature,False,family,it_plain,pronoun_anchor,154,0.5998129598989206,0.8040189737051583,-0.2042060138062377
all,equal_feature,False,family,it_dum,pronoun_anchor,154,0.7722513816598977,0.8077558632194839,-0.03550448155958619
all,equal_feature,False,family,its,pronoun_anchor,154,0.6034452415516806,0.7895659837852846,-0.1861207422336041
all,equal_feature,False,family,itself,pronoun_anchor,154,0.6114668830868607,0.7395259141501342,-0.12805903106327354
all,equal_feature,False,family,I,pronoun_anchor,154,0.5567702028245098,0.8313743634948705,-0.27460416067036064
all,equal_feature,False,family,me,pronoun_anchor,154,0.5304536493886964,0.8254103533032191,-0.29495670391452267
all,equal_feature,False,family,mine,pronoun_anchor,154,0.4468875209589159,0.7386792842136856,-0.2917917632547697
all,equal_feature,False,family,my,pronoun_anchor,154,0.5846807544974987,0.8462358725204686,-0.26155511802296993
all,equal_feature,False,family,myself,pronoun_anchor,154,0.524744639641133,0.7657781804126589,-0.24103354077152583
all,equal_feature,False,family,their_sing,pronoun_anchor,154,0.5914909422891269,0.8225295474841754,-0.23103860519504849
all,equal_feature,False,family,theirs_sing,pronoun_anchor,154,0.5049553853125748,0.736338205254687,-0.23138281994211218
all,equal_feature,False,family,their_plur,pronoun_anchor,154,0.612507548145454,0.83837495161198,-0.2258674034665259
all,equal_feature,False,family,theirs_plur,pronoun_anchor,154,0.5255562539486076,0.7512284962061748,-0.2256722422575672
all,equal_feature,False,family,them_sing,pronoun_anchor,154,0.5226250890017174,0.8006913449034571,-0.2780662559017396
all,equal_feature,False,family,them_plur,pronoun_anchor,154,0.5540065466251243,0.8345124490398996,-0.28050590241477535
all,equal_feature,False,family,themself,pronoun_anchor,154,0.5622595619389467,0.7657781804126589,-0.20351861847371222
all,equal_feature,False,family,themselves,pronoun_anchor,154,0.567990728369311,0.7897178855931827,-0.2217271572238717
all,equal_feature,False,family,they_sing,pronoun_anchor,154,0.5681837708327379,0.8083710121210341,-0.24018724128829627
all,equal_feature,False,family,they_plur,pronoun_anchor,154,0.5940404083356735,0.8418691732473196,-0.24782876491164607
all,equal_feature,False,family,we_pron,pronoun_anchor,154,0.5513497580938054,0.8263087195311103,-0.2749589614373049
all,equal_feature,False,family,us_pron,pronoun_anchor,154,0.5187523994553652,0.8090524400671462,-0.29030004061178094
all,equal_feature,False,family,our,pronoun_anchor,154,0.5809525804089897,0.8382649350157386,-0.25731235460674895
all,equal_feature,False,family,ours,pronoun_anchor,154,0.4786694378007214,0.736338205254687,-0.25766876745396555
all,equal_feature,False,family,ourselves,pronoun_anchor,154,0.542416479204817,0.7806054719549766,-0.2381889927501597
all,equal_feature,False,family,you_pron_sing,pronoun_anchor,154,0.5484830942788401,0.7762936940911997,-0.22781059981235963
all,equal_feature,False,family,you_pron_plur,pronoun_anchor,154,0.5553135879111758,0.7941867151051132,-0.23887312719393738
all,equal_feature,False,family,your_sing,pronoun_anchor,154,0.6192616196801293,0.8358343497046228,-0.2165727300244935
all,equal_feature,False,family,yours_sing,pronoun_anchor,154,0.5073646965458557,0.7413908896012115,-0.23402619305535577
all,equal_feature,False,family,your_plur,pronoun_anchor,154,0.6192616196801293,0.8358343497046228,-0.2165727300244935
all,equal_feature,False,family,yours_plur,pronoun_anchor,154,0.5119090013900536,0.7222448497108597,-0.2103358483208061
all,equal_feature,False,family,yourself,pronoun_anchor,154,0.547654756312489,0.7622075652176947,-0.21455280890520567
all,equal_feature,False,family,yourselves,pronoun_anchor,154,0.5489760791858002,0.7772152900318432,-0.22823921084604304
no_morph,equal_feature,False,item,anybody,compound_anchor,89,0.7447352336061431,0.4542870911754856,0.29044814243065753
no_morph,equal_feature,False,item,anyone,compound_anchor,89,0.7447352336061431,0.4542870911754856,0.29044814243065753
no_morph,equal_feature,False,item,anything,compound_anchor,89,0.7464428269697864,0.47085722706412364,0.2755855999056627
no_morph,equal_feature,False,item,anywhere,compound_anchor,89,0.8162890313059344,0.5510910214223557,0.2651980098835788
no_morph,equal_feature,False,item,everybody,compound_anchor,89,0.6706384188852103,0.484139185033234,0.18649923385197625
no_morph,equal_feature,False,item,everyone,compound_anchor,89,0.6706384188852103,0.484139185033234,0.18649923385197625
no_morph,equal_feature,False,item,everything,compound_anchor,89,0.7046289444082938,0.4606822183981991,0.2439467260100947
no_morph,equal_feature,False,item,everywhere,compound_anchor,89,0.7829594223278943,0.5410467476884269,0.24191267463946742
no_morph,equal_feature,False,item,nobody,compound_anchor,89,0.729016466588784,0.4207270040193579,0.30828946256942613
no_morph,equal_feature,False,item,no_one,compound_anchor,89,0.729016466588784,0.4207270040193579,0.30828946256942613
no_morph,equal_feature,False,item,nothing,compound_anchor,89,0.7547563739160308,0.4484471737493614,0.3063092001666694
no_morph,equal_feature,False,item,nowhere,compound_anchor,89,0.8198098162340919,0.5425104038904559,0.277299412343636
no_morph,equal_feature,False,item,somebody,compound_anchor,89,0.733466038068959,0.4432026843720997,0.29026335369685935
no_morph,equal_feature,False,item,someone,compound_anchor,89,0.733466038068959,0.4432026843720997,0.29026335369685935
no_morph,equal_feature,False,item,something,compound_anchor,89,0.7568360111281108,0.4753936061069995,0.28144240502111134
no_morph,equal_feature,False,item,somewhere,compound_anchor,89,0.8250351360217458,0.57641880931736,0.24861632670438583
no_morph,equal_feature,False,item,each_other,target,89,0.6275402401733168,0.7039489084330575,-0.07640866825974069
no_morph,equal_feature,False,item,one_another,target,89,0.6275402401733168,0.7039489084330575,-0.07640866825974069
no_morph,equal_feature,False,item,he,pronoun_anchor,89,0.5612544661756251,0.759233422593149,-0.19797895641752383
no_morph,equal_feature,False,item,him,pronoun_anchor,89,0.4909325482847639,0.7475335904440905,-0.2566010421593266
no_morph,equal_feature,False,item,himself,pronoun_anchor,89,0.5155052625218307,0.7613281574345082,-0.2458228949126775
no_morph,equal_feature,False,item,his,pronoun_anchor,89,0.47569255335122207,0.6864910576158971,-0.21079850426467506
no_morph,equal_feature,False,item,she,pronoun_anchor,89,0.560233557201087,0.759233422593149,-0.19899986539206194
no_morph,equal_feature,False,item,her_acc,pronoun_anchor,89,0.47805468093526243,0.715870687566158,-0.23781600663089558
no_morph,equal_feature,False,item,her_dep,pronoun_anchor,89,0.603118361868996,0.7935030903701139,-0.19038472850111787
no_morph,equal_feature,False,item,hers,pronoun_anchor,89,0.4583822759470511,0.6719237646046856,-0.2135414886576345
no_morph,equal_feature,False,item,herself,pronoun_anchor,89,0.5147397481981322,0.7613281574345082,-0.24658840923637604
no_morph,equal_feature,False,item,it_plain,pronoun_anchor,89,0.5744197650717656,0.7513532329391965,-0.17693346786743092
no_morph,equal_feature,False,item,it_dum,pronoun_anchor,89,0.7310723188731153,0.8056508356780095,-0.07457851680489425
no_morph,equal_feature,False,item,its,pronoun_anchor,89,0.5683637516404039,0.7356139163480245,-0.16725016470762066
no_morph,equal_feature,False,item,itself,pronoun_anchor,89,0.5623564281492494,0.7321559876236283,-0.16979955947437897
no_morph,equal_feature,False,item,I,pronoun_anchor,89,0.573412059487367,0.7839803937126371,-0.2105683342252701
no_morph,equal_feature,False,item,me,pronoun_anchor,89,0.5349607473583516,0.7834706512125867,-0.2485099038542351
no_morph,equal_feature,False,item,mine,pronoun_anchor,89,0.4430660445640659,0.6719237646046856,-0.22885772004061972
no_morph,equal_feature,False,item,my,pronoun_anchor,89,0.6083671305179864,0.8104232005350482,-0.20205607001706183
no_morph,equal_feature,False,item,myself,pronoun_anchor,89,0.4981623261398956,0.7613281574345082,-0.26316583129461263
no_morph,equal_feature,False,item,their_sing,pronoun_anchor,89,0.6063947636050273,0.7779758076934411,-0.1715810440884138
no_morph,equal_feature,False,item,theirs_sing,pronoun_anchor,89,0.46277366452906676,0.653507933359907,-0.19073426883084021
no_morph,equal_feature,False,item,their_plur,pronoun_anchor,89,0.6310473552520856,0.7986295622969244,-0.16758220704483884
no_morph,equal_feature,False,item,theirs_plur,pronoun_anchor,89,0.48587545114701725,0.6720180444154903,-0.18614259326847304
no_morph,equal_feature,False,item,them_sing,pronoun_anchor,89,0.49709721834119386,0.7261772079616304,-0.22907998962043657
no_morph,equal_feature,False,item,them_plur,pronoun_anchor,89,0.5322677060962123,0.7802290897419575,-0.24796138364574516
no_morph,equal_feature,False,item,themself,pronoun_anchor,89,0.5431704302221823,0.7537629613163397,-0.21059253109415743
no_morph,equal_feature,False,item,themselves,pronoun_anchor,89,0.5457679627805028,0.787753441498554,-0.2419854787180512
no_morph,equal_feature,False,item,they_sing,pronoun_anchor,89,0.5682562607644804,0.7362863936649952,-0.16803013290051472
no_morph,equal_feature,False,item,they_plur,pronoun_anchor,89,0.5934925308882757,0.789328881791197,-0.19583635090292129
no_morph,equal_feature,False,item,we_pron,pronoun_anchor,89,0.5362748099139367,0.7699023105577263,-0.23362750064378957
no_morph,equal_feature,False,item,us_pron,pronoun_anchor,89,0.47258632198192385,0.7556381379306109,-0.283051815948687
no_morph,equal_feature,False,item,our,pronoun_anchor,89,0.6019079835114594,0.7999885078603881,-0.19808052434892875
no_morph,equal_feature,False,item,ours,pronoun_anchor,89,0.43904126808496435,0.6626856281642065,-0.22364436007924215
no_morph,equal_feature,False,item,ourselves,pronoun_anchor,89,0.5086038233308713,0.7751383123774015,-0.2665344890465302
no_morph,equal_feature,False,item,you_pron_sing,pronoun_anchor,89,0.5094683594762833,0.7311912109077464,-0.22172285143146309
no_morph,equal_feature,False,item,you_pron_plur,pronoun_anchor,89,0.5176405848100958,0.7598643011342173,-0.24222371632412154
no_morph,equal_feature,False,item,your_sing,pronoun_anchor,89,0.6088052032021969,0.7931678436537527,-0.18436264045155581
no_morph,equal_feature,False,item,yours_sing,pronoun_anchor,89,0.43904126808496435,0.6626856281642065,-0.22364436007924215
no_morph,equal_feature,False,item,your_plur,pronoun_anchor,89,0.6088052032021969,0.7931678436537527,-0.18436264045155581
no_morph,equal_feature,False,item,yours_plur,pronoun_anchor,89,0.43904126808496435,0.6626856281642065,-0.22364436007924215
no_morph,equal_feature,False,item,yourself,pronoun_anchor,89,0.49415320460926304,0.7491899656776185,-0.2550367610683555
no_morph,equal_feature,False,item,yourselves,pronoun_anchor,89,0.4943114246774062,0.7705089260824779,-0.2761975014050717
no_morph,equal_feature,False,family,anybody,compound_anchor,89,0.7447352336061431,0.5034144195249125,0.24132081408123063
no_morph,equal_feature,False,family,anyone,compound_anchor,89,0.7447352336061431,0.5034144195249125,0.24132081408123063
no_morph,equal_feature,False,family,anything,compound_anchor,89,0.7464428269697864,0.500964696223317,0.2454781307464694
no_morph,equal_feature,False,family,anywhere,compound_anchor,89,0.8162890313059344,0.5834791613933293,0.2328098699126051
no_morph,equal_feature,False,family,everybody,compound_anchor,89,0.6706384188852103,0.5382610092061566,0.13237740967905365
no_morph,equal_feature,False,family,everyone,compound_anchor,89,0.6706384188852103,0.5382610092061566,0.13237740967905365
no_morph,equal_feature,False,family,everything,compound_anchor,89,0.7046289444082938,0.4993875715325475,0.20524137287574634
no_morph,equal_feature,False,family,everywhere,compound_anchor,89,0.7829594223278943,0.5612553842126556,0.22170403811523864
no_morph,equal_feature,False,family,nobody,compound_anchor,89,0.729016466588784,0.4634728575883,0.26554360900048407
no_morph,equal_feature,False,family,no_one,compound_anchor,89,0.729016466588784,0.4634728575883,0.26554360900048407
no_morph,equal_feature,False,family,nothing,compound_anchor,89,0.7547563739160308,0.4804307620584966,0.2743256118575342
no_morph,equal_feature,False,family,nowhere,compound_anchor,89,0.8198098162340919,0.5628815946066595,0.25692822162743234
no_morph,equal_feature,False,family,somebody,compound_anchor,89,0.733466038068959,0.47912412841198454,0.2543419096569745
no_morph,equal_feature,False,family,someone,compound_anchor,89,0.733466038068959,0.47912412841198454,0.2543419096569745
no_morph,equal_feature,False,family,something,compound_anchor,89,0.7568360111281108,0.4988313796144257,0.25800463151368513
no_morph,equal_feature,False,family,somewhere,compound_anchor,89,0.8250351360217458,0.5864655406322073,0.23856959538953848
no_morph,equal_feature,False,family,each_other,target,89,0.6275402401733168,0.7039489084330575,-0.07640866825974069
no_morph,equal_feature,False,family,one_another,target,89,0.6275402401733168,0.7039489084330575,-0.07640866825974069
no_morph,equal_feature,False,family,he,pronoun_anchor,89,0.5702063609995057,0.759233422593149,-0.18902706159364324
no_morph,equal_feature,False,family,him,pronoun_anchor,89,0.5003919384959788,0.7475335904440905,-0.24714165194811166
no_morph,equal_feature,False,family,himself,pronoun_anchor,89,0.5233490438604926,0.7613281574345082,-0.23797911357401558
no_morph,equal_feature,False,family,his,pronoun_anchor,89,0.4725633781403173,0.6864910576158971,-0.21392767947557983
no_morph,equal_feature,False,family,she,pronoun_anchor,89,0.566409099150799,0.759233422593149,-0.19282432344235
no_morph,equal_feature,False,family,her_acc,pronoun_anchor,89,0.48472125042189657,0.715870687566158,-0.23114943714426145
no_morph,equal_feature,False,family,her_dep,pronoun_anchor,89,0.599082396305323,0.7935030903701139,-0.1944206940647909
no_morph,equal_feature,False,family,hers,pronoun_anchor,89,0.4579918636193916,0.6719237646046856,-0.21393190098529402
no_morph,equal_feature,False,family,herself,pronoun_anchor,89,0.5163451229655498,0.7613281574345082,-0.24498303446895842
no_morph,equal_feature,False,family,it_plain,pronoun_anchor,89,0.5761767958005801,0.7513532329391965,-0.17517643713861641
no_morph,equal_feature,False,family,it_dum,pronoun_anchor,89,0.7387225412098886,0.8056508356780095,-0.06692829446812099
no_morph,equal_feature,False,family,its,pronoun_anchor,89,0.566539391162799,0.7356139163480245,-0.16907452518522548
no_morph,equal_feature,False,family,itself,pronoun_anchor,89,0.5654233527669432,0.7321559876236283,-0.1667326348566851
no_morph,equal_feature,False,family,I,pronoun_anchor,89,0.5748894144828935,0.7839803937126371,-0.2090909792297435
no_morph,equal_feature,False,family,me,pronoun_anchor,89,0.5381231038079419,0.7834706512125867,-0.24534754740464482
no_morph,equal_feature,False,family,mine,pronoun_anchor,89,0.43646150392458316,0.6719237646046856,-0.23546226068010245
no_morph,equal_feature,False,family,my,pronoun_anchor,89,0.601071844638155,0.8104232005350482,-0.20935135589689324
no_morph,equal_feature,False,family,myself,pronoun_anchor,89,0.4940990362963357,0.7613281574345082,-0.2672291211381725
no_morph,equal_feature,False,family,their_sing,pronoun_anchor,89,0.610549321521408,0.7779758076934411,-0.16742648617203315
no_morph,equal_feature,False,family,theirs_sing,pronoun_anchor,89,0.47020756706516026,0.653507933359907,-0.18330036629474672
no_morph,equal_feature,False,family,their_plur,pronoun_anchor,89,0.6388212299559561,0.7986295622969244,-0.15980833234096825
no_morph,equal_feature,False,family,theirs_plur,pronoun_anchor,89,0.4977443614765735,0.6720180444154903,-0.17427368293891676
no_morph,equal_feature,False,family,them_sing,pronoun_anchor,89,0.5003830177665487,0.7261772079616304,-0.22579419019508173
no_morph,equal_feature,False,family,them_plur,pronoun_anchor,89,0.5487887889994031,0.7802290897419575,-0.2314403007425544
no_morph,equal_feature,False,family,themself,pronoun_anchor,89,0.546683245415594,0.7537629613163397,-0.2070797159007457
no_morph,equal_feature,False,family,themselves,pronoun_anchor,89,0.55769934146162,0.787753441498554,-0.23005410003693394
no_morph,equal_feature,False,family,they_sing,pronoun_anchor,89,0.5704912511470183,0.7362863936649952,-0.1657951425179769
no_morph,equal_feature,False,family,they_plur,pronoun_anchor,89,0.6102598778672906,0.789328881791197,-0.17906900392390634
no_morph,equal_feature,False,family,we_pron,pronoun_anchor,89,0.542544492098719,0.7699023105577263,-0.22735781845900727
no_morph,equal_feature,False,family,us_pron,pronoun_anchor,89,0.4799934286946353,0.7556381379306109,-0.27564470923597556
no_morph,equal_feature,False,family,our,pronoun_anchor,89,0.59896902370388,0.7999885078603881,-0.20101948415650805
no_morph,equal_feature,False,family,ours,pronoun_anchor,89,0.4400024653877458,0.6626856281642065,-0.22268316277646072
no_morph,equal_feature,False,family,ourselves,pronoun_anchor,89,0.5085555301966946,0.7751383123774015,-0.26658278218070686
no_morph,equal_feature,False,family,you_pron_sing,pronoun_anchor,89,0.5177721209385203,0.7311912109077464,-0.2134190899692261
no_morph,equal_feature,False,family,you_pron_plur,pronoun_anchor,89,0.5324852850012819,0.7598643011342173,-0.22737901613293543
no_morph,equal_feature,False,family,your_sing,pronoun_anchor,89,0.627043552079936,0.7931678436537527,-0.1661242915738167
no_morph,equal_feature,False,family,yours_sing,pronoun_anchor,89,0.44942688391835184,0.6626856281642065,-0.21325874424585467
no_morph,equal_feature,False,family,your_plur,pronoun_anchor,89,0.627043552079936,0.7931678436537527,-0.1661242915738167
no_morph,equal_feature,False,family,yours_plur,pronoun_anchor,89,0.44942688391835184,0.6626856281642065,-0.21325874424585467
no_morph,equal_feature,False,family,yourself,pronoun_anchor,89,0.49098942457991673,0.7491899656776185,-0.2582005410977018
no_morph,equal_feature,False,family,yourselves,pronoun_anchor,89,0.49838588689073954,0.7705089260824779,-0.27212303919173836
no_morph_no_phon,equal_feature,False,item,anybody,compound_anchor,86,0.7376428611405782,0.4542870911754856,0.2833557699650926
no_morph_no_phon,equal_feature,False,item,anyone,compound_anchor,86,0.7376428611405782,0.4542870911754856,0.2833557699650926
no_morph_no_phon,equal_feature,False,item,anything,compound_anchor,86,0.7396764124595747,0.47085722706412364,0.2688191853954511
no_morph_no_phon,equal_feature,False,item,anywhere,compound_anchor,86,0.8109439613046883,0.5510910214223557,0.2598529398823326
no_morph_no_phon,equal_feature,False,item,everybody,compound_anchor,86,0.661191750411937,0.484139185033234,0.177052565378703
no_morph_no_phon,equal_feature,False,item,everyone,compound_anchor,86,0.661191750411937,0.484139185033234,0.177052565378703
no_morph_no_phon,equal_feature,False,item,everything,compound_anchor,86,0.69604934804303,0.4606822183981991,0.23536712964483086
no_morph_no_phon,equal_feature,False,item,everywhere,compound_anchor,86,0.7766137764129237,0.5410467476884269,0.23556702872449686
no_morph_no_phon,equal_feature,False,item,nobody,compound_anchor,86,0.7211542409288543,0.4207270040193579,0.30042723690949635
no_morph_no_phon,equal_feature,False,item,no_one,compound_anchor,86,0.7211542409288543,0.4207270040193579,0.30042723690949635
no_morph_no_phon,equal_feature,False,item,nothing,compound_anchor,86,0.7480168697774742,0.4484471737493614,0.2995696960281128
no_morph_no_phon,equal_feature,False,item,nowhere,compound_anchor,86,0.8143541265196581,0.5425104038904559,0.2718437226292022
no_morph_no_phon,equal_feature,False,item,somebody,compound_anchor,86,0.7252060197655614,0.4432026843720997,0.28200333539346173
no_morph_no_phon,equal_feature,False,item,someone,compound_anchor,86,0.7252060197655614,0.4432026843720997,0.28200333539346173
no_morph_no_phon,equal_feature,False,item,something,compound_anchor,86,0.7495060218215797,0.4753936061069995,0.27411241571458017
no_morph_no_phon,equal_feature,False,item,somewhere,compound_anchor,86,0.8190978741675597,0.57641880931736,0.24267906485019974
no_morph_no_phon,equal_feature,False,item,each_other,target,86,0.6126302625172071,0.7039489084330575,-0.09131864591585037
no_morph_no_phon,equal_feature,False,item,one_another,target,86,0.6126302625172071,0.7039489084330575,-0.09131864591585037
no_morph_no_phon,equal_feature,False,item,he,pronoun_anchor,86,0.5437443471099208,0.759233422593149,-0.21548907548322815
no_morph_no_phon,equal_feature,False,item,him,pronoun_anchor,86,0.49135995118597037,0.7392774895169049,-0.2479175383309345
no_morph_no_phon,equal_feature,False,item,himself,pronoun_anchor,86,0.5167890300124027,0.7537629613163397,-0.23697393130393696
no_morph_no_phon,equal_feature,False,item,his,pronoun_anchor,86,0.475584770261347,0.6782941010095214,-0.20270933074817438
no_morph_no_phon,equal_feature,False,item,she,pronoun_anchor,86,0.5427102478241183,0.759233422593149,-0.2165231747690307
no_morph_no_phon,equal_feature,False,item,her_acc,pronoun_anchor,86,0.477872957220117,0.7065754753758786,-0.2287025181557616
no_morph_no_phon,equal_feature,False,item,her_dep,pronoun_anchor,86,0.5939367331340686,0.7935030903701139,-0.19956635723604532
no_morph_no_phon,equal_feature,False,item,hers,pronoun_anchor,86,0.45768016685580315,0.662885747589695,-0.20520558073389183
no_morph_no_phon,equal_feature,False,item,herself,pronoun_anchor,86,0.516003084532332,0.7537629613163397,-0.23775987678400767
no_morph_no_phon,equal_feature,False,item,it_plain,pronoun_anchor,86,0.5767366600568946,0.7421772599105052,-0.1654405998536106
no_morph_no_phon,equal_feature,False,item,it_dum,pronoun_anchor,86,0.7189934306090858,0.8056508356780095,-0.08665740506892372
no_morph_no_phon,equal_feature,False,item,its,pronoun_anchor,86,0.5718390067593898,0.7277082471246075,-0.15586924036521765
no_morph_no_phon,equal_feature,False,item,itself,pronoun_anchor,86,0.5652964186373731,0.7231573575149772,-0.1578609388776041
no_morph_no_phon,equal_feature,False,item,I,pronoun_anchor,86,0.5565087349105526,0.7839803937126371,-0.22747165880208442
no_morph_no_phon,equal_feature,False,item,me,pronoun_anchor,86,0.5379057086103343,0.7767861293224186,-0.23888042071208437
no_morph_no_phon,equal_feature,False,item,mine,pronoun_anchor,86,0.4419300382880988,0.662885747589695,-0.2209557093015962
no_morph_no_phon,equal_feature,False,item,my,pronoun_anchor,86,0.599515768105765,0.8104232005350482,-0.21090743242928323
no_morph_no_phon,equal_feature,False,item,myself,pronoun_anchor,86,0.4988968808446018,0.7537629613163397,-0.25486608047173787
no_morph_no_phon,equal_feature,False,item,their_sing,pronoun_anchor,86,0.5952371625527461,0.7723534261679003,-0.1771162636151542
no_morph_no_phon,equal_feature,False,item,theirs_sing,pronoun_anchor,86,0.4567898533605222,0.6335659559634018,-0.17677610260287963
no_morph_no_phon,equal_feature,False,item,their_plur,pronoun_anchor,86,0.6208385369653264,0.793426886480882,-0.17258834951555557
no_morph_no_phon,equal_feature,False,item,theirs_plur,pronoun_anchor,86,0.48130120218022165,0.6525964741957389,-0.1712952720155172
no_morph_no_phon,equal_feature,False,item,them_sing,pronoun_anchor,86,0.4911633598932319,0.7072304516083194,-0.21606709171508753
no_morph_no_phon,equal_feature,False,item,them_plur,pronoun_anchor,86,0.530161322217525,0.7661417325361229,-0.23598041031859796
no_morph_no_phon,equal_feature,False,item,themself,pronoun_anchor,86,0.5399816125345817,0.7370861356886015,-0.19710452315401983
no_morph_no_phon,equal_feature,False,item,themselves,pronoun_anchor,86,0.5438888843574133,0.7742622600930239,-0.23037337573561056
no_morph_no_phon,equal_feature,False,item,they_sing,pronoun_anchor,86,0.5449886939056242,0.7264074249003685,-0.18141873099474426
no_morph_no_phon,equal_feature,False,item,they_plur,pronoun_anchor,86,0.573574400087743,0.7818560015020378,-0.20828160141429486
no_morph_no_phon,equal_feature,False,item,we_pron,pronoun_anchor,86,0.5190448108244076,0.7699023105577263,-0.2508574997333187
no_morph_no_phon,equal_feature,False,item,us_pron,pronoun_anchor,86,0.47245621819290023,0.7482121668910094,-0.2757559486981092
no_morph_no_phon,equal_feature,False,item,our,pronoun_anchor,86,0.5930064461418437,0.7999885078603881,-0.20698206171854439
no_morph_no_phon,equal_feature,False,item,ours,pronoun_anchor,86,0.43773450955578685,0.653507933359907,-0.21577342380412012
no_morph_no_phon,equal_feature,False,item,ourselves,pronoun_anchor,86,0.5098095824552388,0.7682759393234415,-0.25846635686820274
no_morph_no_phon,equal_feature,False,item,you_pron_sing,pronoun_anchor,86,0.5108027425596791,0.7226181414574205,-0.21181539889774148
no_morph_no_phon,equal_feature,False,item,you_pron_plur,pronoun_anchor,86,0.5192684290228784,0.7529079806653336,-0.2336395516424552
no_morph_no_phon,equal_feature,False,item,your_sing,pronoun_anchor,86,0.6003132978508964,0.7931678436537527,-0.19285454580285633
no_morph_no_phon,equal_feature,False,item,yours_sing,pronoun_anchor,86,0.43773450955578685,0.653507933359907,-0.21577342380412012
no_morph_no_phon,equal_feature,False,item,your_plur,pronoun_anchor,86,0.6003132978508965,0.7931678436537527,-0.19285454580285621
no_morph_no_phon,equal_feature,False,item,yours_plur,pronoun_anchor,86,0.43773450955578685,0.653507933359907,-0.21577342380412012
no_morph_no_phon,equal_feature,False,item,yourself,pronoun_anchor,86,0.49465002375501294,0.7413400794514358,-0.24669005569642283
no_morph_no_phon,equal_feature,False,item,yourselves,pronoun_anchor,86,0.4949335986636024,0.7638186788226893,-0.26888508015908685
no_morph_no_phon,equal_feature,False,family,anybody,compound_anchor,86,0.7376428611405782,0.5034144195249125,0.2342284416156657
no_morph_no_phon,equal_feature,False,family,anyone,compound_anchor,86,0.7376428611405782,0.5034144195249125,0.2342284416156657
no_morph_no_phon,equal_feature,False,family,anything,compound_anchor,86,0.7396764124595747,0.500964696223317,0.23871171623625775
no_morph_no_phon,equal_feature,False,family,anywhere,compound_anchor,86,0.8109439613046883,0.5834791613933293,0.22746479991135893
no_morph_no_phon,equal_feature,False,family,everybody,compound_anchor,86,0.661191750411937,0.5382610092061566,0.1229307412057804
no_morph_no_phon,equal_feature,False,family,everyone,compound_anchor,86,0.661191750411937,0.5382610092061566,0.1229307412057804
no_morph_no_phon,equal_feature,False,family,everything,compound_anchor,86,0.69604934804303,0.4993875715325475,0.1966617765104825
no_morph_no_phon,equal_feature,False,family,everywhere,compound_anchor,86,0.7766137764129237,0.5612553842126556,0.2153583922002681
no_morph_no_phon,equal_feature,False,family,nobody,compound_anchor,86,0.7211542409288543,0.4634728575883,0.2576813833405543
no_morph_no_phon,equal_feature,False,family,no_one,compound_anchor,86,0.7211542409288543,0.4634728575883,0.2576813833405543
no_morph_no_phon,equal_feature,False,family,nothing,compound_anchor,86,0.7480168697774742,0.4804307620584966,0.26758610771897756
no_morph_no_phon,equal_feature,False,family,nowhere,compound_anchor,86,0.8143541265196581,0.5628815946066595,0.25147253191299856
no_morph_no_phon,equal_feature,False,family,somebody,compound_anchor,86,0.7252060197655614,0.47912412841198454,0.2460818913535769
no_morph_no_phon,equal_feature,False,family,someone,compound_anchor,86,0.7252060197655614,0.47912412841198454,0.2460818913535769
no_morph_no_phon,equal_feature,False,family,something,compound_anchor,86,0.7495060218215797,0.4988313796144257,0.25067464220715396
no_morph_no_phon,equal_feature,False,family,somewhere,compound_anchor,86,0.8190978741675597,0.5864655406322073,0.2326323335353524
no_morph_no_phon,equal_feature,False,family,each_other,target,86,0.6126302625172071,0.7039489084330575,-0.09131864591585037
no_morph_no_phon,equal_feature,False,family,one_another,target,86,0.6126302625172071,0.7039489084330575,-0.09131864591585037
no_morph_no_phon,equal_feature,False,family,he,pronoun_anchor,86,0.553254983964061,0.759233422593149,-0.20597843862908793
no_morph_no_phon,equal_feature,False,family,him,pronoun_anchor,86,0.50093522502787,0.7392774895169049,-0.23834226448903484
no_morph_no_phon,equal_feature,False,family,himself,pronoun_anchor,86,0.5246919857283824,0.7537629613163397,-0.2290709755879573
no_morph_no_phon,equal_feature,False,family,his,pronoun_anchor,86,0.4720153319200572,0.6782941010095214,-0.2062787690894642
no_morph_no_phon,equal_feature,False,family,she,pronoun_anchor,86,0.5490933058290239,0.759233422593149,-0.21014011676412503
no_morph_no_phon,equal_feature,False,family,her_acc,pronoun_anchor,86,0.4849780674569206,0.7065754753758786,-0.221597407918958
no_morph_no_phon,equal_feature,False,family,her_dep,pronoun_anchor,86,0.5897925550556763,0.7935030903701139,-0.2037105353144376
no_morph_no_phon,equal_feature,False,family,hers,pronoun_anchor,86,0.45729828565076475,0.662885747589695,-0.20558746193893024
no_morph_no_phon,equal_feature,False,family,herself,pronoun_anchor,86,0.5178681335589228,0.7537629613163397,-0.23589482775741688
no_morph_no_phon,equal_feature,False,family,it_plain,pronoun_anchor,86,0.5780988112590013,0.7421772599105052,-0.1640784486515039
no_morph_no_phon,equal_feature,False,family,it_dum,pronoun_anchor,86,0.7271577098264627,0.8056508356780095,-0.07849312585154689
no_morph_no_phon,equal_feature,False,family,its,pronoun_anchor,86,0.5695402829677241,0.7277082471246075,-0.1581679641568834
no_morph_no_phon,equal_feature,False,family,itself,pronoun_anchor,86,0.5680310202915115,0.7231573575149772,-0.1551263372234657
no_morph_no_phon,equal_feature,False,family,I,pronoun_anchor,86,0.5579660144165353,0.7839803937126371,-0.2260143792961018
no_morph_no_phon,equal_feature,False,family,me,pronoun_anchor,86,0.5414631899163581,0.7767861293224186,-0.23532293940606053
no_morph_no_phon,equal_feature,False,family,mine,pronoun_anchor,86,0.4351642217057371,0.662885747589695,-0.2277215258839579
no_morph_no_phon,equal_feature,False,family,my,pronoun_anchor,86,0.5920521682847757,0.8104232005350482,-0.21837103225027255
no_morph_no_phon,equal_feature,False,family,myself,pronoun_anchor,86,0.4948952567724761,0.7537629613163397,-0.2588677045438636
no_morph_no_phon,equal_feature,False,family,their_sing,pronoun_anchor,86,0.5932785495870824,0.7723534261679003,-0.1790748765808179
no_morph_no_phon,equal_feature,False,family,theirs_sing,pronoun_anchor,86,0.45825568470734246,0.6335659559634018,-0.17531027125605936
no_morph_no_phon,equal_feature,False,family,their_plur,pronoun_anchor,86,0.6225145249172136,0.793426886480882,-0.1709123615636684
no_morph_no_phon,equal_feature,False,family,theirs_plur,pronoun_anchor,86,0.4872878267424013,0.6525964741957389,-0.16530864745333756
no_morph_no_phon,equal_feature,False,family,them_sing,pronoun_anchor,86,0.486803733444595,0.7072304516083194,-0.22042671816372444
no_morph_no_phon,equal_feature,False,family,them_plur,pronoun_anchor,86,0.5403566661623675,0.7661417325361229,-0.2257850663737554
no_morph_no_phon,equal_feature,False,family,themself,pronoun_anchor,86,0.5359919955556601,0.7370861356886015,-0.20109414013294136
no_morph_no_phon,equal_feature,False,family,themselves,pronoun_anchor,86,0.5492359456813277,0.7742622600930239,-0.22502631441169618
no_morph_no_phon,equal_feature,False,family,they_sing,pronoun_anchor,86,0.5380548963161348,0.7264074249003685,-0.18835252858423368
no_morph_no_phon,equal_feature,False,family,they_plur,pronoun_anchor,86,0.5825095637791523,0.7818560015020378,-0.19934643772288552
no_morph_no_phon,equal_feature,False,family,we_pron,pronoun_anchor,86,0.5253611156234697,0.7699023105577263,-0.24454119493425663
no_morph_no_phon,equal_feature,False,family,us_pron,pronoun_anchor,86,0.48026267936623906,0.7482121668910094,-0.2679494875247704
no_morph_no_phon,equal_feature,False,family,our,pronoun_anchor,86,0.5899633365026672,0.7999885078603881,-0.21002517135772092
no_morph_no_phon,equal_feature,False,family,ours,pronoun_anchor,86,0.438753604666135,0.653507933359907,-0.21475432869377198
no_morph_no_phon,equal_feature,False,family,ourselves,pronoun_anchor,86,0.5099159825778229,0.7682759393234415,-0.2583599567456186
no_morph_no_phon,equal_feature,False,family,you_pron_sing,pronoun_anchor,86,0.5178478506592887,0.7226181414574205,-0.2047702907981318
no_morph_no_phon,equal_feature,False,family,you_pron_plur,pronoun_anchor,86,0.5331301254890907,0.7529079806653336,-0.21977785517624293
no_morph_no_phon,equal_feature,False,family,your_sing,pronoun_anchor,86,0.6186025231935518,0.7931678436537527,-0.1745653204602009
no_morph_no_phon,equal_feature,False,family,yours_sing,pronoun_anchor,86,0.44702891352081264,0.653507933359907,-0.20647901983909434
no_morph_no_phon,equal_feature,False,family,your_plur,pronoun_anchor,86,0.6186025231935518,0.7931678436537527,-0.1745653204602009
no_morph_no_phon,equal_feature,False,family,yours_plur,pronoun_anchor,86,0.44702891352081264,0.653507933359907,-0.20647901983909434
no_morph_no_phon,equal_feature,False,family,yourself,pronoun_anchor,86,0.48983465142754185,0.7413400794514358,-0.2515054280238939
no_morph_no_phon,equal_feature,False,family,yourselves,pronoun_anchor,86,0.4976206924581145,0.7638186788226893,-0.26619798636457476
all,equal_block_total,False,item,anybody,compound_anchor,154,0.8189748231966288,0.4691042663327707,0.34987055686385815
all,equal_block_total,False,item,anyone,compound_anchor,154,0.8189748231966288,0.46917138710024275,0.3498034360963861
all,equal_block_total,False,item,anything,compound_anchor,154,0.8243576924228709,0.4814831293436531,0.3428745630792178
all,equal_block_total,False,item,anywhere,compound_anchor,154,0.8832118921504001,0.5590500811781768,0.3241618109722233
all,equal_block_total,False,item,everybody,compound_anchor,154,0.772562741785037,0.49997980226253635,0.2725829395225007
all,equal_block_total,False,item,everyone,compound_anchor,154,0.772562741785037,0.5000294769787983,0.27253326480623874
all,equal_block_total,False,item,everything,compound_anchor,154,0.7942784701734605,0.4765922622658085,0.31768620790765206
all,equal_block_total,False,item,everywhere,compound_anchor,154,0.8438437969935504,0.540032939637639,0.3038108573559114
all,equal_block_total,False,item,nobody,compound_anchor,154,0.8060086078804307,0.4379275919330733,0.3680810159473574
all,equal_block_total,False,item,no_one,compound_anchor,154,0.8084429741978237,0.4482055033065198,0.3602374708913039
all,equal_block_total,False,item,nothing,compound_anchor,154,0.8359644771023091,0.46974859887394066,0.3662158782283685
all,equal_block_total,False,item,nowhere,compound_anchor,154,0.8809530749612597,0.5456298384621666,0.3353232364990931
all,equal_block_total,False,item,somebody,compound_anchor,154,0.8110369049098356,0.4536983973348742,0.3573385075749614
all,equal_block_total,False,item,someone,compound_anchor,154,0.8110369049098356,0.4537879760077877,0.3572489289020479
all,equal_block_total,False,item,something,compound_anchor,154,0.8285605651953525,0.47702723495410937,0.3515333302412431
all,equal_block_total,False,item,somewhere,compound_anchor,154,0.8873084034169157,0.5694249448010387,0.3178834586158771
all,equal_block_total,False,item,each_other,target,154,0.753363309751842,0.6815694993430186,0.07179381040882338
all,equal_block_total,False,item,one_another,target,154,0.7601216628687412,0.6869940200268123,0.07312764284192885
all,equal_block_total,False,item,he,pronoun_anchor,154,0.6644571134541036,0.7897055293012865,-0.12524841584718283
all,equal_block_total,False,item,him,pronoun_anchor,154,0.496416471360995,0.8396261536169971,-0.3432096822560021
all,equal_block_total,False,item,himself,pronoun_anchor,154,0.5140665353193927,0.8179623313700974,-0.3038957960507047
all,equal_block_total,False,item,his,pronoun_anchor,154,0.4726556052977949,0.7900754163485764,-0.3174198110507815
all,equal_block_total,False,item,she,pronoun_anchor,154,0.652837726689633,0.793454409473653,-0.14061668278401995
all,equal_block_total,False,item,her_acc,pronoun_anchor,154,0.47732498794847106,0.823710403341655,-0.34638541539318396
all,equal_block_total,False,item,her_dep,pronoun_anchor,154,0.6556892677513432,0.8249482573878322,-0.169258989636489
all,equal_block_total,False,item,hers,pronoun_anchor,154,0.4651506244731527,0.7853922126945367,-0.32024158822138404
all,equal_block_total,False,item,herself,pronoun_anchor,154,0.5043484349020952,0.8201692353464731,-0.3158208004443779
all,equal_block_total,False,item,it_plain,pronoun_anchor,154,0.551979490294499,0.840788600385285,-0.288809110090786
all,equal_block_total,False,item,it_dum,pronoun_anchor,154,0.8235665790372405,0.8063119052755163,0.017254673761724182
all,equal_block_total,False,item,its,pronoun_anchor,154,0.5492675392721551,0.8212238492838185,-0.2719563100116634
all,equal_block_total,False,item,itself,pronoun_anchor,154,0.5557304971527828,0.7997888843350377,-0.24405838718225492
all,equal_block_total,False,item,I,pronoun_anchor,154,0.6607856563159071,0.8161394361231514,-0.1553537798072443
all,equal_block_total,False,item,me,pronoun_anchor,154,0.4999359317889674,0.8582344155608566,-0.35829848377188916
all,equal_block_total,False,item,mine,pronoun_anchor,154,0.4449897170868541,0.7853922126945367,-0.34040249560768265
all,equal_block_total,False,item,my,pronoun_anchor,154,0.6595016287088311,0.8418936299156019,-0.1823920012067708
all,equal_block_total,False,item,myself,pronoun_anchor,154,0.49413653778994016,0.8201692353464731,-0.32603269755653297
all,equal_block_total,False,item,their_sing,pronoun_anchor,154,0.6656710749183588,0.8501743168044997,-0.18450324188614098
all,equal_block_total,False,item,theirs_sing,pronoun_anchor,154,0.5088757932746979,0.8177582127065046,-0.3088824194318067
all,equal_block_total,False,item,their_plur,pronoun_anchor,154,0.6828514714327578,0.867369836887577,-0.18451836545481914
all,equal_block_total,False,item,theirs_plur,pronoun_anchor,154,0.5226699128444576,0.8314744614285481,-0.30880454858409045
all,equal_block_total,False,item,them_sing,pronoun_anchor,154,0.5284567971989022,0.8632464767782198,-0.3347896795793176
all,equal_block_total,False,item,them_plur,pronoun_anchor,154,0.5417505471673904,0.8881186198545402,-0.34636807268714986
all,equal_block_total,False,item,themself,pronoun_anchor,154,0.5555639093397827,0.853905377409087,-0.2983414680693043
all,equal_block_total,False,item,themselves,pronoun_anchor,154,0.5532970497951875,0.8702672614270438,-0.31697021163185635
all,equal_block_total,False,item,they_sing,pronoun_anchor,154,0.674030803965979,0.8374714715236656,-0.1634406675576866
all,equal_block_total,False,item,they_plur,pronoun_anchor,154,0.6828015974575683,0.8696131791497219,-0.18681158169215362
all,equal_block_total,False,item,we_pron,pronoun_anchor,154,0.6393635386928092,0.8065703392761552,-0.16720680058334603
all,equal_block_total,False,item,us_pron,pronoun_anchor,154,0.4811768021996888,0.8410496026107842,-0.35987280041109543
all,equal_block_total,False,item,our,pronoun_anchor,154,0.6537678792067156,0.8312429670251748,-0.1774750878184591
all,equal_block_total,False,item,ours,pronoun_anchor,154,0.45755744663081366,0.7797697898077248,-0.32221234317691116
all,equal_block_total,False,item,ourselves,pronoun_anchor,154,0.5055101166323546,0.8305250850454233,-0.32501496841306876
all,equal_block_total,False,item,you_pron_sing,pronoun_anchor,154,0.5011336338887176,0.8217916180668317,-0.3206579841781141
all,equal_block_total,False,item,you_pron_plur,pronoun_anchor,154,0.503183389809968,0.8358905711713028,-0.3327071813613348
all,equal_block_total,False,item,your_sing,pronoun_anchor,154,0.6609493253859193,0.828365743732489,-0.16741641834656962
all,equal_block_total,False,item,yours_sing,pronoun_anchor,154,0.46310938163115,0.782152950078769,-0.31904356844761894
all,equal_block_total,False,item,your_plur,pronoun_anchor,154,0.6609493253859193,0.828365743732489,-0.16741641834656962
all,equal_block_total,False,item,yours_plur,pronoun_anchor,154,0.46405687835181125,0.7713500963168938,-0.3072932179650825
all,equal_block_total,False,item,yourself,pronoun_anchor,154,0.4976384927953247,0.8131430781295891,-0.3155045853342644
all,equal_block_total,False,item,yourselves,pronoun_anchor,154,0.49528753953756766,0.8254742498213571,-0.33018671028378943
all,equal_block_total,False,family,anybody,compound_anchor,154,0.8189748231966288,0.5166461888984086,0.3023286342982202
all,equal_block_total,False,family,anyone,compound_anchor,154,0.8189748231966288,0.5167300898577486,0.30224473333888024
all,equal_block_total,False,family,anything,compound_anchor,154,0.8243576924228709,0.5150263331660798,0.3093313592567911
all,equal_block_total,False,family,anywhere,compound_anchor,154,0.8832118921504001,0.5923471592125306,0.2908647329378695
all,equal_block_total,False,family,everybody,compound_anchor,154,0.772562741785037,0.556470327686167,0.21609241409887003
all,equal_block_total,False,family,everyone,compound_anchor,154,0.772562741785037,0.5565324210814945,0.21603032070354256
all,equal_block_total,False,family,everything,compound_anchor,154,0.7942784701734605,0.5204387439341078,0.2738397262393527
all,equal_block_total,False,family,everywhere,compound_anchor,154,0.8438437969935504,0.5678830965526198,0.2759607004409306
all,equal_block_total,False,family,nobody,compound_anchor,154,0.8060086078804307,0.4753836309373862,0.3306249769430445
all,equal_block_total,False,family,no_one,compound_anchor,154,0.8084429741978237,0.4860596188567495,0.32238335534107426
all,equal_block_total,False,family,nothing,compound_anchor,154,0.8359644771023091,0.5020988629448331,0.33386561415747606
all,equal_block_total,False,family,nowhere,compound_anchor,154,0.8809530749612597,0.5685544306217706,0.31239864433948916
all,equal_block_total,False,family,somebody,compound_anchor,154,0.8110369049098356,0.48966684981192937,0.3213700550979062
all,equal_block_total,False,family,someone,compound_anchor,154,0.8110369049098356,0.48977882315307125,0.32125808175676435
all,equal_block_total,False,family,something,compound_anchor,154,0.8285605651953525,0.5039005642899274,0.32466000090542513
all,equal_block_total,False,family,somewhere,compound_anchor,154,0.8873084034169157,0.5849505187544689,0.30235788466244684
all,equal_block_total,False,family,each_other,target,154,0.753363309751842,0.6815694993430186,0.07179381040882338
all,equal_block_total,False,family,one_another,target,154,0.7601216628687412,0.6869940200268123,0.07312764284192885
all,equal_block_total,False,family,he,pronoun_anchor,154,0.6696678450125336,0.7897055293012865,-0.12003768428875283
all,equal_block_total,False,family,him,pronoun_anchor,154,0.5066366569351475,0.8396261536169971,-0.33298949668184963
all,equal_block_total,False,family,himself,pronoun_anchor,154,0.5223771236190136,0.8179623313700974,-0.2955852077510839
all,equal_block_total,False,family,his,pronoun_anchor,154,0.4748988498716759,0.7900754163485764,-0.31517656647690045
all,equal_block_total,False,family,she,pronoun_anchor,154,0.6585574496240352,0.793454409473653,-0.1348969598496178
all,equal_block_total,False,family,her_acc,pronoun_anchor,154,0.48336855638640347,0.823710403341655,-0.34034184695525155
all,equal_block_total,False,family,her_dep,pronoun_anchor,154,0.6561730749653273,0.8249482573878322,-0.1687751824225049
all,equal_block_total,False,family,hers,pronoun_anchor,154,0.467346107425782,0.7853922126945367,-0.31804610526875476
all,equal_block_total,False,family,herself,pronoun_anchor,154,0.5067239849642866,0.8201692353464731,-0.3134452503821865
all,equal_block_total,False,family,it_plain,pronoun_anchor,154,0.5572935154419529,0.840788600385285,-0.2834950849433321
all,equal_block_total,False,family,it_dum,pronoun_anchor,154,0.8278715840337824,0.8063119052755163,0.021559678758266032
all,equal_block_total,False,family,its,pronoun_anchor,154,0.552332925335761,0.8212238492838185,-0.2688909239480576
all,equal_block_total,False,family,itself,pronoun_anchor,154,0.562005297041484,0.7997888843350377,-0.23778358729355364
all,equal_block_total,False,family,I,pronoun_anchor,154,0.6645316443175121,0.8161394361231514,-0.15160779180563932
all,equal_block_total,False,family,me,pronoun_anchor,154,0.5025793281299662,0.8582344155608566,-0.35565508743089036
all,equal_block_total,False,family,mine,pronoun_anchor,154,0.44206545400147523,0.7853922126945367,-0.3433267586930615
all,equal_block_total,False,family,my,pronoun_anchor,154,0.6572444847880397,0.8418936299156019,-0.18464914512756225
all,equal_block_total,False,family,myself,pronoun_anchor,154,0.4919506825264544,0.8201692353464731,-0.3282185528200187
all,equal_block_total,False,family,their_sing,pronoun_anchor,154,0.7205370407101749,0.8501743168044997,-0.12963727609432485
all,equal_block_total,False,family,theirs_sing,pronoun_anchor,154,0.5572883115343454,0.8177582127065046,-0.2604699011721592
all,equal_block_total,False,family,their_plur,pronoun_anchor,154,0.7410157984649851,0.867369836887577,-0.12635403842259185
all,equal_block_total,False,family,theirs_plur,pronoun_anchor,154,0.5743561076424845,0.8314744614285481,-0.2571183537860636
all,equal_block_total,False,family,them_sing,pronoun_anchor,154,0.5768266459756887,0.8632464767782198,-0.2864198308025311
all,equal_block_total,False,family,them_plur,pronoun_anchor,154,0.5965815018348924,0.8881186198545402,-0.29153711801964777
all,equal_block_total,False,family,themself,pronoun_anchor,154,0.6032525837285286,0.853905377409087,-0.2506527936805584
all,equal_block_total,False,family,themselves,pronoun_anchor,154,0.6048016547190377,0.8702672614270438,-0.2654656067080061
all,equal_block_total,False,family,they_sing,pronoun_anchor,154,0.7335831403368156,0.8374714715236656,-0.10388833118685004
all,equal_block_total,False,family,they_plur,pronoun_anchor,154,0.7497940902574501,0.8696131791497219,-0.11981908889227177
all,equal_block_total,False,family,we_pron,pronoun_anchor,154,0.6454769299403386,0.8065703392761552,-0.16109340933581662
all,equal_block_total,False,family,us_pron,pronoun_anchor,154,0.48499925954512285,0.8410496026107842,-0.35605034306566136
all,equal_block_total,False,family,our,pronoun_anchor,154,0.6540832420721199,0.8312429670251748,-0.17715972495305488
all,equal_block_total,False,family,ours,pronoun_anchor,154,0.4595902777272393,0.7797697898077248,-0.3201795120804855
all,equal_block_total,False,family,ourselves,pronoun_anchor,154,0.5054271346840455,0.8305250850454233,-0.3250979503613778
all,equal_block_total,False,family,you_pron_sing,pronoun_anchor,154,0.522266248194467,0.8217916180668317,-0.29952536987236467
all,equal_block_total,False,family,you_pron_plur,pronoun_anchor,154,0.5285898880670231,0.8358905711713028,-0.3073006831042797
all,equal_block_total,False,family,your_sing,pronoun_anchor,154,0.6826604605709115,0.828365743732489,-0.1457052831615775
all,equal_block_total,False,family,yours_sing,pronoun_anchor,154,0.4872780148416119,0.782152950078769,-0.2948749352371571
all,equal_block_total,False,family,your_plur,pronoun_anchor,154,0.6826604605709115,0.828365743732489,-0.1457052831615775
all,equal_block_total,False,family,yours_plur,pronoun_anchor,154,0.48956775587079426,0.7713500963168938,-0.2817823404460995
all,equal_block_total,False,family,yourself,pronoun_anchor,154,0.5145045257963902,0.8131430781295891,-0.2986385523331989
all,equal_block_total,False,family,yourselves,pronoun_anchor,154,0.5169459923364338,0.8254742498213571,-0.3085282574849233
no_morph,equal_block_total,False,item,anybody,compound_anchor,89,0.8061223008958084,0.46765796515192154,0.33846433574388685
no_morph,equal_block_total,False,item,anyone,compound_anchor,89,0.8061223008958084,0.46765796515192154,0.33846433574388685
no_morph,equal_block_total,False,item,anything,compound_anchor,89,0.8136502702486016,0.4833134813340534,0.3303367889145482
no_morph,equal_block_total,False,item,anywhere,compound_anchor,89,0.868610297015012,0.561129778914281,0.30748051810073107
no_morph,equal_block_total,False,item,everybody,compound_anchor,89,0.7475960416733383,0.5005611530800369,0.24703488859330136
no_morph,equal_block_total,False,item,everyone,compound_anchor,89,0.7475960416733383,0.5005611530800369,0.24703488859330136
no_morph,equal_block_total,False,item,everything,compound_anchor,89,0.7752081969124603,0.47334128941206366,0.3018669075003967
no_morph,equal_block_total,False,item,everywhere,compound_anchor,89,0.8338902688946301,0.5476153999255087,0.28627486896912147
no_morph,equal_block_total,False,item,nobody,compound_anchor,89,0.7907186048066341,0.4291659187886843,0.3615526860179498
no_morph,equal_block_total,False,item,no_one,compound_anchor,89,0.7907186048066341,0.4291659187886843,0.3615526860179498
no_morph,equal_block_total,False,item,nothing,compound_anchor,89,0.8138806912898434,0.4544249349636416,0.3594557563262018
no_morph,equal_block_total,False,item,nowhere,compound_anchor,89,0.865411195222031,0.5446078025423943,0.32080339267963676
no_morph,equal_block_total,False,item,somebody,compound_anchor,89,0.7960774947035019,0.44843370999417026,0.3476437847093316
no_morph,equal_block_total,False,item,someone,compound_anchor,89,0.7960774947035019,0.44843370999417026,0.3476437847093316
no_morph,equal_block_total,False,item,something,compound_anchor,89,0.8185801574268188,0.4778717538392313,0.34070840358758747
no_morph,equal_block_total,False,item,somewhere,compound_anchor,89,0.8719489172183191,0.5733472662291372,0.2986016509891819
no_morph,equal_block_total,False,item,each_other,target,89,0.7248166149678301,0.7061545503014847,0.018662064666345457
no_morph,equal_block_total,False,item,one_another,target,89,0.7248166149678301,0.7061545503014847,0.018662064666345457
no_morph,equal_block_total,False,item,he,pronoun_anchor,89,0.682065520526261,0.7522165992198874,-0.07015107869362636
no_morph,equal_block_total,False,item,him,pronoun_anchor,89,0.4735949713524786,0.8192994565888951,-0.34570448523641656
no_morph,equal_block_total,False,item,himself,pronoun_anchor,89,0.4905660376090137,0.8276764839775379,-0.3371104463685242
no_morph,equal_block_total,False,item,his,pronoun_anchor,89,0.46320065318289094,0.76944130558938,-0.306240652406489
no_morph,equal_block_total,False,item,she,pronoun_anchor,89,0.6809023322089918,0.7522165992198874,-0.0713142670108956
no_morph,equal_block_total,False,item,her_acc,pronoun_anchor,89,0.4665096387937246,0.8002843671848321,-0.3337747283911075
no_morph,equal_block_total,False,item,her_dep,pronoun_anchor,89,0.6773717214884734,0.7958544289147471,-0.11848270742627376
no_morph,equal_block_total,False,item,hers,pronoun_anchor,89,0.4530099792426956,0.7606364145741799,-0.30762643533148426
no_morph,equal_block_total,False,item,herself,pronoun_anchor,89,0.48987783001126617,0.8276764839775379,-0.33779865396627173
no_morph,equal_block_total,False,item,it_plain,pronoun_anchor,89,0.5343704472319691,0.8239332499900582,-0.2895628027580891
no_morph,equal_block_total,False,item,it_dum,pronoun_anchor,89,0.8210598363972192,0.8044548888047577,0.01660494759246156
no_morph,equal_block_total,False,item,its,pronoun_anchor,89,0.5247321504118742,0.8009343859532785,-0.27620223554140433
no_morph,equal_block_total,False,item,itself,pronoun_anchor,89,0.5281669555800015,0.8066513708656395,-0.27848441528563805
no_morph,equal_block_total,False,item,I,pronoun_anchor,89,0.6905744008618679,0.7810640197009403,-0.09048961883907236
no_morph,equal_block_total,False,item,me,pronoun_anchor,89,0.4980008726682327,0.84409896219211,-0.34609808952387733
no_morph,equal_block_total,False,item,mine,pronoun_anchor,89,0.4397032880401056,0.7606364145741799,-0.32093312653407424
no_morph,equal_block_total,False,item,my,pronoun_anchor,89,0.6801105647989286,0.8166202147696604,-0.13650964997073178
no_morph,equal_block_total,False,item,myself,pronoun_anchor,89,0.4760347583036282,0.8276764839775379,-0.3516417256739097
no_morph,equal_block_total,False,item,their_sing,pronoun_anchor,89,0.6890673454616998,0.8324896460736969,-0.14342230061199712
no_morph,equal_block_total,False,item,theirs_sing,pronoun_anchor,89,0.5017861438696772,0.7982690350471358,-0.2964828911774585
no_morph,equal_block_total,False,item,their_plur,pronoun_anchor,89,0.7090223224573761,0.8525115816554367,-0.14348925919806066
no_morph,equal_block_total,False,item,theirs_plur,pronoun_anchor,89,0.5172945740459817,0.8136819452149553,-0.2963873711689736
no_morph,equal_block_total,False,item,them_sing,pronoun_anchor,89,0.5274235995554506,0.8477635343797192,-0.3203399348242686
no_morph,equal_block_total,False,item,them_plur,pronoun_anchor,89,0.5428989474649066,0.8773269959711123,-0.33442804850620567
no_morph,equal_block_total,False,item,themself,pronoun_anchor,89,0.5547071681834254,0.8629453648684412,-0.30823819668501584
no_morph,equal_block_total,False,item,themselves,pronoun_anchor,89,0.5521769392388899,0.881300230462216,-0.32912329122332606
no_morph,equal_block_total,False,item,they_sing,pronoun_anchor,89,0.6995903004689902,0.8121923981081587,-0.11260209763916851
no_morph,equal_block_total,False,item,they_plur,pronoun_anchor,89,0.7095095143884387,0.8522043276487412,-0.14269481326030253
no_morph,equal_block_total,False,item,we_pron,pronoun_anchor,89,0.6540455459063418,0.7644815311338164,-0.11043598522747466
no_morph,equal_block_total,False,item,us_pron,pronoun_anchor,89,0.45691279287316,0.8219377798060417,-0.36502498693288166
no_morph,equal_block_total,False,item,our,pronoun_anchor,89,0.6732591637572878,0.8037061757870886,-0.1304470120298008
no_morph,equal_block_total,False,item,ours,pronoun_anchor,89,0.4367766714652622,0.7515746211775024,-0.3147979497122402
no_morph,equal_block_total,False,item,ourselves,pronoun_anchor,89,0.48405560603713615,0.8371513618020345,-0.3530957557648984
no_morph,equal_block_total,False,item,you_pron_sing,pronoun_anchor,89,0.48471269218248747,0.8101124405808435,-0.32539974839835606
no_morph,equal_block_total,False,item,you_pron_plur,pronoun_anchor,89,0.4890184116798067,0.8275254161931869,-0.33850700451338017
no_morph,equal_block_total,False,item,your_sing,pronoun_anchor,89,0.6767917021526089,0.7975999909209603,-0.12080828876835148
no_morph,equal_block_total,False,item,yours_sing,pronoun_anchor,89,0.4367766714652623,0.7515746211775024,-0.3147979497122401
no_morph,equal_block_total,False,item,your_plur,pronoun_anchor,89,0.6767917021526089,0.7975999909209603,-0.12080828876835148
no_morph,equal_block_total,False,item,yours_plur,pronoun_anchor,89,0.4367766714652623,0.7515746211775024,-0.3147979497122401
no_morph,equal_block_total,False,item,yourself,pronoun_anchor,89,0.47333100626206637,0.8166577073608956,-0.34332670109882923
no_morph,equal_block_total,False,item,yourselves,pronoun_anchor,89,0.47240167334963734,0.8308568033218515,-0.3584551299722142
no_morph,equal_block_total,False,family,anybody,compound_anchor,89,0.8061223008958084,0.5181445740778599,0.28797772681794853
no_morph,equal_block_total,False,family,anyone,compound_anchor,89,0.8061223008958084,0.5181445740778599,0.28797772681794853
no_morph,equal_block_total,False,family,anything,compound_anchor,89,0.8136502702486016,0.5167417152795022,0.2969085549690994
no_morph,equal_block_total,False,family,anywhere,compound_anchor,89,0.868610297015012,0.5950651954323809,0.2735451015826311
no_morph,equal_block_total,False,family,everybody,compound_anchor,89,0.7475960416733383,0.5568142090377664,0.1907818326355719
no_morph,equal_block_total,False,family,everyone,compound_anchor,89,0.7475960416733383,0.5568142090377664,0.1907818326355719
no_morph,equal_block_total,False,family,everything,compound_anchor,89,0.7752081969124603,0.5139097441484678,0.26129845276399255
no_morph,equal_block_total,False,family,everywhere,compound_anchor,89,0.8338902688946301,0.5692580297105326,0.2646322391840975
no_morph,equal_block_total,False,family,nobody,compound_anchor,89,0.7907186048066341,0.4718066551089988,0.31891194969763537
no_morph,equal_block_total,False,family,no_one,compound_anchor,89,0.7907186048066341,0.4718066551089988,0.31891194969763537
no_morph,equal_block_total,False,family,nothing,compound_anchor,89,0.8138806912898434,0.48705305115028935,0.32682764013955407
no_morph,equal_block_total,False,family,nowhere,compound_anchor,89,0.865411195222031,0.5658952665899672,0.2995159286320638
no_morph,equal_block_total,False,family,somebody,compound_anchor,89,0.7960774947035019,0.48514650346399407,0.3109309912395078
no_morph,equal_block_total,False,family,someone,compound_anchor,89,0.7960774947035019,0.48514650346399407,0.3109309912395078
no_morph,equal_block_total,False,family,something,compound_anchor,89,0.8185801574268188,0.5031977415833834,0.3153824158434354
no_morph,equal_block_total,False,family,somewhere,compound_anchor,89,0.8719489172183191,0.5859606913705658,0.2859882258477533
no_morph,equal_block_total,False,family,each_other,target,89,0.7248166149678301,0.7061545503014847,0.018662064666345457
no_morph,equal_block_total,False,family,one_another,target,89,0.7248166149678301,0.7061545503014847,0.018662064666345457
no_morph,equal_block_total,False,family,he,pronoun_anchor,89,0.6871584575886809,0.7522165992198874,-0.06505814163120649
no_morph,equal_block_total,False,family,him,pronoun_anchor,89,0.4835445696168808,0.8192994565888951,-0.33575488697201433
no_morph,equal_block_total,False,family,himself,pronoun_anchor,89,0.49938318283865496,0.8276764839775379,-0.32829330113888294
no_morph,equal_block_total,False,family,his,pronoun_anchor,89,0.46496537282532174,0.76944130558938,-0.3044759327640582
no_morph,equal_block_total,False,family,she,pronoun_anchor,89,0.686452703296474,0.7522165992198874,-0.06576389592341336
no_morph,equal_block_total,False,family,her_acc,pronoun_anchor,89,0.47047125921967037,0.8002843671848321,-0.3298131079651617
no_morph,equal_block_total,False,family,her_dep,pronoun_anchor,89,0.6753669949772374,0.7958544289147471,-0.12048743393750971
no_morph,equal_block_total,False,family,hers,pronoun_anchor,89,0.4525617754438064,0.7606364145741799,-0.3080746391303735
no_morph,equal_block_total,False,family,herself,pronoun_anchor,89,0.4906635219281845,0.8276764839775379,-0.3370129620493534
no_morph,equal_block_total,False,family,it_plain,pronoun_anchor,89,0.5397749574042531,0.8239332499900582,-0.28415829258580516
no_morph,equal_block_total,False,family,it_dum,pronoun_anchor,89,0.8249033136962691,0.8044548888047577,0.02044842489151144
no_morph,equal_block_total,False,family,its,pronoun_anchor,89,0.5271423446675477,0.8009343859532785,-0.27379204128573076
no_morph,equal_block_total,False,family,itself,pronoun_anchor,89,0.5345580328114845,0.8066513708656395,-0.27209333805415503
no_morph,equal_block_total,False,family,I,pronoun_anchor,89,0.6929873903049634,0.7810640197009403,-0.08807662939597694
no_morph,equal_block_total,False,family,me,pronoun_anchor,89,0.49897436942244044,0.84409896219211,-0.34512459276966956
no_morph,equal_block_total,False,family,mine,pronoun_anchor,89,0.4342960298052587,0.7606364145741799,-0.32634038476892113
no_morph,equal_block_total,False,family,my,pronoun_anchor,89,0.6751195130908689,0.8166202147696604,-0.14150070167879147
no_morph,equal_block_total,False,family,myself,pronoun_anchor,89,0.4723344444579624,0.8276764839775379,-0.3553420395195755
no_morph,equal_block_total,False,family,their_sing,pronoun_anchor,89,0.7456343948079626,0.8324896460736969,-0.08685525126573435
no_morph,equal_block_total,False,family,theirs_sing,pronoun_anchor,89,0.5511303206558196,0.7982690350471358,-0.24713871439131618
no_morph,equal_block_total,False,family,their_plur,pronoun_anchor,89,0.7693683958193265,0.8525115816554367,-0.08314318583611024
no_morph,equal_block_total,False,family,theirs_plur,pronoun_anchor,89,0.5704260399776051,0.8136819452149553,-0.2432559052373502
no_morph,equal_block_total,False,family,them_sing,pronoun_anchor,89,0.5780401519859126,0.8477635343797192,-0.26972338239380655
no_morph,equal_block_total,False,family,them_plur,pronoun_anchor,89,0.6009851612494959,0.8773269959711123,-0.27634183472161644
no_morph,equal_block_total,False,family,themself,pronoun_anchor,89,0.6056147531959385,0.8629453648684412,-0.2573306116725027
no_morph,equal_block_total,False,family,themselves,pronoun_anchor,89,0.6074676344299332,0.881300230462216,-0.2738325960322827
no_morph,equal_block_total,False,family,they_sing,pronoun_anchor,89,0.7635518075466442,0.8121923981081587,-0.048640590561514485
no_morph,equal_block_total,False,family,they_plur,pronoun_anchor,89,0.7819587681274587,0.8522043276487412,-0.07024555952128253
no_morph,equal_block_total,False,family,we_pron,pronoun_anchor,89,0.6608770665908159,0.7644815311338164,-0.10360446454300054
no_morph,equal_block_total,False,family,us_pron,pronoun_anchor,89,0.4617635711493958,0.8219377798060417,-0.36017420865664584
no_morph,equal_block_total,False,family,our,pronoun_anchor,89,0.6726707018265727,0.8037061757870886,-0.13103547396051585
no_morph,equal_block_total,False,family,ours,pronoun_anchor,89,0.43758762292667425,0.7515746211775024,-0.31398699825082815
no_morph,equal_block_total,False,family,ourselves,pronoun_anchor,89,0.48344587270945943,0.8371513618020345,-0.3537054890925751
no_morph,equal_block_total,False,family,you_pron_sing,pronoun_anchor,89,0.5030229298506642,0.8101124405808435,-0.3070895107301793
no_morph,equal_block_total,False,family,you_pron_plur,pronoun_anchor,89,0.5126494897851173,0.8275254161931869,-0.3148759264080696
no_morph,equal_block_total,False,family,your_sing,pronoun_anchor,89,0.6948260143997188,0.7975999909209603,-0.10277397652124154
no_morph,equal_block_total,False,family,yours_sing,pronoun_anchor,89,0.456522668052952,0.7515746211775024,-0.2950519531245504
no_morph,equal_block_total,False,family,your_plur,pronoun_anchor,89,0.6948260143997188,0.7975999909209603,-0.10277397652124154
no_morph,equal_block_total,False,family,yours_plur,pronoun_anchor,89,0.456522668052952,0.7515746211775024,-0.2950519531245504
no_morph,equal_block_total,False,family,yourself,pronoun_anchor,89,0.48381614600836176,0.8166577073608956,-0.33284156135253384
no_morph,equal_block_total,False,family,yourselves,pronoun_anchor,89,0.4887808487379794,0.8308568033218515,-0.34207595458387213
no_morph_no_phon,equal_block_total,False,item,anybody,compound_anchor,86,0.7382372307279255,0.46765796515192154,0.2705792655760039
no_morph_no_phon,equal_block_total,False,item,anyone,compound_anchor,86,0.7382372307279255,0.46765796515192154,0.2705792655760039
no_morph_no_phon,equal_block_total,False,item,anything,compound_anchor,86,0.7500996955947392,0.4833134813340534,0.26678621426068583
no_morph_no_phon,equal_block_total,False,item,anywhere,compound_anchor,86,0.8211754809435773,0.561129778914281,0.26004570202929633
no_morph_no_phon,equal_block_total,False,item,everybody,compound_anchor,86,0.6567012036785539,0.5005611530800369,0.156140050598517
no_morph_no_phon,equal_block_total,False,item,everyone,compound_anchor,86,0.6567012036785539,0.5005611530800369,0.156140050598517
no_morph_no_phon,equal_block_total,False,item,everything,compound_anchor,86,0.6924305353035939,0.47334128941206366,0.21908924589153023
no_morph_no_phon,equal_block_total,False,item,everywhere,compound_anchor,86,0.7737026677381756,0.5476153999255087,0.22608726781266697
no_morph_no_phon,equal_block_total,False,item,nobody,compound_anchor,86,0.713546758910186,0.4291659187886843,0.2843808401215017
no_morph_no_phon,equal_block_total,False,item,no_one,compound_anchor,86,0.713546758910186,0.4291659187886843,0.2843808401215017
no_morph_no_phon,equal_block_total,False,item,nothing,compound_anchor,86,0.7474540067391594,0.4544249349636416,0.2930290717755178
no_morph_no_phon,equal_block_total,False,item,nowhere,compound_anchor,86,0.8144307555768042,0.5446078025423943,0.26982295303440995
no_morph_no_phon,equal_block_total,False,item,somebody,compound_anchor,86,0.7168422310538792,0.44843370999417026,0.26840852105970897
no_morph_no_phon,equal_block_total,False,item,someone,compound_anchor,86,0.7168422310538792,0.44843370999417026,0.26840852105970897
no_morph_no_phon,equal_block_total,False,item,something,compound_anchor,86,0.7487546209516912,0.4778717538392313,0.2708828671124599
no_morph_no_phon,equal_block_total,False,item,somewhere,compound_anchor,86,0.8189166293774045,0.5733472662291372,0.24556936314826727
no_morph_no_phon,equal_block_total,False,item,each_other,target,86,0.5934547201754283,0.7061545503014847,-0.11269983012605633
no_morph_no_phon,equal_block_total,False,item,one_another,target,86,0.5934547201754283,0.7061545503014847,-0.11269983012605633
no_morph_no_phon,equal_block_total,False,item,he,pronoun_anchor,86,0.5301281643921878,0.7522165992198874,-0.22208843482769958
no_morph_no_phon,equal_block_total,False,item,him,pronoun_anchor,86,0.4849632290579686,0.735206574160514,-0.2502433451025454
no_morph_no_phon,equal_block_total,False,item,himself,pronoun_anchor,86,0.5098827614237683,0.7505062711525958,-0.2406235097288275
no_morph_no_phon,equal_block_total,False,item,his,pronoun_anchor,86,0.4654170698915179,0.6828939328697676,-0.21747686297824975
no_morph_no_phon,equal_block_total,False,item,she,pronoun_anchor,86,0.5288739251491201,0.7522165992198874,-0.22334267407076724
no_morph_no_phon,equal_block_total,False,item,her_acc,pronoun_anchor,86,0.47293972905868775,0.7073373106643768,-0.23439758160568902
no_morph_no_phon,equal_block_total,False,item,her_dep,pronoun_anchor,86,0.5813734388985464,0.7958544289147471,-0.2144809900162007
no_morph_no_phon,equal_block_total,False,item,hers,pronoun_anchor,86,0.4513028781016028,0.6672114546773218,-0.215908576575719
no_morph_no_phon,equal_block_total,False,item,herself,pronoun_anchor,86,0.508898708850385,0.7505062711525958,-0.2416075623022108
no_morph_no_phon,equal_block_total,False,item,it_plain,pronoun_anchor,86,0.5719544858904249,0.7314247139594611,-0.1594702280690362
no_morph_no_phon,equal_block_total,False,item,it_dum,pronoun_anchor,86,0.7255995393374596,0.8044548888047577,-0.07885534946729811
no_morph_no_phon,equal_block_total,False,item,its,pronoun_anchor,86,0.5595779208714967,0.7158184741667051,-0.15624055329520836
no_morph_no_phon,equal_block_total,False,item,itself,pronoun_anchor,86,0.5663359343819285,0.7141662769034529,-0.14783034252152438
no_morph_no_phon,equal_block_total,False,item,I,pronoun_anchor,86,0.5442903328422111,0.7810640197009403,-0.23677368685872924
no_morph_no_phon,equal_block_total,False,item,me,pronoun_anchor,86,0.5279658950747702,0.7748456307840584,-0.24687973570928823
no_morph_no_phon,equal_block_total,False,item,mine,pronoun_anchor,86,0.4326090861823291,0.6672114546773218,-0.23460236849499272
no_morph_no_phon,equal_block_total,False,item,my,pronoun_anchor,86,0.5879960393375778,0.8166202147696604,-0.22862417543208258
no_morph_no_phon,equal_block_total,False,item,myself,pronoun_anchor,86,0.48900109440075007,0.7505062711525958,-0.26150517675184576
no_morph_no_phon,equal_block_total,False,item,their_sing,pronoun_anchor,86,0.5826982910108922,0.7698091452773619,-0.18711085426646967
no_morph_no_phon,equal_block_total,False,item,theirs_sing,pronoun_anchor,86,0.4500550233517989,0.6324103803153492,-0.18235535696355032
no_morph_no_phon,equal_block_total,False,item,their_plur,pronoun_anchor,86,0.6137808172398813,0.7959832590005285,-0.18220244176064715
no_morph_no_phon,equal_block_total,False,item,theirs_plur,pronoun_anchor,86,0.4787896866372088,0.6552785340646126,-0.17648884742740378
no_morph_no_phon,equal_block_total,False,item,them_sing,pronoun_anchor,86,0.48470690690982343,0.6962549121559034,-0.21154800524607997
no_morph_no_phon,equal_block_total,False,item,them_plur,pronoun_anchor,86,0.5247952291370414,0.764700676400788,-0.23990544726374663
no_morph_no_phon,equal_block_total,False,item,themself,pronoun_anchor,86,0.5372785029465726,0.7303384236113305,-0.19305992066475786
no_morph_no_phon,equal_block_total,False,item,themselves,pronoun_anchor,86,0.5400052734300199,0.774511416001241,-0.23450614257122104
no_morph_no_phon,equal_block_total,False,item,they_sing,pronoun_anchor,86,0.5313486313831649,0.7124063996898603,-0.1810577683066954
no_morph_no_phon,equal_block_total,False,item,they_plur,pronoun_anchor,86,0.5627901679270437,0.778568374694437,-0.21577820676739323
no_morph_no_phon,equal_block_total,False,item,we_pron,pronoun_anchor,86,0.49985495697314847,0.7644815311338164,-0.264626574160668
no_morph_no_phon,equal_block_total,False,item,us_pron,pronoun_anchor,86,0.4594908785674375,0.7458813982062357,-0.2863905196387982
no_morph_no_phon,equal_block_total,False,item,our,pronoun_anchor,86,0.5801283258687752,0.8037061757870886,-0.22357784991831342
no_morph_no_phon,equal_block_total,False,item,ours,pronoun_anchor,86,0.42775771313918814,0.6559912257725677,-0.2282335126333796
no_morph_no_phon,equal_block_total,False,item,ourselves,pronoun_anchor,86,0.501640168654327,0.7672076137039012,-0.2655674450495742
no_morph_no_phon,equal_block_total,False,item,you_pron_sing,pronoun_anchor,86,0.5029840875256577,0.7236341708812675,-0.22065008335560976
no_morph_no_phon,equal_block_total,False,item,you_pron_plur,pronoun_anchor,86,0.5080201671867572,0.7566667156814271,-0.24864654849466983
no_morph_no_phon,equal_block_total,False,item,your_sing,pronoun_anchor,86,0.5867885176421794,0.7975999909209603,-0.21081147327878091
no_morph_no_phon,equal_block_total,False,item,yours_sing,pronoun_anchor,86,0.42775771313918814,0.6559912257725677,-0.2282335126333796
no_morph_no_phon,equal_block_total,False,item,your_plur,pronoun_anchor,86,0.5867885176421794,0.7975999909209603,-0.21081147327878091
no_morph_no_phon,equal_block_total,False,item,yours_plur,pronoun_anchor,86,0.42775771313918814,0.6559912257725677,-0.2282335126333796
no_morph_no_phon,equal_block_total,False,item,yourself,pronoun_anchor,86,0.48405472323009685,0.7356665377421387,-0.2516118145120419
no_morph_no_phon,equal_block_total,False,item,yourselves,pronoun_anchor,86,0.48289600945695754,0.7619085945184169,-0.2790125850614593
no_morph_no_phon,equal_block_total,False,family,anybody,compound_anchor,86,0.7382372307279255,0.5181445740778599,0.2200926566500656
no_morph_no_phon,equal_block_total,False,family,anyone,compound_anchor,86,0.7382372307279255,0.5181445740778599,0.2200926566500656
no_morph_no_phon,equal_block_total,False,family,anything,compound_anchor,86,0.7500996955947392,0.5167417152795022,0.23335798031523702
no_morph_no_phon,equal_block_total,False,family,anywhere,compound_anchor,86,0.8211754809435773,0.5950651954323809,0.22611028551119638
no_morph_no_phon,equal_block_total,False,family,everybody,compound_anchor,86,0.6567012036785539,0.5568142090377664,0.09988699464078754
no_morph_no_phon,equal_block_total,False,family,everyone,compound_anchor,86,0.6567012036785539,0.5568142090377664,0.09988699464078754
no_morph_no_phon,equal_block_total,False,family,everything,compound_anchor,86,0.6924305353035939,0.5139097441484678,0.1785207911551261
no_morph_no_phon,equal_block_total,False,family,everywhere,compound_anchor,86,0.7737026677381756,0.5692580297105326,0.204444638027643
no_morph_no_phon,equal_block_total,False,family,nobody,compound_anchor,86,0.713546758910186,0.4718066551089988,0.24174010380118727
no_morph_no_phon,equal_block_total,False,family,no_one,compound_anchor,86,0.713546758910186,0.4718066551089988,0.24174010380118727
no_morph_no_phon,equal_block_total,False,family,nothing,compound_anchor,86,0.7474540067391594,0.48705305115028935,0.26040095558887005
no_morph_no_phon,equal_block_total,False,family,nowhere,compound_anchor,86,0.8144307555768042,0.5658952665899672,0.24853548898683697
no_morph_no_phon,equal_block_total,False,family,somebody,compound_anchor,86,0.7168422310538792,0.48514650346399407,0.23169572758988516
no_morph_no_phon,equal_block_total,False,family,someone,compound_anchor,86,0.7168422310538792,0.48514650346399407,0.23169572758988516
no_morph_no_phon,equal_block_total,False,family,something,compound_anchor,86,0.7487546209516912,0.5031977415833834,0.24555687936830783
no_morph_no_phon,equal_block_total,False,family,somewhere,compound_anchor,86,0.8189166293774045,0.5859606913705658,0.23295593800683867
no_morph_no_phon,equal_block_total,False,family,each_other,target,86,0.5934547201754283,0.7061545503014847,-0.11269983012605633
no_morph_no_phon,equal_block_total,False,family,one_another,target,86,0.5934547201754283,0.7061545503014847,-0.11269983012605633
no_morph_no_phon,equal_block_total,False,family,he,pronoun_anchor,86,0.5421852667416456,0.7522165992198874,-0.2100313324782418
no_morph_no_phon,equal_block_total,False,family,him,pronoun_anchor,86,0.4970274446408516,0.735206574160514,-0.23817912951966247
no_morph_no_phon,equal_block_total,False,family,himself,pronoun_anchor,86,0.5201765775872053,0.7505062711525958,-0.23032969356539057
no_morph_no_phon,equal_block_total,False,family,his,pronoun_anchor,86,0.4636699342414781,0.6828939328697676,-0.2192239986282895
no_morph_no_phon,equal_block_total,False,family,she,pronoun_anchor,86,0.5381915179826389,0.7522165992198874,-0.2140250812372485
no_morph_no_phon,equal_block_total,False,family,her_acc,pronoun_anchor,86,0.4828302999466197,0.7073373106643768,-0.22450701071775708
no_morph_no_phon,equal_block_total,False,family,her_dep,pronoun_anchor,86,0.5791276117471901,0.7958544289147471,-0.21672681716755704
no_morph_no_phon,equal_block_total,False,family,hers,pronoun_anchor,86,0.45244778822182663,0.6672114546773218,-0.21476366645549516
no_morph_no_phon,equal_block_total,False,family,herself,pronoun_anchor,86,0.5138653799095804,0.7505062711525958,-0.23664089124301546
no_morph_no_phon,equal_block_total,False,family,it_plain,pronoun_anchor,86,0.5752396753903852,0.7314247139594611,-0.15618503856907584
no_morph_no_phon,equal_block_total,False,family,it_dum,pronoun_anchor,86,0.7346683586884486,0.8044548888047577,-0.06978653011630909
no_morph_no_phon,equal_block_total,False,family,its,pronoun_anchor,86,0.5579839347096296,0.7158184741667051,-0.15783453945707548
no_morph_no_phon,equal_block_total,False,family,itself,pronoun_anchor,86,0.5708729731905282,0.7141662769034529,-0.1432933037129247
no_morph_no_phon,equal_block_total,False,family,I,pronoun_anchor,86,0.548647076431876,0.7810640197009403,-0.23241694326906426
no_morph_no_phon,equal_block_total,False,family,me,pronoun_anchor,86,0.533978272047904,0.7748456307840584,-0.2408673587361544
no_morph_no_phon,equal_block_total,False,family,mine,pronoun_anchor,86,0.42679113945236624,0.6672114546773218,-0.24042031522495555
no_morph_no_phon,equal_block_total,False,family,my,pronoun_anchor,86,0.58209384870589,0.8166202147696604,-0.23452636606377042
no_morph_no_phon,equal_block_total,False,family,myself,pronoun_anchor,86,0.48723396477236225,0.7505062711525958,-0.2632723063802336
no_morph_no_phon,equal_block_total,False,family,their_sing,pronoun_anchor,86,0.5828896664770871,0.7698091452773619,-0.18691947880027482
no_morph_no_phon,equal_block_total,False,family,theirs_sing,pronoun_anchor,86,0.45353021965515455,0.6324103803153492,-0.1788801606601947
no_morph_no_phon,equal_block_total,False,family,their_plur,pronoun_anchor,86,0.618585620723976,0.7959832590005285,-0.17739763827655242
no_morph_no_phon,equal_block_total,False,family,theirs_plur,pronoun_anchor,86,0.4877816658941916,0.6552785340646126,-0.16749686817042098
no_morph_no_phon,equal_block_total,False,family,them_sing,pronoun_anchor,86,0.4815406248317092,0.6962549121559034,-0.21471428732419423
no_morph_no_phon,equal_block_total,False,family,them_plur,pronoun_anchor,86,0.5388671141691254,0.764700676400788,-0.22583356223166262
no_morph_no_phon,equal_block_total,False,family,themself,pronoun_anchor,86,0.5358036881005478,0.7303384236113305,-0.1945347355107827
no_morph_no_phon,equal_block_total,False,family,themselves,pronoun_anchor,86,0.5494533516427694,0.774511416001241,-0.22505806435847153
no_morph_no_phon,equal_block_total,False,family,they_sing,pronoun_anchor,86,0.5258047552885265,0.7124063996898603,-0.18660164440133375
no_morph_no_phon,equal_block_total,False,family,they_plur,pronoun_anchor,86,0.5757766692229667,0.778568374694437,-0.2027917054714703
no_morph_no_phon,equal_block_total,False,family,we_pron,pronoun_anchor,86,0.5090196569591849,0.7644815311338164,-0.2554618741746315
no_morph_no_phon,equal_block_total,False,family,us_pron,pronoun_anchor,86,0.46985036809313413,0.7458813982062357,-0.27603103011310154
no_morph_no_phon,equal_block_total,False,family,our,pronoun_anchor,86,0.5793894502365615,0.8037061757870886,-0.22431672555052706
no_morph_no_phon,equal_block_total,False,family,ours,pronoun_anchor,86,0.43074733101955465,0.6559912257725677,-0.2252438947530131
no_morph_no_phon,equal_block_total,False,family,ourselves,pronoun_anchor,86,0.5039988908733616,0.7672076137039012,-0.26320872283053964
no_morph_no_phon,equal_block_total,False,family,you_pron_sing,pronoun_anchor,86,0.5118460565568507,0.7236341708812675,-0.2117881143244168
no_morph_no_phon,equal_block_total,False,family,you_pron_plur,pronoun_anchor,86,0.5248103971510008,0.7566667156814271,-0.23185631853042632
no_morph_no_phon,equal_block_total,False,family,your_sing,pronoun_anchor,86,0.6074022890713823,0.7975999909209603,-0.19019770184957807
no_morph_no_phon,equal_block_total,False,family,yours_sing,pronoun_anchor,86,0.4390001834463324,0.6559912257725677,-0.21699104232623534
no_morph_no_phon,equal_block_total,False,family,your_plur,pronoun_anchor,86,0.6074022890713823,0.7975999909209603,-0.19019770184957807
no_morph_no_phon,equal_block_total,False,family,yours_plur,pronoun_anchor,86,0.4390001834463324,0.6559912257725677,-0.21699104232623534
no_morph_no_phon,equal_block_total,False,family,yourself,pronoun_anchor,86,0.48135104647318183,0.7356665377421387,-0.2543154912689569
no_morph_no_phon,equal_block_total,False,family,yourselves,pronoun_anchor,86,0.4888265059380455,0.7619085945184169,-0.27308208858037136
no_phon,equal_block_total,False,item,anybody,compound_anchor,151,0.7672150545340847,0.4691042663327707,0.298110788201314
no_phon,equal_block_total,False,item,anyone,compound_anchor,151,0.7672150545340847,0.46917138710024275,0.2980436674338419
no_phon,equal_block_total,False,item,anything,compound_anchor,151,0.7751711720955323,0.4814831293436531,0.2936880427518792
no_phon,equal_block_total,False,item,anywhere,compound_anchor,151,0.8485058175664193,0.5590500811781768,0.2894557363882425
no_phon,equal_block_total,False,item,everybody,compound_anchor,151,0.7071325173555564,0.49997980226253635,0.20715271509302002
no_phon,equal_block_total,False,item,everyone,compound_anchor,151,0.7071325173555564,0.5000294769787983,0.20710304037675809
no_phon,equal_block_total,False,item,everything,compound_anchor,151,0.7337742626921949,0.4765922622658085,0.25718200042638645
no_phon,equal_block_total,False,item,everywhere,compound_anchor,151,0.7984400701275479,0.540032939637639,0.25840713048990893
no_phon,equal_block_total,False,item,nobody,compound_anchor,151,0.7481561831051666,0.4379275919330733,0.31022859117209334
no_phon,equal_block_total,False,item,no_one,compound_anchor,151,0.7521480541222321,0.4482055033065198,0.30394255081571225
no_phon,equal_block_total,False,item,nothing,compound_anchor,151,0.7878428580445125,0.46974859887394066,0.3180942591705718
no_phon,equal_block_total,False,item,nowhere,compound_anchor,151,0.844153355274334,0.5456298384621666,0.2985235168121674
no_phon,equal_block_total,False,item,somebody,compound_anchor,151,0.7523122249955629,0.4536983973348742,0.2986138276606887
no_phon,equal_block_total,False,item,someone,compound_anchor,151,0.7523122249955629,0.4537879760077877,0.29852424898777524
no_phon,equal_block_total,False,item,something,compound_anchor,151,0.7754044284529927,0.47702723495410937,0.29837719349888336
no_phon,equal_block_total,False,item,somewhere,compound_anchor,151,0.8497848377271171,0.5694249448010387,0.28035989292607844
no_phon,equal_block_total,False,item,each_other,target,151,0.6629544041078762,0.6815694993430186,-0.018615095235142376
no_phon,equal_block_total,False,item,one_another,target,151,0.6751614154372615,0.6869940200268123,-0.011832604589550821
no_phon,equal_block_total,False,item,he,pronoun_anchor,151,0.5386531399511709,0.7897055293012865,-0.25105238935011553
no_phon,equal_block_total,False,item,him,pronoun_anchor,151,0.5143316750448579,0.7816332802174422,-0.2673016051725843
no_phon,equal_block_total,False,item,himself,pronoun_anchor,151,0.540374405266525,0.751955218400358,-0.21158081313383292
no_phon,equal_block_total,False,item,his,pronoun_anchor,151,0.4762202222729705,0.7242669487846141,-0.24804672651164356
no_phon,equal_block_total,False,item,she,pronoun_anchor,151,0.5235708754779533,0.793454409473653,-0.26988353399569964
no_phon,equal_block_total,False,item,her_acc,pronoun_anchor,151,0.48525834861110334,0.7599566037915387,-0.2746982551804354
no_phon,equal_block_total,False,item,her_dep,pronoun_anchor,151,0.5688190488534886,0.8249482573878322,-0.2561292085343436
no_phon,equal_block_total,False,item,hers,pronoun_anchor,151,0.4668866051623251,0.71694873315369,-0.2500621279913649
no_phon,equal_block_total,False,item,herself,pronoun_anchor,151,0.5256762539229444,0.7560420156420005,-0.2303657617190561
no_phon,equal_block_total,False,item,it_plain,pronoun_anchor,151,0.5901585568399457,0.7753362100436529,-0.18517765320370727
no_phon,equal_block_total,False,item,it_dum,pronoun_anchor,151,0.7525716222216203,0.8063119052755163,-0.053740283053896
no_phon,equal_block_total,False,item,its,pronoun_anchor,151,0.58761291987579,0.759845861370365,-0.17223294149457502
no_phon,equal_block_total,False,item,itself,pronoun_anchor,151,0.5998566036881419,0.7233668349042806,-0.12351023121613869
no_phon,equal_block_total,False,item,I,pronoun_anchor,151,0.5354775029477652,0.8161394361231514,-0.28066193317538624
no_phon,equal_block_total,False,item,me,pronoun_anchor,151,0.52174399948929,0.8079682811181008,-0.28622428162881086
no_phon,equal_block_total,False,item,mine,pronoun_anchor,151,0.4385396787020911,0.71694873315369,-0.2784090544515989
no_phon,equal_block_total,False,item,my,pronoun_anchor,151,0.5757924135674957,0.8418936299156019,-0.26610121634810624
no_phon,equal_block_total,False,item,myself,pronoun_anchor,151,0.5121123544536471,0.7560420156420005,-0.24392966118835335
no_phon,equal_block_total,False,item,their_sing,pronoun_anchor,151,0.5653032343503354,0.8052970326169434,-0.23999379826660805
no_phon,equal_block_total,False,item,theirs_sing,pronoun_anchor,151,0.47184593745081127,0.700115272215599,-0.22826933476478772
no_phon,equal_block_total,False,item,their_plur,pronoun_anchor,151,0.5900630621571651,0.8268733482048172,-0.23681028604765209
no_phon,equal_block_total,False,item,theirs_plur,pronoun_anchor,151,0.4951693289714315,0.7198264851456749,-0.22465715617424342
no_phon,equal_block_total,False,item,them_sing,pronoun_anchor,151,0.4979111016586201,0.7626811382871805,-0.2647700366285604
no_phon,equal_block_total,False,item,them_plur,pronoun_anchor,151,0.5265244652413452,0.8107680735441198,-0.2842436083027746
no_phon,equal_block_total,False,item,themself,pronoun_anchor,151,0.545322756864741,0.7450737008297371,-0.19975094396499615
no_phon,equal_block_total,False,item,themselves,pronoun_anchor,151,0.5457522233493862,0.7789922691090752,-0.23324004575968893
no_phon,equal_block_total,False,item,they_sing,pronoun_anchor,151,0.5322893631070217,0.7737112072002327,-0.241421844093211
no_phon,equal_block_total,False,item,they_plur,pronoun_anchor,151,0.5545856605952817,0.82091068041411,-0.2663250198188283
no_phon,equal_block_total,False,item,we_pron,pronoun_anchor,151,0.5161325804333561,0.8065703392761552,-0.2904377588427991
no_phon,equal_block_total,False,item,us_pron,pronoun_anchor,151,0.49305441440468945,0.7874244641183984,-0.29437004971370895
no_phon,equal_block_total,False,item,our,pronoun_anchor,151,0.5694173132764637,0.8312429670251748,-0.26182565374871103
no_phon,equal_block_total,False,item,ours,pronoun_anchor,151,0.45704848937640447,0.7113452831948804,-0.254296793818476
no_phon,equal_block_total,False,item,ourselves,pronoun_anchor,151,0.5282736193677515,0.7730300204158553,-0.2447564010481038
no_phon,equal_block_total,False,item,you_pron_sing,pronoun_anchor,151,0.5216903329591983,0.7595085490389535,-0.23781821607975517
no_phon,equal_block_total,False,item,you_pron_plur,pronoun_anchor,151,0.5227292689905992,0.783017905443711,-0.26028863645311173
no_phon,equal_block_total,False,item,your_sing,pronoun_anchor,151,0.5805818946780954,0.828365743732489,-0.24778384905439355
no_phon,equal_block_total,False,item,yours_sing,pronoun_anchor,151,0.4650847554194675,0.7154264461772193,-0.2503416907577518
no_phon,equal_block_total,False,item,your_plur,pronoun_anchor,151,0.5805818946780954,0.828365743732489,-0.24778384905439355
no_phon,equal_block_total,False,item,yours_plur,pronoun_anchor,151,0.4670048146768453,0.7013209128417819,-0.2343160981649366
no_phon,equal_block_total,False,item,yourself,pronoun_anchor,151,0.5172827369093049,0.748324118319514,-0.23104138141020902
no_phon,equal_block_total,False,item,yourselves,pronoun_anchor,151,0.5130693795700693,0.7687147674244125,-0.2556453878543432
no_phon,equal_block_total,False,family,anybody,compound_anchor,151,0.7672150545340847,0.5166461888984086,0.25056886563567604
no_phon,equal_block_total,False,family,anyone,compound_anchor,151,0.7672150545340847,0.5167300898577486,0.2504849646763361
no_phon,equal_block_total,False,family,anything,compound_anchor,151,0.7751711720955323,0.5150263331660798,0.2601448389294525
no_phon,equal_block_total,False,family,anywhere,compound_anchor,151,0.8485058175664193,0.5923471592125306,0.25615865835388874
no_phon,equal_block_total,False,family,everybody,compound_anchor,151,0.7071325173555564,0.556470327686167,0.15066218966938938
no_phon,equal_block_total,False,family,everyone,compound_anchor,151,0.7071325173555564,0.5565324210814945,0.1506000962740619
no_phon,equal_block_total,False,family,everything,compound_anchor,151,0.7337742626921949,0.5204387439341078,0.2133355187580871
no_phon,equal_block_total,False,family,everywhere,compound_anchor,151,0.7984400701275479,0.5678830965526198,0.2305569735749281
no_phon,equal_block_total,False,family,nobody,compound_anchor,151,0.7481561831051666,0.4753836309373862,0.2727725521677804
no_phon,equal_block_total,False,family,no_one,compound_anchor,151,0.7521480541222321,0.4860596188567495,0.2660884352654826
no_phon,equal_block_total,False,family,nothing,compound_anchor,151,0.7878428580445125,0.5020988629448331,0.2857439950996794
no_phon,equal_block_total,False,family,nowhere,compound_anchor,151,0.844153355274334,0.5685544306217706,0.2755989246525634
no_phon,equal_block_total,False,family,somebody,compound_anchor,151,0.7523122249955629,0.48966684981192937,0.26264537518363357
no_phon,equal_block_total,False,family,someone,compound_anchor,151,0.7523122249955629,0.48977882315307125,0.2625334018424917
no_phon,equal_block_total,False,family,something,compound_anchor,151,0.7754044284529927,0.5039005642899274,0.2715038641630654
no_phon,equal_block_total,False,family,somewhere,compound_anchor,151,0.8497848377271171,0.5849505187544689,0.2648343189726482
no_phon,equal_block_total,False,family,each_other,target,151,0.6629544041078762,0.6815694993430186,-0.018615095235142376
no_phon,equal_block_total,False,family,one_another,target,151,0.6751614154372615,0.6869940200268123,-0.011832604589550821
no_phon,equal_block_total,False,family,he,pronoun_anchor,151,0.5496149323602606,0.7897055293012865,-0.24009059694102586
no_phon,equal_block_total,False,family,him,pronoun_anchor,151,0.5260599798138146,0.7816332802174422,-0.2555733004036276
no_phon,equal_block_total,False,family,himself,pronoun_anchor,151,0.5494036868771801,0.751955218400358,-0.20255153152317784
no_phon,equal_block_total,False,family,his,pronoun_anchor,151,0.4757297174181815,0.7242669487846141,-0.24853723136643258
no_phon,equal_block_total,False,family,she,pronoun_anchor,151,0.531904837072122,0.793454409473653,-0.261549572401531
no_phon,equal_block_total,False,family,her_acc,pronoun_anchor,151,0.4966059702603343,0.7599566037915387,-0.2633506335312044
no_phon,equal_block_total,False,family,her_dep,pronoun_anchor,151,0.5696363203203068,0.8249482573878322,-0.2553119370675254
no_phon,equal_block_total,False,family,hers,pronoun_anchor,151,0.47135162944636316,0.71694873315369,-0.24559710370732685
no_phon,equal_block_total,False,family,herself,pronoun_anchor,151,0.5315891089393986,0.7560420156420005,-0.22445290670260187
no_phon,equal_block_total,False,family,it_plain,pronoun_anchor,151,0.593688657167246,0.7753362100436529,-0.181647552876407
no_phon,equal_block_total,False,family,it_dum,pronoun_anchor,151,0.7612033634938509,0.8063119052755163,-0.04510854178166546
no_phon,equal_block_total,False,family,its,pronoun_anchor,151,0.587605334566668,0.759845861370365,-0.17224052680369706
no_phon,equal_block_total,False,family,itself,pronoun_anchor,151,0.6044889614028345,0.7233668349042806,-0.11887787350144607
no_phon,equal_block_total,False,family,I,pronoun_anchor,151,0.5411872710978177,0.8161394361231514,-0.2749521650253337
no_phon,equal_block_total,False,family,me,pronoun_anchor,151,0.5288173442350576,0.8079682811181008,-0.27915093688304327
no_phon,equal_block_total,False,family,mine,pronoun_anchor,151,0.43610753573673766,0.71694873315369,-0.28084119741695235
no_phon,equal_block_total,False,family,my,pronoun_anchor,151,0.5732809742314724,0.8418936299156019,-0.2686126556841295
no_phon,equal_block_total,False,family,myself,pronoun_anchor,151,0.5117652208446055,0.7560420156420005,-0.24427679479739495
no_phon,equal_block_total,False,family,their_sing,pronoun_anchor,151,0.5734109378799723,0.8052970326169434,-0.23188609473697108
no_phon,equal_block_total,False,family,theirs_sing,pronoun_anchor,151,0.48326613512386496,0.700115272215599,-0.21684913709173403
no_phon,equal_block_total,False,family,their_plur,pronoun_anchor,151,0.6021539657951538,0.8268733482048172,-0.22471938240966338
no_phon,equal_block_total,False,family,theirs_plur,pronoun_anchor,151,0.511094570883149,0.7198264851456749,-0.2087319142625259
no_phon,equal_block_total,False,family,them_sing,pronoun_anchor,151,0.503728768813801,0.7626811382871805,-0.2589523694733795
no_phon,equal_block_total,False,family,them_plur,pronoun_anchor,151,0.545059202997543,0.8107680735441198,-0.2657088705465769
no_phon,equal_block_total,False,family,themself,pronoun_anchor,151,0.5508512173279719,0.7450737008297371,-0.1942224835017652
no_phon,equal_block_total,False,family,themselves,pronoun_anchor,151,0.5592309804899116,0.7789922691090752,-0.21976128861916355
no_phon,equal_block_total,False,family,they_sing,pronoun_anchor,151,0.5354565049763117,0.7737112072002327,-0.23825470222392098
no_phon,equal_block_total,False,family,they_plur,pronoun_anchor,151,0.5717299811042149,0.82091068041411,-0.24918069930989506
no_phon,equal_block_total,False,family,we_pron,pronoun_anchor,151,0.5234728836696263,0.8065703392761552,-0.2830974556065289
no_phon,equal_block_total,False,family,us_pron,pronoun_anchor,151,0.5009254551772054,0.7874244641183984,-0.28649900894119296
no_phon,equal_block_total,False,family,our,pronoun_anchor,151,0.5695662650703779,0.8312429670251748,-0.26167670195479686
no_phon,equal_block_total,False,family,ours,pronoun_anchor,151,0.46123507524601365,0.7113452831948804,-0.2501102079488668
no_phon,equal_block_total,False,family,ourselves,pronoun_anchor,151,0.5303993221300415,0.7730300204158553,-0.24263069828581385
no_phon,equal_block_total,False,family,you_pron_sing,pronoun_anchor,151,0.5367087414637046,0.7595085490389535,-0.22279980757524886
no_phon,equal_block_total,False,family,you_pron_plur,pronoun_anchor,151,0.5434990411015092,0.783017905443711,-0.23951886434220182
no_phon,equal_block_total,False,family,your_sing,pronoun_anchor,151,0.6052272090712492,0.828365743732489,-0.22313853466123978
no_phon,equal_block_total,False,family,yours_sing,pronoun_anchor,151,0.48426836377015814,0.7154264461772193,-0.23115808240706115
no_phon,equal_block_total,False,family,your_plur,pronoun_anchor,151,0.6052272090712492,0.828365743732489,-0.22313853466123978
no_phon,equal_block_total,False,family,yours_plur,pronoun_anchor,151,0.4880154684455922,0.7013209128417819,-0.2133054443961897
no_phon,equal_block_total,False,family,yourself,pronoun_anchor,151,0.5265833255308336,0.748324118319514,-0.2217407927886803
no_phon,equal_block_total,False,family,yourselves,pronoun_anchor,151,0.5287279184498267,0.7687147674244125,-0.23998684897458578
no_morph_no_particle_stress,equal_block_total,False,item,anybody,compound_anchor,88,0.7630150143212169,0.46765796515192154,0.29535704916929534
no_morph_no_particle_stress,equal_block_total,False,item,anyone,compound_anchor,88,0.7630150143212169,0.46765796515192154,0.29535704916929534
no_morph_no_particle_stress,equal_block_total,False,item,anything,compound_anchor,88,0.7735894245739768,0.4833134813340534,0.29027594323992345
no_morph_no_particle_stress,equal_block_total,False,item,anywhere,compound_anchor,88,0.8383503679490609,0.561129778914281,0.27722058903478
no_morph_no_particle_stress,equal_block_total,False,item,everybody,compound_anchor,88,0.6928873127699373,0.5005611530800369,0.1923261596899004
no_morph_no_particle_stress,equal_block_total,False,item,everyone,compound_anchor,88,0.6928873127699373,0.5005611530800369,0.1923261596899004
no_morph_no_particle_stress,equal_block_total,False,item,everything,compound_anchor,88,0.7249980443340044,0.47334128941206366,0.25165675492194073
no_morph_no_particle_stress,equal_block_total,False,item,everywhere,compound_anchor,88,0.7981042003627521,0.5476153999255087,0.2504888004372434
no_morph_no_particle_stress,equal_block_total,False,item,nobody,compound_anchor,88,0.7423733088280576,0.4291659187886843,0.3132073900393733
no_morph_no_particle_stress,equal_block_total,False,item,no_one,compound_anchor,88,0.7423733088280576,0.4291659187886843,0.3132073900393733
no_morph_no_particle_stress,equal_block_total,False,item,nothing,compound_anchor,88,0.7717949673569903,0.4544249349636416,0.31737003239334866
no_morph_no_particle_stress,equal_block_total,False,item,nowhere,compound_anchor,88,0.8334378476681745,0.5446078025423943,0.28883004512578025
no_morph_no_particle_stress,equal_block_total,False,item,somebody,compound_anchor,88,0.7458062301023046,0.44843370999417026,0.29737252010813436
no_morph_no_particle_stress,equal_block_total,False,item,someone,compound_anchor,88,0.7458062301023046,0.44843370999417026,0.29737252010813436
no_morph_no_particle_stress,equal_block_total,False,item,something,compound_anchor,88,0.77389865346253,0.4778717538392313,0.29602689962329864
no_morph_no_particle_stress,equal_block_total,False,item,somewhere,compound_anchor,88,0.8382788253408376,0.5733472662291372,0.2649315591117004
no_morph_no_particle_stress,equal_block_total,False,item,each_other,target,88,0.6458833322290838,0.7061545503014847,-0.06027121807240088
no_morph_no_particle_stress,equal_block_total,False,item,one_another,target,88,0.6458833322290838,0.7061545503014847,-0.06027121807240088
no_morph_no_particle_stress,equal_block_total,False,item,he,pronoun_anchor,88,0.5824537480911026,0.7522165992198874,-0.16976285112878475
no_morph_no_particle_stress,equal_block_total,False,item,him,pronoun_anchor,88,0.5412985411029164,0.735206574160514,-0.19390803305759763
no_morph_no_particle_stress,equal_block_total,False,item,himself,pronoun_anchor,88,0.5613041674907248,0.7505062711525958,-0.18920210366187107
no_morph_no_particle_stress,equal_block_total,False,item,his,pronoun_anchor,88,0.5187432783357662,0.6828939328697676,-0.16415065453400146
no_morph_no_particle_stress,equal_block_total,False,item,she,pronoun_anchor,88,0.581199508848035,0.7522165992198874,-0.17101709037185242
no_morph_no_particle_stress,equal_block_total,False,item,her_acc,pronoun_anchor,88,0.52966378449423,0.7073373106643768,-0.17767352617014676
no_morph_no_particle_stress,equal_block_total,False,item,her_dep,pronoun_anchor,88,0.6244139643195352,0.7958544289147471,-0.1714404645952119
no_morph_no_particle_stress,equal_block_total,False,item,hers,pronoun_anchor,88,0.5077151578307939,0.6672114546773218,-0.15949629684652789
no_morph_no_particle_stress,equal_block_total,False,item,herself,pronoun_anchor,88,0.5603201149173413,0.7505062711525958,-0.19018615623525448
no_morph_no_particle_stress,equal_block_total,False,item,it_plain,pronoun_anchor,88,0.6288925143522506,0.7314247139594611,-0.1025321996072105
no_morph_no_particle_stress,equal_block_total,False,item,it_dum,pronoun_anchor,88,0.761519150971521,0.8044548888047577,-0.042935737833236676
no_morph_no_particle_stress,equal_block_total,False,item,its,pronoun_anchor,88,0.6123347427752479,0.7158184741667051,-0.10348373139145717
no_morph_no_particle_stress,equal_block_total,False,item,itself,pronoun_anchor,88,0.6196926016237383,0.7141662769034529,-0.09447367527971462
no_morph_no_particle_stress,equal_block_total,False,item,I,pronoun_anchor,88,0.590874277827715,0.7810640197009403,-0.19018974187322535
no_morph_no_particle_stress,equal_block_total,False,item,me,pronoun_anchor,88,0.5738390190981519,0.7748456307840584,-0.2010066116859065
no_morph_no_particle_stress,equal_block_total,False,item,mine,pronoun_anchor,88,0.48902136591152023,0.6672114546773218,-0.17819008876580156
no_morph_no_particle_stress,equal_block_total,False,item,my,pronoun_anchor,88,0.6276036665516476,0.8166202147696604,-0.18901654821801284
no_morph_no_particle_stress,equal_block_total,False,item,myself,pronoun_anchor,88,0.5404225004677066,0.7505062711525958,-0.21008377068488926
no_morph_no_particle_stress,equal_block_total,False,item,their_sing,pronoun_anchor,88,0.6575526848363524,0.8525563515367159,-0.1950036667003635
no_morph_no_particle_stress,equal_block_total,False,item,theirs_sing,pronoun_anchor,88,0.5799313639535171,0.772627677100406,-0.19269631314688895
no_morph_no_particle_stress,equal_block_total,False,item,their_plur,pronoun_anchor,88,0.6771178894354828,0.8704559666388949,-0.19333807720341212
no_morph_no_particle_stress,equal_block_total,False,item,theirs_plur,pronoun_anchor,88,0.5987482660875363,0.7895070140740861,-0.1907587479865498
no_morph_no_particle_stress,equal_block_total,False,item,them_sing,pronoun_anchor,88,0.6201147075626832,0.8261040822160184,-0.20598937465333522
no_morph_no_particle_stress,equal_block_total,False,item,them_plur,pronoun_anchor,88,0.634493210540648,0.8606604172060316,-0.2261672066653836
no_morph_no_particle_stress,equal_block_total,False,item,themself,pronoun_anchor,88,0.6498590343073657,0.8437630540688019,-0.19390401976143623
no_morph_no_particle_stress,equal_block_total,False,item,themselves,pronoun_anchor,88,0.6448198604495475,0.8653677831720471,-0.22054792272249957
no_morph_no_particle_stress,equal_block_total,False,item,they_sing,pronoun_anchor,88,0.6512542242392273,0.8398942139541064,-0.18863998971487905
no_morph_no_particle_stress,equal_block_total,False,item,they_plur,pronoun_anchor,88,0.6612960427689034,0.873254317939938,-0.2119582751710346
no_morph_no_particle_stress,equal_block_total,False,item,we_pron,pronoun_anchor,88,0.5559569384734113,0.7644815311338164,-0.20852459266040513
no_morph_no_particle_stress,equal_block_total,False,item,us_pron,pronoun_anchor,88,0.5183596717946951,0.7458813982062357,-0.22752172641154056
no_morph_no_particle_stress,equal_block_total,False,item,our,pronoun_anchor,88,0.6202241436035176,0.8037061757870886,-0.18348203218357095
no_morph_no_particle_stress,equal_block_total,False,item,ours,pronoun_anchor,88,0.48431485012139647,0.6559912257725677,-0.17167637565117128
no_morph_no_particle_stress,equal_block_total,False,item,ourselves,pronoun_anchor,88,0.553287523547079,0.7672076137039012,-0.21392009015682223
no_morph_no_particle_stress,equal_block_total,False,item,you_pron_sing,pronoun_anchor,88,0.5514044495872318,0.7236341708812675,-0.1722297212940357
no_morph_no_particle_stress,equal_block_total,False,item,you_pron_plur,pronoun_anchor,88,0.5573246713007955,0.7566667156814271,-0.19934204438063152
no_morph_no_particle_stress,equal_block_total,False,item,your_sing,pronoun_anchor,88,0.6252477624832504,0.7975999909209603,-0.17235222843770992
no_morph_no_particle_stress,equal_block_total,False,item,yours_sing,pronoun_anchor,88,0.48431485012139647,0.6559912257725677,-0.17167637565117128
no_morph_no_particle_stress,equal_block_total,False,item,your_plur,pronoun_anchor,88,0.6252477624832504,0.7975999909209603,-0.17235222843770992
no_morph_no_particle_stress,equal_block_total,False,item,yours_plur,pronoun_anchor,88,0.48431485012139647,0.6559912257725677,-0.17167637565117128
no_morph_no_particle_stress,equal_block_total,False,item,yourself,pronoun_anchor,88,0.5366032688353288,0.7356665377421387,-0.19906326890680992
no_morph_no_particle_stress,equal_block_total,False,item,yourselves,pronoun_anchor,88,0.5374642373997883,0.7619085945184169,-0.22444435711862853
no_morph_no_particle_stress,equal_block_total,False,family,anybody,compound_anchor,88,0.7630150143212169,0.5181445740778599,0.24487044024335702
no_morph_no_particle_stress,equal_block_total,False,family,anyone,compound_anchor,88,0.7630150143212169,0.5181445740778599,0.24487044024335702
no_morph_no_particle_stress,equal_block_total,False,family,anything,compound_anchor,88,0.7735894245739768,0.5167417152795022,0.25684770929447465
no_morph_no_particle_stress,equal_block_total,False,family,anywhere,compound_anchor,88,0.8383503679490609,0.5950651954323809,0.24328517251668003
no_morph_no_particle_stress,equal_block_total,False,family,everybody,compound_anchor,88,0.6928873127699373,0.5568142090377664,0.13607310373217096
no_morph_no_particle_stress,equal_block_total,False,family,everyone,compound_anchor,88,0.6928873127699373,0.5568142090377664,0.13607310373217096
no_morph_no_particle_stress,equal_block_total,False,family,everything,compound_anchor,88,0.7249980443340044,0.5139097441484678,0.2110883001855366
no_morph_no_particle_stress,equal_block_total,False,family,everywhere,compound_anchor,88,0.7981042003627521,0.5692580297105326,0.22884617065221946
no_morph_no_particle_stress,equal_block_total,False,family,nobody,compound_anchor,88,0.7423733088280576,0.4718066551089988,0.27056665371905886
no_morph_no_particle_stress,equal_block_total,False,family,no_one,compound_anchor,88,0.7423733088280576,0.4718066551089988,0.27056665371905886
no_morph_no_particle_stress,equal_block_total,False,family,nothing,compound_anchor,88,0.7717949673569903,0.48705305115028935,0.2847419162067009
no_morph_no_particle_stress,equal_block_total,False,family,nowhere,compound_anchor,88,0.8334378476681745,0.5658952665899672,0.2675425810782073
no_morph_no_particle_stress,equal_block_total,False,family,somebody,compound_anchor,88,0.7458062301023046,0.48514650346399407,0.26065972663831055
no_morph_no_particle_stress,equal_block_total,False,family,someone,compound_anchor,88,0.7458062301023046,0.48514650346399407,0.26065972663831055
no_morph_no_particle_stress,equal_block_total,False,family,something,compound_anchor,88,0.77389865346253,0.5031977415833834,0.2707009118791466
no_morph_no_particle_stress,equal_block_total,False,family,somewhere,compound_anchor,88,0.8382788253408376,0.5859606913705658,0.2523181339702718
no_morph_no_particle_stress,equal_block_total,False,family,each_other,target,88,0.6458833322290838,0.7061545503014847,-0.06027121807240088
no_morph_no_particle_stress,equal_block_total,False,family,one_another,target,88,0.6458833322290838,0.7061545503014847,-0.06027121807240088
no_morph_no_particle_stress,equal_block_total,False,family,he,pronoun_anchor,88,0.5987534653350671,0.7522165992198874,-0.15346313388482025
no_morph_no_particle_stress,equal_block_total,False,family,him,pronoun_anchor,88,0.5579304846894438,0.735206574160514,-0.1772760894710702
no_morph_no_particle_stress,equal_block_total,False,family,himself,pronoun_anchor,88,0.5757672868487799,0.7505062711525958,-0.17473898430381596
no_morph_no_particle_stress,equal_block_total,False,family,his,pronoun_anchor,88,0.5213198893163412,0.6828939328697676,-0.16157404355342642
no_morph_no_particle_stress,equal_block_total,False,family,she,pronoun_anchor,88,0.5963310554258776,0.7522165992198874,-0.15588554379400976
no_morph_no_particle_stress,equal_block_total,False,family,her_acc,pronoun_anchor,88,0.5458570282083335,0.7073373106643768,-0.1614802824560433
no_morph_no_particle_stress,equal_block_total,False,family,her_dep,pronoun_anchor,88,0.626950417770511,0.7958544289147471,-0.16890401114423614
no_morph_no_particle_stress,equal_block_total,False,family,hers,pronoun_anchor,88,0.5151280990320389,0.6672114546773218,-0.15208335564528286
no_morph_no_particle_stress,equal_block_total,False,family,herself,pronoun_anchor,88,0.5710002755395319,0.7505062711525958,-0.1795059956130639
no_morph_no_particle_stress,equal_block_total,False,family,it_plain,pronoun_anchor,88,0.6367943007545213,0.7314247139594611,-0.09463041320493981
no_morph_no_particle_stress,equal_block_total,False,family,it_dum,pronoun_anchor,88,0.7735003712658123,0.8044548888047577,-0.030954517538945403
no_morph_no_particle_stress,equal_block_total,False,family,its,pronoun_anchor,88,0.615018336767739,0.7158184741667051,-0.1008001373989661
no_morph_no_particle_stress,equal_block_total,False,family,itself,pronoun_anchor,88,0.6285558566951875,0.7141662769034529,-0.08561042020826537
no_morph_no_particle_stress,equal_block_total,False,family,I,pronoun_anchor,88,0.6004070153046583,0.7810640197009403,-0.18065700439628196
no_morph_no_particle_stress,equal_block_total,False,family,me,pronoun_anchor,88,0.5849484098516615,0.7748456307840584,-0.18989722093239692
no_morph_no_particle_stress,equal_block_total,False,family,mine,pronoun_anchor,88,0.48947145026257843,0.6672114546773218,-0.17774000441474336
no_morph_no_particle_stress,equal_block_total,False,family,my,pronoun_anchor,88,0.6261023233881896,0.8166202147696604,-0.1905178913814708
no_morph_no_particle_stress,equal_block_total,False,family,myself,pronoun_anchor,88,0.5443688604023138,0.7505062711525958,-0.20613741075028202
no_morph_no_particle_stress,equal_block_total,False,family,their_sing,pronoun_anchor,88,0.7453637174145369,0.8525563515367159,-0.10719263412217905
no_morph_no_particle_stress,equal_block_total,False,family,theirs_sing,pronoun_anchor,88,0.6739543682257404,0.772627677100406,-0.09867330887466563
no_morph_no_particle_stress,equal_block_total,False,family,their_plur,pronoun_anchor,88,0.769553251548611,0.8704559666388949,-0.10090271509028392
no_morph_no_particle_stress,equal_block_total,False,family,theirs_plur,pronoun_anchor,88,0.6979355953504465,0.7895070140740861,-0.09157141872363961
no_morph_no_particle_stress,equal_block_total,False,family,them_sing,pronoun_anchor,88,0.7212148658594988,0.8261040822160184,-0.1048892163565196
no_morph_no_particle_stress,equal_block_total,False,family,them_plur,pronoun_anchor,88,0.7428997549384534,0.8606604172060316,-0.1177606622675782
no_morph_no_particle_stress,equal_block_total,False,family,themself,pronoun_anchor,88,0.7502655829678853,0.8437630540688019,-0.09349747110091666
no_morph_no_particle_stress,equal_block_total,False,family,themselves,pronoun_anchor,88,0.7495162102880721,0.8653677831720471,-0.11585157288397496
no_morph_no_particle_stress,equal_block_total,False,family,they_sing,pronoun_anchor,88,0.7531328666366409,0.8398942139541064,-0.08676134731746543
no_morph_no_particle_stress,equal_block_total,False,family,they_plur,pronoun_anchor,88,0.7724518202918698,0.873254317939938,-0.10080249764806826
no_morph_no_particle_stress,equal_block_total,False,family,we_pron,pronoun_anchor,88,0.571355191959477,0.7644815311338164,-0.1931263391743394
no_morph_no_particle_stress,equal_block_total,False,family,us_pron,pronoun_anchor,88,0.5352601383456427,0.7458813982062357,-0.210621259860593
no_morph_no_particle_stress,equal_block_total,False,family,our,pronoun_anchor,88,0.6239403588307199,0.8037061757870886,-0.17976581695636873
no_morph_no_particle_stress,equal_block_total,False,family,ours,pronoun_anchor,88,0.4935885943331194,0.6559912257725677,-0.16240263143944833
no_morph_no_particle_stress,equal_block_total,False,family,ourselves,pronoun_anchor,88,0.5613848407541971,0.7672076137039012,-0.20582277294970408
no_morph_no_particle_stress,equal_block_total,False,family,you_pron_sing,pronoun_anchor,88,0.5705374045102738,0.7236341708812675,-0.15309676637099368
no_morph_no_particle_stress,equal_block_total,False,family,you_pron_plur,pronoun_anchor,88,0.584573432440744,0.7566667156814271,-0.17209328324068307
no_morph_no_particle_stress,equal_block_total,False,family,your_sing,pronoun_anchor,88,0.6540195555454077,0.7975999909209603,-0.14358043537555265
no_morph_no_particle_stress,equal_block_total,False,family,yours_sing,pronoun_anchor,88,0.5075542888793122,0.6559912257725677,-0.14843693689325554
no_morph_no_particle_stress,equal_block_total,False,family,your_plur,pronoun_anchor,88,0.6540195555454077,0.7975999909209603,-0.14358043537555265
no_morph_no_particle_stress,equal_block_total,False,family,yours_plur,pronoun_anchor,88,0.5075542888793122,0.6559912257725677,-0.14843693689325554
no_morph_no_particle_stress,equal_block_total,False,family,yourself,pronoun_anchor,88,0.5450462532674026,0.7356665377421387,-0.1906202844747361
no_morph_no_particle_stress,equal_block_total,False,family,yourselves,pronoun_anchor,88,0.5549698125354159,0.7619085945184169,-0.20693878198300097
no_components,equal_feature,False,item,anybody,compound_anchor,105,0.7643255861929829,0.4056465610479875,0.35867902514499533
no_components,equal_feature,False,item,anyone,compound_anchor,105,0.7643255861929829,0.4056465610479875,0.35867902514499533
no_components,equal_feature,False,item,anything,compound_anchor,105,0.7647716016815239,0.4225247893227021,0.3422468123588218
no_components,equal_feature,False,item,anywhere,compound_anchor,105,0.8427431723392329,0.5090302920930108,0.33371288024622214
no_components,equal_feature,False,item,everybody,compound_anchor,105,0.7069142107329048,0.4348313114489585,0.27208289928394636
no_components,equal_feature,False,item,everyone,compound_anchor,105,0.7069142107329048,0.4348313114489585,0.27208289928394636
no_components,equal_feature,False,item,everything,compound_anchor,105,0.7322334488833376,0.41316225072629253,0.3190711981570451
no_components,equal_feature,False,item,everywhere,compound_anchor,105,0.7940635318076671,0.4831441209480426,0.3109194108596245
no_components,equal_feature,False,item,nobody,compound_anchor,105,0.752076171341843,0.3756598196407134,0.37641635170112964
no_components,equal_feature,False,item,no_one,compound_anchor,105,0.752076171341843,0.3756598196407134,0.37641635170112964
no_components,equal_feature,False,item,nothing,compound_anchor,105,0.7919752723912685,0.42166699970959604,0.3703082726816725
no_components,equal_feature,False,item,nowhere,compound_anchor,105,0.846375111019284,0.5002317020515018,0.3461434089677822
no_components,equal_feature,False,item,somebody,compound_anchor,105,0.7567614250211461,0.3942713101315252,0.36249011488962085
no_components,equal_feature,False,item,someone,compound_anchor,105,0.7567614250211461,0.3942713101315252,0.36249011488962085
no_components,equal_feature,False,item,something,compound_anchor,105,0.7729973240989177,0.4244038188977009,0.34859350520121685
no_components,equal_feature,False,item,somewhere,compound_anchor,105,0.8525521638656498,0.5279646884726567,0.32458747539299315
no_components,equal_feature,False,item,each_other,target,105,0.6803808378816427,0.6243745568368413,0.05600628104480143
no_components,equal_feature,False,item,one_another,target,105,0.6803808378816427,0.6243745568368413,0.05600628104480143
no_components,equal_feature,False,item,he,pronoun_anchor,105,0.5469196545934791,0.7976019830290129,-0.25068232843553373
no_components,equal_feature,False,item,him,pronoun_anchor,105,0.4989015597749031,0.7902543284886293,-0.29135276871372623
no_components,equal_feature,False,item,himself,pronoun_anchor,105,0.5218945065611045,0.7345268205714197,-0.21263231401031524
no_components,equal_feature,False,item,his,pronoun_anchor,105,0.47127659474719286,0.7293648669574213,-0.25808827221022845
no_components,equal_feature,False,item,she,pronoun_anchor,105,0.5263329250747685,0.802860682259397,-0.2765277571846285
no_components,equal_feature,False,item,her_acc,pronoun_anchor,105,0.4635509896457573,0.7662207879988577,-0.3026697983531004
no_components,equal_feature,False,item,her_dep,pronoun_anchor,105,0.5617771805760436,0.8226631272240318,-0.26088594664798814
no_components,equal_feature,False,item,hers,pronoun_anchor,105,0.45002411689162136,0.7195195211140268,-0.2694954042224055
no_components,equal_feature,False,item,herself,pronoun_anchor,105,0.5029717967028471,0.7410585555371842,-0.23808675883433716
no_components,equal_feature,False,item,it_plain,pronoun_anchor,105,0.5732616490481254,0.786242652854495,-0.21298100380636964
no_components,equal_feature,False,item,it_dum,pronoun_anchor,105,0.7519125227733635,0.7876335681789965,-0.035721045405633034
no_components,equal_feature,False,item,its,pronoun_anchor,105,0.5735511155719564,0.767934586369073,-0.1943834707971166
no_components,equal_feature,False,item,itself,pronoun_anchor,105,0.5719722631670558,0.702345237592229,-0.13037297442517315
no_components,equal_feature,False,item,I,pronoun_anchor,105,0.5355814517195283,0.821312836937837,-0.28573138521830865
no_components,equal_feature,False,item,me,pronoun_anchor,105,0.5075124733255405,0.8161136663186652,-0.3086011929931247
no_components,equal_feature,False,item,mine,pronoun_anchor,105,0.42929694241522454,0.7254469418433422,-0.2961499994281177
no_components,equal_feature,False,item,my,pronoun_anchor,105,0.565881138604153,0.836162841094861,-0.27028170249070804
no_components,equal_feature,False,item,myself,pronoun_anchor,105,0.49036165028215856,0.7410585555371842,-0.2506969052550257
no_components,equal_feature,False,item,their_sing,pronoun_anchor,105,0.5587330484487174,0.8108041528650574,-0.25207110441633995
no_components,equal_feature,False,item,theirs_sing,pronoun_anchor,105,0.45058951357283245,0.7115533954870878,-0.2609638819142554
no_components,equal_feature,False,item,their_plur,pronoun_anchor,105,0.577550669320026,0.827529010878662,-0.24997834155863607
no_components,equal_feature,False,item,theirs_plur,pronoun_anchor,105,0.4686729790883156,0.727362423670096,-0.25868944458178034
no_components,equal_feature,False,item,them_sing,pronoun_anchor,105,0.48199732434969456,0.7852736226740903,-0.30327629832439573
no_components,equal_feature,False,item,them_plur,pronoun_anchor,105,0.5070480282716664,0.822017732707343,-0.3149697044356766
no_components,equal_feature,False,item,themself,pronoun_anchor,105,0.5211148749015396,0.7410585555371842,-0.21994368063564462
no_components,equal_feature,False,item,themselves,pronoun_anchor,105,0.5221920078539454,0.7681177190282166,-0.2459257111742712
no_components,equal_feature,False,item,they_sing,pronoun_anchor,105,0.529114292746374,0.792110349273617,-0.262996056527243
no_components,equal_feature,False,item,they_plur,pronoun_anchor,105,0.546442243543031,0.8285468462859349,-0.28210460274290394
no_components,equal_feature,False,item,we_pron,pronoun_anchor,105,0.5180676352060425,0.8123255244998989,-0.29425788929385643
no_components,equal_feature,False,item,us_pron,pronoun_anchor,105,0.4831359874512405,0.7942191225139594,-0.31108313506271895
no_components,equal_feature,False,item,our,pronoun_anchor,105,0.5615180328243469,0.8277429673031782,-0.26622493447883133
no_components,equal_feature,False,item,ours,pronoun_anchor,105,0.43499743175364214,0.7115533954870878,-0.2765559637334457
no_components,equal_feature,False,item,ourselves,pronoun_anchor,105,0.49807504426312493,0.7526920401347271,-0.2546169958716022
no_components,equal_feature,False,item,you_pron_sing,pronoun_anchor,105,0.5099486404243363,0.7593104398519487,-0.24936179942761239
no_components,equal_feature,False,item,you_pron_plur,pronoun_anchor,105,0.5140462808957261,0.7792606030238753,-0.2652143221281492
no_components,equal_feature,False,item,your_sing,pronoun_anchor,105,0.5752872428313746,0.8221331354953901,-0.24684589266401558
no_components,equal_feature,False,item,yours_sing,pronoun_anchor,105,0.4444010892343454,0.7115533954870878,-0.26715230625274244
no_components,equal_feature,False,item,your_plur,pronoun_anchor,105,0.5752872428313746,0.8221331354953901,-0.24684589266401558
no_components,equal_feature,False,item,yours_plur,pronoun_anchor,105,0.44746007280892475,0.690233639343033,-0.2427735665341082
no_components,equal_feature,False,item,yourself,pronoun_anchor,105,0.49846218821611366,0.7315516573267592,-0.23308946911064554
no_components,equal_feature,False,item,yourselves,pronoun_anchor,105,0.4966437706288923,0.7496282581768392,-0.2529844875479469
no_components,equal_feature,False,family,anybody,compound_anchor,105,0.7643255861929829,0.44838189430219794,0.3159436918907849
no_components,equal_feature,False,family,anyone,compound_anchor,105,0.7643255861929829,0.44838189430219794,0.3159436918907849
no_components,equal_feature,False,family,anything,compound_anchor,105,0.7647716016815239,0.4492133343236284,0.3155582673578955
no_components,equal_feature,False,family,anywhere,compound_anchor,105,0.8427431723392329,0.5367667923193286,0.30597638001990435
no_components,equal_feature,False,family,everybody,compound_anchor,105,0.7069142107329048,0.48482701809907697,0.22208719263382787
no_components,equal_feature,False,family,everyone,compound_anchor,105,0.7069142107329048,0.48482701809907697,0.22208719263382787
no_components,equal_feature,False,family,everything,compound_anchor,105,0.7322334488833376,0.44978614674119893,0.2824473021421387
no_components,equal_feature,False,family,everywhere,compound_anchor,105,0.7940635318076671,0.5031725754274775,0.2908909563801896
no_components,equal_feature,False,family,nobody,compound_anchor,105,0.752076171341843,0.40999623048958905,0.34207994085225396
no_components,equal_feature,False,family,no_one,compound_anchor,105,0.752076171341843,0.40999623048958905,0.34207994085225396
no_components,equal_feature,False,family,nothing,compound_anchor,105,0.7919752723912685,0.45103010979025177,0.34094516260101676
no_components,equal_feature,False,family,nowhere,compound_anchor,105,0.846375111019284,0.5189677884839176,0.3274073225353664
no_components,equal_feature,False,family,somebody,compound_anchor,105,0.7567614250211461,0.42581973731167283,0.33094168770947324
no_components,equal_feature,False,family,someone,compound_anchor,105,0.7567614250211461,0.42581973731167283,0.33094168770947324
no_components,equal_feature,False,family,something,compound_anchor,105,0.7729973240989177,0.4458486889660415,0.32714863513287623
no_components,equal_feature,False,family,somewhere,compound_anchor,105,0.8525521638656498,0.5364990704673641,0.3160530933982857
no_components,equal_feature,False,family,each_other,target,105,0.6803808378816427,0.6243745568368413,0.05600628104480143
no_components,equal_feature,False,family,one_another,target,105,0.6803808378816427,0.6243745568368413,0.05600628104480143
no_components,equal_feature,False,family,he,pronoun_anchor,105,0.5554411349393983,0.7976019830290129,-0.24216084808961458
no_components,equal_feature,False,family,him,pronoun_anchor,105,0.5074797850315822,0.7902543284886293,-0.2827745434570471
no_components,equal_feature,False,family,himself,pronoun_anchor,105,0.5279071137346112,0.7345268205714197,-0.20661970683680853
no_components,equal_feature,False,family,his,pronoun_anchor,105,0.4696853934091072,0.7293648669574213,-0.2596794735483141
no_components,equal_feature,False,family,she,pronoun_anchor,105,0.5323479563223317,0.802860682259397,-0.2705127259370653
no_components,equal_feature,False,family,her_acc,pronoun_anchor,105,0.4700516545610657,0.7662207879988577,-0.29616913343779205
no_components,equal_feature,False,family,her_dep,pronoun_anchor,105,0.5594539162542401,0.8226631272240318,-0.26320921096979166
no_components,equal_feature,False,family,hers,pronoun_anchor,105,0.4512427429162359,0.7195195211140268,-0.26827677819779094
no_components,equal_feature,False,family,herself,pronoun_anchor,105,0.5042832843527405,0.7410585555371842,-0.23677527118444375
no_components,equal_feature,False,family,it_plain,pronoun_anchor,105,0.573499244516695,0.786242652854495,-0.21274340833780003
no_components,equal_feature,False,family,it_dum,pronoun_anchor,105,0.7572857570607573,0.7876335681789965,-0.030347811118239254
no_components,equal_feature,False,family,its,pronoun_anchor,105,0.5706013753297883,0.767934586369073,-0.1973332110392847
no_components,equal_feature,False,family,itself,pronoun_anchor,105,0.5727619194403534,0.702345237592229,-0.12958331815187563
no_components,equal_feature,False,family,I,pronoun_anchor,105,0.5388118489140044,0.821312836937837,-0.2825009880238326
no_components,equal_feature,False,family,me,pronoun_anchor,105,0.5120360956814048,0.8161136663186652,-0.3040775706372604
no_components,equal_feature,False,family,mine,pronoun_anchor,105,0.42630215823913825,0.7254469418433422,-0.299144783604204
no_components,equal_feature,False,family,my,pronoun_anchor,105,0.5615585122950154,0.836162841094861,-0.27460432879984564
no_components,equal_feature,False,family,myself,pronoun_anchor,105,0.487133407997013,0.7410585555371842,-0.25392514754017126
no_components,equal_feature,False,family,their_sing,pronoun_anchor,105,0.5700804022516665,0.8108041528650574,-0.2407237506133909
no_components,equal_feature,False,family,theirs_sing,pronoun_anchor,105,0.4646077867892525,0.7115533954870878,-0.24694560869783533
no_components,equal_feature,False,family,their_plur,pronoun_anchor,105,0.5920456611820886,0.827529010878662,-0.23548334969657347
no_components,equal_feature,False,family,theirs_plur,pronoun_anchor,105,0.4864213240018691,0.727362423670096,-0.24094109966822685
no_components,equal_feature,False,family,them_sing,pronoun_anchor,105,0.4925830171709542,0.7852736226740903,-0.2926906055031361
no_components,equal_feature,False,family,them_plur,pronoun_anchor,105,0.5271999473896836,0.822017732707343,-0.29481778531765945
no_components,equal_feature,False,family,themself,pronoun_anchor,105,0.5299281009910037,0.7410585555371842,-0.2111304545461805
no_components,equal_feature,False,family,themselves,pronoun_anchor,105,0.5372502295060729,0.7681177190282166,-0.23086748952214364
no_components,equal_feature,False,family,they_sing,pronoun_anchor,105,0.5400160667239553,0.792110349273617,-0.2520942825496617
no_components,equal_feature,False,family,they_plur,pronoun_anchor,105,0.5682002756192233,0.8285468462859349,-0.26034657066671163
no_components,equal_feature,False,family,we_pron,pronoun_anchor,105,0.5236609565321337,0.8123255244998989,-0.2886645679677652
no_components,equal_feature,False,family,us_pron,pronoun_anchor,105,0.48901930047773756,0.7942191225139594,-0.30519982203622187
no_components,equal_feature,False,family,our,pronoun_anchor,105,0.5589305103125901,0.8277429673031782,-0.2688124569905881
no_components,equal_feature,False,family,ours,pronoun_anchor,105,0.4357128698803985,0.7115533954870878,-0.27584052560668937
no_components,equal_feature,False,family,ourselves,pronoun_anchor,105,0.49647227140347205,0.7526920401347271,-0.25621976873125507
no_components,equal_feature,False,family,you_pron_sing,pronoun_anchor,105,0.5233028152397659,0.7593104398519487,-0.23600762461218283
no_components,equal_feature,False,family,you_pron_plur,pronoun_anchor,105,0.531947513235611,0.7792606030238753,-0.24731308978826438
no_components,equal_feature,False,family,your_sing,pronoun_anchor,105,0.5934443600240707,0.8221331354953901,-0.22868877547131938
no_components,equal_feature,False,family,yours_sing,pronoun_anchor,105,0.4574623135427182,0.7115533954870878,-0.25409108194436963
no_components,equal_feature,False,family,your_plur,pronoun_anchor,105,0.5934443600240707,0.8221331354953901,-0.22868877547131938
no_components,equal_feature,False,family,yours_plur,pronoun_anchor,105,0.4632812622418156,0.690233639343033,-0.22695237710121735
no_components,equal_feature,False,family,yourself,pronoun_anchor,105,0.5031887953708291,0.7315516573267592,-0.22836286195593014
no_components,equal_feature,False,family,yourselves,pronoun_anchor,105,0.5067847895233535,0.7496282581768392,-0.24284346865348572
no_other16_morph,equal_feature,False,item,anybody,compound_anchor,138,0.7675517058180442,0.5083878317715479,0.2591638740464963
no_other16_morph,equal_feature,False,item,anyone,compound_anchor,138,0.7675517058180442,0.5085435603588672,0.25900814545917705
no_other16_morph,equal_feature,False,item,anything,compound_anchor,138,0.7676713242498838,0.519235805865885,0.2484355183839988
no_other16_morph,equal_feature,False,item,anywhere,compound_anchor,138,0.8332405381563777,0.5921572651255383,0.24108327303083932
no_other16_morph,equal_feature,False,item,everybody,compound_anchor,138,0.7075406500826753,0.5354240271190737,0.17211662296360164
no_other16_morph,equal_feature,False,item,everyone,compound_anchor,138,0.7075406500826753,0.5355377695857573,0.17200288049691803
no_other16_morph,equal_feature,False,item,everything,compound_anchor,138,0.7373143754650768,0.5154086735704382,0.22190570189463865
no_other16_morph,equal_feature,False,item,everywhere,compound_anchor,138,0.8081267271835926,0.5875359194182723,0.22059080776532025
no_other16_morph,equal_feature,False,item,nobody,compound_anchor,138,0.75378414174209,0.48152992957477253,0.27225421216731743
no_other16_morph,equal_feature,False,item,no_one,compound_anchor,138,0.7602504974801617,0.4962741730359181,0.2639763244442436
no_other16_morph,equal_feature,False,item,nothing,compound_anchor,138,0.7756973791485462,0.5003140850093862,0.27538329413915996
no_other16_morph,equal_feature,False,item,nowhere,compound_anchor,138,0.8370255481564796,0.5869853896772697,0.2500401584792099
no_other16_morph,equal_feature,False,item,somebody,compound_anchor,138,0.7591583379297843,0.5016225571696792,0.2575357807601051
no_other16_morph,equal_feature,False,item,someone,compound_anchor,138,0.7591583379297843,0.501832840713296,0.25732549721648823
no_other16_morph,equal_feature,False,item,something,compound_anchor,138,0.7791887880439605,0.5254849999789912,0.2537037880649693
no_other16_morph,equal_feature,False,item,somewhere,compound_anchor,138,0.8434670989481479,0.6175963721878869,0.225870726760261
no_other16_morph,equal_feature,False,item,each_other,target,138,0.6700359394563651,0.7435977386970984,-0.07356179924073336
no_other16_morph,equal_feature,False,item,one_another,target,138,0.6904727334140334,0.7489448089299923,-0.0584720755159589
no_other16_morph,equal_feature,False,item,he,pronoun_anchor,138,0.5833708526991698,0.7771630749073823,-0.19379222220821257
no_other16_morph,equal_feature,False,item,him,pronoun_anchor,138,0.5313054599616576,0.7714744977884928,-0.24016903782683519
no_other16_morph,equal_feature,False,item,himself,pronoun_anchor,138,0.558361579228516,0.7890347370585162,-0.2306731578300002
no_other16_morph,equal_feature,False,item,his,pronoun_anchor,138,0.49657986141385385,0.7044394470390642,-0.2078595856252104
no_other16_morph,equal_feature,False,item,she,pronoun_anchor,138,0.5824317935608206,0.7771630749073823,-0.1947312813465617
no_other16_morph,equal_feature,False,item,her_acc,pronoun_anchor,138,0.516180322980569,0.7428038729429733,-0.2266235499624043
no_other16_morph,equal_feature,False,item,her_dep,pronoun_anchor,138,0.6252259915487827,0.8092780593513389,-0.18405206780255623
no_other16_morph,equal_feature,False,item,hers,pronoun_anchor,138,0.4922185753805577,0.6993038046515783,-0.20708522927102058
no_other16_morph,equal_feature,False,item,herself,pronoun_anchor,138,0.5559793024531519,0.7890347370585162,-0.23305543460536438
no_other16_morph,equal_feature,False,item,it_plain,pronoun_anchor,138,0.6064851642588245,0.7773066398174617,-0.17082147555863725
no_other16_morph,equal_feature,False,item,it_dum,pronoun_anchor,138,0.7507812501803118,0.8278851021723914,-0.07710385199207959
no_other16_morph,equal_feature,False,item,its,pronoun_anchor,138,0.6057469027914453,0.7653382924884851,-0.1595913896970398
no_other16_morph,equal_feature,False,item,itself,pronoun_anchor,138,0.6092783173246937,0.7712341737303038,-0.16195585640561005
no_other16_morph,equal_feature,False,item,I,pronoun_anchor,138,0.5952072369969501,0.8000714203924062,-0.2048641833954561
no_other16_morph,equal_feature,False,item,me,pronoun_anchor,138,0.5573349707351534,0.7974159743074217,-0.24008100357226836
no_other16_morph,equal_feature,False,item,mine,pronoun_anchor,138,0.46744655421327463,0.6917328719900125,-0.2242863177767379
no_other16_morph,equal_feature,False,item,my,pronoun_anchor,138,0.6327307971869389,0.8249707629073473,-0.19223996572040836
no_other16_morph,equal_feature,False,item,myself,pronoun_anchor,138,0.5443596686703319,0.7890347370585162,-0.2446750683881843
no_other16_morph,equal_feature,False,item,their_sing,pronoun_anchor,138,0.6277645256726966,0.7951858289073642,-0.16742130323466764
no_other16_morph,equal_feature,False,item,theirs_sing,pronoun_anchor,138,0.5082704579696615,0.6905330155640351,-0.1822625575943736
no_other16_morph,equal_feature,False,item,their_plur,pronoun_anchor,138,0.6511675460615804,0.8145235271440603,-0.16335598108247984
no_other16_morph,equal_feature,False,item,theirs_plur,pronoun_anchor,138,0.5300643730249865,0.7078997843459494,-0.1778354113209628
no_other16_morph,equal_feature,False,item,them_sing,pronoun_anchor,138,0.5344149148608848,0.7526744990978986,-0.21825958423701386
no_other16_morph,equal_feature,False,item,them_plur,pronoun_anchor,138,0.5648536317418206,0.8007359194859195,-0.23588228774409892
no_other16_morph,equal_feature,False,item,themself,pronoun_anchor,138,0.5808689446630941,0.7831477176018335,-0.20227877293873942
no_other16_morph,equal_feature,False,item,themselves,pronoun_anchor,138,0.5817224073400372,0.8122930377864588,-0.23057063044642157
no_other16_morph,equal_feature,False,item,they_sing,pronoun_anchor,138,0.6032871026957656,0.7642019481819782,-0.1609148454862126
no_other16_morph,equal_feature,False,item,they_plur,pronoun_anchor,138,0.6256568311288575,0.8112563046594119,-0.1855994735305544
no_other16_morph,equal_feature,False,item,we_pron,pronoun_anchor,138,0.5739584888853432,0.7925285672528319,-0.21857007836748876
no_other16_morph,equal_feature,False,item,us_pron,pronoun_anchor,138,0.5142830884575199,0.7780011186862921,-0.26371803022877216
no_other16_morph,equal_feature,False,item,our,pronoun_anchor,138,0.6256711710337786,0.8152155055003274,-0.18954433446654884
no_other16_morph,equal_feature,False,item,ours,pronoun_anchor,138,0.4885942973222631,0.697870608585654,-0.20927631126339086
no_other16_morph,equal_feature,False,item,ourselves,pronoun_anchor,138,0.564211236970876,0.8057325246327246,-0.24152128766184855
no_other16_morph,equal_feature,False,item,you_pron_sing,pronoun_anchor,138,0.539631525319234,0.7559761569422924,-0.2163446316230584
no_other16_morph,equal_feature,False,item,you_pron_plur,pronoun_anchor,138,0.5449271421420164,0.7807564613302813,-0.23582931918826489
no_other16_morph,equal_feature,False,item,your_sing,pronoun_anchor,138,0.6310666916939802,0.8129094952813072,-0.18184280358732696
no_other16_morph,equal_feature,False,item,yours_sing,pronoun_anchor,138,0.4908647866454075,0.7048681236749994,-0.2140033370295919
no_other16_morph,equal_feature,False,item,your_plur,pronoun_anchor,138,0.6310666916939802,0.8129094952813072,-0.18184280358732696
no_other16_morph,equal_feature,False,item,yours_plur,pronoun_anchor,138,0.4908647866454075,0.7048681236749994,-0.2140033370295919
no_other16_morph,equal_feature,False,item,yourself,pronoun_anchor,138,0.5428116937150586,0.7838230392212235,-0.241011345506165
no_other16_morph,equal_feature,False,item,yourselves,pronoun_anchor,138,0.5397660123458708,0.800840170069281,-0.26107415772341014
no_other16_morph,equal_feature,False,family,anybody,compound_anchor,138,0.7675517058180442,0.5592943135239586,0.20825739229408557
no_other16_morph,equal_feature,False,family,anyone,compound_anchor,138,0.7675517058180442,0.5594889742581077,0.2080627315599365
no_other16_morph,equal_feature,False,family,anything,compound_anchor,138,0.7676713242498838,0.5534508876005554,0.21422043664932844
no_other16_morph,equal_feature,False,family,anywhere,compound_anchor,138,0.8332405381563777,0.628332870405281,0.2049076677510967
no_other16_morph,equal_feature,False,family,everybody,compound_anchor,138,0.7075406500826753,0.5943566933505015,0.11318395673217385
no_other16_morph,equal_feature,False,family,everyone,compound_anchor,138,0.7075406500826753,0.594498871433856,0.11304177864881926
no_other16_morph,equal_feature,False,family,everything,compound_anchor,138,0.7373143754650768,0.5616219530741589,0.17569242239091798
no_other16_morph,equal_feature,False,family,everywhere,compound_anchor,138,0.8081267271835926,0.618005757858699,0.19012096932489353
no_other16_morph,equal_feature,False,family,nobody,compound_anchor,138,0.75378414174209,0.5243836763362817,0.22940046540580827
no_other16_morph,equal_feature,False,family,no_one,compound_anchor,138,0.7602504974801617,0.5394614902412578,0.22078900723890393
no_other16_morph,equal_feature,False,family,nothing,compound_anchor,138,0.7756973791485462,0.5343964376793574,0.2413009414691888
no_other16_morph,equal_feature,False,family,nowhere,compound_anchor,138,0.8370255481564796,0.6116053003149778,0.22542024784150172
no_other16_morph,equal_feature,False,family,somebody,compound_anchor,138,0.7591583379297843,0.5405113182785543,0.21864701965123
no_other16_morph,equal_feature,False,family,someone,compound_anchor,138,0.7591583379297843,0.5407741727080753,0.218384165221709
no_other16_morph,equal_feature,False,family,something,compound_anchor,138,0.7791887880439605,0.553461188245344,0.22572759979861656
no_other16_morph,equal_feature,False,family,somewhere,compound_anchor,138,0.8434670989481479,0.6341749524143458,0.20929214653380201
no_other16_morph,equal_feature,False,family,each_other,target,138,0.6700359394563651,0.7435977386970984,-0.07356179924073336
no_other16_morph,equal_feature,False,family,one_another,target,138,0.6904727334140334,0.7489448089299923,-0.0584720755159589
no_other16_morph,equal_feature,False,family,he,pronoun_anchor,138,0.5920245909606096,0.7771630749073823,-0.1851384839467728
no_other16_morph,equal_feature,False,family,him,pronoun_anchor,138,0.5423941090494578,0.7714744977884928,-0.2290803887390349
no_other16_morph,equal_feature,False,family,himself,pronoun_anchor,138,0.5672584396821552,0.7890347370585162,-0.22177629737636106
no_other16_morph,equal_feature,False,family,his,pronoun_anchor,138,0.49401571444435494,0.7044394470390642,-0.2104237325947093
no_other16_morph,equal_feature,False,family,she,pronoun_anchor,138,0.5882476374635817,0.7771630749073823,-0.18891543744380068
no_other16_morph,equal_feature,False,family,her_acc,pronoun_anchor,138,0.5266933993925975,0.7428038729429733,-0.21611047355037583
no_other16_morph,equal_feature,False,family,her_dep,pronoun_anchor,138,0.6245738358799323,0.8092780593513389,-0.18470422347140658
no_other16_morph,equal_feature,False,family,hers,pronoun_anchor,138,0.49583830174738996,0.6993038046515783,-0.2034655029041883
no_other16_morph,equal_feature,False,family,herself,pronoun_anchor,138,0.5607969968688891,0.7890347370585162,-0.22823774018962717
no_other16_morph,equal_feature,False,family,it_plain,pronoun_anchor,138,0.6111960082535189,0.7773066398174617,-0.1661106315639428
no_other16_morph,equal_feature,False,family,it_dum,pronoun_anchor,138,0.7610982695168853,0.8278851021723914,-0.06678683265550611
no_other16_morph,equal_feature,False,family,its,pronoun_anchor,138,0.6079224751539861,0.7653382924884851,-0.15741581733449894
no_other16_morph,equal_feature,False,family,itself,pronoun_anchor,138,0.6157368033850222,0.7712341737303038,-0.15549737034528155
no_other16_morph,equal_feature,False,family,I,pronoun_anchor,138,0.597656910756592,0.8000714203924062,-0.2024145096358142
no_other16_morph,equal_feature,False,family,me,pronoun_anchor,138,0.5615314615174101,0.7974159743074217,-0.23588451279001166
no_other16_morph,equal_feature,False,family,mine,pronoun_anchor,138,0.4623862263466905,0.6917328719900125,-0.22934664564332202
no_other16_morph,equal_feature,False,family,my,pronoun_anchor,138,0.627708200798822,0.8249707629073473,-0.19726256210852533
no_other16_morph,equal_feature,False,family,myself,pronoun_anchor,138,0.5425274332926688,0.7890347370585162,-0.2465073037658474
no_other16_morph,equal_feature,False,family,their_sing,pronoun_anchor,138,0.6349415050776848,0.7951858289073642,-0.16024432382967946
no_other16_morph,equal_feature,False,family,theirs_sing,pronoun_anchor,138,0.5194972342954965,0.6905330155640351,-0.17103578126853858
no_other16_morph,equal_feature,False,family,their_plur,pronoun_anchor,138,0.661688143411946,0.8145235271440603,-0.15283538373211425
no_other16_morph,equal_feature,False,family,theirs_plur,pronoun_anchor,138,0.5451628820345372,0.7078997843459494,-0.16273690231141213
no_other16_morph,equal_feature,False,family,them_sing,pronoun_anchor,138,0.5414197774971788,0.7526744990978986,-0.21125472160071979
no_other16_morph,equal_feature,False,family,them_plur,pronoun_anchor,138,0.5836222642132858,0.8007359194859195,-0.2171136552726337
no_other16_morph,equal_feature,False,family,themself,pronoun_anchor,138,0.5877579607535589,0.7831477176018335,-0.19538975684827464
no_other16_morph,equal_feature,False,family,themselves,pronoun_anchor,138,0.5957813709331515,0.8122930377864588,-0.21651166685330725
no_other16_morph,equal_feature,False,family,they_sing,pronoun_anchor,138,0.6067334346217809,0.7642019481819782,-0.1574685135601973
no_other16_morph,equal_feature,False,family,they_plur,pronoun_anchor,138,0.6420444393863498,0.8112563046594119,-0.1692118652730621
no_other16_morph,equal_feature,False,family,we_pron,pronoun_anchor,138,0.5790543465471811,0.7925285672528319,-0.2134742207056508
no_other16_morph,equal_feature,False,family,us_pron,pronoun_anchor,138,0.5202776732819435,0.7780011186862921,-0.25772344540434855
no_other16_morph,equal_feature,False,family,our,pronoun_anchor,138,0.6244752455006778,0.8152155055003274,-0.1907402599996496
no_other16_morph,equal_feature,False,family,ours,pronoun_anchor,138,0.4923592351452102,0.697870608585654,-0.2055113734404438
no_other16_morph,equal_feature,False,family,ourselves,pronoun_anchor,138,0.5663111731442569,0.8057325246327246,-0.23942135148846766
no_other16_morph,equal_feature,False,family,you_pron_sing,pronoun_anchor,138,0.5525671446233014,0.7559761569422924,-0.203409012318991
no_other16_morph,equal_feature,False,family,you_pron_plur,pronoun_anchor,138,0.5636060429768072,0.7807564613302813,-0.21715041835347415
no_other16_morph,equal_feature,False,family,your_sing,pronoun_anchor,138,0.6566381441316794,0.8129094952813072,-0.15627135114962776
no_other16_morph,equal_feature,False,family,yours_sing,pronoun_anchor,138,0.5114486813741547,0.7048681236749994,-0.19341944230084473
no_other16_morph,equal_feature,False,family,your_plur,pronoun_anchor,138,0.6566381441316794,0.8129094952813072,-0.15627135114962776
no_other16_morph,equal_feature,False,family,yours_plur,pronoun_anchor,138,0.5114486813741547,0.7048681236749994,-0.19341944230084473
no_other16_morph,equal_feature,False,family,yourself,pronoun_anchor,138,0.5509342281002712,0.7838230392212235,-0.2328888111209524
no_other16_morph,equal_feature,False,family,yourselves,pronoun_anchor,138,0.5538748224225776,0.800840170069281,-0.24696534764670341
no_shared3_morph,equal_feature,False,item,anybody,compound_anchor,151,0.7793982409398321,0.501055786830193,0.2783424541096391
no_shared3_morph,equal_feature,False,item,anyone,compound_anchor,151,0.7793982409398321,0.5012036362925586,0.2781946046472735
no_shared3_morph,equal_feature,False,item,anything,compound_anchor,151,0.7786679636300039,0.5122912383814461,0.2663767252485578
no_shared3_morph,equal_feature,False,item,anywhere,compound_anchor,151,0.8576045737285493,0.6019075699173454,0.25569700381120386
no_shared3_morph,equal_feature,False,item,everybody,compound_anchor,151,0.7281538535819148,0.527562719129923,0.20059113445199173
no_shared3_morph,equal_feature,False,item,everyone,compound_anchor,151,0.7281538535819148,0.5276716515917967,0.20048220199011801
no_shared3_morph,equal_feature,False,item,everything,compound_anchor,151,0.7525886992366237,0.5084452717090289,0.24414342752759488
no_shared3_morph,equal_feature,False,item,everywhere,compound_anchor,151,0.813450986300455,0.5794768337994145,0.23397415250104048
no_shared3_morph,equal_feature,False,item,nobody,compound_anchor,151,0.7676090025115603,0.4751333774749771,0.2924756250365832
no_shared3_morph,equal_feature,False,item,no_one,compound_anchor,151,0.7728175666291786,0.4895912997386856,0.28322626689049296
no_shared3_morph,equal_feature,False,item,nothing,compound_anchor,151,0.8063161283814102,0.5128682413672271,0.2934478870141831
no_shared3_morph,equal_feature,False,item,nowhere,compound_anchor,151,0.8614825530159563,0.5963535246511921,0.26512902836476426
no_shared3_morph,equal_feature,False,item,somebody,compound_anchor,151,0.7729929095814821,0.49429126139120405,0.2787016481902781
no_shared3_morph,equal_feature,False,item,someone,compound_anchor,151,0.7729929095814821,0.4944889138877071,0.27850399569377504
no_shared3_morph,equal_feature,False,item,something,compound_anchor,151,0.7885162081577192,0.5182665498630232,0.27024965829469594
no_shared3_morph,equal_feature,False,item,somewhere,compound_anchor,151,0.8687828529092235,0.6269733516401352,0.2418095012690883
no_shared3_morph,equal_feature,False,item,each_other,target,151,0.700601342052168,0.7289627163974888,-0.028361374345320822
no_shared3_morph,equal_feature,False,item,one_another,target,151,0.7160466911578556,0.734838436812121,-0.018791745654265446
no_shared3_morph,equal_feature,False,item,he,pronoun_anchor,151,0.5569739675357825,0.7937188580635294,-0.23674489052774683
no_shared3_morph,equal_feature,False,item,him,pronoun_anchor,151,0.5210921412512406,0.7918578822582353,-0.2707657410069947
no_shared3_morph,equal_feature,False,item,himself,pronoun_anchor,151,0.5441313918336672,0.7916561119199601,-0.2475247200862929
no_shared3_morph,equal_feature,False,item,his,pronoun_anchor,151,0.4832864125975732,0.7258685229410913,-0.24258211034351806
no_shared3_morph,equal_feature,False,item,she,pronoun_anchor,151,0.536844548207173,0.7991843007217285,-0.26233975251455555
no_shared3_morph,equal_feature,False,item,her_acc,pronoun_anchor,151,0.48573788938705603,0.7679913039107519,-0.28225341452369584
no_shared3_morph,equal_feature,False,item,her_dep,pronoun_anchor,151,0.5785048960145432,0.8240239430791595,-0.24551904706461625
no_shared3_morph,equal_feature,False,item,hers,pronoun_anchor,151,0.4725017035836296,0.7219026186831501,-0.2494009150995205
no_shared3_morph,equal_feature,False,item,herself,pronoun_anchor,151,0.5241574162464403,0.7966249124656237,-0.2724674962191834
no_shared3_morph,equal_feature,False,item,it_plain,pronoun_anchor,151,0.5910823758129504,0.7879654300486296,-0.1968830542356792
no_shared3_morph,equal_feature,False,item,it_dum,pronoun_anchor,151,0.7543303344002947,0.8211332250437435,-0.0668028906434488
no_shared3_morph,equal_feature,False,item,its,pronoun_anchor,151,0.5983315029744707,0.775175081560951,-0.17684357858648037
no_shared3_morph,equal_feature,False,item,itself,pronoun_anchor,151,0.6003401825016438,0.7703154937750574,-0.1699753112734136
no_shared3_morph,equal_feature,False,item,I,pronoun_anchor,151,0.5459554572927412,0.8179067320489617,-0.2719512747562205
no_shared3_morph,equal_feature,False,item,me,pronoun_anchor,151,0.5180347953674621,0.8131529228691767,-0.2951181275017146
no_shared3_morph,equal_feature,False,item,mine,pronoun_anchor,151,0.443077173887529,0.7219026186831501,-0.2788254447956211
no_shared3_morph,equal_feature,False,item,my,pronoun_anchor,151,0.5844838954479586,0.8374084399230071,-0.2529245444750484
no_shared3_morph,equal_feature,False,item,myself,pronoun_anchor,151,0.5145211153900358,0.7966249124656237,-0.28210379707558797
no_shared3_morph,equal_feature,False,item,their_sing,pronoun_anchor,151,0.5752016600030181,0.812272843873149,-0.23707118387013093
no_shared3_morph,equal_feature,False,item,theirs_sing,pronoun_anchor,151,0.4829932676221471,0.7199212291299499,-0.23692796150780282
no_shared3_morph,equal_feature,False,item,their_plur,pronoun_anchor,151,0.5934231384649807,0.82889076711962,-0.23546762865463922
no_shared3_morph,equal_feature,False,item,theirs_plur,pronoun_anchor,151,0.5003703614486367,0.735424211698247,-0.23505385024961034
no_shared3_morph,equal_feature,False,item,them_sing,pronoun_anchor,151,0.5026567871241694,0.7868821175592939,-0.28422533043512455
no_shared3_morph,equal_feature,False,item,them_plur,pronoun_anchor,151,0.526150736934331,0.8236433786206856,-0.2974926416863546
no_shared3_morph,equal_feature,False,item,themself,pronoun_anchor,151,0.5411335824062757,0.7966249124656237,-0.255491330059348
no_shared3_morph,equal_feature,False,item,themselves,pronoun_anchor,151,0.5415970202644989,0.821023761497883,-0.2794267412333842
no_shared3_morph,equal_feature,False,item,they_sing,pronoun_anchor,151,0.5505639815676231,0.793699719588125,-0.24313573802050192
no_shared3_morph,equal_feature,False,item,they_plur,pronoun_anchor,151,0.5671005221429598,0.8302271434171306,-0.26312662127417075
no_shared3_morph,equal_feature,False,item,we_pron,pronoun_anchor,151,0.5406688710671113,0.8140735676900861,-0.27340469662297484
no_shared3_morph,equal_feature,False,item,us_pron,pronoun_anchor,151,0.5069939439789724,0.796146656557267,-0.28915271257829467
no_shared3_morph,equal_feature,False,item,our,pronoun_anchor,151,0.5794242268577074,0.8290425284112855,-0.249618301553578
no_shared3_morph,equal_feature,False,item,ours,pronoun_anchor,151,0.47011106822079685,0.7199212291299499,-0.2498101609091531
no_shared3_morph,equal_feature,False,item,ourselves,pronoun_anchor,151,0.5318199124094691,0.8109091810696836,-0.27908926866021444
no_shared3_morph,equal_feature,False,item,you_pron_sing,pronoun_anchor,151,0.5242673997243097,0.7836438410729227,-0.25937644134861304
no_shared3_morph,equal_feature,False,item,you_pron_plur,pronoun_anchor,151,0.5276721220640747,0.8021792884932502,-0.2745071664291755
no_shared3_morph,equal_feature,False,item,your_sing,pronoun_anchor,151,0.5923789296672839,0.8267228438388079,-0.234343914171524
no_shared3_morph,equal_feature,False,item,yours_sing,pronoun_anchor,151,0.480661448144719,0.7256161839735895,-0.2449547358288705
no_shared3_morph,equal_feature,False,item,your_plur,pronoun_anchor,151,0.5923789296672839,0.8267228438388079,-0.234343914171524
no_shared3_morph,equal_feature,False,item,yours_plur,pronoun_anchor,151,0.480661448144719,0.7256161839735895,-0.2449547358288705
no_shared3_morph,equal_feature,False,item,yourself,pronoun_anchor,151,0.5243654921210693,0.7917163984093191,-0.26735090628824976
no_shared3_morph,equal_feature,False,item,yourselves,pronoun_anchor,151,0.5212535933144637,0.8062901237972439,-0.2850365304827801
no_shared3_morph,equal_feature,False,family,anybody,compound_anchor,151,0.7793982409398321,0.5498532893404849,0.22954495159934718
no_shared3_morph,equal_feature,False,family,anyone,compound_anchor,151,0.7793982409398321,0.550038101168442,0.22936013977139014
no_shared3_morph,equal_feature,False,family,anything,compound_anchor,151,0.7786679636300039,0.54511315191946,0.23355481171054393
no_shared3_morph,equal_feature,False,family,anywhere,compound_anchor,151,0.8576045737285493,0.6358135811706279,0.22179099255792134
no_shared3_morph,equal_feature,False,family,everybody,compound_anchor,151,0.7281538535819148,0.5867870805564304,0.1413667730254844
no_shared3_morph,equal_feature,False,family,everyone,compound_anchor,151,0.7281538535819148,0.5869232461337724,0.1412306074481423
no_shared3_morph,equal_feature,False,family,everything,compound_anchor,151,0.7525886992366237,0.5554816466581173,0.19710705257850647
no_shared3_morph,equal_feature,False,family,everywhere,compound_anchor,151,0.813450986300455,0.6114428164428165,0.20200816985763848
no_shared3_morph,equal_feature,False,family,nobody,compound_anchor,151,0.7676090025115603,0.5134201111746969,0.2541888913368634
no_shared3_morph,equal_feature,False,family,no_one,compound_anchor,151,0.7728175666291786,0.5283594031404099,0.2444581634887687
no_shared3_morph,equal_feature,False,family,nothing,compound_anchor,151,0.8063161283814102,0.5463813096190574,0.2599348187623528
no_shared3_morph,equal_feature,False,family,nowhere,compound_anchor,151,0.8614825530159563,0.620537691254603,0.24094486176135332
no_shared3_morph,equal_feature,False,family,somebody,compound_anchor,151,0.7729929095814821,0.5314730791161234,0.24151983046535874
no_shared3_morph,equal_feature,False,family,someone,compound_anchor,151,0.7729929095814821,0.5317201447367522,0.24127276484472993
no_shared3_morph,equal_feature,False,family,something,compound_anchor,151,0.7885162081577192,0.5450995012617598,0.2434167068959594
no_shared3_morph,equal_feature,False,family,somewhere,compound_anchor,151,0.8687828529092235,0.6417413809081937,0.22704147200102986
no_shared3_morph,equal_feature,False,family,each_other,target,151,0.700601342052168,0.7289627163974888,-0.028361374345320822
no_shared3_morph,equal_feature,False,family,one_another,target,151,0.7160466911578556,0.734838436812121,-0.018791745654265446
no_shared3_morph,equal_feature,False,family,he,pronoun_anchor,151,0.5657514825750664,0.7937188580635294,-0.22796737548846302
no_shared3_morph,equal_feature,False,family,him,pronoun_anchor,151,0.5313759799947492,0.7918578822582353,-0.2604819022634861
no_shared3_morph,equal_feature,False,family,himself,pronoun_anchor,151,0.5527915842995437,0.7916561119199601,-0.23886452762041643
no_shared3_morph,equal_feature,False,family,his,pronoun_anchor,151,0.4822899427002237,0.7258685229410913,-0.2435785802408676
no_shared3_morph,equal_feature,False,family,she,pronoun_anchor,151,0.5428224049099092,0.7991843007217285,-0.25636189581181934
no_shared3_morph,equal_feature,False,family,her_acc,pronoun_anchor,151,0.4955182544038019,0.7679913039107519,-0.27247304950694995
no_shared3_morph,equal_feature,False,family,her_dep,pronoun_anchor,151,0.5789871679730424,0.8240239430791595,-0.2450367751061171
no_shared3_morph,equal_feature,False,family,hers,pronoun_anchor,151,0.47704317471049673,0.7219026186831501,-0.24485944397265336
no_shared3_morph,equal_feature,False,family,herself,pronoun_anchor,151,0.5299090126642544,0.7966249124656237,-0.26671589980136934
no_shared3_morph,equal_feature,False,family,it_plain,pronoun_anchor,151,0.5944133792572438,0.7879654300486296,-0.19355205079138582
no_shared3_morph,equal_feature,False,family,it_dum,pronoun_anchor,151,0.7624907732237165,0.8211332250437435,-0.05864245182002703
no_shared3_morph,equal_feature,False,family,its,pronoun_anchor,151,0.5992384381211379,0.775175081560951,-0.1759366434398132
no_shared3_morph,equal_feature,False,family,itself,pronoun_anchor,151,0.6059336756049665,0.7703154937750574,-0.1643818181700909
no_shared3_morph,equal_feature,False,family,I,pronoun_anchor,151,0.550132977962935,0.8179067320489617,-0.26777375408602666
no_shared3_morph,equal_feature,False,family,me,pronoun_anchor,151,0.5235091454576587,0.8131529228691767,-0.28964377741151803
no_shared3_morph,equal_feature,False,family,mine,pronoun_anchor,151,0.44125120770111914,0.7219026186831501,-0.28065141098203095
no_shared3_morph,equal_feature,False,family,my,pronoun_anchor,151,0.5820088537355129,0.8374084399230071,-0.25539958618749414
no_shared3_morph,equal_feature,False,family,myself,pronoun_anchor,151,0.5145441515409129,0.7966249124656237,-0.2820807609247108
no_shared3_morph,equal_feature,False,family,their_sing,pronoun_anchor,151,0.5885859610375056,0.812272843873149,-0.22368688283564342
no_shared3_morph,equal_feature,False,family,theirs_sing,pronoun_anchor,151,0.49973665314943855,0.7199212291299499,-0.2201845759805114
no_shared3_morph,equal_feature,False,family,their_plur,pronoun_anchor,151,0.6098134141724125,0.82889076711962,-0.21907735294720743
no_shared3_morph,equal_feature,False,family,theirs_plur,pronoun_anchor,151,0.5205549894825973,0.735424211698247,-0.21486922221564975
no_shared3_morph,equal_feature,False,family,them_sing,pronoun_anchor,151,0.5154774163567358,0.7868821175592939,-0.2714047012025581
no_shared3_morph,equal_feature,False,family,them_plur,pronoun_anchor,151,0.5480058049866259,0.8236433786206856,-0.2756375736340597
no_shared3_morph,equal_feature,False,family,themself,pronoun_anchor,151,0.5547411834938223,0.7966249124656237,-0.24188372897180144
no_shared3_morph,equal_feature,False,family,themselves,pronoun_anchor,151,0.5610400780303729,0.821023761497883,-0.2599836834675101
no_shared3_morph,equal_feature,False,family,they_sing,pronoun_anchor,151,0.5616997391518432,0.793699719588125,-0.23199998043628178
no_shared3_morph,equal_feature,False,family,they_plur,pronoun_anchor,151,0.588477727081285,0.8302271434171306,-0.24174941633584557
no_shared3_morph,equal_feature,False,family,we_pron,pronoun_anchor,151,0.5454065099559114,0.8140735676900861,-0.26866705773417465
no_shared3_morph,equal_feature,False,family,us_pron,pronoun_anchor,151,0.5119475338209922,0.796146656557267,-0.2841991227362748
no_shared3_morph,equal_feature,False,family,our,pronoun_anchor,151,0.5782208240706996,0.8290425284112855,-0.2508217043405858
no_shared3_morph,equal_feature,False,family,ours,pronoun_anchor,151,0.47330385702396893,0.7199212291299499,-0.246617372105981
no_shared3_morph,equal_feature,False,family,ourselves,pronoun_anchor,151,0.5336335170533179,0.8109091810696836,-0.2772756640163657
no_shared3_morph,equal_feature,False,family,you_pron_sing,pronoun_anchor,151,0.5396938917183101,0.7836438410729227,-0.24394994935461267
no_shared3_morph,equal_feature,False,family,you_pron_plur,pronoun_anchor,151,0.5474303352009912,0.8021792884932502,-0.254748953292259
no_shared3_morph,equal_feature,False,family,your_sing,pronoun_anchor,151,0.6175405281217775,0.8267228438388079,-0.2091823157170304
no_shared3_morph,equal_feature,False,family,yours_sing,pronoun_anchor,151,0.5036779480845478,0.7256161839735895,-0.2219382358890417
no_shared3_morph,equal_feature,False,family,your_plur,pronoun_anchor,151,0.6175405281217775,0.8267228438388079,-0.2091823157170304
no_shared3_morph,equal_feature,False,family,yours_plur,pronoun_anchor,151,0.5036779480845478,0.7256161839735895,-0.2219382358890417
no_shared3_morph,equal_feature,False,family,yourself,pronoun_anchor,151,0.5363989286710251,0.7917163984093191,-0.25531746973829395
no_shared3_morph,equal_feature,False,family,yourselves,pronoun_anchor,151,0.5382645801565443,0.8062901237972439,-0.2680255436406995
no_remaining13_morph,equal_feature,False,item,anybody,compound_anchor,141,0.7713768304261848,0.46450809636751245,0.3068687340586723
no_remaining13_morph,equal_feature,False,item,anyone,compound_anchor,141,0.7713768304261848,0.46464178620708463,0.30673504421910014
no_remaining13_morph,equal_feature,False,item,anything,compound_anchor,141,0.7715764090228543,0.4762536286839692,0.2953227803388851
no_remaining13_morph,equal_feature,False,item,anywhere,compound_anchor,141,0.8321318888102957,0.5403445079251531,0.29178738088514256
no_remaining13_morph,equal_feature,False,item,everybody,compound_anchor,141,0.7158096675406616,0.49287596411328244,0.22293370342737912
no_remaining13_morph,equal_feature,False,item,everyone,compound_anchor,141,0.7158096675406616,0.4929760642133825,0.22283360332727903
no_remaining13_morph,equal_feature,False,item,everything,compound_anchor,141,0.7433183162462026,0.47339896287264704,0.26991935337355555
no_remaining13_morph,equal_feature,False,item,everywhere,compound_anchor,141,0.8090790825807993,0.5379622981377368,0.27111678444306253
no_remaining13_morph,equal_feature,False,item,nobody,compound_anchor,141,0.7586977371750449,0.4391110801997554,0.31958665697528943
no_remaining13_morph,equal_feature,False,item,no_one,compound_anchor,141,0.7645647035036922,0.4537410151355772,0.310823688368115
no_remaining13_morph,equal_feature,False,item,nothing,compound_anchor,141,0.7786723618739467,0.4587150143053505,0.31995734756859623
no_remaining13_morph,equal_feature,False,item,nowhere,compound_anchor,141,0.8358147061108,0.5346982520606809,0.3011164540501191
no_remaining13_morph,equal_feature,False,item,somebody,compound_anchor,141,0.7639208984142342,0.45673033560048026,0.3071905628137539
no_remaining13_morph,equal_feature,False,item,someone,compound_anchor,141,0.7639208984142342,0.45690583924650674,0.3070150591677274
no_remaining13_morph,equal_feature,False,item,something,compound_anchor,141,0.7821067603714874,0.48002483129225254,0.30208192907923487
no_remaining13_morph,equal_feature,False,item,somewhere,compound_anchor,141,0.8418234683221261,0.5602422688649159,0.28158119945721016
no_remaining13_morph,equal_feature,False,item,each_other,target,141,0.6832047010762244,0.6807958084273874,0.0024088926488370355
no_remaining13_morph,equal_feature,False,item,one_another,target,141,0.70113131519777,0.6886910398081394,0.012440275389630662
no_remaining13_morph,equal_feature,False,item,he,pronoun_anchor,141,0.5914849803898061,0.7970606376709692,-0.20557565728116312
no_remaining13_morph,equal_feature,False,item,him,pronoun_anchor,141,0.5404634867356882,0.7895654975769235,-0.2491020108412353
no_remaining13_morph,equal_feature,False,item,himself,pronoun_anchor,141,0.5704244692216769,0.7549179088953639,-0.18449343967368703
no_remaining13_morph,equal_feature,False,item,his,pronoun_anchor,141,0.5020430347983347,0.7243012046926247,-0.22225816989429004
no_remaining13_morph,equal_feature,False,item,she,pronoun_anchor,141,0.590545921251457,0.7970606376709692,-0.20651471641951225
no_remaining13_morph,equal_feature,False,item,her_acc,pronoun_anchor,141,0.524898503249222,0.7631724285314861,-0.2382739252822641
no_remaining13_morph,equal_feature,False,item,her_dep,pronoun_anchor,141,0.6279399309983507,0.8213113605756827,-0.193371429577332
no_remaining13_morph,equal_feature,False,item,hers,pronoun_anchor,141,0.49814618990804577,0.7199375261717273,-0.22179133626368158
no_remaining13_morph,equal_feature,False,item,herself,pronoun_anchor,141,0.5681705635991867,0.7549179088953639,-0.1867473452961772
no_remaining13_morph,equal_feature,False,item,it_plain,pronoun_anchor,141,0.6141134599212982,0.7967028491727632,-0.18258938925146506
no_remaining13_morph,equal_feature,False,item,it_dum,pronoun_anchor,141,0.7644318742674925,0.8126526378486533,-0.048220763581160786
no_remaining13_morph,equal_feature,False,item,its,pronoun_anchor,141,0.6113715507562386,0.7821706569283778,-0.17079910617213923
no_remaining13_morph,equal_feature,False,item,itself,pronoun_anchor,141,0.6180126547267424,0.7380811484249385,-0.12006849369819617
no_remaining13_morph,equal_feature,False,item,I,pronoun_anchor,141,0.603250055371398,0.8180307131063725,-0.21478065773497457
no_remaining13_morph,equal_feature,False,item,me,pronoun_anchor,141,0.5657206957612633,0.8131256725107014,-0.24740497674943818
no_remaining13_morph,equal_feature,False,item,mine,pronoun_anchor,141,0.4739467928226464,0.7133817742492586,-0.23943498142661224
no_remaining13_morph,equal_feature,False,item,my,pronoun_anchor,141,0.6353735064247472,0.836083125664697,-0.2007096192399498
no_remaining13_morph,equal_feature,False,item,myself,pronoun_anchor,141,0.5571947986548569,0.7549179088953639,-0.19772311024050704
no_remaining13_morph,equal_feature,False,item,their_sing,pronoun_anchor,141,0.6304028522060762,0.8082845046552386,-0.17788165244916243
no_remaining13_morph,equal_feature,False,item,theirs_sing,pronoun_anchor,141,0.5137762445000932,0.7115486794400995,-0.1977724349400063
no_remaining13_morph,equal_feature,False,item,their_plur,pronoun_anchor,141,0.6535737112045925,0.8265891380852933,-0.17301542688070082
no_remaining13_morph,equal_feature,False,item,theirs_plur,pronoun_anchor,141,0.5353782834704759,0.7281852282242243,-0.19280694475374838
no_remaining13_morph,equal_feature,False,item,them_sing,pronoun_anchor,141,0.5435176825581045,0.7725999539279433,-0.22908227136983883
no_remaining13_morph,equal_feature,False,item,them_plur,pronoun_anchor,141,0.5724804111800395,0.815813993630104,-0.24333358245006453
no_remaining13_morph,equal_feature,False,item,themself,pronoun_anchor,141,0.5915458243886977,0.748610228051901,-0.1570644036632033
no_remaining13_morph,equal_feature,False,item,themselves,pronoun_anchor,141,0.5919521008442298,0.7770188031071469,-0.1850667022629171
no_remaining13_morph,equal_feature,False,item,they_sing,pronoun_anchor,141,0.6106733156235827,0.7849908131515722,-0.17431749752798942
no_remaining13_morph,equal_feature,False,item,they_plur,pronoun_anchor,141,0.6320454620672267,0.8271479555486908,-0.19510249348146413
no_remaining13_morph,equal_feature,False,item,we_pron,pronoun_anchor,141,0.581273920422418,0.8091192147400073,-0.22784529431758926
no_remaining13_morph,equal_feature,False,item,us_pron,pronoun_anchor,141,0.5228030933439736,0.7945017828502263,-0.27169868950625276
no_remaining13_morph,equal_feature,False,item,our,pronoun_anchor,141,0.6284038453822296,0.8268597097141355,-0.19845586433190587
no_remaining13_morph,equal_feature,False,item,ours,pronoun_anchor,141,0.4946136619343749,0.7179333444878946,-0.2233196825535197
no_remaining13_morph,equal_feature,False,item,ourselves,pronoun_anchor,141,0.574901714023661,0.7722146018379782,-0.19731288781431722
no_remaining13_morph,equal_feature,False,item,you_pron_sing,pronoun_anchor,141,0.5494225985543455,0.7493091302898431,-0.19988653173549764
no_remaining13_morph,equal_feature,False,item,you_pron_plur,pronoun_anchor,141,0.5534399150359479,0.7728074341642555,-0.21936751912830754
no_remaining13_morph,equal_feature,False,item,your_sing,pronoun_anchor,141,0.6338236234881462,0.8243546092200892,-0.19053098573194294
no_remaining13_morph,equal_feature,False,item,yours_sing,pronoun_anchor,141,0.49695529464847255,0.7240413598179019,-0.2270860651694293
no_remaining13_morph,equal_feature,False,item,your_plur,pronoun_anchor,141,0.6338236234881462,0.8243546092200892,-0.19053098573194294
no_remaining13_morph,equal_feature,False,item,yours_plur,pronoun_anchor,141,0.49978463428989406,0.7024092642761699,-0.20262462998627584
no_remaining13_morph,equal_feature,False,item,yourself,pronoun_anchor,141,0.5549456418520693,0.7513464394255268,-0.19640079757345752
no_remaining13_morph,equal_feature,False,item,yourselves,pronoun_anchor,141,0.5513878146832603,0.76881818577367,-0.21743037109040975
no_remaining13_morph,equal_feature,False,family,anybody,compound_anchor,141,0.7713768304261848,0.5117382666163001,0.2596385638098847
no_remaining13_morph,equal_feature,False,family,anyone,compound_anchor,141,0.7713768304261848,0.5119053789157654,0.2594714515104194
no_remaining13_morph,equal_feature,False,family,anything,compound_anchor,141,0.7715764090228543,0.508511480299406,0.26306492872344833
no_remaining13_morph,equal_feature,False,family,anywhere,compound_anchor,141,0.8321318888102957,0.5742881617881618,0.2578437270221339
no_remaining13_morph,equal_feature,False,family,everybody,compound_anchor,141,0.7158096675406616,0.5475572353942059,0.1682524321464557
no_remaining13_morph,equal_feature,False,family,everyone,compound_anchor,141,0.7158096675406616,0.547682360519331,0.1681273070213306
no_remaining13_morph,equal_feature,False,family,everything,compound_anchor,141,0.7433183162462026,0.5163518781939835,0.22696643805221905
no_remaining13_morph,equal_feature,False,family,everywhere,compound_anchor,141,0.8090790825807993,0.5659713911906894,0.2431076913901099
no_remaining13_morph,equal_feature,False,family,nobody,compound_anchor,141,0.7586977371750449,0.47888837021897235,0.2798093669560725
no_remaining13_morph,equal_feature,False,family,no_one,compound_anchor,141,0.7645647035036922,0.49393267223837484,0.2706320312653174
no_remaining13_morph,equal_feature,False,family,nothing,compound_anchor,141,0.7786723618739467,0.49084957596249623,0.2878227859114505
no_remaining13_morph,equal_feature,False,family,nowhere,compound_anchor,141,0.8358147061108,0.557821739807034,0.277992966303766
no_remaining13_morph,equal_feature,False,family,somebody,compound_anchor,141,0.7639208984142342,0.4933650267802938,0.27055587163394035
no_remaining13_morph,equal_feature,False,family,someone,compound_anchor,141,0.7639208984142342,0.4935844063378269,0.27033649207640725
no_remaining13_morph,equal_feature,False,family,something,compound_anchor,141,0.7821067603714874,0.5071191617206797,0.2749875986508077
no_remaining13_morph,equal_feature,False,family,somewhere,compound_anchor,141,0.8418234683221261,0.5767396176903401,0.26508385063178597
no_remaining13_morph,equal_feature,False,family,each_other,target,141,0.6832047010762244,0.6807958084273874,0.0024088926488370355
no_remaining13_morph,equal_feature,False,family,one_another,target,141,0.70113131519777,0.6886910398081394,0.012440275389630662
no_remaining13_morph,equal_feature,False,family,he,pronoun_anchor,141,0.5996704947703063,0.7970606376709692,-0.19739014290066292
no_remaining13_morph,equal_feature,False,family,him,pronoun_anchor,141,0.550933317173535,0.7895654975769235,-0.23863218040338852
no_remaining13_morph,equal_feature,False,family,himself,pronoun_anchor,141,0.577212562398733,0.7549179088953639,-0.17770534649663094
no_remaining13_morph,equal_feature,False,family,his,pronoun_anchor,141,0.49932249588227956,0.7243012046926247,-0.22497870881034515
no_remaining13_morph,equal_feature,False,family,she,pronoun_anchor,141,0.5961059274902145,0.7970606376709692,-0.20095471018075473
no_remaining13_morph,equal_feature,False,family,her_acc,pronoun_anchor,141,0.5350829525604537,0.7631724285314861,-0.22808947597103246
no_remaining13_morph,equal_feature,False,family,her_dep,pronoun_anchor,141,0.6272426927839397,0.8213113605756827,-0.19406866779174292
no_remaining13_morph,equal_feature,False,family,hers,pronoun_anchor,141,0.5016952393819647,0.7199375261717273,-0.21824228678976265
no_remaining13_morph,equal_feature,False,family,herself,pronoun_anchor,141,0.5708121892793934,0.7549179088953639,-0.18410571961597055
no_remaining13_morph,equal_feature,False,family,it_plain,pronoun_anchor,141,0.6178327832913968,0.7967028491727632,-0.17887006588136645
no_remaining13_morph,equal_feature,False,family,it_dum,pronoun_anchor,141,0.7738388344719352,0.8126526378486533,-0.038813803376718026
no_remaining13_morph,equal_feature,False,family,its,pronoun_anchor,141,0.6128360051344561,0.7821706569283778,-0.1693346517939217
no_remaining13_morph,equal_feature,False,family,itself,pronoun_anchor,141,0.6221667429387298,0.7380811484249385,-0.1159144054862088
no_remaining13_morph,equal_feature,False,family,I,pronoun_anchor,141,0.6055249995487135,0.8180307131063725,-0.21250571355765902
no_remaining13_morph,equal_feature,False,family,me,pronoun_anchor,141,0.5697846510951652,0.8131256725107014,-0.24334102141553626
no_remaining13_morph,equal_feature,False,family,mine,pronoun_anchor,141,0.4689223130040363,0.7133817742492586,-0.24445946124522233
no_remaining13_morph,equal_feature,False,family,my,pronoun_anchor,141,0.6303294249661224,0.836083125664697,-0.20575370069857457
no_remaining13_morph,equal_feature,False,family,myself,pronoun_anchor,141,0.5536545099725109,0.7549179088953639,-0.20126339892285305
no_remaining13_morph,equal_feature,False,family,their_sing,pronoun_anchor,141,0.6376824821993755,0.8082845046552386,-0.1706020224558631
no_remaining13_morph,equal_feature,False,family,theirs_sing,pronoun_anchor,141,0.5252154735939232,0.7115486794400995,-0.1863332058461763
no_remaining13_morph,equal_feature,False,family,their_plur,pronoun_anchor,141,0.6641160919353044,0.8265891380852933,-0.16247304614998892
no_remaining13_morph,equal_feature,False,family,theirs_plur,pronoun_anchor,141,0.5505621774168548,0.7281852282242243,-0.1776230508073695
no_remaining13_morph,equal_feature,False,family,them_sing,pronoun_anchor,141,0.5505607441793741,0.7725999539279433,-0.22203920974856928
no_remaining13_morph,equal_feature,False,family,them_plur,pronoun_anchor,141,0.5908814431646449,0.815813993630104,-0.22493255046545912
no_remaining13_morph,equal_feature,False,family,themself,pronoun_anchor,141,0.595538225050682,0.748610228051901,-0.15307200300121904
no_remaining13_morph,equal_feature,False,family,themselves,pronoun_anchor,141,0.6026599189723434,0.7770188031071469,-0.1743588841348035
no_remaining13_morph,equal_feature,False,family,they_sing,pronoun_anchor,141,0.6143490293878326,0.7849908131515722,-0.1706417837637395
no_remaining13_morph,equal_feature,False,family,they_plur,pronoun_anchor,141,0.6482213405106327,0.8271479555486908,-0.17892661503805807
no_remaining13_morph,equal_feature,False,family,we_pron,pronoun_anchor,141,0.5863174449921575,0.8091192147400073,-0.2228017697478497
no_remaining13_morph,equal_feature,False,family,us_pron,pronoun_anchor,141,0.5287605490817069,0.7945017828502263,-0.26574123376851944
no_remaining13_morph,equal_feature,False,family,our,pronoun_anchor,141,0.6271957306366255,0.8268597097141355,-0.19966397907751
no_remaining13_morph,equal_feature,False,family,ours,pronoun_anchor,141,0.49831591731605596,0.7179333444878946,-0.21961742717183863
no_remaining13_morph,equal_feature,False,family,ourselves,pronoun_anchor,141,0.5752932054387827,0.7722146018379782,-0.19692139639919548
no_remaining13_morph,equal_feature,False,family,you_pron_sing,pronoun_anchor,141,0.5639195394424638,0.7493091302898431,-0.18538959084737938
no_remaining13_morph,equal_feature,False,family,you_pron_plur,pronoun_anchor,141,0.5733286274350863,0.7728074341642555,-0.19947880672916918
no_remaining13_morph,equal_feature,False,family,your_sing,pronoun_anchor,141,0.6582751786353336,0.8243546092200892,-0.1660794305847556
no_remaining13_morph,equal_feature,False,family,yours_sing,pronoun_anchor,141,0.5154600972403636,0.7240413598179019,-0.20858126257753828
no_remaining13_morph,equal_feature,False,family,your_plur,pronoun_anchor,141,0.6582751786353336,0.8243546092200892,-0.1660794305847556
no_remaining13_morph,equal_feature,False,family,yours_plur,pronoun_anchor,141,0.5212493623549072,0.7024092642761699,-0.18115990192126274
no_remaining13_morph,equal_feature,False,family,yourself,pronoun_anchor,141,0.5643331277890729,0.7513464394255268,-0.18701331163645396
no_remaining13_morph,equal_feature,False,family,yourselves,pronoun_anchor,141,0.566348863610279,0.76881818577367,-0.20246932216339097
all,equal_feature,True,item,anybody,compound_anchor,154,0.7810318120696333,0.4590281180386543,0.32200369403097906
all,equal_feature,True,item,anyone,compound_anchor,154,0.7810318120696333,0.45915544169538974,0.3218763703742436
all,equal_feature,True,item,anything,compound_anchor,154,0.7805713586889949,0.4709966142375717,0.30957474445142313
all,equal_feature,True,item,anywhere,compound_anchor,154,0.8541349474927535,0.5504100141072689,0.3037249333854847
all,equal_feature,True,item,everybody,compound_anchor,154,0.7331670412099142,0.486750788332945,0.24641625287696917
all,equal_feature,True,item,everyone,compound_anchor,154,0.7331670412099142,0.4868468357974135,0.24632020541250066
all,equal_feature,True,item,everything,compound_anchor,154,0.7560551946461392,0.46809035160428347,0.28796484304185577
all,equal_feature,True,item,everywhere,compound_anchor,154,0.813037606611082,0.5318057159475384,0.2812318906635436
all,equal_feature,True,item,nobody,compound_anchor,154,0.7700369504016932,0.43446184021559736,0.3355751101860958
all,equal_feature,True,item,no_one,compound_anchor,154,0.7748702815758357,0.44878906503418353,0.3260812165416522
all,equal_feature,True,item,nothing,compound_anchor,154,0.8062521633436309,0.4710623302535067,0.33518983309012423
all,equal_feature,True,item,nowhere,compound_anchor,154,0.8578094683190639,0.5444666072252279,0.313342861093836
all,equal_feature,True,item,somebody,compound_anchor,154,0.7751398729344269,0.45134691345854333,0.32379295947588355
all,equal_feature,True,item,someone,compound_anchor,154,0.7751398729344269,0.45151268406786227,0.3236271888665646
all,equal_feature,True,item,something,compound_anchor,154,0.7895903593157562,0.4746465036050526,0.31494385571070355
all,equal_feature,True,item,somewhere,compound_anchor,154,0.8644240261637902,0.5701490339725636,0.29427499219122666
all,equal_feature,True,item,each_other,target,154,0.7092920559400119,0.6690820933080995,0.040209962631912344
all,equal_feature,True,item,one_another,target,154,0.7231929431059338,0.6772670296559097,0.04592591345002417
all,equal_feature,True,item,he,pronoun_anchor,154,0.5618790600008428,0.8092856407451141,-0.24740658074427135
all,equal_feature,True,item,him,pronoun_anchor,154,0.5286285209798851,0.8057506137155528,-0.2771220927356677
all,equal_feature,True,item,himself,pronoun_anchor,154,0.5548048518682013,0.7604470414613891,-0.2056421895931878
all,equal_feature,True,item,his,pronoun_anchor,154,0.48759946499549756,0.742109479495717,-0.2545100145002195
all,equal_feature,True,item,she,pronoun_anchor,154,0.5420393418776245,0.813962682945353,-0.27192334106772853
all,equal_feature,True,item,her_acc,pronoun_anchor,154,0.49252091118228825,0.7834820942999945,-0.29096118311770625
all,equal_feature,True,item,her_dep,pronoun_anchor,154,0.58080926858433,0.833527924107552,-0.25271865552322204
all,equal_feature,True,item,hers,pronoun_anchor,154,0.47745728956140177,0.7386792842136856,-0.2612219946522838
all,equal_feature,True,item,herself,pronoun_anchor,154,0.5357021674756106,0.7657781804126589,-0.23007601293704827
all,equal_feature,True,item,it_plain,pronoun_anchor,154,0.5953718597013733,0.8040189737051583,-0.208647114003785
all,equal_feature,True,item,it_dum,pronoun_anchor,154,0.7488141743835641,0.7851901726804977,-0.03637599829693361
all,equal_feature,True,item,its,pronoun_anchor,154,0.603513425011881,0.7895659837852846,-0.18605255877340365
all,equal_feature,True,item,itself,pronoun_anchor,154,0.6082539256788756,0.7395259141501342,-0.13127198847125865
all,equal_feature,True,item,I,pronoun_anchor,154,0.5510931825420589,0.8313743634948705,-0.2802811809528116
all,equal_feature,True,item,me,pronoun_anchor,154,0.5255614011929778,0.8254103533032191,-0.2998489521102413
all,equal_feature,True,item,mine,pronoun_anchor,154,0.44826797956571857,0.7386792842136856,-0.290411304647967
all,equal_feature,True,item,my,pronoun_anchor,154,0.5867297889836974,0.8462358725204686,-0.2595060835367712
all,equal_feature,True,item,myself,pronoun_anchor,154,0.5265101372118728,0.7657781804126589,-0.2392680432007861
all,equal_feature,True,item,their_sing,pronoun_anchor,154,0.5776023144157968,0.8225295474841754,-0.2449272330683786
all,equal_feature,True,item,theirs_sing,pronoun_anchor,154,0.48765811882108545,0.736338205254687,-0.2486800864336015
all,equal_feature,True,item,their_plur,pronoun_anchor,154,0.5956620640993002,0.83837495161198,-0.24271288751267972
all,equal_feature,True,item,theirs_plur,pronoun_anchor,154,0.5049015647394366,0.7512284962061748,-0.24632693146673823
all,equal_feature,True,item,them_sing,pronoun_anchor,154,0.5102641174036788,0.8006913449034571,-0.29042722749977823
all,equal_feature,True,item,them_plur,pronoun_anchor,154,0.5328316896904276,0.8345124490398996,-0.301680759349472
all,equal_feature,True,item,themself,pronoun_anchor,154,0.5515851257483085,0.7657781804126589,-0.21419305466435035
all,equal_feature,True,item,themselves,pronoun_anchor,154,0.5517686376100225,0.7897178855931827,-0.2379492479831602
all,equal_feature,True,item,they_sing,pronoun_anchor,154,0.5553906222211745,0.8083710121210341,-0.2529803898998596
all,equal_feature,True,item,they_plur,pronoun_anchor,154,0.5712893715553824,0.8418691732473196,-0.2705798016919372
all,equal_feature,True,item,we_pron,pronoun_anchor,154,0.5452475736209952,0.8263087195311103,-0.2810611459101151
all,equal_feature,True,item,us_pron,pronoun_anchor,154,0.514258458928821,0.8090524400671462,-0.2947939811383251
all,equal_feature,True,item,our,pronoun_anchor,154,0.5817278036829003,0.8382649350157386,-0.2565371313328383
all,equal_feature,True,item,ours,pronoun_anchor,154,0.4751183267667146,0.736338205254687,-0.26121987848797235
all,equal_feature,True,item,ourselves,pronoun_anchor,154,0.542252998854931,0.7806054719549766,-0.2383524731000457
all,equal_feature,True,item,you_pron_sing,pronoun_anchor,154,0.5306039867038913,0.7762936940911997,-0.24568970738730844
all,equal_feature,True,item,you_pron_plur,pronoun_anchor,154,0.5334061017451781,0.7941867151051132,-0.2607806133599351
all,equal_feature,True,item,your_sing,pronoun_anchor,154,0.5946918393296519,0.8358343497046228,-0.24114251037497092
all,equal_feature,True,item,yours_sing,pronoun_anchor,154,0.4857189135032449,0.7413908896012115,-0.25567197609796655
all,equal_feature,True,item,your_plur,pronoun_anchor,154,0.5946918393296519,0.8358343497046228,-0.24114251037497092
all,equal_feature,True,item,yours_plur,pronoun_anchor,154,0.48788118079481446,0.7222448497108597,-0.2343636689160452
all,equal_feature,True,item,yourself,pronoun_anchor,154,0.5351140453817708,0.7622075652176947,-0.22709351983592396
all,equal_feature,True,item,yourselves,pronoun_anchor,154,0.5317114061420986,0.7772152900318432,-0.24550388388974465
all,equal_feature,True,family,anybody,compound_anchor,154,0.7810318120696333,0.5044136489488781,0.27661816312075527
all,equal_feature,True,family,anyone,compound_anchor,154,0.7810318120696333,0.5045728035197975,0.27645900854983585
all,equal_feature,True,family,anything,compound_anchor,154,0.7805713586889949,0.5019959163412309,0.278575442347764
all,equal_feature,True,family,anywhere,compound_anchor,154,0.8541349474927535,0.5822675681391365,0.27186737935361704
all,equal_feature,True,family,everybody,compound_anchor,154,0.7331670412099142,0.5417937156464114,0.19137332556350273
all,equal_feature,True,family,everyone,compound_anchor,154,0.7331670412099142,0.5419137749769971,0.19125326623291705
all,equal_feature,True,family,everything,compound_anchor,154,0.7560551946461392,0.5118558588953325,0.24419933575080677
all,equal_feature,True,family,everywhere,compound_anchor,154,0.813037606611082,0.5612197840441211,0.25181782256696095
all,equal_feature,True,family,nobody,compound_anchor,154,0.7700369504016932,0.4701415853617991,0.29989536503989406
all,equal_feature,True,family,no_one,compound_anchor,154,0.7748702815758357,0.485000816919791,0.2898694646560447
all,equal_feature,True,family,nothing,compound_anchor,154,0.8062521633436309,0.502760436583966,0.30349172675966496
all,equal_feature,True,family,nowhere,compound_anchor,154,0.8578094683190639,0.5672625519608279,0.29054691635823604
all,equal_feature,True,family,somebody,compound_anchor,154,0.7751398729344269,0.4864472205383708,0.28869265239605607
all,equal_feature,True,family,someone,compound_anchor,154,0.7751398729344269,0.48665443380001955,0.28848543913440733
all,equal_feature,True,family,something,compound_anchor,154,0.7895903593157562,0.5006557997572119,0.2889345595585443
all,equal_feature,True,family,somewhere,compound_anchor,154,0.8644240261637902,0.5849085146879266,0.2795155114758636
all,equal_feature,True,family,each_other,target,154,0.7092920559400119,0.6690820933080995,0.040209962631912344
all,equal_feature,True,family,one_another,target,154,0.7231929431059338,0.6772670296559097,0.04592591345002417
all,equal_feature,True,family,he,pronoun_anchor,154,0.5700970780327892,0.8092856407451141,-0.23918856271232491
all,equal_feature,True,family,him,pronoun_anchor,154,0.5384800948047306,0.8057506137155528,-0.2672705189108222
all,equal_feature,True,family,himself,pronoun_anchor,154,0.5617712318377304,0.7604470414613891,-0.19867580962365872
all,equal_feature,True,family,his,pronoun_anchor,154,0.4863940038162144,0.742109479495717,-0.25571547567950265
all,equal_feature,True,family,she,pronoun_anchor,154,0.5476168807705281,0.813962682945353,-0.26634580217482495
all,equal_feature,True,family,her_acc,pronoun_anchor,154,0.501996744229192,0.7834820942999945,-0.28148535007080244
all,equal_feature,True,family,her_dep,pronoun_anchor,154,0.5811918841047826,0.833527924107552,-0.25233604000276944
all,equal_feature,True,family,hers,pronoun_anchor,154,0.48185611860588495,0.7386792842136856,-0.2568231656078006
all,equal_feature,True,family,herself,pronoun_anchor,154,0.5396518352839783,0.7657781804126589,-0.22612634512868057
all,equal_feature,True,family,it_plain,pronoun_anchor,154,0.5998129598989206,0.8040189737051583,-0.2042060138062377
all,equal_feature,True,family,it_dum,pronoun_anchor,154,0.7561754960597331,0.7851901726804977,-0.029014676620764623
all,equal_feature,True,family,its,pronoun_anchor,154,0.6034452415516806,0.7895659837852846,-0.1861207422336041
all,equal_feature,True,family,itself,pronoun_anchor,154,0.6114668830868607,0.7395259141501342,-0.12805903106327354
all,equal_feature,True,family,I,pronoun_anchor,154,0.554918350972658,0.8313743634948705,-0.2764560125222125
all,equal_feature,True,family,me,pronoun_anchor,154,0.5309642703037291,0.8254103533032191,-0.29444608299949004
all,equal_feature,True,family,mine,pronoun_anchor,154,0.44638745643446115,0.7386792842136856,-0.2922918277792244
all,equal_feature,True,family,my,pronoun_anchor,154,0.5841708242774235,0.8462358725204686,-0.2620650482430451
all,equal_feature,True,family,myself,pronoun_anchor,154,0.5250695259309316,0.7657781804126589,-0.2407086544817273
all,equal_feature,True,family,their_sing,pronoun_anchor,154,0.5909143488654086,0.8225295474841754,-0.23161519861876678
all,equal_feature,True,family,theirs_sing,pronoun_anchor,154,0.504385167000421,0.736338205254687,-0.23195303825426594
all,equal_feature,True,family,their_plur,pronoun_anchor,154,0.6119108080513395,0.83837495161198,-0.22646414356064049
all,equal_feature,True,family,theirs_plur,pronoun_anchor,154,0.5249668208760537,0.7512284962061748,-0.2262616753301211
all,equal_feature,True,family,them_sing,pronoun_anchor,154,0.5232395283258342,0.8006913449034571,-0.27745181657762286
all,equal_feature,True,family,them_plur,pronoun_anchor,154,0.5545863484383227,0.8345124490398996,-0.27992610060157697
all,equal_feature,True,family,themself,pronoun_anchor,154,0.5626368492432289,0.7657781804126589,-0.20314133116943
all,equal_feature,True,family,themselves,pronoun_anchor,154,0.5683484061463436,0.7897178855931827,-0.22136947944683905
all,equal_feature,True,family,they_sing,pronoun_anchor,154,0.5661676418004797,0.8083710121210341,-0.2422033703205544
all,equal_feature,True,family,they_plur,pronoun_anchor,154,0.5920242793034155,0.8418691732473196,-0.24984489394390408
all,equal_feature,True,family,we_pron,pronoun_anchor,154,0.5497624565065038,0.8263087195311103,-0.2765462630246065
all,equal_feature,True,family,us_pron,pronoun_anchor,154,0.5192516732389527,0.8090524400671462,-0.28980076682819345
all,equal_feature,True,family,our,pronoun_anchor,154,0.5804515011613796,0.8382649350157386,-0.25781343385435906
all,equal_feature,True,family,ours,pronoun_anchor,154,0.4781784164763667,0.736338205254687,-0.25815978877832024
all,equal_feature,True,family,ourselves,pronoun_anchor,154,0.5427088768656357,0.7806054719549766,-0.2378965950893409
all,equal_feature,True,family,you_pron_sing,pronoun_anchor,154,0.5467995925953384,0.7762936940911997,-0.22949410149586136
all,equal_feature,True,family,you_pron_plur,pronoun_anchor,154,0.5537595863571743,0.7941867151051132,-0.24042712874793892
all,equal_feature,True,family,your_sing,pronoun_anchor,154,0.6187333780804591,0.8358343497046228,-0.21710097162416364
all,equal_feature,True,family,yours_sing,pronoun_anchor,154,0.5068376873231943,0.7413908896012115,-0.23455320227801713
all,equal_feature,True,family,your_plur,pronoun_anchor,154,0.6187333780804591,0.8358343497046228,-0.21710097162416364
all,equal_feature,True,family,yours_plur,pronoun_anchor,154,0.5113904018890305,0.7222448497108597,-0.21085444782182916
all,equal_feature,True,family,yourself,pronoun_anchor,154,0.5479737355788368,0.7622075652176947,-0.21423382963885795
all,equal_feature,True,family,yourselves,pronoun_anchor,154,0.5492646794744004,0.7772152900318432,-0.2279506105574428
no_morph,equal_feature,True,item,anybody,compound_anchor,89,0.743993202376307,0.4542870911754856,0.28970611120082135
no_morph,equal_feature,True,item,anyone,compound_anchor,89,0.743993202376307,0.4542870911754856,0.28970611120082135
no_morph,equal_feature,True,item,anything,compound_anchor,89,0.7457820075537105,0.47085722706412364,0.27492478048958685
no_morph,equal_feature,True,item,anywhere,compound_anchor,89,0.8154760231758531,0.5510910214223557,0.26438500175349744
no_morph,equal_feature,True,item,everybody,compound_anchor,89,0.6699775994691344,0.484139185033234,0.18583841443590038
no_morph,equal_feature,True,item,everyone,compound_anchor,89,0.6699775994691344,0.484139185033234,0.18583841443590038
no_morph,equal_feature,True,item,everything,compound_anchor,89,0.7039681249922177,0.4606822183981991,0.2432859065940186
no_morph,equal_feature,True,item,everywhere,compound_anchor,89,0.7821714298325848,0.5410467476884269,0.24112468214415794
no_morph,equal_feature,True,item,nobody,compound_anchor,89,0.7282868439079417,0.4207270040193579,0.3075598398885838
no_morph,equal_feature,True,item,no_one,compound_anchor,89,0.7282868439079417,0.4207270040193579,0.3075598398885838
no_morph,equal_feature,True,item,nothing,compound_anchor,89,0.7540955544999549,0.4484471737493614,0.30564838075059353
no_morph,equal_feature,True,item,nowhere,compound_anchor,89,0.8189702969693339,0.5425104038904559,0.27645989307887797
no_morph,equal_feature,True,item,somebody,compound_anchor,89,0.7326936803453817,0.4432026843720997,0.28949099597328204
no_morph,equal_feature,True,item,someone,compound_anchor,89,0.7326936803453817,0.4432026843720997,0.28949099597328204
no_morph,equal_feature,True,item,something,compound_anchor,89,0.7561230655371165,0.4753936061069995,0.280729459430117
no_morph,equal_feature,True,item,somewhere,compound_anchor,89,0.8241059838730814,0.57641880931736,0.24768717455572142
no_morph,equal_feature,True,item,each_other,target,89,0.6282054286433832,0.7039489084330575,-0.07574347978967422
no_morph,equal_feature,True,item,one_another,target,89,0.6282054286433832,0.7039489084330575,-0.07574347978967422
no_morph,equal_feature,True,item,he,pronoun_anchor,89,0.5587544661756251,0.759233422593149,-0.2004789564175239
no_morph,equal_feature,True,item,him,pronoun_anchor,89,0.49176070563466034,0.7475335904440905,-0.25577288480943017
no_morph,equal_feature,True,item,himself,pronoun_anchor,89,0.5161139581740046,0.7613281574345082,-0.24521419926050358
no_morph,equal_feature,True,item,his,pronoun_anchor,89,0.47513551235300466,0.6864910576158971,-0.21135554526289246
no_morph,equal_feature,True,item,she,pronoun_anchor,89,0.5577335572010871,0.759233422593149,-0.20149986539206188
no_morph,equal_feature,True,item,her_acc,pronoun_anchor,89,0.47736298133051935,0.715870687566158,-0.23850770623563866
no_morph,equal_feature,True,item,her_dep,pronoun_anchor,89,0.6025167575909212,0.7935030903701139,-0.19098633277919275
no_morph,equal_feature,True,item,hers,pronoun_anchor,89,0.4578026388502769,0.6719237646046856,-0.21412112575440873
no_morph,equal_feature,True,item,herself,pronoun_anchor,89,0.5153484438503062,0.7613281574345082,-0.245979713584202
no_morph,equal_feature,True,item,it_plain,pronoun_anchor,89,0.5716419872939879,0.7513532329391965,-0.17971124564520868
no_morph,equal_feature,True,item,it_dum,pronoun_anchor,89,0.7099175297504902,0.7752218196075955,-0.06530428985710535
no_morph,equal_feature,True,item,its,pronoun_anchor,89,0.5689563442329965,0.7356139163480245,-0.16665757211502807
no_morph,equal_feature,True,item,itself,pronoun_anchor,89,0.5631845854991459,0.7321559876236283,-0.16897140212448247
no_morph,equal_feature,True,item,I,pronoun_anchor,89,0.570912059487367,0.7839803937126371,-0.21306833422527005
no_morph,equal_feature,True,item,me,pronoun_anchor,89,0.5355694430105254,0.7834706512125867,-0.2479012082020613
no_morph,equal_feature,True,item,mine,pronoun_anchor,89,0.44248640746729173,0.6719237646046856,-0.22943735713739388
no_morph,equal_feature,True,item,my,pronoun_anchor,89,0.6077432445999829,0.8104232005350482,-0.20267995593506538
no_morph,equal_feature,True,item,myself,pronoun_anchor,89,0.49877102179206945,0.7613281574345082,-0.26255713564243877
no_morph,equal_feature,True,item,their_sing,pronoun_anchor,89,0.6057931593269524,0.7779758076934411,-0.17218264836648867
no_morph,equal_feature,True,item,theirs_sing,pronoun_anchor,89,0.46219402743229254,0.653507933359907,-0.19131390592761444
no_morph,equal_feature,True,item,their_plur,pronoun_anchor,89,0.6304173149295049,0.7986295622969244,-0.16821224736741947
no_morph,equal_feature,True,item,theirs_plur,pronoun_anchor,89,0.4852720028711552,0.6720180444154903,-0.1867460415443351
no_morph,equal_feature,True,item,them_sing,pronoun_anchor,89,0.49792537569109036,0.7261772079616304,-0.22825183227054008
no_morph,equal_feature,True,item,them_plur,pronoun_anchor,89,0.5330252818537881,0.7802290897419575,-0.24720380788816942
no_morph,equal_feature,True,item,themself,pronoun_anchor,89,0.543833309010061,0.7537629613163397,-0.2099296523062787
no_morph,equal_feature,True,item,themselves,pronoun_anchor,89,0.5463766584326767,0.787753441498554,-0.2413767830658773
no_morph,equal_feature,True,item,they_sing,pronoun_anchor,89,0.5657562607644804,0.7362863936649952,-0.17053013290051477
no_morph,equal_feature,True,item,they_plur,pronoun_anchor,89,0.5909925308882757,0.789328881791197,-0.19833635090292123
no_morph,equal_feature,True,item,we_pron,pronoun_anchor,89,0.5341008968704586,0.7699023105577263,-0.2358014136872677
no_morph,equal_feature,True,item,us_pron,pronoun_anchor,89,0.4732273476229496,0.7556381379306109,-0.28241079030766125
no_morph,equal_feature,True,item,our,pronoun_anchor,89,0.6012987398139804,0.7999885078603881,-0.1986897680464077
no_morph,equal_feature,True,item,ours,pronoun_anchor,89,0.43847308626678255,0.6626856281642065,-0.22421254189742396
no_morph,equal_feature,True,item,ourselves,pronoun_anchor,89,0.5091647207667688,0.7751383123774015,-0.2659735916106327
no_morph,equal_feature,True,item,you_pron_sing,pronoun_anchor,89,0.50738502614295,0.7311912109077464,-0.2238061847647964
no_morph,equal_feature,True,item,you_pron_plur,pronoun_anchor,89,0.5157887329582438,0.7598643011342173,-0.24407556817597353
no_morph,equal_feature,True,item,your_sing,pronoun_anchor,89,0.6082099651069587,0.7931678436537527,-0.18495787854679402
no_morph,equal_feature,True,item,yours_sing,pronoun_anchor,89,0.43847308626678255,0.6626856281642065,-0.22421254189742396
no_morph,equal_feature,True,item,your_plur,pronoun_anchor,89,0.6082099651069587,0.7931678436537527,-0.18495787854679402
no_morph,equal_feature,True,item,yours_plur,pronoun_anchor,89,0.43847308626678255,0.6626856281642065,-0.22421254189742396
no_morph,equal_feature,True,item,yourself,pronoun_anchor,89,0.49471410204516053,0.7491899656776185,-0.254475863632458
no_morph,equal_feature,True,item,yourselves,pronoun_anchor,89,0.49479219390817547,0.7705089260824779,-0.2757167321743024
no_morph,equal_feature,True,family,anybody,compound_anchor,89,0.743993202376307,0.5034144195249125,0.24057878285139445
no_morph,equal_feature,True,family,anyone,compound_anchor,89,0.743993202376307,0.5034144195249125,0.24057878285139445
no_morph,equal_feature,True,family,anything,compound_anchor,89,0.7457820075537105,0.500964696223317,0.24481731133039353
no_morph,equal_feature,True,family,anywhere,compound_anchor,89,0.8154760231758531,0.5834791613933293,0.23199686178252377
no_morph,equal_feature,True,family,everybody,compound_anchor,89,0.6699775994691344,0.5382610092061566,0.13171659026297777
no_morph,equal_feature,True,family,everyone,compound_anchor,89,0.6699775994691344,0.5382610092061566,0.13171659026297777
no_morph,equal_feature,True,family,everything,compound_anchor,89,0.7039681249922177,0.4993875715325475,0.20458055345967024
no_morph,equal_feature,True,family,everywhere,compound_anchor,89,0.7821714298325848,0.5612553842126556,0.22091604561992917
no_morph,equal_feature,True,family,nobody,compound_anchor,89,0.7282868439079417,0.4634728575883,0.26481398631964176
no_morph,equal_feature,True,family,no_one,compound_anchor,89,0.7282868439079417,0.4634728575883,0.26481398631964176
no_morph,equal_feature,True,family,nothing,compound_anchor,89,0.7540955544999549,0.4804307620584966,0.2736647924414583
no_morph,equal_feature,True,family,nowhere,compound_anchor,89,0.8189702969693339,0.5628815946066595,0.25608870236267434
no_morph,equal_feature,True,family,somebody,compound_anchor,89,0.7326936803453817,0.47912412841198454,0.2535695519333972
no_morph,equal_feature,True,family,someone,compound_anchor,89,0.7326936803453817,0.47912412841198454,0.2535695519333972
no_morph,equal_feature,True,family,something,compound_anchor,89,0.7561230655371165,0.4988313796144257,0.2572916859226908
no_morph,equal_feature,True,family,somewhere,compound_anchor,89,0.8241059838730814,0.5864655406322073,0.23764044324087408
no_morph,equal_feature,True,family,each_other,target,89,0.6282054286433832,0.7039489084330575,-0.07574347978967422
no_morph,equal_feature,True,family,one_another,target,89,0.6282054286433832,0.7039489084330575,-0.07574347978967422
no_morph,equal_feature,True,family,he,pronoun_anchor,89,0.5675036582968029,0.759233422593149,-0.19172976429634603
no_morph,equal_feature,True,family,him,pronoun_anchor,89,0.5012872437391102,0.7475335904440905,-0.24624634670498036
no_morph,equal_feature,True,family,himself,pronoun_anchor,89,0.5240070932141941,0.7613281574345082,-0.23732106422031407
no_morph,equal_feature,True,family,his,pronoun_anchor,89,0.4719611716557578,0.6864910576158971,-0.21452988596013933
no_morph,equal_feature,True,family,she,pronoun_anchor,89,0.5636313213730211,0.759233422593149,-0.1956021012201279
no_morph,equal_feature,True,family,her_acc,pronoun_anchor,89,0.4839526953055154,0.715870687566158,-0.23191799226064264
no_morph,equal_feature,True,family,her_dep,pronoun_anchor,89,0.5984139471074621,0.7935030903701139,-0.1950891432626518
no_morph,equal_feature,True,family,hers,pronoun_anchor,89,0.4573478224007537,0.6719237646046856,-0.2145759422039319
no_morph,equal_feature,True,family,herself,pronoun_anchor,89,0.5170214514679653,0.7613281574345082,-0.24430670596654291
no_morph,equal_feature,True,family,it_plain,pronoun_anchor,89,0.5761767958005801,0.7513532329391965,-0.17517643713861641
no_morph,equal_feature,True,family,it_dum,pronoun_anchor,89,0.7173195560343897,0.7752218196075955,-0.057902263573205826
no_morph,equal_feature,True,family,its,pronoun_anchor,89,0.566539391162799,0.7356139163480245,-0.16907452518522548
no_morph,equal_feature,True,family,itself,pronoun_anchor,89,0.5654233527669432,0.7321559876236283,-0.1667326348566851
no_morph,equal_feature,True,family,I,pronoun_anchor,89,0.5721116367051158,0.7839803937126371,-0.21186875700752128
no_morph,equal_feature,True,family,me,pronoun_anchor,89,0.5387994323103573,0.7834706512125867,-0.24467121890222943
no_morph,equal_feature,True,family,mine,pronoun_anchor,89,0.4358174627059452,0.6719237646046856,-0.23610630189874043
no_morph,equal_feature,True,family,my,pronoun_anchor,89,0.6003786380625955,0.8104232005350482,-0.21004456247245273
no_morph,equal_feature,True,family,myself,pronoun_anchor,89,0.49477536479875117,0.7613281574345082,-0.26655279263575704
no_morph,equal_feature,True,family,their_sing,pronoun_anchor,89,0.6097730579367953,0.7779758076934411,-0.16820274975664584
no_morph,equal_feature,True,family,theirs_sing,pronoun_anchor,89,0.469459648230613,0.653507933359907,-0.184048285129294
no_morph,equal_feature,True,family,their_plur,pronoun_anchor,89,0.6380082747010134,0.7986295622969244,-0.160621287595911
no_morph,equal_feature,True,family,theirs_plur,pronoun_anchor,89,0.4969657185399773,0.6720180444154903,-0.175052325875513
no_morph,equal_feature,True,family,them_sing,pronoun_anchor,89,0.5014516078954474,0.7261772079616304,-0.22472560006618303
no_morph,equal_feature,True,family,them_plur,pronoun_anchor,89,0.5497663061059525,0.7802290897419575,-0.23046278363600503
no_morph,equal_feature,True,family,themself,pronoun_anchor,89,0.5475385728838247,0.7537629613163397,-0.206224388432515
no_morph,equal_feature,True,family,themselves,pronoun_anchor,89,0.5584847552063605,0.787753441498554,-0.22926868629219344
no_morph,equal_feature,True,family,they_sing,pronoun_anchor,89,0.5672654446954055,0.7362863936649952,-0.16902094896958963
no_morph,equal_feature,True,family,they_plur,pronoun_anchor,89,0.6070340714156778,0.789328881791197,-0.1822948103755192
no_morph,equal_feature,True,family,we_pron,pronoun_anchor,89,0.540129033161521,0.7699023105577263,-0.22977327739620523
no_morph,equal_feature,True,family,us_pron,pronoun_anchor,89,0.480705679406886,0.7556381379306109,-0.27493245852372483
no_morph,equal_feature,True,family,our,pronoun_anchor,89,0.5982920862622367,0.7999885078603881,-0.20169642159815138
no_morph,equal_feature,True,family,ours,pronoun_anchor,89,0.43937115225643264,0.6626856281642065,-0.22331447590777387
no_morph,equal_feature,True,family,ourselves,pronoun_anchor,89,0.509178749569914,0.7751383123774015,-0.26595956280748745
no_morph,equal_feature,True,family,you_pron_sing,pronoun_anchor,89,0.5152468684132678,0.7311912109077464,-0.21594434249447858
no_morph,equal_feature,True,family,you_pron_plur,pronoun_anchor,89,0.5302406160899463,0.7598643011342173,-0.229623685044271
no_morph,equal_feature,True,family,your_sing,pronoun_anchor,89,0.6263220513584353,0.7931678436537527,-0.16684579229531737
no_morph,equal_feature,True,family,yours_sing,pronoun_anchor,89,0.4487381786841921,0.6626856281642065,-0.21394744948001443
no_morph,equal_feature,True,family,your_plur,pronoun_anchor,89,0.6263220513584353,0.7931678436537527,-0.16684579229531737
no_morph,equal_feature,True,family,yours_plur,pronoun_anchor,89,0.4487381786841921,0.6626856281642065,-0.21394744948001443
no_morph,equal_feature,True,family,yourself,pronoun_anchor,89,0.49166930025979244,0.7491899656776185,-0.2575206654178261
no_morph,equal_feature,True,family,yourselves,pronoun_anchor,89,0.49896863747349013,0.7705089260824779,-0.27154028860898777
all,equal_block_total,True,item,anybody,compound_anchor,154,0.818453376928597,0.4691042663327707,0.3493491105958263
all,equal_block_total,True,item,anyone,compound_anchor,154,0.818453376928597,0.46917138710024275,0.34928198982835423
all,equal_block_total,True,item,anything,compound_anchor,154,0.8238796928397213,0.4814831293436531,0.3423965634960682
all,equal_block_total,True,item,anywhere,compound_anchor,154,0.8826443146899966,0.5590500811781768,0.3235942335118198
all,equal_block_total,True,item,everybody,compound_anchor,154,0.7720977495008359,0.49997980226253635,0.2721179472382995
all,equal_block_total,True,item,everyone,compound_anchor,154,0.7720977495008359,0.5000294769787983,0.2720682725220376
all,equal_block_total,True,item,everything,compound_anchor,154,0.7938190536301821,0.4765922622658085,0.31722679136437365
all,equal_block_total,True,item,everywhere,compound_anchor,154,0.8433220749515049,0.540032939637639,0.3032891353138659
all,equal_block_total,True,item,nobody,compound_anchor,154,0.8054957018370809,0.4379275919330733,0.36756810990400757
all,equal_block_total,True,item,no_one,compound_anchor,154,0.8079376987639404,0.4482055033065198,0.3597321954574206
all,equal_block_total,True,item,nothing,compound_anchor,154,0.8354771070103294,0.46974859887394066,0.36572850813638874
all,equal_block_total,True,item,nowhere,compound_anchor,154,0.8803754463524134,0.5456298384621666,0.33474560789024677
all,equal_block_total,True,item,somebody,compound_anchor,154,0.8105031906960967,0.4536983973348742,0.35680479336122245
all,equal_block_total,True,item,someone,compound_anchor,154,0.8105031906960967,0.4537879760077877,0.35671521468830897
all,equal_block_total,True,item,something,compound_anchor,154,0.828059057240617,0.47702723495410937,0.35103182228650764
all,equal_block_total,True,item,somewhere,compound_anchor,154,0.8866894072341756,0.5694249448010387,0.3172644624331369
all,equal_block_total,True,item,each_other,target,154,0.7537635018609803,0.6815694993430186,0.07219400251796171
all,equal_block_total,True,item,one_another,target,154,0.7604865574749536,0.6869940200268123,0.07349253744814133
all,equal_block_total,True,item,he,pronoun_anchor,154,0.6628545932513916,0.7897055293012865,-0.12685093604989484
all,equal_block_total,True,item,him,pronoun_anchor,154,0.49664942421147007,0.8396261536169971,-0.34297672940552704
all,equal_block_total,True,item,himself,pronoun_anchor,154,0.5142223153945807,0.8179623313700974,-0.3037400159755167
all,equal_block_total,True,item,his,pronoun_anchor,154,0.47232328677180374,0.7900754163485764,-0.3177521295767726
all,equal_block_total,True,item,she,pronoun_anchor,154,0.6512737646524721,0.793454409473653,-0.14218064482118087
all,equal_block_total,True,item,her_acc,pronoun_anchor,154,0.47694540524784523,0.823710403341655,-0.3467649980938098
all,equal_block_total,True,item,her_dep,pronoun_anchor,154,0.6552615408492477,0.8249482573878322,-0.16968671653858447
all,equal_block_total,True,item,hers,pronoun_anchor,154,0.46481290946049986,0.7853922126945367,-0.3205793032340369
all,equal_block_total,True,item,herself,pronoun_anchor,154,0.5044998337667848,0.8201692353464731,-0.31566940157968837
all,equal_block_total,True,item,it_plain,pronoun_anchor,154,0.5508148476506606,0.840788600385285,-0.28997375273462445
all,equal_block_total,True,item,it_dum,pronoun_anchor,154,0.8090665049459485,0.7851182224923546,0.023948282453593817
all,equal_block_total,True,item,its,pronoun_anchor,154,0.5494576505132568,0.8212238492838185,-0.27176619877056174
all,equal_block_total,True,item,itself,pronoun_anchor,154,0.5559523145256872,0.7997888843350377,-0.24383656980935053
all,equal_block_total,True,item,I,pronoun_anchor,154,0.6592216942787463,0.8161394361231514,-0.1569177418444051
all,equal_block_total,True,item,me,pronoun_anchor,154,0.5001308950915316,0.8582344155608566,-0.3581035204693249
all,equal_block_total,True,item,mine,pronoun_anchor,154,0.44465382878009124,0.7853922126945367,-0.3407383839144455
all,equal_block_total,True,item,my,pronoun_anchor,154,0.6590581872189918,0.8418936299156019,-0.18283544269661012
all,equal_block_total,True,item,myself,pronoun_anchor,154,0.49428793665462967,0.8201692353464731,-0.32588129869184346
all,equal_block_total,True,item,their_sing,pronoun_anchor,154,0.6653289983807328,0.8501743168044997,-0.18484531842376695
all,equal_block_total,True,item,theirs_sing,pronoun_anchor,154,0.5085989852801537,0.8177582127065046,-0.30915922742635094
all,equal_block_total,True,item,their_plur,pronoun_anchor,154,0.682496323346558,0.867369836887577,-0.184873513541019
all,equal_block_total,True,item,theirs_plur,pronoun_anchor,154,0.5223845439735625,0.8314744614285481,-0.3090899174549856
all,equal_block_total,True,item,them_sing,pronoun_anchor,154,0.5285867446370053,0.8632464767782198,-0.33465973214121447
all,equal_block_total,True,item,them_plur,pronoun_anchor,154,0.5418766693474619,0.8881186198545402,-0.3462419505070783
all,equal_block_total,True,item,themself,pronoun_anchor,154,0.5556577970717813,0.853905377409087,-0.2982475803373057
all,equal_block_total,True,item,themselves,pronoun_anchor,154,0.5533872677796673,0.8702672614270438,-0.3168799936473765
all,equal_block_total,True,item,they_sing,pronoun_anchor,154,0.6730059266008774,0.8374714715236656,-0.1644655449227882
all,equal_block_total,True,item,they_plur,pronoun_anchor,154,0.6817767200924667,0.8696131791497219,-0.1878364590572552
all,equal_block_total,True,item,we_pron,pronoun_anchor,154,0.6380364062064208,0.8065703392761552,-0.1685339330697344
all,equal_block_total,True,item,us_pron,pronoun_anchor,154,0.48137505929674324,0.8410496026107842,-0.359674543314041
all,equal_block_total,True,item,our,pronoun_anchor,154,0.6533347010924987,0.8312429670251748,-0.17790826593267606
all,equal_block_total,True,item,ours,pronoun_anchor,154,0.45722892557021455,0.7797697898077248,-0.32254086423751027
all,equal_block_total,True,item,ourselves,pronoun_anchor,154,0.5056501652409519,0.8305250850454233,-0.3248749198044715
all,equal_block_total,True,item,you_pron_sing,pronoun_anchor,154,0.5002001729025997,0.8217916180668317,-0.321591445164232
all,equal_block_total,True,item,you_pron_plur,pronoun_anchor,154,0.5023114267752385,0.8358905711713028,-0.3335791443960643
all,equal_block_total,True,item,your_sing,pronoun_anchor,154,0.6605285886253291,0.828365743732489,-0.1678371551071598
all,equal_block_total,True,item,yours_sing,pronoun_anchor,154,0.46278402484826636,0.782152950078769,-0.3193689252305026
all,equal_block_total,True,item,your_plur,pronoun_anchor,154,0.6605285886253293,0.828365743732489,-0.16783715510715969
all,equal_block_total,True,item,yours_plur,pronoun_anchor,154,0.4637346288739286,0.7713500963168938,-0.3076154674429652
all,equal_block_total,True,item,yourself,pronoun_anchor,154,0.49777854140392197,0.8131430781295891,-0.3153645367256671
all,equal_block_total,True,item,yourselves,pronoun_anchor,154,0.4954147647680678,0.8254742498213571,-0.3300594850532893
all,equal_block_total,True,family,anybody,compound_anchor,154,0.818453376928597,0.5166461888984086,0.30180718803018836
all,equal_block_total,True,family,anyone,compound_anchor,154,0.818453376928597,0.5167300898577486,0.3017232870708484
all,equal_block_total,True,family,anything,compound_anchor,154,0.8238796928397213,0.5150263331660798,0.30885335967364147
all,equal_block_total,True,family,anywhere,compound_anchor,154,0.8826443146899966,0.5923471592125306,0.29029715547746604
all,equal_block_total,True,family,everybody,compound_anchor,154,0.7720977495008359,0.556470327686167,0.21562742181466887
all,equal_block_total,True,family,everyone,compound_anchor,154,0.7720977495008359,0.5565324210814945,0.2155653284193414
all,equal_block_total,True,family,everything,compound_anchor,154,0.7938190536301821,0.5204387439341078,0.2733803096960743
all,equal_block_total,True,family,everywhere,compound_anchor,154,0.8433220749515049,0.5678830965526198,0.2754389783988851
all,equal_block_total,True,family,nobody,compound_anchor,154,0.8054957018370809,0.4753836309373862,0.33011207089969463
all,equal_block_total,True,family,no_one,compound_anchor,154,0.8079376987639404,0.4860596188567495,0.3218780799071909
all,equal_block_total,True,family,nothing,compound_anchor,154,0.8354771070103294,0.5020988629448331,0.3333782440654963
all,equal_block_total,True,family,nowhere,compound_anchor,154,0.8803754463524134,0.5685544306217706,0.3118210157306428
all,equal_block_total,True,family,somebody,compound_anchor,154,0.8105031906960967,0.48966684981192937,0.3208363408841673
all,equal_block_total,True,family,someone,compound_anchor,154,0.8105031906960967,0.48977882315307125,0.3207243675430254
all,equal_block_total,True,family,something,compound_anchor,154,0.828059057240617,0.5039005642899274,0.32415849295068966
all,equal_block_total,True,family,somewhere,compound_anchor,154,0.8866894072341756,0.5849505187544689,0.30173888847970665
all,equal_block_total,True,family,each_other,target,154,0.7537635018609803,0.6815694993430186,0.07219400251796171
all,equal_block_total,True,family,one_another,target,154,0.7604865574749536,0.6869940200268123,0.07349253744814133
all,equal_block_total,True,family,he,pronoun_anchor,154,0.6679353907393316,0.7897055293012865,-0.12177013856195484
all,equal_block_total,True,family,him,pronoun_anchor,154,0.50688849785458,0.8396261536169971,-0.3327376557624171
all,equal_block_total,True,family,himself,pronoun_anchor,154,0.5225455345111087,0.8179623313700974,-0.2954167968589887
all,equal_block_total,True,family,his,pronoun_anchor,154,0.474539586600334,0.7900754163485764,-0.31553582974824235
all,equal_block_total,True,family,she,pronoun_anchor,154,0.6568197140271897,0.793454409473653,-0.13663469544646323
all,equal_block_total,True,family,her_acc,pronoun_anchor,154,0.48294679783015254,0.823710403341655,-0.3407636055115025
all,equal_block_total,True,family,her_dep,pronoun_anchor,154,0.6556978228518876,0.8249482573878322,-0.16925043453594457
all,equal_block_total,True,family,hers,pronoun_anchor,154,0.46697086852283437,0.7853922126945367,-0.31842134417170237
all,equal_block_total,True,family,herself,pronoun_anchor,154,0.5068922059250529,0.8201692353464731,-0.3132770294214202
all,equal_block_total,True,family,it_plain,pronoun_anchor,154,0.5572935154419529,0.840788600385285,-0.2834950849433321
all,equal_block_total,True,family,it_dum,pronoun_anchor,154,0.8130095731565286,0.7851182224923546,0.02789135066417392
all,equal_block_total,True,family,its,pronoun_anchor,154,0.552332925335761,0.8212238492838185,-0.2688909239480576
all,equal_block_total,True,family,itself,pronoun_anchor,154,0.562005297041484,0.7997888843350377,-0.23778358729355364
all,equal_block_total,True,family,I,pronoun_anchor,154,0.6627939087206668,0.8161394361231514,-0.15334552740248464
all,equal_block_total,True,family,me,pronoun_anchor,154,0.5027959540217042,0.8582344155608566,-0.3554384615391524
all,equal_block_total,True,family,mine,pronoun_anchor,154,0.44169224477173874,0.7853922126945367,-0.343699967922798
all,equal_block_total,True,family,my,pronoun_anchor,154,0.6567517720215515,0.8418936299156019,-0.18514185789405035
all,equal_block_total,True,family,myself,pronoun_anchor,154,0.49211890348722054,0.8201692353464731,-0.3280503318592526
all,equal_block_total,True,family,their_sing,pronoun_anchor,154,0.7200956516293673,0.8501743168044997,-0.13007866517513245
all,equal_block_total,True,family,theirs_sing,pronoun_anchor,154,0.5569311399284819,0.8177582127065046,-0.26082707277802275
all,equal_block_total,True,family,their_plur,pronoun_anchor,154,0.7405575428698884,0.867369836887577,-0.12681229401768856
all,equal_block_total,True,family,theirs_plur,pronoun_anchor,154,0.5739878897445552,0.8314744614285481,-0.2574865716839929
all,equal_block_total,True,family,them_sing,pronoun_anchor,154,0.57699432008937,0.8632464767782198,-0.28625215668884973
all,equal_block_total,True,family,them_plur,pronoun_anchor,154,0.5967442401317589,0.8881186198545402,-0.29137437972278135
all,equal_block_total,True,family,themself,pronoun_anchor,154,0.6033737291891716,0.853905377409087,-0.25053164821991536
all,equal_block_total,True,family,themselves,pronoun_anchor,154,0.6049180650215922,0.8702672614270438,-0.2653491964054516
all,equal_block_total,True,family,they_sing,pronoun_anchor,154,0.732260717930233,0.8374714715236656,-0.10521075359343268
all,equal_block_total,True,family,they_plur,pronoun_anchor,154,0.7484716678508675,0.8696131791497219,-0.12114151129885442
all,equal_block_total,True,family,we_pron,pronoun_anchor,154,0.6440023382887958,0.8065703392761552,-0.16256800098735935
all,equal_block_total,True,family,us_pron,pronoun_anchor,154,0.4852195452085166,0.8410496026107842,-0.3558300574022676
all,equal_block_total,True,family,our,pronoun_anchor,154,0.6536019330563234,0.8312429670251748,-0.17764103396885134
all,equal_block_total,True,family,ours,pronoun_anchor,154,0.45922525432657363,0.7797697898077248,-0.3205445354811512
all,equal_block_total,True,family,ourselves,pronoun_anchor,154,0.5055827442491537,0.8305250850454233,-0.3249423407962696
all,equal_block_total,True,family,you_pron_sing,pronoun_anchor,154,0.5211347803325059,0.8217916180668317,-0.3006568377343257
all,equal_block_total,True,family,you_pron_plur,pronoun_anchor,154,0.527532963176442,0.8358905711713028,-0.3083576079948608
all,equal_block_total,True,family,your_sing,pronoun_anchor,154,0.682150476618681,0.828365743732489,-0.14621526711380795
all,equal_block_total,True,family,yours_sing,pronoun_anchor,154,0.4868836429835711,0.782152950078769,-0.29526930709519783
all,equal_block_total,True,family,your_plur,pronoun_anchor,154,0.682150476618681,0.828365743732489,-0.14621526711380795
all,equal_block_total,True,family,yours_plur,pronoun_anchor,154,0.48917715044305776,0.7713500963168938,-0.282172945873836
all,equal_block_total,True,family,yourself,pronoun_anchor,154,0.5146742816855989,0.8131430781295891,-0.29846879644399016
all,equal_block_total,True,family,yourselves,pronoun_anchor,154,0.5171002047370399,0.8254742498213571,-0.3083740450843172
no_morph,equal_block_total,True,item,anybody,compound_anchor,89,0.8054791424771135,0.46765796515192154,0.33782117732519196
no_morph,equal_block_total,True,item,anyone,compound_anchor,89,0.8054791424771135,0.46765796515192154,0.33782117732519196
no_morph,equal_block_total,True,item,anything,compound_anchor,89,0.8130712438301534,0.4833134813340534,0.3297577624961
no_morph,equal_block_total,True,item,anywhere,compound_anchor,89,0.8679179869936018,0.561129778914281,0.30678820807932083
no_morph,equal_block_total,True,item,everybody,compound_anchor,89,0.7470267008187854,0.5005611530800369,0.2464655477387485
no_morph,equal_block_total,True,item,everyone,compound_anchor,89,0.7470267008187854,0.5005611530800369,0.2464655477387485
no_morph,equal_block_total,True,item,everything,compound_anchor,89,0.7746472818210826,0.47334128941206366,0.3013059924090189
no_morph,equal_block_total,True,item,everywhere,compound_anchor,89,0.8332334480860704,0.5476153999255087,0.2856180481605617
no_morph,equal_block_total,True,item,nobody,compound_anchor,89,0.7900876150039794,0.4291659187886843,0.3609216962152951
no_morph,equal_block_total,True,item,no_one,compound_anchor,89,0.7900876150039794,0.4291659187886843,0.3609216962152951
no_morph,equal_block_total,True,item,nothing,compound_anchor,89,0.8133057611714868,0.4544249349636416,0.35888082620784517
no_morph,equal_block_total,True,item,nowhere,compound_anchor,89,0.8647046884532984,0.5446078025423943,0.3200968859109041
no_morph,equal_block_total,True,item,somebody,compound_anchor,89,0.7954146446830026,0.44843370999417026,0.34698093468883234
no_morph,equal_block_total,True,item,someone,compound_anchor,89,0.7954146446830026,0.44843370999417026,0.34698093468883234
no_morph,equal_block_total,True,item,something,compound_anchor,89,0.8179665652886094,0.4778717538392313,0.34009481144937814
no_morph,equal_block_total,True,item,somewhere,compound_anchor,89,0.8711808980140409,0.5733472662291372,0.29783363178490363
no_morph,equal_block_total,True,item,each_other,target,89,0.72534809156638,0.7061545503014847,0.019193541264895364
no_morph,equal_block_total,True,item,one_another,target,89,0.72534809156638,0.7061545503014847,0.019193541264895364
no_morph,equal_block_total,True,item,he,pronoun_anchor,89,0.6800060239587553,0.7522165992198874,-0.07221057526113206
no_morph,equal_block_total,True,item,him,pronoun_anchor,89,0.47385563440204326,0.8192994565888951,-0.3454438221868519
no_morph,equal_block_total,True,item,himself,pronoun_anchor,89,0.4907738995999639,0.8276764839775379,-0.336902584377574
no_morph,equal_block_total,True,item,his,pronoun_anchor,89,0.46282387095794564,0.76944130558938,-0.3066174346314343
no_morph,equal_block_total,True,item,she,pronoun_anchor,89,0.678842835641486,0.7522165992198874,-0.07337376357840142
no_morph,equal_block_total,True,item,her_acc,pronoun_anchor,89,0.4660547155994955,0.8002843671848321,-0.3342296515853366
no_morph,equal_block_total,True,item,her_dep,pronoun_anchor,89,0.6768441636766594,0.7958544289147471,-0.11901026523808766
no_morph,equal_block_total,True,item,hers,pronoun_anchor,89,0.45262427979157555,0.7606364145741799,-0.3080121347826043
no_morph,equal_block_total,True,item,herself,pronoun_anchor,89,0.4900856920022164,0.8276764839775379,-0.3375907919753215
no_morph,equal_block_total,True,item,it_plain,pronoun_anchor,89,0.533010930615655,0.8239332499900582,-0.29092231937440327
no_morph,equal_block_total,True,item,it_dum,pronoun_anchor,89,0.8030776220351882,0.7784075919766813,0.024670030058506875
no_morph,equal_block_total,True,item,its,pronoun_anchor,89,0.524954809898204,0.8009343859532785,-0.2759795760550745
no_morph,equal_block_total,True,item,itself,pronoun_anchor,89,0.5284437895154069,0.8066513708656395,-0.2782075813502326
no_morph,equal_block_total,True,item,I,pronoun_anchor,89,0.6885149042943622,0.7810640197009403,-0.09254911540657806
no_morph,equal_block_total,True,item,me,pronoun_anchor,89,0.4982023575800511,0.84409896219211,-0.3458966046120589
no_morph,equal_block_total,True,item,mine,pronoun_anchor,89,0.4393175885889855,0.7606364145741799,-0.32131882598519435
no_morph,equal_block_total,True,item,my,pronoun_anchor,89,0.6795586731397062,0.8166202147696604,-0.1370615416299542
no_morph,equal_block_total,True,item,myself,pronoun_anchor,89,0.4762426202945784,0.8276764839775379,-0.3514338636829595
no_morph,equal_block_total,True,item,their_sing,pronoun_anchor,89,0.6886641957068903,0.8324896460736969,-0.1438254503668066
no_morph,equal_block_total,True,item,theirs_sing,pronoun_anchor,89,0.5014718148355397,0.7982690350471358,-0.29679722021159605
no_morph,equal_block_total,True,item,their_plur,pronoun_anchor,89,0.7086008650683482,0.8525115816554367,-0.14391071658708854
no_morph,equal_block_total,True,item,theirs_plur,pronoun_anchor,89,0.5169692049706125,0.8136819452149553,-0.2967127402443428
no_morph,equal_block_total,True,item,them_sing,pronoun_anchor,89,0.5275636178096823,0.8477635343797192,-0.3201999165700369
no_morph,equal_block_total,True,item,them_plur,pronoun_anchor,89,0.5430341958300863,0.8773269959711123,-0.334292800141026
no_morph,equal_block_total,True,item,themself,pronoun_anchor,89,0.5548276621814946,0.8629453648684412,-0.3081177026869466
no_morph,equal_block_total,True,item,themselves,pronoun_anchor,89,0.5522918822669393,0.881300230462216,-0.3290083481952767
no_morph,equal_block_total,True,item,they_sing,pronoun_anchor,89,0.6983262555251699,0.8121923981081587,-0.11386614258298877
no_morph,equal_block_total,True,item,they_plur,pronoun_anchor,89,0.7082454694446184,0.8522043276487412,-0.1439588582041228
no_morph,equal_block_total,True,item,we_pron,pronoun_anchor,89,0.6522877334063418,0.7644815311338164,-0.11219379772747462
no_morph,equal_block_total,True,item,us_pron,pronoun_anchor,89,0.4571284553417909,0.8219377798060417,-0.36480932446425074
no_morph,equal_block_total,True,item,our,pronoun_anchor,89,0.6727230872577223,0.8037061757870886,-0.13098308852936624
no_morph,equal_block_total,True,item,ours,pronoun_anchor,89,0.4363986819832304,0.7515746211775024,-0.315175939194272
no_morph,equal_block_total,True,item,ourselves,pronoun_anchor,89,0.48425102556874966,0.8371513618020345,-0.3529003362332849
no_morph,equal_block_total,True,item,you_pron_sing,pronoun_anchor,89,0.48358487263361527,0.8101124405808435,-0.32652756794722826
no_morph,equal_block_total,True,item,you_pron_plur,pronoun_anchor,89,0.4879791507098298,0.8275254161931869,-0.3395462654833571
no_morph,equal_block_total,True,item,your_sing,pronoun_anchor,89,0.6762664920685753,0.7975999909209603,-0.12133349885238509
no_morph,equal_block_total,True,item,yours_sing,pronoun_anchor,89,0.4363986819832304,0.7515746211775024,-0.315175939194272
no_morph,equal_block_total,True,item,your_plur,pronoun_anchor,89,0.6762664920685753,0.7975999909209603,-0.12133349885238509
no_morph,equal_block_total,True,item,yours_plur,pronoun_anchor,89,0.4363986819832304,0.7515746211775024,-0.315175939194272
no_morph,equal_block_total,True,item,yourself,pronoun_anchor,89,0.4735264257936798,0.8166577073608956,-0.3431312815672158
no_morph,equal_block_total,True,item,yourselves,pronoun_anchor,89,0.4725753398390933,0.8308568033218515,-0.35828146348275824
no_morph,equal_block_total,True,family,anybody,compound_anchor,89,0.8054791424771135,0.5181445740778599,0.28733456839925364
no_morph,equal_block_total,True,family,anyone,compound_anchor,89,0.8054791424771135,0.5181445740778599,0.28733456839925364
no_morph,equal_block_total,True,family,anything,compound_anchor,89,0.8130712438301534,0.5167417152795022,0.2963295285506512
no_morph,equal_block_total,True,family,anywhere,compound_anchor,89,0.8679179869936018,0.5950651954323809,0.2728527915612209
no_morph,equal_block_total,True,family,everybody,compound_anchor,89,0.7470267008187854,0.5568142090377664,0.19021249178101907
no_morph,equal_block_total,True,family,everyone,compound_anchor,89,0.7470267008187854,0.5568142090377664,0.19021249178101907
no_morph,equal_block_total,True,family,everything,compound_anchor,89,0.7746472818210826,0.5139097441484678,0.26073753767261476
no_morph,equal_block_total,True,family,everywhere,compound_anchor,89,0.8332334480860704,0.5692580297105326,0.26397541837553773
no_morph,equal_block_total,True,family,nobody,compound_anchor,89,0.7900876150039794,0.4718066551089988,0.3182809598949806
no_morph,equal_block_total,True,family,no_one,compound_anchor,89,0.7900876150039794,0.4718066551089988,0.3182809598949806
no_morph,equal_block_total,True,family,nothing,compound_anchor,89,0.8133057611714868,0.48705305115028935,0.32625271002119743
no_morph,equal_block_total,True,family,nowhere,compound_anchor,89,0.8647046884532984,0.5658952665899672,0.29880942186333115
no_morph,equal_block_total,True,family,somebody,compound_anchor,89,0.7954146446830026,0.48514650346399407,0.31026814121900853
no_morph,equal_block_total,True,family,someone,compound_anchor,89,0.7954146446830026,0.48514650346399407,0.31026814121900853
no_morph,equal_block_total,True,family,something,compound_anchor,89,0.8179665652886094,0.5031977415833834,0.3147688237052261
no_morph,equal_block_total,True,family,somewhere,compound_anchor,89,0.8711808980140409,0.5859606913705658,0.285220206643475
no_morph,equal_block_total,True,family,each_other,target,89,0.72534809156638,0.7061545503014847,0.019193541264895364
no_morph,equal_block_total,True,family,one_another,target,89,0.72534809156638,0.7061545503014847,0.019193541264895364
no_morph,equal_block_total,True,family,he,pronoun_anchor,89,0.6849319748129991,0.7522165992198874,-0.06728462440688832
no_morph,equal_block_total,True,family,him,pronoun_anchor,89,0.483826367508302,0.8192994565888951,-0.33547308908059315
no_morph,equal_block_total,True,family,himself,pronoun_anchor,89,0.4996078985045471,0.8276764839775379,-0.3280685854729908
no_morph,equal_block_total,True,family,his,pronoun_anchor,89,0.4645580406902457,0.76944130558938,-0.30488326489913425
no_morph,equal_block_total,True,family,she,pronoun_anchor,89,0.6841643737770232,0.7522165992198874,-0.06805222544286416
no_morph,equal_block_total,True,family,her_acc,pronoun_anchor,89,0.46996578900386027,0.8002843671848321,-0.3303185781809718
no_morph,equal_block_total,True,family,her_dep,pronoun_anchor,89,0.6747808196307775,0.7958544289147471,-0.1210736092839696
no_morph,equal_block_total,True,family,hers,pronoun_anchor,89,0.45213322049811744,0.7606364145741799,-0.3085031940760624
no_morph,equal_block_total,True,family,herself,pronoun_anchor,89,0.49089447969590705,0.8276764839775379,-0.33678200428163085
no_morph,equal_block_total,True,family,it_plain,pronoun_anchor,89,0.5397749574042531,0.8239332499900582,-0.28415829258580516
no_morph,equal_block_total,True,family,it_dum,pronoun_anchor,89,0.8063928367584833,0.7784075919766813,0.027985244781801977
no_morph,equal_block_total,True,family,its,pronoun_anchor,89,0.5271423446675477,0.8009343859532785,-0.27379204128573076
no_morph,equal_block_total,True,family,itself,pronoun_anchor,89,0.5345580328114845,0.8066513708656395,-0.27209333805415503
no_morph,equal_block_total,True,family,I,pronoun_anchor,89,0.6906990607855126,0.7810640197009403,-0.09036495891542773
no_morph,equal_block_total,True,family,me,pronoun_anchor,89,0.49919824154668313,0.84409896219211,-0.3449007206454269
no_morph,equal_block_total,True,family,mine,pronoun_anchor,89,0.4338674748595698,0.7606364145741799,-0.3267689397146101
no_morph,equal_block_total,True,family,my,pronoun_anchor,89,0.6745063001361775,0.8166202147696604,-0.14211391463348289
no_morph,equal_block_total,True,family,myself,pronoun_anchor,89,0.4725654022256849,0.8276764839775379,-0.355111081751853
no_morph,equal_block_total,True,family,their_sing,pronoun_anchor,89,0.7451142015759504,0.8324896460736969,-0.08737544449774648
no_morph,equal_block_total,True,family,theirs_sing,pronoun_anchor,89,0.5507247348053196,0.7982690350471358,-0.24754430024181617
no_morph,equal_block_total,True,family,their_plur,pronoun_anchor,89,0.7688245798334841,0.8525115816554367,-0.08368700182195266
no_morph,equal_block_total,True,family,theirs_plur,pronoun_anchor,89,0.5700062089126128,0.8136819452149553,-0.24367573630234252
no_morph,equal_block_total,True,family,them_sing,pronoun_anchor,89,0.5782208207010503,0.8477635343797192,-0.2695427136786689
no_morph,equal_block_total,True,family,them_plur,pronoun_anchor,89,0.6011596752690825,0.8773269959711123,-0.27616732070202976
no_morph,equal_block_total,True,family,themself,pronoun_anchor,89,0.6057702293224795,0.8629453648684412,-0.2571751355459617
no_morph,equal_block_total,True,family,themselves,pronoun_anchor,89,0.607615948014513,0.881300230462216,-0.27368428244770293
no_morph,equal_block_total,True,family,they_sing,pronoun_anchor,89,0.7619207818126826,0.8121923981081587,-0.05027161629547605
no_morph,equal_block_total,True,family,they_plur,pronoun_anchor,89,0.780327742393497,0.8522043276487412,-0.07187658525524421
no_morph,equal_block_total,True,family,we_pron,pronoun_anchor,89,0.6589239415908159,0.7644815311338164,-0.10555758954300054
no_morph,equal_block_total,True,family,us_pron,pronoun_anchor,89,0.46200319611454127,0.8219377798060417,-0.3599345836915004
no_morph,equal_block_total,True,family,our,pronoun_anchor,89,0.6720750612715002,0.8037061757870886,-0.1316311145155884
no_morph,equal_block_total,True,family,ours,pronoun_anchor,89,0.4371676346133056,0.7515746211775024,-0.3144069865641968
no_morph,equal_block_total,True,family,ourselves,pronoun_anchor,89,0.48366300552236335,0.8371513618020345,-0.3534883562796712
no_morph,equal_block_total,True,family,you_pron_sing,pronoun_anchor,89,0.5016558758520313,0.8101124405808435,-0.3084565647288122
no_morph,equal_block_total,True,family,you_pron_plur,pronoun_anchor,89,0.5113897795184787,0.8275254161931869,-0.3161356366747081
no_morph,equal_block_total,True,family,your_sing,pronoun_anchor,89,0.6941893961160417,0.7975999909209603,-0.10341059480491865
no_morph,equal_block_total,True,family,yours_sing,pronoun_anchor,89,0.4560644989838225,0.7515746211775024,-0.2955101221936799
no_morph,equal_block_total,True,family,your_plur,pronoun_anchor,89,0.6941893961160417,0.7975999909209603,-0.10341059480491865
no_morph,equal_block_total,True,family,yours_plur,pronoun_anchor,89,0.4560644989838225,0.7515746211775024,-0.2955101221936799
no_morph,equal_block_total,True,family,yourself,pronoun_anchor,89,0.4840530181678933,0.8166577073608956,-0.3326046891930023
no_morph,equal_block_total,True,family,yourselves,pronoun_anchor,89,0.4889913535736836,0.8308568033218515,-0.3418654497481679
